{"MR": {"devacc": 81.45, "acc": 81.21, "ndev": 10662, "ntest": 10662}, "CR": {"devacc": 90.29, "acc": 89.4, "ndev": 3775, "ntest": 3775}, "SUBJ": {"devacc": 91.12, "acc": 91.21, "ndev": 10000, "ntest": 10000}, "MPQA": {"devacc": 88.05, "acc": 88.81, "ndev": 10606, "ntest": 10606}, "SST5": {"devacc": 45.5, "acc": 47.29, "ndev": 1101, "ntest": 2210}, "TREC": {"devacc": 73.99, "acc": 76.6, "ndev": 5452, "ntest": 500}, "MRPC": {"devacc": 73.43, "acc": 73.74, "f1": 81.02, "ndev": 4076, "ntest": 1725}, "STS12": {"MSRpar": {"pearson": [0.6808799708260298, 2.8883665292581115e-103], "spearman": [0.6585944474253262, 1.868563158314481e-94], "nsamples": 750}, "MSRvid": {"pearson": [0.9277006462086688, 2.67e-322], "spearman": [0.9237138143557188, 6.346106093e-314], "nsamples": 750}, "SMTeuroparl": {"pearson": [0.5863446058836086, 9.876019768469956e-44], "spearman": [0.6284431349270282, 8.181972032458819e-52], "nsamples": 459}, "surprise.OnWN": {"pearson": [0.7500998679457596, 1.8173596270727688e-136], "spearman": [0.6993079639012498, 3.621893301850063e-111], "nsamples": 750}, "surprise.SMTnews": {"pearson": [0.6613584158191351, 1.5698732315690254e-51], "spearman": [0.6204009339997729, 8.203118383488388e-44], "nsamples": 399}, "all": {"pearson": {"mean": 0.7212767013366403, "wmean": 0.7406771382714784}, "spearman": {"mean": 0.7060920589218191, "wmean": 0.7230397493111764}}}, "STS13": {"FNWN": {"pearson": [0.6329965606161533, 1.4840391399877326e-22], "spearman": [0.6608345896607583, 4.3293954726685795e-25], "nsamples": 189}, "headlines": {"pearson": [0.8377520534687927, 9.813273934641604e-199], "spearman": [0.8412578744423822, 5.64186235508178e-202], "nsamples": 750}, "OnWN": {"pearson": [0.8277078102569961, 2.233479336492403e-142], "spearman": [0.8175563175378577, 4.241391414682004e-136], "nsamples": 561}, "all": {"pearson": {"mean": 0.7661521414473139, "wmean": 0.8081963144081481}, "spearman": {"mean": 0.7732162605469993, "wmean": 0.8096601582776054}}}, "STS14": {"deft-forum": {"pearson": [0.6584476157113947, 2.910176811850587e-57], "spearman": [0.6512073305113699, 1.2125084052539834e-55], "nsamples": 450}, "deft-news": {"pearson": [0.8260987912725735, 3.303452871531671e-76], "spearman": [0.80694156554403, 4.0658720743424586e-70], "nsamples": 300}, "headlines": {"pearson": [0.8140512925835437, 1.1012293311541491e-178], "spearman": [0.7969801770794195, 6.048281748642095e-166], "nsamples": 750}, "images": {"pearson": [0.9107886731744043, 1.367480755362862e-289], "spearman": [0.8711904536783699, 2.6136514523944245e-233], "nsamples": 750}, "OnWN": {"pearson": [0.8686837824640061, 2.144164446382118e-230], "spearman": [0.8572220102482577, 8.509888076561523e-218], "nsamples": 750}, "tweet-news": {"pearson": [0.7678025102581137, 8.915095868769935e-147], "spearman": [0.7221014611544903, 8.037953555521336e-122], "nsamples": 750}, "all": {"pearson": {"mean": 0.807645444244006, "wmean": 0.8173668688831868}, "spearman": {"mean": 0.7842738330359894, "wmean": 0.7921990253369943}}}, "STS15": {"answers-forums": {"pearson": [0.7488618873499595, 1.2534253795801626e-68], "spearman": [0.7486793165407118, 1.4080171956087216e-68], "nsamples": 375}, "answers-students": {"pearson": [0.7256777450935612, 1.3681640975623133e-123], "spearman": [0.7288883165822726, 3.341554010154588e-125], "nsamples": 750}, "belief": {"pearson": [0.8280810816893539, 8.855420360485635e-96], "spearman": [0.8407500164048803, 1.9952106077552283e-101], "nsamples": 375}, "headlines": {"pearson": [0.8551905008083333, 1.116784908617778e-215], "spearman": [0.8584569265791357, 4.229592838627499e-219], "nsamples": 750}, "images": {"pearson": [0.93257964960136, 0.0], "spearman": [0.9356531806557203, 0.0], "nsamples": 750}, "all": {"pearson": {"mean": 0.8180781729085137, "wmean": 0.8254798450057278}, "spearman": {"mean": 0.8224855513525441, "wmean": 0.8294282725724812}}}, "STS16": {"answer-answer": {"pearson": [0.7663685468308472, 2.411958087616107e-50], "spearman": [0.7684601100252811, 8.992229595493303e-51], "nsamples": 254}, "headlines": {"pearson": [0.8161269783628402, 9.22689711707129e-61], "spearman": [0.8208093166223172, 5.214177992875446e-62], "nsamples": 249}, "plagiarism": {"pearson": [0.8579072157470167, 7.084849471438474e-68], "spearman": [0.8712687060126415, 2.0382627066507705e-72], "nsamples": 230}, "postediting": {"pearson": [0.8805864918107289, 1.8934632810574337e-80], "spearman": [0.8797461426208789, 4.194618490026468e-80], "nsamples": 244}, "question-question": {"pearson": [0.7354796611470737, 7.577894275799212e-37], "spearman": [0.7348114127710221, 9.463164037767011e-37], "nsamples": 209}, "all": {"pearson": {"mean": 0.8112937787797014, "wmean": 0.8126224631625233}, "spearman": {"mean": 0.8150191376104281, "wmean": 0.816353991768064}}}}