{"MR": {"devacc": 83.06, "acc": 83.32, "ndev": 10662, "ntest": 10662}, "CR": {"devacc": 91.28, "acc": 91.23, "ndev": 3775, "ntest": 3775}, "SUBJ": {"devacc": 93.19, "acc": 92.85, "ndev": 10000, "ntest": 10000}, "MPQA": {"devacc": 90.4, "acc": 89.91, "ndev": 10606, "ntest": 10606}, "SST5": {"devacc": 43.6, "acc": 46.11, "ndev": 1101, "ntest": 2210}, "TREC": {"devacc": 82.41, "acc": 88.2, "ndev": 5452, "ntest": 500}, "MRPC": {"devacc": 75.17, "acc": 75.19, "f1": 83.19, "ndev": 4076, "ntest": 1725}, "STS12": {"MSRpar": {"pearson": [0.6750324792464877, 7.041470284958338e-101], "spearman": [0.6672033127730623, 9.089379881838946e-98], "nsamples": 750}, "MSRvid": {"pearson": [0.9358013625293949, 0.0], "spearman": [0.9302641843823392, 0.0], "nsamples": 750}, "SMTeuroparl": {"pearson": [0.6225112770150919, 1.3383483393640214e-50], "spearman": [0.6646950407569256, 7.690331162827258e-60], "nsamples": 459}, "surprise.OnWN": {"pearson": [0.757086602301175, 1.9804425552249832e-140], "spearman": [0.709852646687756, 5.741392068736516e-116], "nsamples": 750}, "surprise.SMTnews": {"pearson": [0.6870034140623561, 5.143184641934216e-57], "spearman": [0.6330836496892155, 4.445634041308169e-46], "nsamples": 399}, "all": {"pearson": {"mean": 0.7354870270309012, "wmean": 0.7515403382942731}, "spearman": {"mean": 0.7210197668578597, "wmean": 0.7362244233641552}}}, "STS13": {"FNWN": {"pearson": [0.6766571198231337, 1.1788184830263547e-26], "spearman": [0.7043105178745175, 1.2255483240649862e-29], "nsamples": 189}, "headlines": {"pearson": [0.8461643497794012, 1.2066729498247274e-206], "spearman": [0.8484787108024522, 6.633324992095351e-209], "nsamples": 750}, "OnWN": {"pearson": [0.8541767739265976, 6.823570071769069e-161], "spearman": [0.8471993760247911, 1.1306370439875772e-155], "nsamples": 561}, "all": {"pearson": {"mean": 0.7923327478430443, "wmean": 0.8278030854359631}, "spearman": {"mean": 0.7999962015672536, "wmean": 0.8298350472866871}}}, "STS14": {"deft-forum": {"pearson": [0.6721562783577071, 1.8656139222180487e-60], "spearman": [0.6609716021387086, 7.73849389519222e-58], "nsamples": 450}, "deft-news": {"pearson": [0.8420669560405649, 6.942458497499245e-82], "spearman": [0.8245474883963888, 1.0951467204272716e-75], "nsamples": 300}, "headlines": {"pearson": [0.8272216685638546, 1.8961255732593928e-189], "spearman": [0.8068356123039676, 3.819814624287328e-173], "nsamples": 750}, "images": {"pearson": [0.9250367651363367, 1.18047144e-316], "spearman": [0.889479119239656, 1.3052148199541309e-256], "nsamples": 750}, "OnWN": {"pearson": [0.8845482243648504, 6.07163741955619e-250], "spearman": [0.8705507103074921, 1.4680144862672836e-232], "nsamples": 750}, "tweet-news": {"pearson": [0.7935374353340909, 1.596968863434578e-163], "spearman": [0.7467954432352645, 1.2247816121880057e-134], "nsamples": 750}, "all": {"pearson": {"mean": 0.8240945546329007, "wmean": 0.8340929285659965}, "spearman": {"mean": 0.7998633292702463, "wmean": 0.8080125683456322}}}, "STS15": {"answers-forums": {"pearson": [0.7823730908167031, 1.038223016216427e-78], "spearman": [0.7847536678048148, 1.7069104641961084e-79], "nsamples": 375}, "answers-students": {"pearson": [0.739232462672991, 1.472845112557967e-130], "spearman": [0.7431879665088607, 1.1276222214830545e-132], "nsamples": 750}, "belief": {"pearson": [0.8476738080842525, 1.0004430461607893e-104], "spearman": [0.8548715965529305, 2.4593888968770654e-108], "nsamples": 375}, "headlines": {"pearson": [0.8635174578883802, 1.418823588675183e-224], "spearman": [0.8664705807471396, 7.154694521900768e-228], "nsamples": 750}, "images": {"pearson": [0.9436361983684382, 0.0], "spearman": [0.9447467566518095, 0.0], "nsamples": 750}, "all": {"pearson": {"mean": 0.8352866035661529, "wmean": 0.8403523920950718}, "spearman": {"mean": 0.8388061136531111, "wmean": 0.8435544840216704}}}, "STS16": {"answer-answer": {"pearson": [0.8047876801622162, 5.102738281948979e-59], "spearman": [0.806510159994031, 1.879772814663487e-59], "nsamples": 254}, "headlines": {"pearson": [0.8325775106516822, 2.589184222780232e-65], "spearman": [0.8332781931940879, 1.6157121640577193e-65], "nsamples": 249}, "plagiarism": {"pearson": [0.865306180915545, 2.4879639625221588e-70], "spearman": [0.8753697870404588, 6.496801005582531e-74], "nsamples": 230}, "postediting": {"pearson": [0.892254459279273, 1.56127815614894e-85], "spearman": [0.8960506656143359, 2.582766214810519e-87], "nsamples": 244}, "question-question": {"pearson": [0.7524765171495776, 2.102138289001723e-39], "spearman": [0.7489175399162734, 7.499030570227302e-39], "nsamples": 209}, "all": {"pearson": {"mean": 0.8294804696316589, "wmean": 0.8311348842094869}, "spearman": {"mean": 0.8320252691518373, "wmean": 0.8337563490855956}}}}