{"MR": {"devacc": 81.99, "acc": 82.33, "ndev": 10662, "ntest": 10662}, "CR": {"devacc": 90.83, "acc": 90.04, "ndev": 3775, "ntest": 3775}, "SUBJ": {"devacc": 92.36, "acc": 91.71, "ndev": 10000, "ntest": 10000}, "MPQA": {"devacc": 89.47, "acc": 89.59, "ndev": 10606, "ntest": 10606}, "SST5": {"devacc": 43.78, "acc": 46.52, "ndev": 1101, "ntest": 2210}, "TREC": {"devacc": 76.14, "acc": 83.0, "ndev": 5452, "ntest": 500}, "MRPC": {"devacc": 74.07, "acc": 71.48, "f1": 78.59, "ndev": 4076, "ntest": 1725}, "STS12": {"MSRpar": {"pearson": [0.6719118810430802, 1.2562758185705125e-99], "spearman": [0.663411435281417, 2.7000296056348497e-96], "nsamples": 750}, "MSRvid": {"pearson": [0.9313062826938827, 0.0], "spearman": [0.9262655101931644, 3.0952e-319], "nsamples": 750}, "SMTeuroparl": {"pearson": [0.5991845893749106, 4.5304114660170176e-46], "spearman": [0.6378063437501755, 8.763161072714022e-54], "nsamples": 459}, "surprise.OnWN": {"pearson": [0.7512051864132565, 4.378701196335561e-137], "spearman": [0.6974082763988925, 2.519790924803054e-110], "nsamples": 750}, "surprise.SMTnews": {"pearson": [0.6473183860345253, 9.451256321264148e-49], "spearman": [0.6025125615203116, 8.693580979071962e-41], "nsamples": 399}, "all": {"pearson": {"mean": 0.720185265111931, "wmean": 0.7397436535275175}, "spearman": {"mean": 0.7054808254287922, "wmean": 0.7234457980157788}}}, "STS13": {"FNWN": {"pearson": [0.6631058822112317, 2.6159000610045703e-25], "spearman": [0.6815251252567709, 3.716544752097343e-27], "nsamples": 189}, "headlines": {"pearson": [0.8521323849598481, 1.4996294730624243e-212], "spearman": [0.854664927438515, 3.896351155493616e-215], "nsamples": 750}, "OnWN": {"pearson": [0.8318394660138616, 4.7268049987744306e-145], "spearman": [0.8207470215474486, 4.978232874609525e-138], "nsamples": 561}, "all": {"pearson": {"mean": 0.7823592443949804, "wmean": 0.8207254939277234}, "spearman": {"mean": 0.7856456914142448, "wmean": 0.8201640155603563}}}, "STS14": {"deft-forum": {"pearson": [0.666038504846934, 5.209520525009698e-59], "spearman": [0.6538056067266601, 3.217604121963871e-56], "nsamples": 450}, "deft-news": {"pearson": [0.8254390826080966, 5.507414923765182e-76], "spearman": [0.8065284236497067, 5.4063844467711655e-70], "nsamples": 300}, "headlines": {"pearson": [0.8226933313691241, 1.2005891263942254e-185], "spearman": [0.8029947239525966, 2.7318580280756804e-170], "nsamples": 750}, "images": {"pearson": [0.918727525770048, 4.649314736473476e-304], "spearman": [0.8805323339499469, 9.830919429027948e-245], "nsamples": 750}, "OnWN": {"pearson": [0.8699760075016707, 6.864609967533834e-232], "spearman": [0.860529146601031, 2.5747318498721796e-221], "nsamples": 750}, "tweet-news": {"pearson": [0.778570470793583, 1.6513703976009312e-153], "spearman": [0.7309213629349066, 3.097579709916551e-126], "nsamples": 750}, "all": {"pearson": {"mean": 0.8135741538149094, "wmean": 0.8239532142771651}, "spearman": {"mean": 0.789218599635808, "wmean": 0.7979744601868721}}}, "STS15": {"answers-forums": {"pearson": [0.7563554528934048, 9.69494808499645e-71], "spearman": [0.7574632885111983, 4.654419501985935e-71], "nsamples": 375}, "answers-students": {"pearson": [0.7197723983733632, 1.1023934661699889e-120], "spearman": [0.7220200016205529, 8.812830182643102e-122], "nsamples": 750}, "belief": {"pearson": [0.8429156727109397, 1.9279088628402344e-102], "spearman": [0.847558196071149, 1.1392883377860722e-104], "nsamples": 375}, "headlines": {"pearson": [0.8603256932553792, 4.2642083965670735e-221], "spearman": [0.8627780308440832, 9.235164146330736e-224], "nsamples": 750}, "images": {"pearson": [0.9392487177310682, 0.0], "spearman": [0.941564899561899, 0.0], "nsamples": 750}, "all": {"pearson": {"mean": 0.8237235869928311, "wmean": 0.8297455930404957}, "spearman": {"mean": 0.8262768833217764, "wmean": 0.8322184185794271}}}, "STS16": {"answer-answer": {"pearson": [0.7933243145221918, 3.07491517939752e-56], "spearman": [0.7916476896824279, 7.580225605186211e-56], "nsamples": 254}, "headlines": {"pearson": [0.8240715427248916, 6.699541574438222e-63], "spearman": [0.8256826891911816, 2.3939030666434218e-63], "nsamples": 249}, "plagiarism": {"pearson": [0.8405677571412816, 1.2454635876552626e-62], "spearman": [0.847364847378773, 1.3101258579504992e-64], "nsamples": 230}, "postediting": {"pearson": [0.881366926232777, 8.997273423855781e-81], "spearman": [0.8848689463741694, 2.988980750462662e-82], "nsamples": 244}, "question-question": {"pearson": [0.7493710723855999, 6.384625294936381e-39], "spearman": [0.7475124350626188, 1.2317540441725824e-38], "nsamples": 209}, "all": {"pearson": {"mean": 0.8177403226013483, "wmean": 0.8193093240295257}, "spearman": {"mean": 0.8194153215378341, "wmean": 0.82099961174405}}}}