{"MR": {"devacc": 81.49, "acc": 81.66, "ndev": 10662, "ntest": 10662}, "CR": {"devacc": 89.98, "acc": 89.51, "ndev": 3775, "ntest": 3775}, "SUBJ": {"devacc": 91.3, "acc": 91.06, "ndev": 10000, "ntest": 10000}, "MPQA": {"devacc": 88.4, "acc": 88.71, "ndev": 10606, "ntest": 10606}, "SST5": {"devacc": 46.41, "acc": 47.65, "ndev": 1101, "ntest": 2210}, "TREC": {"devacc": 73.75, "acc": 81.0, "ndev": 5452, "ntest": 500}, "MRPC": {"devacc": 73.65, "acc": 74.26, "f1": 82.31, "ndev": 4076, "ntest": 1725}, "STS12": {"MSRpar": {"pearson": [0.6581678476500181, 2.7091707877163093e-94], "spearman": [0.6501030083763482, 2.715484811191821e-91], "nsamples": 750}, "MSRvid": {"pearson": [0.9280038115253451, 6e-323], "spearman": [0.9234080594656846, 2.67014672895e-313], "nsamples": 750}, "SMTeuroparl": {"pearson": [0.5837137681481253, 2.8902770607594435e-43], "spearman": [0.617470681476126, 1.37283162331517e-49], "nsamples": 459}, "surprise.OnWN": {"pearson": [0.7344088923246774, 4.976581789435451e-128], "spearman": [0.6964316610062161, 6.79010391135181e-110], "nsamples": 750}, "surprise.SMTnews": {"pearson": [0.6833735856007976, 3.325203983427036e-56], "spearman": [0.6369701437493669, 8.554961754473392e-47], "nsamples": 399}, "all": {"pearson": {"mean": 0.7175335810497927, "wmean": 0.7339208796202504}, "spearman": {"mean": 0.7048767108147483, "wmean": 0.7207294648615591}}}, "STS13": {"FNWN": {"pearson": [0.6682839631240656, 8.157975741390037e-26], "spearman": [0.6966141311723069, 8.966541357657636e-29], "nsamples": 189}, "headlines": {"pearson": [0.8330526186186689, 1.644810417103291e-194], "spearman": [0.8357374881592834, 6.592713942504712e-197], "nsamples": 750}, "OnWN": {"pearson": [0.8256309244300544, 4.640210031143697e-141], "spearman": [0.822132030738999, 7.03257108447136e-139], "nsamples": 561}, "all": {"pearson": {"mean": 0.7756558353909296, "wmean": 0.8095160543998071}, "spearman": {"mean": 0.7848278833568632, "wmean": 0.813119504103738}}}, "STS14": {"deft-forum": {"pearson": [0.6537509158520083, 3.309166060611522e-56], "spearman": [0.6353444573317087, 3.032893396590451e-52], "nsamples": 450}, "deft-news": {"pearson": [0.8277433717350662, 9.151493417893172e-77], "spearman": [0.8118218140045652, 1.3313451591920104e-71], "nsamples": 300}, "headlines": {"pearson": [0.8208016689964232, 4.319719120911381e-184], "spearman": [0.7995945070729142, 8.150212761658441e-168], "nsamples": 750}, "images": {"pearson": [0.9157212578840818, 2.0597064213857787e-298], "spearman": [0.8825610478399265, 2.4257019619962658e-247], "nsamples": 750}, "OnWN": {"pearson": [0.8601058125106168, 7.349308686108547e-221], "spearman": [0.8520630796232095, 1.7621880363835473e-212], "nsamples": 750}, "tweet-news": {"pearson": [0.7618266258930846, 3.395124910569521e-143], "spearman": [0.7055535019739849, 5.517762933363609e-114], "nsamples": 750}, "all": {"pearson": {"mean": 0.8066582754785468, "wmean": 0.8163606526978875}, "spearman": {"mean": 0.7811564013077182, "wmean": 0.7891415073021774}}}, "STS15": {"answers-forums": {"pearson": [0.760807808733327, 4.957647901768445e-72], "spearman": [0.7574241383181421, 4.777016205669902e-71], "nsamples": 375}, "answers-students": {"pearson": [0.7141001935315536, 5.808375310563863e-118], "spearman": [0.7194592918397473, 1.564344366680417e-120], "nsamples": 750}, "belief": {"pearson": [0.8272891661589337, 1.926478911384326e-95], "spearman": [0.8424682795187772, 3.133338836737833e-102], "nsamples": 375}, "headlines": {"pearson": [0.8513653697475873, 8.901230464780903e-212], "spearman": [0.8554390185128028, 6.174621302672777e-216], "nsamples": 750}, "images": {"pearson": [0.9329361809091647, 0.0], "spearman": [0.9344285650351156, 0.0], "nsamples": 750}, "all": {"pearson": {"mean": 0.8172997438161133, "wmean": 0.823112557908609}, "spearman": {"mean": 0.821843858644917, "wmean": 0.8273182710765313}}}, "STS16": {"answer-answer": {"pearson": [0.7893756559292096, 2.540788117086889e-55], "spearman": [0.7857696770791969, 1.6806036763384317e-54], "nsamples": 254}, "headlines": {"pearson": [0.8144236987543639, 2.5714720856039347e-60], "spearman": [0.8175796165394424, 3.817348551374937e-61], "nsamples": 249}, "plagiarism": {"pearson": [0.8710218487444451, 2.4986162864164016e-72], "spearman": [0.8805215771177035, 7.176957599409192e-76], "nsamples": 230}, "postediting": {"pearson": [0.8795092596830861, 5.243231074649604e-80], "spearman": [0.883446305937349, 1.2075302179455934e-81], "nsamples": 244}, "question-question": {"pearson": [0.7341791789945633, 1.1669586336382391e-36], "spearman": [0.7409006100795098, 1.2185891210819912e-37], "nsamples": 209}, "all": {"pearson": {"mean": 0.8177019284211337, "wmean": 0.8192846969473987}, "spearman": {"mean": 0.8216435573506404, "wmean": 0.8230117296701852}}}}