{"MR": {"devacc": 82.09, "acc": 82.48, "ndev": 10662, "ntest": 10662}, "CR": {"devacc": 91.03, "acc": 90.7, "ndev": 3775, "ntest": 3775}, "SUBJ": {"devacc": 92.83, "acc": 92.33, "ndev": 10000, "ntest": 10000}, "MPQA": {"devacc": 89.87, "acc": 89.86, "ndev": 10606, "ntest": 10606}, "SST5": {"devacc": 44.87, "acc": 46.38, "ndev": 1101, "ntest": 2210}, "TREC": {"devacc": 76.76, "acc": 86.4, "ndev": 5452, "ntest": 500}, "MRPC": {"devacc": 74.24, "acc": 72.93, "f1": 79.18, "ndev": 4076, "ntest": 1725}, "STS12": {"MSRpar": {"pearson": [0.6808558276278295, 2.9554429133913547e-103], "spearman": [0.6754257334989335, 4.884998565469797e-101], "nsamples": 750}, "MSRvid": {"pearson": [0.9326472012448407, 0.0], "spearman": [0.9283956826827503, 1e-323], "nsamples": 750}, "SMTeuroparl": {"pearson": [0.5866286999763967, 8.789551559102809e-44], "spearman": [0.626722136396264, 1.8522137387358554e-51], "nsamples": 459}, "surprise.OnWN": {"pearson": [0.753160912281011, 3.4647503518169744e-138], "spearman": [0.7049174415292511, 1.0766136779690198e-113], "nsamples": 750}, "surprise.SMTnews": {"pearson": [0.6659558744530581, 1.789518405926645e-52], "spearman": [0.6126353905799176, 1.7824491730470424e-42], "nsamples": 399}, "all": {"pearson": {"mean": 0.7238497031166272, "wmean": 0.7432358182307583}, "spearman": {"mean": 0.7096192769374232, "wmean": 0.728333695215725}}}, "STS13": {"FNWN": {"pearson": [0.6368205761081697, 6.895274553970428e-23], "spearman": [0.6509065687236582, 3.723472167629087e-24], "nsamples": 189}, "headlines": {"pearson": [0.841909507509428, 1.3817607398809444e-202], "spearman": [0.8450006524115712, 1.5989206145215256e-205], "nsamples": 750}, "OnWN": {"pearson": [0.8452223614982266, 3.053659482773529e-154], "spearman": [0.84043120603249, 7.450698863557069e-151], "nsamples": 561}, "all": {"pearson": {"mean": 0.7746508150386081, "wmean": 0.8173073095446801}, "spearman": {"mean": 0.7787794757225731, "wmean": 0.8188358249211178}}}, "STS14": {"deft-forum": {"pearson": [0.6771369257572148, 1.1687324879671827e-61], "spearman": [0.6680773944909925, 1.7326907241651675e-59], "nsamples": 450}, "deft-news": {"pearson": [0.8384243058978388, 1.5518147009768608e-80], "spearman": [0.8236494063507248, 2.1800409781879079e-75], "nsamples": 300}, "headlines": {"pearson": [0.821973060287772, 4.721286843719287e-185], "spearman": [0.8031448339194807, 2.11880214527401e-170], "nsamples": 750}, "images": {"pearson": [0.9182717243775954, 3.446718166467336e-303], "spearman": [0.8809347358634376, 3.013887755298162e-245], "nsamples": 750}, "OnWN": {"pearson": [0.8701307653772044, 4.53462866379079e-232], "spearman": [0.8612101335722201, 4.729526950120736e-222], "nsamples": 750}, "tweet-news": {"pearson": [0.7823602434177112, 5.721127482597335e-156], "spearman": [0.7384432324757969, 3.852540203488788e-130], "nsamples": 750}, "all": {"pearson": {"mean": 0.8180495041858894, "wmean": 0.8268775342547495}, "spearman": {"mean": 0.7959099561121087, "wmean": 0.8028078270131641}}}, "STS15": {"answers-forums": {"pearson": [0.7726518274725005, 1.3129952743387412e-75], "spearman": [0.7736274190039717, 6.515812808450482e-76], "nsamples": 375}, "answers-students": {"pearson": [0.7408788131959123, 1.9595208126000717e-131], "spearman": [0.7394825338589299, 1.085237764905914e-130], "nsamples": 750}, "belief": {"pearson": [0.8481610323606168, 5.778494774422176e-105], "spearman": [0.8537764934381109, 8.96245910063159e-108], "nsamples": 375}, "headlines": {"pearson": [0.8599916054193153, 9.747172433220896e-221], "spearman": [0.8622717694090176, 3.3089852349260565e-223], "nsamples": 750}, "images": {"pearson": [0.9395060596451286, 0.0], "spearman": [0.9403746728241776, 0.0], "nsamples": 750}, "all": {"pearson": {"mean": 0.8322378676186947, "wmean": 0.8376957270442287}, "spearman": {"mean": 0.8339065777068415, "wmean": 0.8389577330782916}}}, "STS16": {"answer-answer": {"pearson": [0.7880508713947322, 5.1081916118772186e-55], "spearman": [0.7835556194707588, 5.26532299851014e-54], "nsamples": 254}, "headlines": {"pearson": [0.8361837979342046, 2.2326420710091807e-66], "spearman": [0.8390635168782614, 3.021026808508027e-67], "nsamples": 249}, "plagiarism": {"pearson": [0.8630132339181392, 1.4852972846141913e-69], "spearman": [0.8725317193627584, 7.143230082018945e-73], "nsamples": 230}, "postediting": {"pearson": [0.8901876253075854, 1.3662722702206988e-84], "spearman": [0.8918573114410231, 2.3767422702930118e-85], "nsamples": 244}, "question-question": {"pearson": [0.7584338734259868, 2.381037791209086e-40], "spearman": [0.7637538137950469, 3.225461771094618e-41], "nsamples": 209}, "all": {"pearson": {"mean": 0.8271738803961295, "wmean": 0.8284875134419334}, "spearman": {"mean": 0.8301523961895697, "wmean": 0.8312562981251843}}}}