{"MR": {"devacc": 82.37, "acc": 81.93, "ndev": 10662, "ntest": 10662}, "CR": {"devacc": 90.89, "acc": 90.14, "ndev": 3775, "ntest": 3775}, "SUBJ": {"devacc": 92.92, "acc": 92.46, "ndev": 10000, "ntest": 10000}, "MPQA": {"devacc": 88.61, "acc": 89.47, "ndev": 10606, "ntest": 10606}, "SST5": {"devacc": 44.5, "acc": 44.39, "ndev": 1101, "ntest": 2210}, "TREC": {"devacc": 78.32, "acc": 83.0, "ndev": 5452, "ntest": 500}, "MRPC": {"devacc": 74.34, "acc": 67.77, "f1": 72.75, "ndev": 4076, "ntest": 1725}, "STS12": {"MSRpar": {"pearson": [0.6832083466682743, 3.123005795012243e-104], "spearman": [0.6684537388531134, 2.938086590299357e-98], "nsamples": 750}, "MSRvid": {"pearson": [0.9303146516153883, 0.0], "spearman": [0.9270454057607272, 6.74e-321], "nsamples": 750}, "SMTeuroparl": {"pearson": [0.611055919850451, 2.500821496871628e-48], "spearman": [0.6461633260560186, 1.3353788486495147e-55], "nsamples": 459}, "surprise.OnWN": {"pearson": [0.7466409558651053, 1.4888571632760467e-134], "spearman": [0.7011811701568113, 5.268737586177892e-112], "nsamples": 750}, "surprise.SMTnews": {"pearson": [0.6839875897980443, 2.4295961050856764e-56], "spearman": [0.6327649716485833, 5.083548062764458e-46], "nsamples": 399}, "all": {"pearson": {"mean": 0.7310414927594527, "wmean": 0.7475896657504353}, "spearman": {"mean": 0.7151217224950508, "wmean": 0.7308791590815593}}}, "STS13": {"FNWN": {"pearson": [0.6256676026706792, 6.260798932843518e-22], "spearman": [0.6436510362803084, 1.7066952263370566e-23], "nsamples": 189}, "headlines": {"pearson": [0.8437326143761625, 2.607327854704074e-204], "spearman": [0.8466984152190586, 3.659546186872149e-207], "nsamples": 750}, "OnWN": {"pearson": [0.838583368253174, 1.4086464201074086e-149], "spearman": [0.8326504377181325, 1.3837693819217155e-145], "nsamples": 561}, "all": {"pearson": {"mean": 0.7693278617666719, "wmean": 0.814330604851274}, "spearman": {"mean": 0.7743332964058331, "wmean": 0.8158605018874298}}}, "STS14": {"deft-forum": {"pearson": [0.660339409047128, 1.0796137568452463e-57], "spearman": [0.647220422446055, 9.053828391370775e-55], "nsamples": 450}, "deft-news": {"pearson": [0.8252944005603716, 6.158936128039053e-76], "spearman": [0.812228518120451, 9.96763965366061e-72], "nsamples": 300}, "headlines": {"pearson": [0.8198093970116722, 2.78199801707878e-183], "spearman": [0.7995531947971825, 8.728551008287057e-168], "nsamples": 750}, "images": {"pearson": [0.9198528934354687, 3.142606726107528e-306], "spearman": [0.8847826444029259, 2.973441241903959e-250], "nsamples": 750}, "OnWN": {"pearson": [0.8753677218322444, 2.6462085748600577e-238], "spearman": [0.8618918571872716, 8.59347965878851e-223], "nsamples": 750}, "tweet-news": {"pearson": [0.7877665502208007, 1.44780091873341e-159], "spearman": [0.7384066284850915, 4.027893568252828e-130], "nsamples": 750}, "all": {"pearson": {"mean": 0.8147383953512809, "wmean": 0.8258235936305223}, "spearman": {"mean": 0.7906805442398296, "wmean": 0.7995715971176571}}}, "STS15": {"answers-forums": {"pearson": [0.7706499877919281, 5.469172493479157e-75], "spearman": [0.7717267800634694, 2.5432719428126344e-75], "nsamples": 375}, "answers-students": {"pearson": [0.7358414625600785, 8.947713608728447e-129], "spearman": [0.7342436445062782, 6.061507134595682e-128], "nsamples": 750}, "belief": {"pearson": [0.852123577671515, 6.18664497195854e-107], "spearman": [0.8588814454175941, 1.9693795058414306e-110], "nsamples": 375}, "headlines": {"pearson": [0.8617800109512719, 1.1375083356243369e-222], "spearman": [0.863961430395373, 4.583225113265674e-225], "nsamples": 750}, "images": {"pearson": [0.9427253862556253, 0.0], "spearman": [0.9429947217685231, 0.0], "nsamples": 750}, "all": {"pearson": {"mean": 0.8326240850460838, "wmean": 0.8379334106246743}, "spearman": {"mean": 0.8343616044302475, "wmean": 0.8391259773526766}}}, "STS16": {"answer-answer": {"pearson": [0.7898518628433358, 1.974286328607271e-55], "spearman": [0.788039258272908, 5.1394458056969854e-55], "nsamples": 254}, "headlines": {"pearson": [0.8212892995521073, 3.8655439295567655e-62], "spearman": [0.8214544674797858, 3.4865376755938594e-62], "nsamples": 249}, "plagiarism": {"pearson": [0.8652809857063595, 2.537745163588953e-70], "spearman": [0.8720785449415411, 1.0419294760473182e-72], "nsamples": 230}, "postediting": {"pearson": [0.8919357068488711, 2.1878293369147393e-85], "spearman": [0.8938555431499843, 2.8210715107350318e-86], "nsamples": 244}, "question-question": {"pearson": [0.7195475759850798, 1.2683892641521106e-34], "spearman": [0.7218531778586607, 6.181012152439893e-35], "nsamples": 209}, "all": {"pearson": {"mean": 0.8175810861871506, "wmean": 0.8196929100465017}, "spearman": {"mean": 0.819456198340576, "wmean": 0.8214589089725092}}}}