{"MR": {"devacc": 83.03, "acc": 82.13, "ndev": 10662, "ntest": 10662}, "CR": {"devacc": 91.07, "acc": 91.21, "ndev": 3775, "ntest": 3775}, "SUBJ": {"devacc": 93.04, "acc": 92.86, "ndev": 10000, "ntest": 10000}, "MPQA": {"devacc": 90.27, "acc": 89.86, "ndev": 10606, "ntest": 10606}, "SST5": {"devacc": 42.78, "acc": 45.84, "ndev": 1101, "ntest": 2210}, "TREC": {"devacc": 77.05, "acc": 86.2, "ndev": 5452, "ntest": 500}, "MRPC": {"devacc": 74.85, "acc": 74.96, "f1": 82.0, "ndev": 4076, "ntest": 1725}, "STS12": {"MSRpar": {"pearson": [0.6811721759750664, 2.187286777903934e-103], "spearman": [0.6745027567005155, 1.1512756737534803e-100], "nsamples": 750}, "MSRvid": {"pearson": [0.9357774038451159, 0.0], "spearman": [0.9310883142335695, 0.0], "nsamples": 750}, "SMTeuroparl": {"pearson": [0.6067807541987634, 1.6681522181931758e-47], "spearman": [0.639943666932748, 3.0430437334499125e-54], "nsamples": 459}, "surprise.OnWN": {"pearson": [0.7534026304394186, 2.5280865157191248e-138], "spearman": [0.7091537883812438, 1.2128193026250032e-115], "nsamples": 750}, "surprise.SMTnews": {"pearson": [0.6774209433390967, 6.69679408709668e-55], "spearman": [0.6349169443565323, 2.0492769691334295e-46], "nsamples": 399}, "all": {"pearson": {"mean": 0.7309107815594922, "wmean": 0.7485738353488521}, "spearman": {"mean": 0.7179210941209219, "wmean": 0.7345960902210052}}}, "STS13": {"FNWN": {"pearson": [0.6676460014920106, 9.429239268906852e-26], "spearman": [0.6862309881622229, 1.1918148974367243e-27], "nsamples": 189}, "headlines": {"pearson": [0.8446689838555531, 3.3264771509292756e-205], "spearman": [0.8468829435781533, 2.4206555981926834e-207], "nsamples": 750}, "OnWN": {"pearson": [0.8419301831595402, 6.67694044220327e-152], "spearman": [0.8336246321781636, 3.1360294895721885e-146], "nsamples": 561}, "all": {"pearson": {"mean": 0.784748389502368, "wmean": 0.8213397766174378}, "spearman": {"mean": 0.7889128546395132, "wmean": 0.8216821887321499}}}, "STS14": {"deft-forum": {"pearson": [0.66913244879489, 9.768753205642384e-60], "spearman": [0.6561533675057983, 9.594433935341919e-57], "nsamples": 450}, "deft-news": {"pearson": [0.839020813593715, 9.379672604722469e-81], "spearman": [0.8203736681244468, 2.5990025114904784e-74], "nsamples": 300}, "headlines": {"pearson": [0.8283277507151201, 2.149952920924899e-190], "spearman": [0.8086976771283995, 1.4962355393371598e-174], "nsamples": 750}, "images": {"pearson": [0.9245699679736222, 1.099453323e-315], "spearman": [0.8885908370429646, 2.1876377372153902e-255], "nsamples": 750}, "OnWN": {"pearson": [0.8792785424274553, 3.8074287903782343e-243], "spearman": [0.8665290477092269, 6.144896765736705e-228], "nsamples": 750}, "tweet-news": {"pearson": [0.7860405421026753, 2.091075027764153e-158], "spearman": [0.7400035890721888, 5.736897325478342e-131], "nsamples": 750}, "all": {"pearson": {"mean": 0.8210616776012464, "wmean": 0.8310609195866586}, "spearman": {"mean": 0.7967246977638375, "wmean": 0.8051325277412075}}}, "STS15": {"answers-forums": {"pearson": [0.7761807582145265, 1.0239887226310346e-76], "spearman": [0.7795117341681523, 8.825295652824845e-78], "nsamples": 375}, "answers-students": {"pearson": [0.7481891736970198, 2.090618924228376e-135], "spearman": [0.748994556527053, 7.486710687778325e-136], "nsamples": 750}, "belief": {"pearson": [0.8500206328551836, 6.986023367546315e-106], "spearman": [0.8628095842406983, 1.5023978069812136e-112], "nsamples": 375}, "headlines": {"pearson": [0.8632482991961584, 2.809366195688654e-224], "spearman": [0.8657262539591891, 4.932495481176604e-227], "nsamples": 750}, "images": {"pearson": [0.9430685285177022, 0.0], "spearman": [0.9436593041943303, 0.0], "nsamples": 750}, "all": {"pearson": {"mean": 0.8361414784961181, "wmean": 0.8419016742364339}, "spearman": {"mean": 0.8401402866178846, "wmean": 0.8448851934712496}}}, "STS16": {"answer-answer": {"pearson": [0.8009535420042189, 4.5480869386468e-58], "spearman": [0.8033750960478878, 1.1488271868738688e-58], "nsamples": 254}, "headlines": {"pearson": [0.8256343236706595, 2.4693930623049314e-63], "spearman": [0.8288657175972272, 3.0370589596913058e-64], "nsamples": 249}, "plagiarism": {"pearson": [0.8550640009576129, 5.712353877010852e-67], "spearman": [0.8632334782156943, 1.2528297100616562e-69], "nsamples": 230}, "postediting": {"pearson": [0.8921353087641908, 1.7713672940393705e-85], "spearman": [0.8951876976226253, 6.653233714942092e-87], "nsamples": 244}, "question-question": {"pearson": [0.7545244466815225, 1.0012738234250353e-39], "spearman": [0.7541222517967708, 1.1589424960441244e-39], "nsamples": 209}, "all": {"pearson": {"mean": 0.825662324415641, "wmean": 0.8272061477050738}, "spearman": {"mean": 0.828956848256041, "wmean": 0.8305445926753191}}}}