{"MR": {"devacc": 81.11, "acc": 81.35, "ndev": 10662, "ntest": 10662}, "CR": {"devacc": 90.42, "acc": 89.59, "ndev": 3775, "ntest": 3775}, "SUBJ": {"devacc": 91.49, "acc": 90.7, "ndev": 10000, "ntest": 10000}, "MPQA": {"devacc": 88.89, "acc": 89.16, "ndev": 10606, "ntest": 10606}, "SST5": {"devacc": 45.41, "acc": 48.73, "ndev": 1101, "ntest": 2210}, "TREC": {"devacc": 72.78, "acc": 81.2, "ndev": 5452, "ntest": 500}, "MRPC": {"devacc": 74.46, "acc": 68.52, "f1": 74.28, "ndev": 4076, "ntest": 1725}, "STS12": {"MSRpar": {"pearson": [0.6766238793903309, 1.5977832941272116e-101], "spearman": [0.6557990812995199, 2.107963328026487e-93], "nsamples": 750}, "MSRvid": {"pearson": [0.920941713923932, 2.3288427922973045e-308], "spearman": [0.919414740232053, 2.2180216081109713e-305], "nsamples": 750}, "SMTeuroparl": {"pearson": [0.5981833191802004, 6.954951512044005e-46], "spearman": [0.6329401984274973, 9.441718127923654e-53], "nsamples": 459}, "surprise.OnWN": {"pearson": [0.732882270487084, 3.0602391932515124e-127], "spearman": [0.6828125807295031, 4.564774079616029e-104], "nsamples": 750}, "surprise.SMTnews": {"pearson": [0.6746357427634273, 2.6638690379905106e-54], "spearman": [0.6210014242594365, 6.442063782735601e-44], "nsamples": 399}, "all": {"pearson": {"mean": 0.7206533851489949, "wmean": 0.737317150166451}, "spearman": {"mean": 0.702393604989602, "wmean": 0.7180884559374335}}}, "STS13": {"FNWN": {"pearson": [0.6172146426809184, 3.143716253366723e-21], "spearman": [0.6343488941758356, 1.1330586479911232e-22], "nsamples": 189}, "headlines": {"pearson": [0.8317781705131436, 2.1829081213811277e-193], "spearman": [0.8354003153068402, 1.3257593982893064e-196], "nsamples": 750}, "OnWN": {"pearson": [0.821187907909103, 2.6749053486014655e-138], "spearman": [0.8117487861782702, 1.111257212694246e-132], "nsamples": 561}, "all": {"pearson": {"mean": 0.7567269070343884, "wmean": 0.8007824077923721}, "spearman": {"mean": 0.760499331886982, "wmean": 0.8012221643502485}}}, "STS14": {"deft-forum": {"pearson": [0.6415076984545396, 1.5324462627760918e-53], "spearman": [0.6323035760817858, 1.2904222359184817e-51], "nsamples": 450}, "deft-news": {"pearson": [0.8271390931811828, 1.4689749375270788e-76], "spearman": [0.8046708294110173, 1.9304799285918766e-69], "nsamples": 300}, "headlines": {"pearson": [0.809992130582207, 1.540689402804382e-175], "spearman": [0.7912107519199026, 6.514911334813402e-162], "nsamples": 750}, "images": {"pearson": [0.9139079273750687, 4.154512266279641e-295], "spearman": [0.8736243523896001, 3.3784130040838513e-236], "nsamples": 750}, "OnWN": {"pearson": [0.8636413130907256, 1.0356092126969277e-224], "spearman": [0.8582760575657634, 6.576623588266245e-219], "nsamples": 750}, "tweet-news": {"pearson": [0.7655357704450584, 2.0938036398669745e-145], "spearman": [0.7216117704533702, 1.3970361982376328e-121], "nsamples": 750}, "all": {"pearson": {"mean": 0.8036206555214638, "wmean": 0.8137674795676513}, "spearman": {"mean": 0.7802828896369066, "wmean": 0.7891946819484229}}}, "STS15": {"answers-forums": {"pearson": [0.749306557576903, 9.438317660999656e-69], "spearman": [0.7554121334469212, 1.8053251529800372e-70], "nsamples": 375}, "answers-students": {"pearson": [0.7106877765782672, 2.342274736925005e-116], "spearman": [0.7136949238299032, 9.035919282758633e-118], "nsamples": 750}, "belief": {"pearson": [0.8332504717597206, 5.016811414606171e-98], "spearman": [0.829688380385185, 1.806132664624838e-96], "nsamples": 375}, "headlines": {"pearson": [0.8451898783076133, 1.0518989842577942e-205], "spearman": [0.8485276597259531, 5.936455244524659e-209], "nsamples": 750}, "images": {"pearson": [0.9326246125983855, 0.0], "spearman": [0.9360836048445458, 0.0], "nsamples": 750}, "all": {"pearson": {"mean": 0.814211859364178, "wmean": 0.8199451955381445}, "spearman": {"mean": 0.8166813404465018, "wmean": 0.8227141113291138}}}, "STS16": {"answer-answer": {"pearson": [0.7688624848747003, 7.428720519960818e-51], "spearman": [0.76083054063712, 3.1305421990824934e-49], "nsamples": 254}, "headlines": {"pearson": [0.823816725612004, 7.876160908259771e-63], "spearman": [0.8283872800629342, 4.153425435934457e-64], "nsamples": 249}, "plagiarism": {"pearson": [0.8549710669072774, 6.111068037575747e-67], "spearman": [0.8641119141668049, 6.335364440193165e-70], "nsamples": 230}, "postediting": {"pearson": [0.8898374274198124, 1.9646565218018661e-84], "spearman": [0.893178758542645, 5.8338307150235756e-86], "nsamples": 244}, "question-question": {"pearson": [0.7345072306971948, 1.0467916520793055e-36], "spearman": [0.7349796227376449, 8.949034956353263e-37], "nsamples": 209}, "all": {"pearson": {"mean": 0.8143989871021977, "wmean": 0.8159334947136464}, "spearman": {"mean": 0.8162976232294298, "wmean": 0.8177162635349388}}}}