{"MR": {"devacc": 82.84, "acc": 83.0, "ndev": 10662, "ntest": 10662}, "CR": {"devacc": 91.33, "acc": 91.1, "ndev": 3775, "ntest": 3775}, "SUBJ": {"devacc": 93.03, "acc": 92.98, "ndev": 10000, "ntest": 10000}, "MPQA": {"devacc": 90.17, "acc": 89.69, "ndev": 10606, "ntest": 10606}, "SST5": {"devacc": 42.42, "acc": 41.58, "ndev": 1101, "ntest": 2210}, "TREC": {"devacc": 78.23, "acc": 87.8, "ndev": 5452, "ntest": 500}, "MRPC": {"devacc": 74.88, "acc": 71.07, "f1": 77.59, "ndev": 4076, "ntest": 1725}, "STS12": {"MSRpar": {"pearson": [0.6820960992197439, 9.061217872969995e-104], "spearman": [0.6718793830962547, 1.2943049022963628e-99], "nsamples": 750}, "MSRvid": {"pearson": [0.9368227216396641, 0.0], "spearman": [0.9317942767192392, 0.0], "nsamples": 750}, "SMTeuroparl": {"pearson": [0.5969933178325477, 1.1552853670823038e-45], "spearman": [0.6330304215941477, 9.03810531932417e-53], "nsamples": 459}, "surprise.OnWN": {"pearson": [0.7536548243529629, 1.8189053915922307e-138], "spearman": [0.7076483637192758, 6.027510170211205e-115], "nsamples": 750}, "surprise.SMTnews": {"pearson": [0.6835760416507408, 2.998598474409539e-56], "spearman": [0.6267966315009836, 6.08589116592224e-45], "nsamples": 399}, "all": {"pearson": {"mean": 0.7306286009391318, "wmean": 0.7484546355897886}, "spearman": {"mean": 0.7142298153259803, "wmean": 0.7317066721787914}}}, "STS13": {"FNWN": {"pearson": [0.6671808173583197, 1.0477062800663922e-25], "spearman": [0.6911898736093541, 3.511633113253017e-28], "nsamples": 189}, "headlines": {"pearson": [0.8488404836409099, 2.917828448219474e-209], "spearman": [0.8504969937180868, 6.605077927050807e-211], "nsamples": 750}, "OnWN": {"pearson": [0.8551945175154236, 1.1218942317142484e-161], "spearman": [0.845380333521113, 2.3505937470803674e-154], "nsamples": 561}, "all": {"pearson": {"mean": 0.7904052728382177, "wmean": 0.8283277743583717}, "spearman": {"mean": 0.7956890669495179, "wmean": 0.8285106656707183}}}, "STS14": {"deft-forum": {"pearson": [0.6592113055535151, 1.9518554118036913e-57], "spearman": [0.6502183252666878, 2.0021948336518694e-55], "nsamples": 450}, "deft-news": {"pearson": [0.8304124795244278, 1.1066502724228605e-77], "spearman": [0.8099235521564124, 5.0928382303542224e-71], "nsamples": 300}, "headlines": {"pearson": [0.8253809205461152, 6.861584830237307e-188], "spearman": [0.8045235565699318, 2.0319010052069148e-171], "nsamples": 750}, "images": {"pearson": [0.9233869792632788, 2.9475610988e-313], "spearman": [0.8865605070384599, 1.2579806927663492e-252], "nsamples": 750}, "OnWN": {"pearson": [0.8828491647683627, 1.0246550814751952e-247], "spearman": [0.8668623091756328, 2.5779814721161702e-228], "nsamples": 750}, "tweet-news": {"pearson": [0.7979698897272881, 1.193363141183169e-166], "spearman": [0.7549357117687702, 3.395644089653788e-139], "nsamples": 750}, "all": {"pearson": {"mean": 0.8198684565638313, "wmean": 0.8314557458893851}, "spearman": {"mean": 0.795503993662649, "wmean": 0.8053965001150745}}}, "STS15": {"answers-forums": {"pearson": [0.7725476300706047, 1.4147293063861628e-75], "spearman": [0.7765209873583058, 7.987369155751495e-77], "nsamples": 375}, "answers-students": {"pearson": [0.738207655933178, 5.1297930554069634e-130], "spearman": [0.7385159304740684, 3.5265110345523805e-130], "nsamples": 750}, "belief": {"pearson": [0.8483379480588521, 4.7320584371938135e-105], "spearman": [0.8572734146556618, 1.3891922574117418e-109], "nsamples": 375}, "headlines": {"pearson": [0.8631784100335813, 3.353822502525899e-224], "spearman": [0.8667724710365806, 3.258910402204291e-228], "nsamples": 750}, "images": {"pearson": [0.9424648938351806, 0.0], "spearman": [0.9433714654681085, 0.0], "nsamples": 750}, "all": {"pearson": {"mean": 0.8329473075862793, "wmean": 0.8385734372166671}, "spearman": {"mean": 0.8364908537985449, "wmean": 0.8413892669964355}}}, "STS16": {"answer-answer": {"pearson": [0.7970758370878982, 3.960540739806352e-57], "spearman": [0.796150882897777, 6.590819398958959e-57], "nsamples": 254}, "headlines": {"pearson": [0.8318686390221693, 4.162860282970102e-65], "spearman": [0.8333444193033098, 1.5451044113148335e-65], "nsamples": 249}, "plagiarism": {"pearson": [0.8661710319043044, 1.2573198594546324e-70], "spearman": [0.8756903469064425, 4.9373890826063934e-74], "nsamples": 230}, "postediting": {"pearson": [0.8929160312866299, 7.724573431023164e-86], "spearman": [0.8980782214783555, 2.7049343150378484e-88], "nsamples": 244}, "question-question": {"pearson": [0.7718465216686572, 1.3902924881828973e-42], "spearman": [0.7767799859471496, 1.917516733063109e-43], "nsamples": 209}, "all": {"pearson": {"mean": 0.8319756121939317, "wmean": 0.8330517080417568}, "spearman": {"mean": 0.8360087713066069, "wmean": 0.8369409507206698}}}}