{"MR": {"devacc": 82.73, "acc": 82.71, "ndev": 10662, "ntest": 10662}, "CR": {"devacc": 91.28, "acc": 90.73, "ndev": 3775, "ntest": 3775}, "SUBJ": {"devacc": 93.09, "acc": 92.8, "ndev": 10000, "ntest": 10000}, "MPQA": {"devacc": 90.1, "acc": 89.91, "ndev": 10606, "ntest": 10606}, "SST5": {"devacc": 45.59, "acc": 45.29, "ndev": 1101, "ntest": 2210}, "TREC": {"devacc": 80.08, "acc": 87.6, "ndev": 5452, "ntest": 500}, "MRPC": {"devacc": 75.56, "acc": 74.03, "f1": 83.25, "ndev": 4076, "ntest": 1725}, "STS12": {"MSRpar": {"pearson": [0.6934370970179717, 1.3841285039369681e-108], "spearman": [0.6830413918166555, 3.6656049053783323e-104], "nsamples": 750}, "MSRvid": {"pearson": [0.9325523145210762, 0.0], "spearman": [0.9270763590696366, 5.79e-321], "nsamples": 750}, "SMTeuroparl": {"pearson": [0.6067347896189641, 1.7022709535651141e-47], "spearman": [0.6447224055434614, 2.773060667189038e-55], "nsamples": 459}, "surprise.OnWN": {"pearson": [0.754371095189037, 7.124779748505338e-139], "spearman": [0.7053149040491657, 7.09169373063884e-114], "nsamples": 750}, "surprise.SMTnews": {"pearson": [0.6840955611446279, 2.2989738462352e-56], "spearman": [0.6446367899826312, 3.08900037160432e-48], "nsamples": 399}, "all": {"pearson": {"mean": 0.7342381714983354, "wmean": 0.7518390532103845}, "spearman": {"mean": 0.72095837009231, "wmean": 0.7367156224417991}}}, "STS13": {"FNWN": {"pearson": [0.6800280999137946, 5.312930636430984e-27], "spearman": [0.6985604915224183, 5.453146985406789e-29], "nsamples": 189}, "headlines": {"pearson": [0.845503206091652, 5.251909371103301e-206], "spearman": [0.8480296120997879, 1.8331629212636287e-208], "nsamples": 750}, "OnWN": {"pearson": [0.8406159034640404, 5.542438534978573e-151], "spearman": [0.8337187693044933, 2.71557855773507e-146], "nsamples": 561}, "all": {"pearson": {"mean": 0.788715736489829, "wmean": 0.8228254915305151}, "spearman": {"mean": 0.7934362909755664, "wmean": 0.823844247701599}}}, "STS14": {"deft-forum": {"pearson": [0.6715523448658659, 2.600810003974273e-60], "spearman": [0.6584797754191032, 2.8617029074013954e-57], "nsamples": 450}, "deft-news": {"pearson": [0.8415762415435443, 1.0599177244951391e-81], "spearman": [0.8286506216087347, 4.481417667743848e-77], "nsamples": 300}, "headlines": {"pearson": [0.8300409593755129, 7.154575395261302e-192], "spearman": [0.80829491815561, 3.02445720191127e-174], "nsamples": 750}, "images": {"pearson": [0.9241230253035781, 9.18837722e-315], "spearman": [0.888593687323746, 2.168021606461172e-255], "nsamples": 750}, "OnWN": {"pearson": [0.8738816371918218, 1.6590975474495643e-236], "spearman": [0.8617048123124068, 1.373332449296061e-222], "nsamples": 750}, "tweet-news": {"pearson": [0.7862799549785252, 1.4459671924129006e-158], "spearman": [0.739879906790049, 6.675017027827155e-131], "nsamples": 750}, "all": {"pearson": {"mean": 0.8212423605431414, "wmean": 0.830777496077275}, "spearman": {"mean": 0.797600620268275, "wmean": 0.8050042876953536}}}, "STS15": {"answers-forums": {"pearson": [0.7761983410805443, 1.0109369329225618e-76], "spearman": [0.7796626218411716, 7.889803085371032e-78], "nsamples": 375}, "answers-students": {"pearson": [0.7478911682125615, 3.0539803236937016e-135], "spearman": [0.7494348394145212, 4.26345897410634e-136], "nsamples": 750}, "belief": {"pearson": [0.8469211465183458, 2.3270152246089758e-104], "spearman": [0.8551506677717948, 1.7659261394708233e-108], "nsamples": 375}, "headlines": {"pearson": [0.8633939305674483, 1.941623354390575e-224], "spearman": [0.8658819530454024, 3.2967821667528626e-227], "nsamples": 750}, "images": {"pearson": [0.943014796338849, 0.0], "spearman": [0.9436749558078138, 0.0], "nsamples": 750}, "all": {"pearson": {"mean": 0.8354838765435499, "wmean": 0.841464909729576}, "spearman": {"mean": 0.8387610075761408, "wmean": 0.8440995982685551}}}, "STS16": {"answer-answer": {"pearson": [0.796018460588896, 7.087810122796002e-57], "spearman": [0.793863233983905, 2.2967243965336306e-56], "nsamples": 254}, "headlines": {"pearson": [0.8285548049015892, 3.722634302148277e-64], "spearman": [0.8293085686710825, 2.2710966380066435e-64], "nsamples": 249}, "plagiarism": {"pearson": [0.8652775673268372, 2.5445747811387368e-70], "spearman": [0.8754359167727548, 6.1395393913686755e-74], "nsamples": 230}, "postediting": {"pearson": [0.8931061763923216, 6.304751299798781e-86], "spearman": [0.8958001535468394, 3.4021317755890687e-87], "nsamples": 244}, "question-question": {"pearson": [0.7460977098510194, 2.023411399715675e-38], "spearman": [0.7472413214534096, 1.3550155625379853e-38], "nsamples": 209}, "all": {"pearson": {"mean": 0.8258109438121327, "wmean": 0.8274578451044161}, "spearman": {"mean": 0.8283298388855982, "wmean": 0.8298802947200139}}}}