{"MR": {"devacc": 83.1, "acc": 82.8, "ndev": 10662, "ntest": 10662}, "CR": {"devacc": 91.23, "acc": 89.83, "ndev": 3775, "ntest": 3775}, "SUBJ": {"devacc": 93.29, "acc": 92.66, "ndev": 10000, "ntest": 10000}, "MPQA": {"devacc": 90.32, "acc": 89.63, "ndev": 10606, "ntest": 10606}, "SST5": {"devacc": 45.69, "acc": 49.32, "ndev": 1101, "ntest": 2210}, "TREC": {"devacc": 80.21, "acc": 87.0, "ndev": 5452, "ntest": 500}, "MRPC": {"devacc": 75.15, "acc": 70.67, "f1": 76.96, "ndev": 4076, "ntest": 1725}, "STS12": {"MSRpar": {"pearson": [0.6782941889521795, 3.3346159749478456e-102], "spearman": [0.6719125753965691, 1.2554755447206967e-99], "nsamples": 750}, "MSRvid": {"pearson": [0.9366741905639182, 0.0], "spearman": [0.9328983589871387, 0.0], "nsamples": 750}, "SMTeuroparl": {"pearson": [0.6013074427448459, 1.816683131302716e-46], "spearman": [0.6366361347804529, 1.5582081515140297e-53], "nsamples": 459}, "surprise.OnWN": {"pearson": [0.7574119365970504, 1.2851814768625993e-140], "spearman": [0.708646192703891, 2.084898782847151e-115], "nsamples": 750}, "surprise.SMTnews": {"pearson": [0.6906069285901819, 7.846401748509083e-58], "spearman": [0.637362653706519, 7.233751146022207e-47], "nsamples": 399}, "all": {"pearson": {"mean": 0.7328589374896353, "wmean": 0.7499477213038057}, "spearman": {"mean": 0.7174911831149141, "wmean": 0.7341108526411931}}}, "STS13": {"FNWN": {"pearson": [0.660991858191134, 4.181556496082173e-25], "spearman": [0.6780122101798686, 8.567779139264184e-27], "nsamples": 189}, "headlines": {"pearson": [0.8480722387415592, 1.6647920576342856e-208], "spearman": [0.8502227428860907, 1.2405886748369044e-210], "nsamples": 750}, "OnWN": {"pearson": [0.8380431253091385, 3.303635560150022e-149], "spearman": [0.8311576947326941, 1.320908193803644e-144], "nsamples": 561}, "all": {"pearson": {"mean": 0.7823690740806106, "wmean": 0.8207492223684804}, "spearman": {"mean": 0.7864642159328845, "wmean": 0.8213938877557364}}}, "STS14": {"deft-forum": {"pearson": [0.6703517919816723, 5.022530456551289e-60], "spearman": [0.6580863949988619, 3.513936574520471e-57], "nsamples": 450}, "deft-news": {"pearson": [0.8373470914747507, 3.832217441738281e-80], "spearman": [0.8236093432111413, 2.2478277188872897e-75], "nsamples": 300}, "headlines": {"pearson": [0.8252301853263317, 9.188395348156275e-188], "spearman": [0.8039364439220218, 5.526859222440274e-171], "nsamples": 750}, "images": {"pearson": [0.9239608750433808, 1.978622655e-314], "spearman": [0.8882114443695899, 7.239588578773853e-255], "nsamples": 750}, "OnWN": {"pearson": [0.8738619125185432, 1.752157413415283e-236], "spearman": [0.8627001974088793, 1.1240874774044428e-223], "nsamples": 750}, "tweet-news": {"pearson": [0.7923838299545696, 1.0102898069010725e-162], "spearman": [0.7426885674290673, 2.096347776274093e-132], "nsamples": 750}, "all": {"pearson": {"mean": 0.8205226143832082, "wmean": 0.8305173429243459}, "spearman": {"mean": 0.7965387318899269, "wmean": 0.8043664454826664}}}, "STS15": {"answers-forums": {"pearson": [0.7737781887540454, 5.845293670108409e-76], "spearman": [0.7769135791938382, 5.993361582086388e-77], "nsamples": 375}, "answers-students": {"pearson": [0.748946993389083, 7.955667445511147e-136], "spearman": [0.7495817652716998, 3.532214593343688e-136], "nsamples": 750}, "belief": {"pearson": [0.8485725383000362, 3.629351795730264e-105], "spearman": [0.8563849549391935, 4.0465377691008473e-109], "nsamples": 375}, "headlines": {"pearson": [0.8649821210836671, 3.359766122695042e-226], "spearman": [0.8682381086944589, 6.9672573580078425e-230], "nsamples": 750}, "images": {"pearson": [0.9428095271799927, 0.0], "spearman": [0.9442575329512645, 0.0], "nsamples": 750}, "all": {"pearson": {"mean": 0.8358178737413648, "wmean": 0.841978501294946}, "spearman": {"mean": 0.839075188210091, "wmean": 0.8446816684959848}}}, "STS16": {"answer-answer": {"pearson": [0.8039068386076056, 8.470674581505936e-59], "spearman": [0.7986440671243009, 1.659996963412394e-57], "nsamples": 254}, "headlines": {"pearson": [0.8310496055734576, 7.185769766409986e-65], "spearman": [0.8345627386953601, 6.767448593325501e-66], "nsamples": 249}, "plagiarism": {"pearson": [0.8619649538566083, 3.3257906678801914e-69], "spearman": [0.8700743986285802, 5.438120437506912e-72], "nsamples": 230}, "postediting": {"pearson": [0.8924371885314254, 1.2860866968360352e-85], "spearman": [0.898047221657294, 2.800876795466981e-88], "nsamples": 244}, "question-question": {"pearson": [0.7509278107699351, 3.6657650598151815e-39], "spearman": [0.7513930414640648, 3.10316052911167e-39], "nsamples": 209}, "all": {"pearson": {"mean": 0.8280572794678065, "wmean": 0.8297421708547444}, "spearman": {"mean": 0.8305442935139201, "wmean": 0.8321614624111803}}}}