{"MR": {"devacc": 82.49, "acc": 82.49, "ndev": 10662, "ntest": 10662}, "CR": {"devacc": 91.38, "acc": 90.73, "ndev": 3775, "ntest": 3775}, "SUBJ": {"devacc": 92.71, "acc": 92.74, "ndev": 10000, "ntest": 10000}, "MPQA": {"devacc": 88.94, "acc": 89.52, "ndev": 10606, "ntest": 10606}, "SST5": {"devacc": 44.32, "acc": 47.6, "ndev": 1101, "ntest": 2210}, "TREC": {"devacc": 76.71, "acc": 77.6, "ndev": 5452, "ntest": 500}, "MRPC": {"devacc": 73.99, "acc": 73.33, "f1": 80.75, "ndev": 4076, "ntest": 1725}, "STS12": {"MSRpar": {"pearson": [0.6659027270490842, 2.925166839126198e-97], "spearman": [0.6589422720467683, 1.3796672575199318e-94], "nsamples": 750}, "MSRvid": {"pearson": [0.9371525453860194, 0.0], "spearman": [0.9304484373624731, 0.0], "nsamples": 750}, "SMTeuroparl": {"pearson": [0.6033510134598822, 7.489020093736279e-47], "spearman": [0.6499540019264959, 1.9163796661335225e-56], "nsamples": 459}, "surprise.OnWN": {"pearson": [0.7558152885284889, 1.0660642277696364e-139], "spearman": [0.7020157014736831, 2.2212633505134134e-112], "nsamples": 750}, "surprise.SMTnews": {"pearson": [0.6794270421503111, 2.453812407060669e-55], "spearman": [0.627972793265663, 3.747231945504074e-45], "nsamples": 399}, "all": {"pearson": {"mean": 0.7283297233147572, "wmean": 0.7455541910292003}, "spearman": {"mean": 0.7138666412150168, "wmean": 0.7295511066793612}}}, "STS13": {"FNWN": {"pearson": [0.6509953886821255, 3.6537769956797805e-24], "spearman": [0.6627702748170373, 2.8188511461922313e-25], "nsamples": 189}, "headlines": {"pearson": [0.8447008285790546, 3.1007693793049197e-205], "spearman": [0.847620275672964, 4.616787688166734e-208], "nsamples": 750}, "OnWN": {"pearson": [0.8529769813897945, 5.6323058348681576e-160], "spearman": [0.842881506616028, 1.4256637732445902e-152], "nsamples": 561}, "all": {"pearson": {"mean": 0.7828910662169916, "wmean": 0.8233892243032583}, "spearman": {"mean": 0.7844240190353431, "wmean": 0.8225568759378232}}}, "STS14": {"deft-forum": {"pearson": [0.6606051649073132, 9.386863102890814e-58], "spearman": [0.6447958858352328, 3.0300533483991986e-54], "nsamples": 450}, "deft-news": {"pearson": [0.8342314405785023, 5.0470666736471696e-79], "spearman": [0.8191554146862481, 6.449352194822533e-74], "nsamples": 300}, "headlines": {"pearson": [0.8217886013271394, 6.697608936473617e-185], "spearman": [0.8014204161687893, 3.8747247402842445e-169], "nsamples": 750}, "images": {"pearson": [0.9238615876896388, 3.162096994e-314], "spearman": [0.8871361083124248, 2.102234531152662e-253], "nsamples": 750}, "OnWN": {"pearson": [0.8835029288352862, 1.4377462679045342e-248], "spearman": [0.8664016169252162, 8.560328088888364e-228], "nsamples": 750}, "tweet-news": {"pearson": [0.7902925898126201, 2.778706234682983e-161], "spearman": [0.7401277130258808, 4.927528275276137e-131], "nsamples": 750}, "all": {"pearson": {"mean": 0.81904705219175, "wmean": 0.8299002765680946}, "spearman": {"mean": 0.7931728591589652, "wmean": 0.80192511036159}}}, "STS15": {"answers-forums": {"pearson": [0.780552979941426, 4.065634168678174e-78], "spearman": [0.7840136515849039, 2.999249610662357e-79], "nsamples": 375}, "answers-students": {"pearson": [0.7301854259780571, 7.345435375436037e-126], "spearman": [0.7301869663219661, 7.332194178263654e-126], "nsamples": 750}, "belief": {"pearson": [0.8479216411985846, 7.569077949853326e-105], "spearman": [0.8547184616498683, 2.948740587781742e-108], "nsamples": 375}, "headlines": {"pearson": [0.8592713164435523, 5.751834106857527e-220], "spearman": [0.862184827973721, 4.1177031929335e-223], "nsamples": 750}, "images": {"pearson": [0.9402770536573636, 0.0], "spearman": [0.9413976028944376, 0.0], "nsamples": 750}, "all": {"pearson": {"mean": 0.8316416834437967, "wmean": 0.8359927766622447}, "spearman": {"mean": 0.8345003020849793, "wmean": 0.8382838634518777}}}, "STS16": {"answer-answer": {"pearson": [0.791980539260436, 6.341299325007314e-56], "spearman": [0.7906151813667924, 1.3158401969338331e-55], "nsamples": 254}, "headlines": {"pearson": [0.8295169682038673, 1.980220327946109e-64], "spearman": [0.8300561389193262, 1.3878502182702218e-64], "nsamples": 249}, "plagiarism": {"pearson": [0.8598048202397828, 1.7150804234610128e-68], "spearman": [0.8681561354091777, 2.57760595144712e-71], "nsamples": 230}, "postediting": {"pearson": [0.8847105332621075, 3.494931487108977e-82], "spearman": [0.8858690830100703, 1.1077044428408759e-82], "nsamples": 244}, "question-question": {"pearson": [0.7456442545952213, 2.370689528919103e-38], "spearman": [0.7502951987008475, 4.595180814708985e-39], "nsamples": 209}, "all": {"pearson": {"mean": 0.8223314231122829, "wmean": 0.8239265683275036}, "spearman": {"mean": 0.8249983474812428, "wmean": 0.8264248723314693}}}}