{"MR": {"devacc": 82.38, "acc": 81.2, "ndev": 10662, "ntest": 10662}, "CR": {"devacc": 91.12, "acc": 90.44, "ndev": 3775, "ntest": 3775}, "SUBJ": {"devacc": 92.61, "acc": 92.39, "ndev": 10000, "ntest": 10000}, "MPQA": {"devacc": 89.46, "acc": 89.66, "ndev": 10606, "ntest": 10606}, "SST5": {"devacc": 43.14, "acc": 47.29, "ndev": 1101, "ntest": 2210}, "TREC": {"devacc": 75.59, "acc": 77.6, "ndev": 5452, "ntest": 500}, "MRPC": {"devacc": 74.56, "acc": 71.65, "f1": 78.69, "ndev": 4076, "ntest": 1725}, "STS12": {"MSRpar": {"pearson": [0.6708609480178283, 3.2891456230980717e-99], "spearman": [0.6557906574175958, 2.123329412271567e-93], "nsamples": 750}, "MSRvid": {"pearson": [0.932348526253398, 0.0], "spearman": [0.9291396029144408, 0.0], "nsamples": 750}, "SMTeuroparl": {"pearson": [0.6029178733986612, 9.04123961533114e-47], "spearman": [0.6493794071955501, 2.5766651745809715e-56], "nsamples": 459}, "surprise.OnWN": {"pearson": [0.7453378837499998, 7.684793181049694e-134], "spearman": [0.6967662567170775, 4.8369951916873643e-110], "nsamples": 750}, "surprise.SMTnews": {"pearson": [0.6638065348336399, 4.962943587827591e-52], "spearman": [0.6279099985514339, 3.8457226598341474e-45], "nsamples": 399}, "all": {"pearson": {"mean": 0.7230543532507054, "wmean": 0.7409937676333744}, "spearman": {"mean": 0.7117971845592196, "wmean": 0.7271150659947282}}}, "STS13": {"FNWN": {"pearson": [0.6710421804021033, 4.3437040242074137e-26], "spearman": [0.6749233751376114, 1.768777975449873e-26], "nsamples": 189}, "headlines": {"pearson": [0.8446397404610049, 3.5481408737514244e-205], "spearman": [0.846014006628684, 1.6869405402338438e-206], "nsamples": 750}, "OnWN": {"pearson": [0.8465919239434959, 3.1283420712348048e-155], "spearman": [0.8371449861971477, 1.3533665988101906e-148], "nsamples": 561}, "all": {"pearson": {"mean": 0.7874246149355347, "wmean": 0.8234965645160349}, "spearman": {"mean": 0.7860274559878144, "wmean": 0.8211395734194143}}}, "STS14": {"deft-forum": {"pearson": [0.6780138644603356, 7.135454068957869e-62], "spearman": [0.6676529951519484, 2.18045157939003e-59], "nsamples": 450}, "deft-news": {"pearson": [0.8302065035291113, 1.3043132689646753e-77], "spearman": [0.8125005023236237, 8.210322962287674e-72], "nsamples": 300}, "headlines": {"pearson": [0.8245743010168637, 3.263065807457521e-187], "spearman": [0.8049201909283865, 1.0315226168595127e-171], "nsamples": 750}, "images": {"pearson": [0.9209215246480107, 2.5522096092563094e-308], "spearman": [0.8860654785307706, 5.814934839677987e-252], "nsamples": 750}, "OnWN": {"pearson": [0.8796341159100594, 1.3554065223540912e-243], "spearman": [0.8674283318042733, 5.8644159664801644e-229], "nsamples": 750}, "tweet-news": {"pearson": [0.7777122405321019, 5.864754892690899e-153], "spearman": [0.7277961623042736, 1.1884086218741612e-124], "nsamples": 750}, "all": {"pearson": {"mean": 0.8185104250160804, "wmean": 0.8283466204389763}, "spearman": {"mean": 0.7943939435072127, "wmean": 0.8023604323176645}}}, "STS15": {"answers-forums": {"pearson": [0.7632812871871609, 9.239328470902987e-73], "spearman": [0.7650602899124375, 2.724652741646909e-73], "nsamples": 375}, "answers-students": {"pearson": [0.751182837991317, 4.506868310371834e-137], "spearman": [0.7531937433808592, 3.319630133686579e-138], "nsamples": 750}, "belief": {"pearson": [0.8378578665632341, 4.2843953765155993e-100], "spearman": [0.848036180167211, 6.652413788059065e-105], "nsamples": 375}, "headlines": {"pearson": [0.8590741238848968, 9.334998638050809e-220], "spearman": [0.8623335234346631, 2.83273266638085e-223], "nsamples": 750}, "images": {"pearson": [0.9398832900010269, 0.0], "spearman": [0.941570219682331, 0.0], "nsamples": 750}, "all": {"pearson": {"mean": 0.8302558811255272, "wmean": 0.8376774571881097}, "spearman": {"mean": 0.8340387913155004, "wmean": 0.8409114303844193}}}, "STS16": {"answer-answer": {"pearson": [0.7987619552765481, 1.5544737892534014e-57], "spearman": [0.7964390754814538, 5.625310850500874e-57], "nsamples": 254}, "headlines": {"pearson": [0.8278953054248623, 5.724900370521477e-64], "spearman": [0.8270388355600805, 9.98451143225689e-64], "nsamples": 249}, "plagiarism": {"pearson": [0.858290423089591, 5.329025854819025e-68], "spearman": [0.8671543835854297, 5.753199530255279e-71], "nsamples": 230}, "postediting": {"pearson": [0.8866685424620561, 4.9764042544678426e-83], "spearman": [0.8902218614217808, 1.3185196675188982e-84], "nsamples": 244}, "question-question": {"pearson": [0.741172093630912, 1.1106759311824531e-37], "spearman": [0.7405777687330567, 1.3604409762928333e-37], "nsamples": 209}, "all": {"pearson": {"mean": 0.8225576639767939, "wmean": 0.8243594915103222}, "spearman": {"mean": 0.8242863849563603, "wmean": 0.8260274800198326}}}}