{"MR": {"devacc": 82.3, "acc": 81.93, "ndev": 10662, "ntest": 10662}, "CR": {"devacc": 90.95, "acc": 91.07, "ndev": 3775, "ntest": 3775}, "SUBJ": {"devacc": 92.26, "acc": 91.75, "ndev": 10000, "ntest": 10000}, "MPQA": {"devacc": 88.83, "acc": 89.38, "ndev": 10606, "ntest": 10606}, "SST5": {"devacc": 46.68, "acc": 47.92, "ndev": 1101, "ntest": 2210}, "TREC": {"devacc": 75.35, "acc": 85.4, "ndev": 5452, "ntest": 500}, "MRPC": {"devacc": 74.04, "acc": 72.64, "f1": 79.57, "ndev": 4076, "ntest": 1725}, "STS12": {"MSRpar": {"pearson": [0.677199590711188, 9.321521836765515e-102], "spearman": [0.6674483676383104, 7.287888410106428e-98], "nsamples": 750}, "MSRvid": {"pearson": [0.931236105168825, 0.0], "spearman": [0.926742228438655, 3e-320], "nsamples": 750}, "SMTeuroparl": {"pearson": [0.6004623044113951, 2.6159529296220944e-46], "spearman": [0.6295983495835701, 4.714373839479313e-52], "nsamples": 459}, "surprise.OnWN": {"pearson": [0.7462470935699834, 2.447686377432826e-134], "spearman": [0.6968833238764612, 4.295269721993234e-110], "nsamples": 750}, "surprise.SMTnews": {"pearson": [0.6737789275149684, 4.06125889203879e-54], "spearman": [0.626162173661295, 7.898810380678534e-45], "nsamples": 399}, "all": {"pearson": {"mean": 0.7257848042752719, "wmean": 0.7433919182402832}, "spearman": {"mean": 0.7093668886396584, "wmean": 0.7262322360729682}}}, "STS13": {"FNWN": {"pearson": [0.6343858975438502, 1.1247021662698676e-22], "spearman": [0.6612895583935499, 3.915163923011785e-25], "nsamples": 189}, "headlines": {"pearson": [0.8413821054886031, 4.316714596805174e-202], "spearman": [0.8423856859190973, 4.92263864163263e-203], "nsamples": 750}, "OnWN": {"pearson": [0.8326645946454974, 1.3543316598691062e-145], "spearman": [0.8269165533352196, 7.12890231938378e-142], "nsamples": 561}, "all": {"pearson": {"mean": 0.7694775325593168, "wmean": 0.8120402342322427}, "spearman": {"mean": 0.776863932549289, "wmean": 0.8137821182645081}}}, "STS14": {"deft-forum": {"pearson": [0.657400760318017, 5.022148576184285e-57], "spearman": [0.6465949051363307, 1.2377638359821217e-54], "nsamples": 450}, "deft-news": {"pearson": [0.8417088745789363, 9.45511065553751e-82], "spearman": [0.8256331799306683, 4.739524636870424e-76], "nsamples": 300}, "headlines": {"pearson": [0.8179239135763717, 9.284238019569771e-182], "spearman": [0.7984793488144277, 5.15711497493405e-167], "nsamples": 750}, "images": {"pearson": [0.9184199406489443, 1.7990949120488885e-303], "spearman": [0.8857683494133094, 1.4525739158237295e-251], "nsamples": 750}, "OnWN": {"pearson": [0.870331488884254, 2.6462892675628762e-232], "spearman": [0.8591819669958785, 7.16371248273988e-220], "nsamples": 750}, "tweet-news": {"pearson": [0.7764990501062649, 3.4842608886979353e-152], "spearman": [0.7336466370068436, 1.2344693373950912e-127], "nsamples": 750}, "all": {"pearson": {"mean": 0.8137140046854646, "wmean": 0.8228596798476441}, "spearman": {"mean": 0.7915507312162431, "wmean": 0.799057303456905}}}, "STS15": {"answers-forums": {"pearson": [0.7677735755788959, 4.1433012853579914e-74], "spearman": [0.7719664053855168, 2.1436040019945624e-75], "nsamples": 375}, "answers-students": {"pearson": [0.7310437008131658, 2.682656663597369e-126], "spearman": [0.7332961517747906, 1.8725647359065004e-127], "nsamples": 750}, "belief": {"pearson": [0.8477438136359413, 9.246835649565577e-105], "spearman": [0.859210905758765, 1.3158341458563968e-110], "nsamples": 375}, "headlines": {"pearson": [0.8586960192041309, 2.357615747802935e-219], "spearman": [0.8614879309636201, 2.363124837313958e-222], "nsamples": 750}, "images": {"pearson": [0.9379022065716147, 0.0], "spearman": [0.9387141206595148, 0.0], "nsamples": 750}, "all": {"pearson": {"mean": 0.8286318631607497, "wmean": 0.8338501552990826}, "spearman": {"mean": 0.8329351029084414, "wmean": 0.8372717147425165}}}, "STS16": {"answer-answer": {"pearson": [0.7854636606144328, 1.9695394834105753e-54], "spearman": [0.7773867290244949, 1.1830835721776284e-52], "nsamples": 254}, "headlines": {"pearson": [0.8265504370677981, 1.369241554163788e-63], "spearman": [0.8282004639507083, 4.692215822356801e-64], "nsamples": 249}, "plagiarism": {"pearson": [0.858406026725554, 4.889501336672955e-68], "spearman": [0.8671306235757703, 5.8633440912899166e-71], "nsamples": 230}, "postediting": {"pearson": [0.8935512073571136, 3.9135347173813686e-86], "spearman": [0.8971649835065449, 7.517299306279577e-88], "nsamples": 244}, "question-question": {"pearson": [0.737451848550854, 3.918059476400218e-37], "spearman": [0.7389271707709946, 2.382732667714671e-37], "nsamples": 209}, "all": {"pearson": {"mean": 0.8202846360631506, "wmean": 0.8220119272471241}, "spearman": {"mean": 0.8217619941657027, "wmean": 0.823323965248828}}}}