{"MR": {"devacc": 82.01, "acc": 81.45, "ndev": 10662, "ntest": 10662}, "CR": {"devacc": 90.47, "acc": 89.99, "ndev": 3775, "ntest": 3775}, "SUBJ": {"devacc": 92.64, "acc": 91.98, "ndev": 10000, "ntest": 10000}, "MPQA": {"devacc": 89.6, "acc": 89.48, "ndev": 10606, "ntest": 10606}, "SST5": {"devacc": 45.41, "acc": 48.05, "ndev": 1101, "ntest": 2210}, "TREC": {"devacc": 74.85, "acc": 86.0, "ndev": 5452, "ntest": 500}, "MRPC": {"devacc": 73.33, "acc": 74.96, "f1": 81.36, "ndev": 4076, "ntest": 1725}, "STS12": {"MSRpar": {"pearson": [0.675276433871962, 5.612828763971718e-101], "spearman": [0.665109743826714, 5.948311905647469e-97], "nsamples": 750}, "MSRvid": {"pearson": [0.9284856270388435, 1e-323], "spearman": [0.926069263778825, 8.05297e-319], "nsamples": 750}, "SMTeuroparl": {"pearson": [0.5984545097725571, 6.19354035963155e-46], "spearman": [0.6240775986764941, 6.436109613509891e-51], "nsamples": 459}, "surprise.OnWN": {"pearson": [0.7463531493213019, 2.1412074387830558e-134], "spearman": [0.6988685545688589, 5.6804894129138545e-111], "nsamples": 750}, "surprise.SMTnews": {"pearson": [0.6756507819755667, 1.6133991944939816e-54], "spearman": [0.6035685639230203, 5.833188568520017e-41], "nsamples": 399}, "all": {"pearson": {"mean": 0.7248441003960463, "wmean": 0.742233490884149}, "spearman": {"mean": 0.7035387449547825, "wmean": 0.7222687086321089}}}, "STS13": {"FNWN": {"pearson": [0.6513011322552609, 3.423524457186197e-24], "spearman": [0.6612200662870323, 3.9758149300435003e-25], "nsamples": 189}, "headlines": {"pearson": [0.8355961881495797, 8.836798605358896e-197], "spearman": [0.8390503008486319, 6.323327631338878e-200], "nsamples": 750}, "OnWN": {"pearson": [0.8392126431597492, 5.198483205069978e-150], "spearman": [0.8303077028715921, 4.726131653353414e-144], "nsamples": 561}, "all": {"pearson": {"mean": 0.7753699878548632, "wmean": 0.813727565280699}, "spearman": {"mean": 0.7768593566690853, "wmean": 0.8133739596504574}}}, "STS14": {"deft-forum": {"pearson": [0.6720324015595189, 1.9973091223671395e-60], "spearman": [0.6612039134105046, 6.845854791772752e-58], "nsamples": 450}, "deft-news": {"pearson": [0.8319702841019735, 3.1702352533012926e-78], "spearman": [0.8126934731126176, 7.153437529749086e-72], "nsamples": 300}, "headlines": {"pearson": [0.8224363593871158, 1.9582286811436084e-185], "spearman": [0.7989718935881159, 2.2863304899382963e-167], "nsamples": 750}, "images": {"pearson": [0.9183660756633639, 2.2789184791586098e-303], "spearman": [0.8818945240160377, 1.7655869631232903e-246], "nsamples": 750}, "OnWN": {"pearson": [0.8731772699473862, 1.1581821039973986e-235], "spearman": [0.8624278467081247, 2.233875171613437e-223], "nsamples": 750}, "tweet-news": {"pearson": [0.7862496548672588, 1.5151170764416767e-158], "spearman": [0.7367411637186365, 3.028275493005361e-129], "nsamples": 750}, "all": {"pearson": {"mean": 0.8173720075877694, "wmean": 0.8272473828883251}, "spearman": {"mean": 0.7923221357590061, "wmean": 0.8003670330644529}}}, "STS15": {"answers-forums": {"pearson": [0.7664344395062369, 1.0530289665917448e-73], "spearman": [0.7685769907978319, 2.3604671083383088e-74], "nsamples": 375}, "answers-students": {"pearson": [0.7347138067926823, 3.457181885336681e-128], "spearman": [0.7397965721767221, 7.391784154052313e-131], "nsamples": 750}, "belief": {"pearson": [0.8398078900644473, 5.454665663638175e-101], "spearman": [0.842509495803782, 2.9964274045190835e-102], "nsamples": 375}, "headlines": {"pearson": [0.8658149939915188, 3.9207265219643866e-227], "spearman": [0.8675641193713818, 4.1069148741865854e-229], "nsamples": 750}, "images": {"pearson": [0.9367915286927843, 0.0], "spearman": [0.9393814491631906, 0.0], "nsamples": 750}, "all": {"pearson": {"mean": 0.828712531809534, "wmean": 0.8351103735655818}, "spearman": {"mean": 0.8315657254625817, "wmean": 0.8380713460030254}}}, "STS16": {"answer-answer": {"pearson": [0.7848521568235013, 2.702131488875734e-54], "spearman": [0.7817630393388977, 1.3143534218364017e-53], "nsamples": 254}, "headlines": {"pearson": [0.8310942844779527, 6.9754656437153005e-65], "spearman": [0.8334967436432164, 1.3940873676732572e-65], "nsamples": 249}, "plagiarism": {"pearson": [0.8612504838227324, 5.739186250469073e-69], "spearman": [0.8694363608951344, 9.149666901145672e-72], "nsamples": 230}, "postediting": {"pearson": [0.8912903073331208, 4.318245477790145e-85], "spearman": [0.893411491659104, 4.546590887583698e-86], "nsamples": 244}, "question-question": {"pearson": [0.7535395211787774, 1.4317307731240583e-39], "spearman": [0.7602971977715055, 1.189216206078283e-40], "nsamples": 209}, "all": {"pearson": {"mean": 0.824405350727217, "wmean": 0.8257564341172462}, "spearman": {"mean": 0.8276809666615715, "wmean": 0.8288139818416423}}}}