{"MR": {"devacc": 81.66, "acc": 82.27, "ndev": 10662, "ntest": 10662}, "CR": {"devacc": 91.27, "acc": 90.91, "ndev": 3775, "ntest": 3775}, "SUBJ": {"devacc": 92.34, "acc": 92.1, "ndev": 10000, "ntest": 10000}, "MPQA": {"devacc": 89.28, "acc": 88.68, "ndev": 10606, "ntest": 10606}, "SST5": {"devacc": 43.32, "acc": 44.34, "ndev": 1101, "ntest": 2210}, "TREC": {"devacc": 75.88, "acc": 85.4, "ndev": 5452, "ntest": 500}, "MRPC": {"devacc": 74.19, "acc": 74.96, "f1": 82.48, "ndev": 4076, "ntest": 1725}, "STS12": {"MSRpar": {"pearson": [0.6822168897425817, 8.073212725349274e-104], "spearman": [0.675544851987634, 4.3723485194580706e-101], "nsamples": 750}, "MSRvid": {"pearson": [0.9338010659107038, 0.0], "spearman": [0.92917658244244, 0.0], "nsamples": 750}, "SMTeuroparl": {"pearson": [0.6020424554539207, 1.3218373961707901e-46], "spearman": [0.6449251837163708, 2.50266120243319e-55], "nsamples": 459}, "surprise.OnWN": {"pearson": [0.7523319577561308, 1.0183277331928633e-137], "spearman": [0.7062056229905703, 2.775403582905435e-114], "nsamples": 750}, "surprise.SMTnews": {"pearson": [0.6608476934773724, 1.9934567587641376e-51], "spearman": [0.6038121608398422, 5.319114069190447e-41], "nsamples": 399}, "all": {"pearson": {"mean": 0.7262480124681419, "wmean": 0.7452632406074272}, "spearman": {"mean": 0.7119328803953715, "wmean": 0.730417311636549}}}, "STS13": {"FNWN": {"pearson": [0.6375100924835638, 5.998302872737168e-23], "spearman": [0.6563354192266616, 1.1595610215635967e-24], "nsamples": 189}, "headlines": {"pearson": [0.8479512201071692, 2.188339911985174e-208], "spearman": [0.8504664197299321, 7.086361336412349e-211], "nsamples": 750}, "OnWN": {"pearson": [0.8374750862486573, 8.067915261652344e-149], "spearman": [0.8312198398651768, 1.2030224866633228e-144], "nsamples": 561}, "all": {"pearson": {"mean": 0.7743121329464634, "wmean": 0.8175175639635115}, "spearman": {"mean": 0.7793405596072569, "wmean": 0.8188076927971015}}}, "STS14": {"deft-forum": {"pearson": [0.6617477313160469, 5.1361555477546886e-58], "spearman": [0.6515885992987965, 9.98838407031954e-56], "nsamples": 450}, "deft-news": {"pearson": [0.8363063136217479, 9.121445383833717e-80], "spearman": [0.8142074146428796, 2.413134830457667e-72], "nsamples": 300}, "headlines": {"pearson": [0.8270559861986486, 2.623649877392753e-189], "spearman": [0.8069836111400686, 2.9564554657890835e-173], "nsamples": 750}, "images": {"pearson": [0.9183730229454584, 2.2104984419018654e-303], "spearman": [0.8807720316435789, 4.863648208062221e-245], "nsamples": 750}, "OnWN": {"pearson": [0.8668006448176698, 3.0280122881749983e-228], "spearman": [0.8586845736036508, 2.4245690062617102e-219], "nsamples": 750}, "tweet-news": {"pearson": [0.7728355716431685, 7.073794526244945e-150], "spearman": [0.7292069454686231, 2.3050747171989627e-125], "nsamples": 750}, "all": {"pearson": {"mean": 0.8138532117571232, "wmean": 0.8233272779686546}, "spearman": {"mean": 0.7902405292995995, "wmean": 0.7984566574584703}}}, "STS15": {"answers-forums": {"pearson": [0.7736287308318878, 6.509661467296178e-76], "spearman": [0.7763913461934256, 8.780863579072458e-77], "nsamples": 375}, "answers-students": {"pearson": [0.7510018356372856, 5.69251169669336e-137], "spearman": [0.7534514371866338, 2.3721075725803988e-138], "nsamples": 750}, "belief": {"pearson": [0.8409945443853065, 1.5351742325869013e-101], "spearman": [0.8472306220092363, 1.6455058792593364e-104], "nsamples": 375}, "headlines": {"pearson": [0.8614248959704842, 2.766426915101192e-222], "spearman": [0.8640503143562274, 3.653526689823719e-225], "nsamples": 750}, "images": {"pearson": [0.9383286443849403, 0.0], "spearman": [0.9402879169847153, 0.0], "nsamples": 750}, "all": {"pearson": {"mean": 0.8330757302419809, "wmean": 0.8395167534003268}, "spearman": {"mean": 0.8362823273460476, "wmean": 0.8424001631572269}}}, "STS16": {"answer-answer": {"pearson": [0.7959988559157171, 7.164474072193932e-57], "spearman": [0.7955052864455602, 9.389551457483658e-57], "nsamples": 254}, "headlines": {"pearson": [0.8266159182221039, 1.312551783057881e-63], "spearman": [0.8279959610775325, 5.361561392312618e-64], "nsamples": 249}, "plagiarism": {"pearson": [0.8565631490050922, 1.91111897155663e-67], "spearman": [0.8650302159030703, 3.0902153336199036e-70], "nsamples": 230}, "postediting": {"pearson": [0.8852719994958207, 2.005735334086346e-82], "spearman": [0.8899872681813159, 1.6821127362951707e-84], "nsamples": 244}, "question-question": {"pearson": [0.7587400355851989, 2.125269669603906e-40], "spearman": [0.7555162248498396, 6.972989021039067e-40], "nsamples": 209}, "all": {"pearson": {"mean": 0.8246379916447866, "wmean": 0.8259727087903491}, "spearman": {"mean": 0.8268069912914637, "wmean": 0.8282007345303892}}}}