{"MR": {"devacc": 84.41, "acc": 83.57, "ndev": 10662, "ntest": 10662}, "CR": {"devacc": 92.02, "acc": 91.71, "ndev": 3775, "ntest": 3775}, "SUBJ": {"devacc": 94.3, "acc": 94.27, "ndev": 10000, "ntest": 10000}, "MPQA": {"devacc": 90.75, "acc": 90.64, "ndev": 10606, "ntest": 10606}, "SST5": {"devacc": 48.96, "acc": 51.13, "ndev": 1101, "ntest": 2210}, "TREC": {"devacc": 86.02, "acc": 91.2, "ndev": 5452, "ntest": 500}, "MRPC": {"devacc": 77.06, "acc": 76.46, "f1": 84.1, "ndev": 4076, "ntest": 1725}, "STS12": {"MSRpar": {"pearson": [0.6774566988826721, 7.324829535119103e-102], "spearman": [0.6841387762396797, 1.2764121369114245e-104], "nsamples": 750}, "MSRvid": {"pearson": [0.9197029925028368, 6.140213538108634e-306], "spearman": [0.9322925186922586, 0.0], "nsamples": 750}, "SMTeuroparl": {"pearson": [0.6114487242359895, 2.0976237169768297e-48], "spearman": [0.6444134582237317, 3.2417589853504376e-55], "nsamples": 459}, "surprise.OnWN": {"pearson": [0.7825688798416465, 4.174424843551641e-156], "spearman": [0.7127224770806712, 2.600864151704806e-117], "nsamples": 750}, "surprise.SMTnews": {"pearson": [0.7300497565697893, 1.2659605837528595e-67], "spearman": [0.6320786088064555, 6.7819947051810865e-46], "nsamples": 399}, "all": {"pearson": {"mean": 0.7442454104065869, "wmean": 0.7582822540913873}, "spearman": {"mean": 0.7211291678085593, "wmean": 0.7383688774928976}}}, "STS13": {"FNWN": {"pearson": [0.6859855906529677, 1.2653091251311137e-27], "spearman": [0.7023923575497467, 2.0245556139445997e-29], "nsamples": 189}, "headlines": {"pearson": [0.8382139921464502, 3.7093026390855506e-199], "spearman": [0.8564131338280254, 5.986420810035492e-217], "nsamples": 750}, "OnWN": {"pearson": [0.8587035378502185, 1.9945570103697745e-164], "spearman": [0.8453299114292164, 2.555432577052409e-154], "nsamples": 561}, "all": {"pearson": {"mean": 0.7943010402165455, "wmean": 0.8266963036514807}, "spearman": {"mean": 0.8013784676023296, "wmean": 0.8328613908398077}}}, "STS14": {"deft-forum": {"pearson": [0.654528251164078, 2.219619565486778e-56], "spearman": [0.6636430614183768, 1.877881995076986e-58], "nsamples": 450}, "deft-news": {"pearson": [0.837526419875718, 3.298299553388506e-80], "spearman": [0.8256857267065563, 4.550573784683211e-76], "nsamples": 300}, "headlines": {"pearson": [0.8269774118655797, 3.060134255239798e-189], "spearman": [0.8131619605694271, 5.466151961440808e-178], "nsamples": 750}, "images": {"pearson": [0.9158730321123243, 1.0810130211923517e-298], "spearman": [0.8916992607305599, 1.0216716650540983e-259], "nsamples": 750}, "OnWN": {"pearson": [0.8942210032568746, 2.4986674901068704e-263], "spearman": [0.8705343700401524, 1.5339852705938522e-232], "nsamples": 750}, "tweet-news": {"pearson": [0.8062641994827401, 1.0250565900205784e-172], "spearman": [0.7513400208927559, 3.678938258593449e-137], "nsamples": 750}, "all": {"pearson": {"mean": 0.8225650529595524, "wmean": 0.8342126330732507}, "spearman": {"mean": 0.8026774000596381, "wmean": 0.8110391479533088}}}, "STS15": {"answers-forums": {"pearson": [0.785945434686055, 6.853671772728263e-80], "spearman": [0.7902809776101295, 2.358180882458206e-81], "nsamples": 375}, "answers-students": {"pearson": [0.7354411628893585, 1.446893431990368e-128], "spearman": [0.7508754758904925, 6.699783800538914e-137], "nsamples": 750}, "belief": {"pearson": [0.8555246473373582, 1.1316716017594822e-108], "spearman": [0.8684378139223002, 1.0602143875670447e-115], "nsamples": 375}, "headlines": {"pearson": [0.8609064381064697, 1.0080735764172476e-221], "spearman": [0.8718337489883301, 4.566093003275731e-234], "nsamples": 750}, "images": {"pearson": [0.9310784456265916, 0.0], "spearman": [0.9465183939713154, 0.0], "nsamples": 750}, "all": {"pearson": {"mean": 0.8337792257291665, "wmean": 0.8370402719085317}, "spearman": {"mean": 0.8455892820765136, "wmean": 0.8496467536540883}}}, "STS16": {"answer-answer": {"pearson": [0.8001997251497035, 6.952942371997276e-58], "spearman": [0.8026358379342092, 1.7521225348398874e-58], "nsamples": 254}, "headlines": {"pearson": [0.8189408771757043, 1.6575361567475456e-61], "spearman": [0.8381805020886356, 5.6017811273632714e-67], "nsamples": 249}, "plagiarism": {"pearson": [0.8517659555124215, 6.086207412937544e-66], "spearman": [0.8743031946157765, 1.6104975831887516e-73], "nsamples": 230}, "postediting": {"pearson": [0.8678614757298403, 1.769376123607551e-75], "spearman": [0.896253421200738, 2.0654162935866177e-87], "nsamples": 244}, "question-question": {"pearson": [0.7400825113041573, 1.6102895085666762e-37], "spearman": [0.7590217098357881, 1.914009507101184e-40], "nsamples": 209}, "all": {"pearson": {"mean": 0.8157701089743654, "wmean": 0.8174608965542006}, "spearman": {"mean": 0.8340789331350293, "wmean": 0.8355712940519797}}}}