{"MR": {"devacc": 80.92, "acc": 79.76, "ndev": 10662, "ntest": 10662}, "CR": {"devacc": 90.59, "acc": 90.01, "ndev": 3775, "ntest": 3775}, "SUBJ": {"devacc": 89.84, "acc": 88.92, "ndev": 10000, "ntest": 10000}, "MPQA": {"devacc": 87.9, "acc": 87.73, "ndev": 10606, "ntest": 10606}, "SST5": {"devacc": 44.96, "acc": 48.33, "ndev": 1101, "ntest": 2210}, "TREC": {"devacc": 71.86, "acc": 81.2, "ndev": 5452, "ntest": 500}, "MRPC": {"devacc": 73.58, "acc": 72.93, "f1": 80.71, "ndev": 4076, "ntest": 1725}, "STS12": {"MSRpar": {"pearson": [0.6420806559658533, 2.1361127847903022e-88], "spearman": [0.6446681530995987, 2.5417981030269424e-89], "nsamples": 750}, "MSRvid": {"pearson": [0.9158910562772823, 1.0012603475626388e-298], "spearman": [0.9144778976749386, 3.869909367933505e-296], "nsamples": 750}, "SMTeuroparl": {"pearson": [0.5689976557593786, 9.839427168968537e-41], "spearman": [0.6075403470090845, 1.1932124577332455e-47], "nsamples": 459}, "surprise.OnWN": {"pearson": [0.7242102538412196, 7.33524544102904e-123], "spearman": [0.687427154349872, 5.258988951709133e-106], "nsamples": 750}, "surprise.SMTnews": {"pearson": [0.665673333136922, 2.047301646490952e-52], "spearman": [0.617625399580569, 2.489699673187623e-43], "nsamples": 399}, "all": {"pearson": {"mean": 0.7033705909961312, "wmean": 0.7202091565245987}, "spearman": {"mean": 0.6943477903428125, "wmean": 0.7111401086078262}}}, "STS13": {"FNWN": {"pearson": [0.6208756368792187, 1.5722771735308006e-21], "spearman": [0.6274354326709802, 4.439623658084026e-22], "nsamples": 189}, "headlines": {"pearson": [0.8123918339689529, 2.1737767235468793e-177], "spearman": [0.8144966310474928, 4.920863907231981e-179], "nsamples": 750}, "OnWN": {"pearson": [0.8021384408855994, 2.812998782165424e-127], "spearman": [0.8011429655954714, 9.813296102392886e-127], "nsamples": 561}, "all": {"pearson": {"mean": 0.7451353039112569, "wmean": 0.7844260241224721}, "spearman": {"mean": 0.7476916764379814, "wmean": 0.7859326491729962}}}, "STS14": {"deft-forum": {"pearson": [0.6451829370875964, 2.5004607443695846e-54], "spearman": [0.6410095197746705, 1.9556206619406072e-53], "nsamples": 450}, "deft-news": {"pearson": [0.8050232008808924, 1.5179921993601049e-69], "spearman": [0.7948634381928135, 1.2836110953587137e-66], "nsamples": 300}, "headlines": {"pearson": [0.8034432134934083, 1.2776861568044133e-170], "spearman": [0.7809763432451984, 4.588054985370051e-155], "nsamples": 750}, "images": {"pearson": [0.904403076800183, 6.6710842526405425e-279], "spearman": [0.868304192196406, 5.8518201218445255e-230], "nsamples": 750}, "OnWN": {"pearson": [0.8456827524852828, 3.524971825297002e-206], "spearman": [0.842461435761314, 4.175955842836831e-203], "nsamples": 750}, "tweet-news": {"pearson": [0.7435708118030205, 7.003103871757195e-133], "spearman": [0.6963935699222676, 7.057201832470027e-110], "nsamples": 750}, "all": {"pearson": {"mean": 0.7912176654250639, "wmean": 0.8012437794373618}, "spearman": {"mean": 0.7706680831821116, "wmean": 0.7781373256534228}}}, "STS15": {"answers-forums": {"pearson": [0.7278142065169934, 4.449969363542471e-63], "spearman": [0.7346591548150828, 7.973190756313217e-65], "nsamples": 375}, "answers-students": {"pearson": [0.7296437949795673, 1.3842470812256004e-125], "spearman": [0.7344685556576945, 4.634376203666695e-128], "nsamples": 750}, "belief": {"pearson": [0.817138418334889, 2.9149388089935105e-91], "spearman": [0.8221964004607051, 2.601237022390557e-93], "nsamples": 375}, "headlines": {"pearson": [0.8358222209912124, 5.529809686543163e-197], "spearman": [0.8403996885029831, 3.563518350696465e-201], "nsamples": 750}, "images": {"pearson": [0.922324744405671, 4.138013931143e-311], "spearman": [0.9268060372762975, 2.1927e-320], "nsamples": 750}, "all": {"pearson": {"mean": 0.8065486770456666, "wmean": 0.815066768200598}, "spearman": {"mean": 0.8117059673425526, "wmean": 0.8200255147687173}}}, "STS16": {"answer-answer": {"pearson": [0.7541348815668599, 6.336078670743971e-48], "spearman": [0.7458193982734584, 2.3263667639274196e-46], "nsamples": 254}, "headlines": {"pearson": [0.8000750346164339, 9.694255449570132e-57], "spearman": [0.804050199388627, 1.0604998416389057e-57], "nsamples": 249}, "plagiarism": {"pearson": [0.8569275492108651, 1.4617835818365548e-67], "spearman": [0.8653204241398306, 2.4602508474897947e-70], "nsamples": 230}, "postediting": {"pearson": [0.8737170621931427, 1.0655018403822533e-77], "spearman": [0.8797755929481323, 4.0797197423134716e-80], "nsamples": 244}, "question-question": {"pearson": [0.7216306711020379, 6.627131356838521e-35], "spearman": [0.7167166067217311, 3.036188047129702e-34], "nsamples": 209}, "all": {"pearson": {"mean": 0.8012970397378678, "wmean": 0.8025885778173913}, "spearman": {"mean": 0.8023364442943558, "wmean": 0.8036503708647332}}}}