{"MR": {"devacc": 82.29, "acc": 82.0, "ndev": 10662, "ntest": 10662}, "CR": {"devacc": 90.87, "acc": 90.54, "ndev": 3775, "ntest": 3775}, "SUBJ": {"devacc": 92.84, "acc": 92.81, "ndev": 10000, "ntest": 10000}, "MPQA": {"devacc": 89.99, "acc": 89.9, "ndev": 10606, "ntest": 10606}, "SST5": {"devacc": 46.32, "acc": 48.37, "ndev": 1101, "ntest": 2210}, "TREC": {"devacc": 73.85, "acc": 85.8, "ndev": 5452, "ntest": 500}, "MRPC": {"devacc": 75.12, "acc": 67.07, "f1": 71.02, "ndev": 4076, "ntest": 1725}, "STS12": {"MSRpar": {"pearson": [0.6913992226105944, 1.054436618919575e-107], "spearman": [0.6812463023735754, 2.0382261416426742e-103], "nsamples": 750}, "MSRvid": {"pearson": [0.9328613131723419, 0.0], "spearman": [0.9288900131475528, 0.0], "nsamples": 750}, "SMTeuroparl": {"pearson": [0.5925175116836953, 7.646275701851068e-45], "spearman": [0.6272428217029244, 1.447343945969898e-51], "nsamples": 459}, "surprise.OnWN": {"pearson": [0.7512901362218616, 3.923795105908006e-137], "spearman": [0.7043824454820273, 1.8863810558895428e-113], "nsamples": 750}, "surprise.SMTnews": {"pearson": [0.6784980853241439, 3.910048322834951e-55], "spearman": [0.624814950681756, 1.3713504107515513e-44], "nsamples": 399}, "all": {"pearson": {"mean": 0.7293132538025275, "wmean": 0.7478601280279111}, "spearman": {"mean": 0.7133153066775672, "wmean": 0.7313689482741408}}}, "STS13": {"FNWN": {"pearson": [0.6251005368045457, 6.987368208540211e-22], "spearman": [0.6416081465335834, 2.600920718449741e-23], "nsamples": 189}, "headlines": {"pearson": [0.8486206213360399, 4.807653412788681e-209], "spearman": [0.8500765379118383, 1.7351683076394702e-210], "nsamples": 750}, "OnWN": {"pearson": [0.842554074443309, 2.42838589482709e-152], "spearman": [0.8340563493381232, 1.6193771112591312e-146], "nsamples": 561}, "all": {"pearson": {"mean": 0.7720917441946314, "wmean": 0.8181882021471903}, "spearman": {"mean": 0.7752470112611817, "wmean": 0.8178179700716088}}}, "STS14": {"deft-forum": {"pearson": [0.6540530561154224, 2.8337759243994834e-56], "spearman": [0.6466735518266612, 1.1900916166483984e-54], "nsamples": 450}, "deft-news": {"pearson": [0.8433130193156286, 2.3553811040063003e-82], "spearman": [0.821652481415484, 9.936719940823783e-75], "nsamples": 300}, "headlines": {"pearson": [0.8251412672396276, 1.0914158970484431e-187], "spearman": [0.8055285889744178, 3.635304463010443e-172], "nsamples": 750}, "images": {"pearson": [0.9207872851988582, 4.689435131710551e-308], "spearman": [0.8869127022710043, 4.2145735178745083e-253], "nsamples": 750}, "OnWN": {"pearson": [0.8748928388706965, 9.987016067441841e-238], "spearman": [0.861933089405442, 7.749000560560542e-223], "nsamples": 750}, "tweet-news": {"pearson": [0.7776688380066201, 6.2520085842675e-153], "spearman": [0.7393661198051145, 1.2510864742575644e-130], "nsamples": 750}, "all": {"pearson": {"mean": 0.8159760507911421, "wmean": 0.8256494541422614}, "spearman": {"mean": 0.793677755616354, "wmean": 0.8020811248236338}}}, "STS15": {"answers-forums": {"pearson": [0.7675769270172077, 4.75339895049385e-74], "spearman": [0.7685499587626718, 2.4056669437915126e-74], "nsamples": 375}, "answers-students": {"pearson": [0.7491120786673404, 6.4427357951457456e-136], "spearman": [0.7514966463428224, 3.0048093695450857e-137], "nsamples": 750}, "belief": {"pearson": [0.8489852248662009, 2.2733130589122017e-105], "spearman": [0.8615829459891425, 6.998793221964971e-112], "nsamples": 375}, "headlines": {"pearson": [0.8616106339734868, 1.738520621061011e-222], "spearman": [0.863742313375612, 8.009305478950263e-225], "nsamples": 750}, "images": {"pearson": [0.9394008567236276, 0.0], "spearman": [0.9418643092395459, 0.0], "nsamples": 750}, "all": {"pearson": {"mean": 0.8333371442495727, "wmean": 0.8396011613265397}, "spearman": {"mean": 0.8374472347419589, "wmean": 0.8430424303334718}}}, "STS16": {"answer-answer": {"pearson": [0.7904987140365873, 1.40002682739351e-55], "spearman": [0.7887315412862882, 3.5703075335749595e-55], "nsamples": 254}, "headlines": {"pearson": [0.8364699960695439, 1.8333476507517734e-66], "spearman": [0.8368303567071764, 1.4297502629575593e-66], "nsamples": 249}, "plagiarism": {"pearson": [0.8588412622930488, 3.533640852384797e-68], "spearman": [0.8687783560721439, 1.5602308020129077e-71], "nsamples": 230}, "postediting": {"pearson": [0.882837852569574, 2.1818754942012314e-81], "spearman": [0.8856782930537738, 1.3395918139411706e-82], "nsamples": 244}, "question-question": {"pearson": [0.742399740810561, 7.292140409980627e-38], "spearman": [0.745854290840369, 2.203077211618529e-38], "nsamples": 209}, "all": {"pearson": {"mean": 0.822209513155863, "wmean": 0.8239251050340591}, "spearman": {"mean": 0.8251745675919503, "wmean": 0.8267425316139588}}}}