{"MR": {"devacc": 82.75, "acc": 83.21, "ndev": 10662, "ntest": 10662}, "CR": {"devacc": 91.5, "acc": 90.83, "ndev": 3775, "ntest": 3775}, "SUBJ": {"devacc": 93.08, "acc": 92.86, "ndev": 10000, "ntest": 10000}, "MPQA": {"devacc": 90.01, "acc": 89.52, "ndev": 10606, "ntest": 10606}, "SST5": {"devacc": 45.96, "acc": 47.96, "ndev": 1101, "ntest": 2210}, "TREC": {"devacc": 78.85, "acc": 82.0, "ndev": 5452, "ntest": 500}, "MRPC": {"devacc": 75.02, "acc": 74.09, "f1": 82.1, "ndev": 4076, "ntest": 1725}, "STS12": {"MSRpar": {"pearson": [0.693940757206502, 8.357774628678514e-109], "spearman": [0.6786675764441813, 2.3459113659544217e-102], "nsamples": 750}, "MSRvid": {"pearson": [0.933007007565027, 0.0], "spearman": [0.9280247399845789, 6e-323], "nsamples": 750}, "SMTeuroparl": {"pearson": [0.6107227176039889, 2.90247325368183e-48], "spearman": [0.6528985125497624, 4.160955243429522e-57], "nsamples": 459}, "surprise.OnWN": {"pearson": [0.7534099024794423, 2.5042141310883248e-138], "spearman": [0.7054516166373594, 6.142083500715962e-114], "nsamples": 750}, "surprise.SMTnews": {"pearson": [0.6807695300253886, 1.2476764750412462e-55], "spearman": [0.6308339865017049, 1.1417490269352084e-45], "nsamples": 399}, "all": {"pearson": {"mean": 0.7343699829760697, "wmean": 0.7520003282813994}, "spearman": {"mean": 0.7191752864235174, "wmean": 0.7353575056866508}}}, "STS13": {"FNWN": {"pearson": [0.6556955389719192, 1.3321502473931943e-24], "spearman": [0.6741714349081147, 2.107325985068875e-26], "nsamples": 189}, "headlines": {"pearson": [0.8460402252037952, 1.5912384253774306e-206], "spearman": [0.8475876631374848, 4.9687653719746565e-208], "nsamples": 750}, "OnWN": {"pearson": [0.8519996618822303, 3.100043977596342e-159], "spearman": [0.8439776876563361, 2.3756900231638828e-153], "nsamples": 561}, "all": {"pearson": {"mean": 0.7845784753526482, "wmean": 0.8242856240563136}, "spearman": {"mean": 0.7885789285673118, "wmean": 0.8243870875506345}}}, "STS14": {"deft-forum": {"pearson": [0.663670494347841, 1.8506322139318647e-58], "spearman": [0.6508709716566442, 1.4383243466350435e-55], "nsamples": 450}, "deft-news": {"pearson": [0.8361245852677571, 1.060601432060728e-79], "spearman": [0.8148054682876624, 1.566611610603437e-72], "nsamples": 300}, "headlines": {"pearson": [0.8273684506992827, 1.4216459704743298e-189], "spearman": [0.8092151419705338, 6.04275784792014e-175], "nsamples": 750}, "images": {"pearson": [0.9222219202065101, 6.6531084292556e-311], "spearman": [0.8862883607102056, 2.9212929437361227e-252], "nsamples": 750}, "OnWN": {"pearson": [0.881612345991222, 4.076404659078403e-246], "spearman": [0.8675246184905555, 4.555526400863801e-229], "nsamples": 750}, "tweet-news": {"pearson": [0.7849369782115327, 1.1381436769415408e-157], "spearman": [0.7369021676642163, 2.49339378905649e-129], "nsamples": 750}, "all": {"pearson": {"mean": 0.8193224624540244, "wmean": 0.8297583651648711}, "spearman": {"mean": 0.7942677881299697, "wmean": 0.8032750118289125}}}, "STS15": {"answers-forums": {"pearson": [0.7659200966354957, 1.504213903261028e-73], "spearman": [0.7687915361908118, 2.030388159241836e-74], "nsamples": 375}, "answers-students": {"pearson": [0.7518004135953438, 2.0283402202359909e-137], "spearman": [0.7545259308686488, 5.8156389949724104e-139], "nsamples": 750}, "belief": {"pearson": [0.8560524111526623, 6.026588877658234e-109], "spearman": [0.8653206538115845, 6.1431871907794855e-114], "nsamples": 375}, "headlines": {"pearson": [0.8619470764039172, 7.481751132363856e-223], "spearman": [0.8649072789118932, 4.072284804170902e-226], "nsamples": 750}, "images": {"pearson": [0.9415829134035146, 0.0], "spearman": [0.9423326483700892, 0.0], "nsamples": 750}, "all": {"pearson": {"mean": 0.8354605822381866, "wmean": 0.8415791643242138}, "spearman": {"mean": 0.8391756096306056, "wmean": 0.8447054882879573}}}, "STS16": {"answer-answer": {"pearson": [0.7938206821694983, 2.3503280308549453e-56], "spearman": [0.7932863970847451, 3.138593186213366e-56], "nsamples": 254}, "headlines": {"pearson": [0.8348717822400705, 5.48294273561391e-66], "spearman": [0.8353087330071962, 4.068607817685215e-66], "nsamples": 249}, "plagiarism": {"pearson": [0.868995985837758, 1.3081795626878324e-71], "spearman": [0.8771700346009326, 1.3770637873316072e-74], "nsamples": 230}, "postediting": {"pearson": [0.8912214217338175, 4.6421040953574155e-85], "spearman": [0.8944937377103194, 1.41547999671207e-86], "nsamples": 244}, "question-question": {"pearson": [0.7512230147068886, 3.2981331973049985e-39], "spearman": [0.7477105822930531, 1.1487300134646557e-38], "nsamples": 209}, "all": {"pearson": {"mean": 0.8280265773376065, "wmean": 0.8295499500575934}, "spearman": {"mean": 0.8295938969392493, "wmean": 0.8311667040784972}}}}