{"MR": {"devacc": 81.71, "acc": 81.55, "ndev": 10662, "ntest": 10662}, "CR": {"devacc": 90.53, "acc": 89.51, "ndev": 3775, "ntest": 3775}, "SUBJ": {"devacc": 92.19, "acc": 92.51, "ndev": 10000, "ntest": 10000}, "MPQA": {"devacc": 89.4, "acc": 88.76, "ndev": 10606, "ntest": 10606}, "SST5": {"devacc": 45.41, "acc": 47.92, "ndev": 1101, "ntest": 2210}, "TREC": {"devacc": 75.68, "acc": 80.0, "ndev": 5452, "ntest": 500}, "MRPC": {"devacc": 74.51, "acc": 72.93, "f1": 80.27, "ndev": 4076, "ntest": 1725}, "STS12": {"MSRpar": {"pearson": [0.6589441463787825, 1.37741245545761e-94], "spearman": [0.6553243271310571, 3.1730490152148986e-93], "nsamples": 750}, "MSRvid": {"pearson": [0.9311403804450814, 0.0], "spearman": [0.9260294216514985, 9.7752e-319], "nsamples": 750}, "SMTeuroparl": {"pearson": [0.5877122347462918, 5.629386734149983e-44], "spearman": [0.6121049867656213, 1.562863831936251e-48], "nsamples": 459}, "surprise.OnWN": {"pearson": [0.7501333246317561, 1.7409230145720843e-136], "spearman": [0.7053819993220684, 6.60865726179109e-114], "nsamples": 750}, "surprise.SMTnews": {"pearson": [0.6664987698946622, 1.3811933340031612e-52], "spearman": [0.6179498516446124, 2.1879191502478072e-43], "nsamples": 399}, "all": {"pearson": {"mean": 0.7188857712193147, "wmean": 0.7370837559614649}, "spearman": {"mean": 0.7033581173029715, "wmean": 0.7215476160907621}}}, "STS13": {"FNWN": {"pearson": [0.622724336353674, 1.1042518672218325e-21], "spearman": [0.6430452076593869, 1.9344680881389958e-23], "nsamples": 189}, "headlines": {"pearson": [0.8388934851315079, 8.817654598303793e-200], "spearman": [0.8407134651906294, 1.8187003593954802e-201], "nsamples": 750}, "OnWN": {"pearson": [0.8191776135150869, 4.480881689994989e-137], "spearman": [0.8101221770687621, 9.593808942561848e-132], "nsamples": 561}, "all": {"pearson": {"mean": 0.7602651450000896, "wmean": 0.8042824364009593}, "spearman": {"mean": 0.7646269499729262, "wmean": 0.8043661229841146}}}, "STS14": {"deft-forum": {"pearson": [0.668346998294747, 1.4969945993375407e-59], "spearman": [0.6596065000491956, 1.586645410790676e-57], "nsamples": 450}, "deft-news": {"pearson": [0.8380246253031292, 2.171934733846606e-80], "spearman": [0.819865979060314, 3.798908567298101e-74], "nsamples": 300}, "headlines": {"pearson": [0.8160083654484349, 3.143506687504503e-180], "spearman": [0.7975331784244387, 2.444986763196495e-166], "nsamples": 750}, "images": {"pearson": [0.9153250027263302, 1.1022626626142288e-297], "spearman": [0.8816320650481269, 3.8451500577185344e-246], "nsamples": 750}, "OnWN": {"pearson": [0.8633489840582028, 2.176219679621133e-224], "spearman": [0.8545516581863863, 5.097244842481027e-215], "nsamples": 750}, "tweet-news": {"pearson": [0.7729283835709664, 6.190534146221697e-150], "spearman": [0.7343606166443583, 5.271807291127272e-128], "nsamples": 750}, "all": {"pearson": {"mean": 0.8123303932336352, "wmean": 0.8207657569804069}, "spearman": {"mean": 0.7912583329021367, "wmean": 0.7983575619913906}}}, "STS15": {"answers-forums": {"pearson": [0.7371747331952817, 1.761922130796565e-65], "spearman": [0.7451964475095062, 1.2702487394624648e-67], "nsamples": 375}, "answers-students": {"pearson": [0.7355757840660958, 1.2310758307842825e-128], "spearman": [0.739449301548095, 1.1302106150988673e-130], "nsamples": 750}, "belief": {"pearson": [0.8309688673768465, 5.028994096922071e-97], "spearman": [0.8401957780684735, 3.6081365661403723e-101], "nsamples": 375}, "headlines": {"pearson": [0.8608883769968821, 1.0544216424734015e-221], "spearman": [0.8639959953800898, 4.196536553225655e-225], "nsamples": 750}, "images": {"pearson": [0.9364634950216353, 0.0], "spearman": [0.9386120126567369, 0.0], "nsamples": 750}, "all": {"pearson": {"mean": 0.8202142513313483, "wmean": 0.8292498640926693}, "spearman": {"mean": 0.8254899070325802, "wmean": 0.833688355593478}}}, "STS16": {"answer-answer": {"pearson": [0.8083981427017157, 6.218653470453178e-60], "spearman": [0.8084456106630851, 6.047126608520254e-60], "nsamples": 254}, "headlines": {"pearson": [0.8244000701931956, 5.436023363898989e-63], "spearman": [0.8300175070147727, 1.4237096553750803e-64], "nsamples": 249}, "plagiarism": {"pearson": [0.8639801766311485, 7.019596888757359e-70], "spearman": [0.8716807644840426, 1.4495318932793107e-72], "nsamples": 230}, "postediting": {"pearson": [0.8868930582195965, 3.970571404072314e-83], "spearman": [0.8937166474407954, 3.2760144851797304e-86], "nsamples": 244}, "question-question": {"pearson": [0.744233896605435, 3.871692206893447e-38], "spearman": [0.7523697198735371, 2.1846024987479213e-39], "nsamples": 209}, "all": {"pearson": {"mean": 0.8255810688702182, "wmean": 0.8273785640350954}, "spearman": {"mean": 0.8312460498952465, "wmean": 0.8328990334026604}}}}