{"MR": {"devacc": 82.96, "acc": 81.55, "ndev": 10662, "ntest": 10662}, "CR": {"devacc": 91.4, "acc": 90.44, "ndev": 3775, "ntest": 3775}, "SUBJ": {"devacc": 93.23, "acc": 93.07, "ndev": 10000, "ntest": 10000}, "MPQA": {"devacc": 90.25, "acc": 90.46, "ndev": 10606, "ntest": 10606}, "SST5": {"devacc": 45.59, "acc": 48.87, "ndev": 1101, "ntest": 2210}, "TREC": {"devacc": 79.48, "acc": 90.4, "ndev": 5452, "ntest": 500}, "MRPC": {"devacc": 74.68, "acc": 74.55, "f1": 81.07, "ndev": 4076, "ntest": 1725}, "STS12": {"MSRpar": {"pearson": [0.6956278710114548, 1.5307419264884546e-109], "spearman": [0.6850827703868464, 5.131611004419592e-105], "nsamples": 750}, "MSRvid": {"pearson": [0.9352420618382061, 0.0], "spearman": [0.9301892181193612, 0.0], "nsamples": 750}, "SMTeuroparl": {"pearson": [0.6050819584339314, 3.517742622136555e-47], "spearman": [0.6463896991842742, 1.1901209090905847e-55], "nsamples": 459}, "surprise.OnWN": {"pearson": [0.7569817998993674, 2.276122987568641e-140], "spearman": [0.7072481718062027, 9.215128350986492e-115], "nsamples": 750}, "surprise.SMTnews": {"pearson": [0.6697047914639394, 2.958966653803215e-53], "spearman": [0.6136269380776731, 1.2088236101863328e-42], "nsamples": 399}, "all": {"pearson": {"mean": 0.7325276965293798, "wmean": 0.7515552220968654}, "spearman": {"mean": 0.7165073595148715, "wmean": 0.7346911648818795}}}, "STS13": {"FNWN": {"pearson": [0.6479420302166766, 6.970738290523081e-24], "spearman": [0.6619007325611266, 3.4194556101542155e-25], "nsamples": 189}, "headlines": {"pearson": [0.8475648253925238, 5.231049375553006e-208], "spearman": [0.8512286171850338, 1.2215021261193593e-211], "nsamples": 750}, "OnWN": {"pearson": [0.8425520843218794, 2.4362503793753774e-152], "spearman": [0.8346332782919589, 6.675387585452844e-147], "nsamples": 561}, "all": {"pearson": {"mean": 0.7793529799770266, "wmean": 0.820537588039946}, "spearman": {"mean": 0.782587542679373, "wmean": 0.8211666469764115}}}, "STS14": {"deft-forum": {"pearson": [0.6801410658309116, 2.140394118115455e-62], "spearman": [0.6699434964074252, 6.277970854195451e-60], "nsamples": 450}, "deft-news": {"pearson": [0.8484680260480607, 2.42877865765248e-84], "spearman": [0.8301202711124568, 1.3971185741706958e-77], "nsamples": 300}, "headlines": {"pearson": [0.8303878912778515, 3.575182198020532e-192], "spearman": [0.8103200112736868, 8.638406079231743e-176], "nsamples": 750}, "images": {"pearson": [0.9245209915574901, 1.388336283e-315], "spearman": [0.8886916950497754, 1.590341098698751e-255], "nsamples": 750}, "OnWN": {"pearson": [0.8773342079172892, 1.0200909351336079e-240], "spearman": [0.8656866240838559, 5.464722884877049e-227], "nsamples": 750}, "tweet-news": {"pearson": [0.7917711048344624, 2.6785409017218865e-162], "spearman": [0.7457147299364351, 4.785704602566546e-134], "nsamples": 750}, "all": {"pearson": {"mean": 0.8254372145776777, "wmean": 0.8342972091009728}, "spearman": {"mean": 0.8017461379772727, "wmean": 0.8088854533266383}}}, "STS15": {"answers-forums": {"pearson": [0.775133233441668, 2.1942647273956363e-76], "spearman": [0.7767968966116913, 6.527834445203807e-77], "nsamples": 375}, "answers-students": {"pearson": [0.7407978311778022, 2.164689599083311e-131], "spearman": [0.741592774247251, 8.131677929440346e-132], "nsamples": 750}, "belief": {"pearson": [0.8497835071083073, 9.160643165565415e-106], "spearman": [0.8598708797390218, 5.848453109238403e-111], "nsamples": 375}, "headlines": {"pearson": [0.8632269107397025, 2.9659006416961883e-224], "spearman": [0.8649254390784927, 3.886643745067606e-226], "nsamples": 750}, "images": {"pearson": [0.9415802377866479, 0.0], "spearman": [0.9429632702491204, 0.0], "nsamples": 750}, "all": {"pearson": {"mean": 0.8341043440508257, "wmean": 0.8395158374947851}, "spearman": {"mean": 0.8372298519851153, "wmean": 0.841953842937555}}}, "STS16": {"answer-answer": {"pearson": [0.8009512606354244, 4.553945650951863e-58], "spearman": [0.8001080880945272, 7.32021591848588e-58], "nsamples": 254}, "headlines": {"pearson": [0.8312601896829076, 6.246524375091015e-65], "spearman": [0.8317680920810328, 4.452105941170709e-65], "nsamples": 249}, "plagiarism": {"pearson": [0.8672958042350609, 5.138729684218053e-71], "spearman": [0.8772680109470442, 1.2646857723619468e-74], "nsamples": 230}, "postediting": {"pearson": [0.8945799076753349, 1.2891876840114809e-86], "spearman": [0.8972596586357326, 6.764515304299778e-88], "nsamples": 244}, "question-question": {"pearson": [0.7666687853296494, 1.054685244071354e-41], "spearman": [0.7690073930668336, 4.2510424763833144e-42], "nsamples": 209}, "all": {"pearson": {"mean": 0.8321511895116755, "wmean": 0.8334019527935786}, "spearman": {"mean": 0.835082248565034, "wmean": 0.8362253403710743}}}}