{"MR": {"devacc": 82.57, "acc": 82.14, "ndev": 10662, "ntest": 10662}, "CR": {"devacc": 90.83, "acc": 90.04, "ndev": 3775, "ntest": 3775}, "SUBJ": {"devacc": 92.46, "acc": 92.23, "ndev": 10000, "ntest": 10000}, "MPQA": {"devacc": 89.56, "acc": 89.0, "ndev": 10606, "ntest": 10606}, "SST5": {"devacc": 45.05, "acc": 44.21, "ndev": 1101, "ntest": 2210}, "TREC": {"devacc": 75.0, "acc": 85.6, "ndev": 5452, "ntest": 500}, "MRPC": {"devacc": 74.19, "acc": 73.33, "f1": 82.05, "ndev": 4076, "ntest": 1725}, "STS12": {"MSRpar": {"pearson": [0.6818167726240332, 1.183156449021879e-103], "spearman": [0.6739566050458453, 1.9091949268461006e-100], "nsamples": 750}, "MSRvid": {"pearson": [0.9364105805043098, 0.0], "spearman": [0.9324388165361673, 0.0], "nsamples": 750}, "SMTeuroparl": {"pearson": [0.5984816505284564, 6.12204879357164e-46], "spearman": [0.6471475386341029, 8.088154050611932e-56], "nsamples": 459}, "surprise.OnWN": {"pearson": [0.7565842181047466, 3.8563681616132625e-140], "spearman": [0.7054272743533171, 6.3013709684804846e-114], "nsamples": 750}, "surprise.SMTnews": {"pearson": [0.6584768947253257, 6.005224413290091e-51], "spearman": [0.5990998304498816, 3.12496294980037e-40], "nsamples": 399}, "all": {"pearson": {"mean": 0.7263540232973743, "wmean": 0.745992289901153}, "spearman": {"mean": 0.7116140130038628, "wmean": 0.7303566842130158}}}, "STS13": {"FNWN": {"pearson": [0.6363049786642243, 7.650832714823316e-23], "spearman": [0.6610908822428653, 4.091027010997454e-25], "nsamples": 189}, "headlines": {"pearson": [0.8497391655647477, 3.7582680225502704e-210], "spearman": [0.8531807738130466, 1.2931678831497252e-213], "nsamples": 750}, "OnWN": {"pearson": [0.8491854755449225, 3.932299699607686e-157], "spearman": [0.8485223345979988, 1.2134306012104808e-156], "nsamples": 561}, "all": {"pearson": {"mean": 0.7784098732579648, "wmean": 0.822639377947867}, "spearman": {"mean": 0.7875979968846368, "wmean": 0.827235191208776}}}, "STS14": {"deft-forum": {"pearson": [0.6654046136785596, 7.322544729415042e-59], "spearman": [0.6552174217912314, 1.556254612982593e-56], "nsamples": 450}, "deft-news": {"pearson": [0.8385572026899228, 1.3874048020347296e-80], "spearman": [0.8215872675271618, 1.0438012690968858e-74], "nsamples": 300}, "headlines": {"pearson": [0.8253026976575195, 7.984531964079432e-188], "spearman": [0.806821919481274, 3.9113995115621096e-173], "nsamples": 750}, "images": {"pearson": [0.9152736425584486, 1.3691296299698342e-297], "spearman": [0.8816209583608394, 3.973745310488029e-246], "nsamples": 750}, "OnWN": {"pearson": [0.8768809005999341, 3.704860436184048e-240], "spearman": [0.8634773232389965, 1.5711115162678248e-224], "nsamples": 750}, "tweet-news": {"pearson": [0.7920410373643495, 1.743913392078694e-162], "spearman": [0.7404738373319957, 3.222936755223934e-131], "nsamples": 750}, "all": {"pearson": {"mean": 0.8189100157581223, "wmean": 0.8288327854926714}, "spearman": {"mean": 0.7948664546219165, "wmean": 0.8028318796997419}}}, "STS15": {"answers-forums": {"pearson": [0.7767577673193911, 6.71745961191448e-77], "spearman": [0.7768790192501523, 6.146968496103863e-77], "nsamples": 375}, "answers-students": {"pearson": [0.7341181693951394, 7.039999229706219e-128], "spearman": [0.7381477018460996, 5.5172930077429645e-130], "nsamples": 750}, "belief": {"pearson": [0.8364134504261149, 1.9377391800473684e-99], "spearman": [0.8396982038849928, 6.129650590488587e-101], "nsamples": 375}, "headlines": {"pearson": [0.8644295745359769, 1.3861533233957633e-225], "spearman": [0.8669994083467153, 1.802162503141471e-228], "nsamples": 750}, "images": {"pearson": [0.9395822389100106, 0.0], "spearman": [0.9401738633036676, 0.0], "nsamples": 750}, "all": {"pearson": {"mean": 0.8302602401173266, "wmean": 0.8361788979284702}, "spearman": {"mean": 0.8323796393263254, "wmean": 0.8384023962660138}}}, "STS16": {"answer-answer": {"pearson": [0.7954097323110771, 9.893447401632814e-57], "spearman": [0.7964742386337752, 5.517537927666895e-57], "nsamples": 254}, "headlines": {"pearson": [0.8321730324559812, 3.3958947534462287e-65], "spearman": [0.8336219382371922, 1.280984429526632e-65], "nsamples": 249}, "plagiarism": {"pearson": [0.8647813625049036, 3.755830291606929e-70], "spearman": [0.8744564953588263, 1.4142134731396395e-73], "nsamples": 230}, "postediting": {"pearson": [0.8819627825222013, 5.079908419901814e-81], "spearman": [0.8859958317614033, 9.761181962470747e-83], "nsamples": 244}, "question-question": {"pearson": [0.754391781449996, 1.0507879333105842e-39], "spearman": [0.7573876646010236, 3.5063705666984007e-40], "nsamples": 209}, "all": {"pearson": {"mean": 0.825743738248832, "wmean": 0.8271599255675777}, "spearman": {"mean": 0.8295872337184441, "wmean": 0.8309260691551148}}}}