{"MR": {"devacc": 81.58, "acc": 81.59, "ndev": 10662, "ntest": 10662}, "CR": {"devacc": 90.6, "acc": 90.12, "ndev": 3775, "ntest": 3775}, "SUBJ": {"devacc": 91.34, "acc": 90.69, "ndev": 10000, "ntest": 10000}, "MPQA": {"devacc": 88.79, "acc": 88.93, "ndev": 10606, "ntest": 10606}, "SST5": {"devacc": 41.78, "acc": 42.04, "ndev": 1101, "ntest": 2210}, "TREC": {"devacc": 74.52, "acc": 85.6, "ndev": 5452, "ntest": 500}, "MRPC": {"devacc": 73.48, "acc": 73.62, "f1": 81.87, "ndev": 4076, "ntest": 1725}, "STS12": {"MSRpar": {"pearson": [0.6573755211929557, 5.392301813835322e-94], "spearman": [0.6500642014530164, 2.8058651259472906e-91], "nsamples": 750}, "MSRvid": {"pearson": [0.926459753918926, 1.1982e-319], "spearman": [0.9197186351924359, 5.726038406992044e-306], "nsamples": 750}, "SMTeuroparl": {"pearson": [0.5869989842915253, 7.549540606157644e-44], "spearman": [0.6442137152382688, 3.585811117730069e-55], "nsamples": 459}, "surprise.OnWN": {"pearson": [0.7359778184007205, 7.594973909252711e-129], "spearman": [0.6882788668506082, 2.2863343795336546e-106], "nsamples": 750}, "surprise.SMTnews": {"pearson": [0.6702622270851027, 2.2591455494937254e-53], "spearman": [0.6244561548835378, 1.5876631162461008e-44], "nsamples": 399}, "all": {"pearson": {"mean": 0.7154148609778461, "wmean": 0.7325376391670585}, "spearman": {"mean": 0.7053463147235733, "wmean": 0.7202053985569312}}}, "STS13": {"FNWN": {"pearson": [0.6224161989893978, 1.1714333082686416e-21], "spearman": [0.6310792014717446, 2.170774378468565e-22], "nsamples": 189}, "headlines": {"pearson": [0.8356439298198055, 8.0042469112492e-197], "spearman": [0.8396707053551301, 1.6908525445761598e-200], "nsamples": 750}, "OnWN": {"pearson": [0.8326600341294396, 1.3637460107415582e-145], "spearman": [0.8239421734886544, 5.309296195470788e-140], "nsamples": 561}, "all": {"pearson": {"mean": 0.7635733876462143, "wmean": 0.8076612587469771}, "spearman": {"mean": 0.7648973601051763, "wmean": 0.8075057049477615}}}, "STS14": {"deft-forum": {"pearson": [0.6696699721863821, 7.288625095249738e-60], "spearman": [0.6578270170127701, 4.022675109469797e-57], "nsamples": 450}, "deft-news": {"pearson": [0.827601277618118, 1.023038347620011e-76], "spearman": [0.8028882652564043, 6.464434600035793e-69], "nsamples": 300}, "headlines": {"pearson": [0.8082241766032038, 3.421820094979474e-174], "spearman": [0.7908669917091138, 1.1223475917183508e-161], "nsamples": 750}, "images": {"pearson": [0.9084826450255264, 1.2192460503804785e-285], "spearman": [0.8700931275275197, 5.016004528516511e-232], "nsamples": 750}, "OnWN": {"pearson": [0.8700135500882643, 6.2080197456167866e-232], "spearman": [0.8582237445536884, 7.471371029222774e-219], "nsamples": 750}, "tweet-news": {"pearson": [0.7712593747816133, 6.747988032475655e-149], "spearman": [0.7214583323182284, 1.6608171633133117e-121], "nsamples": 750}, "all": {"pearson": {"mean": 0.8092084993838514, "wmean": 0.8181644481715368}, "spearman": {"mean": 0.7835595797296208, "wmean": 0.7912987424837549}}}, "STS15": {"answers-forums": {"pearson": [0.7569453623626691, 6.562441573324364e-71], "spearman": [0.7574710306005471, 4.630548059753462e-71], "nsamples": 375}, "answers-students": {"pearson": [0.7263649015555653, 6.208948149701686e-124], "spearman": [0.7295577254462066, 1.5306748674000122e-125], "nsamples": 750}, "belief": {"pearson": [0.8240333919174224, 4.51504764645771e-94], "spearman": [0.8382790775160301, 2.751375501161294e-100], "nsamples": 375}, "headlines": {"pearson": [0.8523722853322158, 8.573639002235669e-213], "spearman": [0.8545185341986046, 5.513627393906583e-215], "nsamples": 750}, "images": {"pearson": [0.9316839980294368, 0.0], "spearman": [0.9343530859979077, 0.0], "nsamples": 750}, "all": {"pearson": {"mean": 0.8182799878394619, "wmean": 0.825227640514316}, "spearman": {"mean": 0.8228358907518591, "wmean": 0.8290760999252519}}}, "STS16": {"answer-answer": {"pearson": [0.7760200980821919, 2.3258753122384402e-52], "spearman": [0.7705842227048555, 3.2662598734868236e-51], "nsamples": 254}, "headlines": {"pearson": [0.8272317959018991, 8.810904288007792e-64], "spearman": [0.8322659707995425, 3.190926220219522e-65], "nsamples": 249}, "plagiarism": {"pearson": [0.8619928816716182, 3.255409334040055e-69], "spearman": [0.8679374199268278, 3.073203086178195e-71], "nsamples": 230}, "postediting": {"pearson": [0.8797880855117365, 4.031927591885182e-80], "spearman": [0.8857270702869605, 1.2760925197127085e-82], "nsamples": 244}, "question-question": {"pearson": [0.7526070752968153, 2.005490293828724e-39], "spearman": [0.7530719375922047, 1.695649800182442e-39], "nsamples": 209}, "all": {"pearson": {"mean": 0.8195279872928521, "wmean": 0.820667248295801}, "spearman": {"mean": 0.8219173242620782, "wmean": 0.8230165817757832}}}}