{"MR": {"devacc": 82.42, "acc": 81.74, "ndev": 10662, "ntest": 10662}, "CR": {"devacc": 91.38, "acc": 91.02, "ndev": 3775, "ntest": 3775}, "SUBJ": {"devacc": 92.37, "acc": 91.79, "ndev": 10000, "ntest": 10000}, "MPQA": {"devacc": 89.59, "acc": 89.62, "ndev": 10606, "ntest": 10606}, "SST5": {"devacc": 46.23, "acc": 46.2, "ndev": 1101, "ntest": 2210}, "TREC": {"devacc": 76.91, "acc": 77.6, "ndev": 5452, "ntest": 500}, "MRPC": {"devacc": 74.39, "acc": 73.74, "f1": 80.76, "ndev": 4076, "ntest": 1725}, "STS12": {"MSRpar": {"pearson": [0.68804873559833, 2.864248186539139e-106], "spearman": [0.6668380265682553, 1.2628865955926313e-97], "nsamples": 750}, "MSRvid": {"pearson": [0.9332599290608152, 0.0], "spearman": [0.9267906285474573, 2.3646e-320], "nsamples": 750}, "SMTeuroparl": {"pearson": [0.5993705608975947, 4.183015840435005e-46], "spearman": [0.6385172295796256, 6.16994487903924e-54], "nsamples": 459}, "surprise.OnWN": {"pearson": [0.7437505011012366, 5.598437005823337e-133], "spearman": [0.6986381752695338, 7.189792704609302e-111], "nsamples": 750}, "surprise.SMTnews": {"pearson": [0.6683075185648222, 5.804782408113376e-53], "spearman": [0.5961133177573273, 9.454873334368378e-40], "nsamples": 399}, "all": {"pearson": {"mean": 0.7265474490445597, "wmean": 0.7450322270526533}, "spearman": {"mean": 0.7053794755444399, "wmean": 0.7239796476676823}}}, "STS13": {"FNWN": {"pearson": [0.6281716773791051, 3.8449609820202504e-22], "spearman": [0.6390030834636209, 4.430491774632074e-23], "nsamples": 189}, "headlines": {"pearson": [0.8442626589244193, 8.142190603793403e-205], "spearman": [0.848075979896832, 1.6507722969961754e-208], "nsamples": 750}, "OnWN": {"pearson": [0.8379270243968181, 3.96615670785966e-149], "spearman": [0.8327803231224905, 1.1359293415290543e-145], "nsamples": 561}, "all": {"pearson": {"mean": 0.7701204535667808, "wmean": 0.8146656679363868}, "spearman": {"mean": 0.7732864621609812, "wmean": 0.8160122193126437}}}, "STS14": {"deft-forum": {"pearson": [0.6727517977238805, 1.34341381767997e-60], "spearman": [0.6645653640604303, 1.1478129257028642e-58], "nsamples": 450}, "deft-news": {"pearson": [0.8361454209321424, 1.042432246418276e-79], "spearman": [0.8202282368032898, 2.897897532943877e-74], "nsamples": 300}, "headlines": {"pearson": [0.8254924137784979, 5.527711446159947e-188], "spearman": [0.8066470943823142, 5.2922133893480786e-173], "nsamples": 750}, "images": {"pearson": [0.9196021544722366, 9.628257636484236e-306], "spearman": [0.8826661629724406, 1.7717741318623605e-247], "nsamples": 750}, "OnWN": {"pearson": [0.8658360359911028, 3.712916859011956e-227], "spearman": [0.8550377250742891, 1.6067251689220921e-215], "nsamples": 750}, "tweet-news": {"pearson": [0.7788263057622798, 1.1305569015760136e-153], "spearman": [0.7308891817533556, 3.216964741691436e-126], "nsamples": 750}, "all": {"pearson": {"mean": 0.81644235477669, "wmean": 0.8255732314022605}, "spearman": {"mean": 0.79333896084102, "wmean": 0.8004141354679948}}}, "STS15": {"answers-forums": {"pearson": [0.7624916459268133, 1.5832174726898946e-72], "spearman": [0.7645170963517482, 3.960386337281234e-73], "nsamples": 375}, "answers-students": {"pearson": [0.7423600105304762, 3.1498931782148494e-132], "spearman": [0.7453164347670858, 7.894566980858681e-134], "nsamples": 750}, "belief": {"pearson": [0.8405328788018128, 2.5171434212461684e-101], "spearman": [0.8469331999274982, 2.295851667763011e-104], "nsamples": 375}, "headlines": {"pearson": [0.8603449275895518, 4.06573534239545e-221], "spearman": [0.863213783774236, 3.0662470002096628e-224], "nsamples": 750}, "images": {"pearson": [0.9429076483174558, 0.0], "spearman": [0.944193965589601, 0.0], "nsamples": 750}, "all": {"pearson": {"mean": 0.829727422233222, "wmean": 0.8367812122004492}, "spearman": {"mean": 0.8328348960820339, "wmean": 0.8396123330676364}}}, "STS16": {"answer-answer": {"pearson": [0.7760296159925826, 2.314989539351727e-52], "spearman": [0.7690333709819256, 6.849096414689535e-51], "nsamples": 254}, "headlines": {"pearson": [0.8409006016967295, 8.260363718651355e-68], "spearman": [0.8447055807141093, 5.339353057160062e-69], "nsamples": 249}, "plagiarism": {"pearson": [0.8653925754337787, 2.3244914766294038e-70], "spearman": [0.8750942464892257, 8.220497788721387e-74], "nsamples": 230}, "postediting": {"pearson": [0.8854650094762143, 1.6560729981051568e-82], "spearman": [0.8906525075846345, 8.419736605124201e-85], "nsamples": 244}, "question-question": {"pearson": [0.7491192711452335, 6.981449068868928e-39], "spearman": [0.7534094838779668, 1.500761168448016e-39], "nsamples": 209}, "all": {"pearson": {"mean": 0.8233814147489078, "wmean": 0.8247516480741323}, "spearman": {"mean": 0.8265790379295724, "wmean": 0.8277568604560626}}}}