{"MR": {"devacc": 82.87, "acc": 82.3, "ndev": 10662, "ntest": 10662}, "CR": {"devacc": 90.63, "acc": 90.76, "ndev": 3775, "ntest": 3775}, "SUBJ": {"devacc": 93.0, "acc": 92.49, "ndev": 10000, "ntest": 10000}, "MPQA": {"devacc": 90.01, "acc": 89.39, "ndev": 10606, "ntest": 10606}, "SST5": {"devacc": 46.68, "acc": 50.18, "ndev": 1101, "ntest": 2210}, "TREC": {"devacc": 81.58, "acc": 84.6, "ndev": 5452, "ntest": 500}, "MRPC": {"devacc": 74.88, "acc": 72.46, "f1": 78.63, "ndev": 4076, "ntest": 1725}, "STS12": {"MSRpar": {"pearson": [0.6753700841406309, 5.144593427252577e-101], "spearman": [0.6712001608442246, 2.4118650016543455e-99], "nsamples": 750}, "MSRvid": {"pearson": [0.9355732096984613, 0.0], "spearman": [0.9302407311009266, 0.0], "nsamples": 750}, "SMTeuroparl": {"pearson": [0.5931145118882905, 5.95271859826923e-45], "spearman": [0.6366942662640763, 1.514375936745358e-53], "nsamples": 459}, "surprise.OnWN": {"pearson": [0.7542444216476905, 8.411221534114936e-139], "spearman": [0.7034134937410464, 5.1924753211892295e-113], "nsamples": 750}, "surprise.SMTnews": {"pearson": [0.6781476317634371, 4.6593177088872004e-55], "spearman": [0.6217122314002811, 4.836100179751193e-44], "nsamples": 399}, "all": {"pearson": {"mean": 0.727289971827702, "wmean": 0.745402590941256}, "spearman": {"mean": 0.712652176670111, "wmean": 0.7300343107492185}}}, "STS13": {"FNWN": {"pearson": [0.6656210868371741, 1.4896358134226332e-25], "spearman": [0.6792381222127921, 6.410016587365589e-27], "nsamples": 189}, "headlines": {"pearson": [0.853996708103161, 1.8947594805297347e-214], "spearman": [0.8563843191003572, 6.415828308234288e-217], "nsamples": 750}, "OnWN": {"pearson": [0.8519338226848325, 3.475947093047705e-159], "spearman": [0.8416771614641123, 1.005026311883384e-151], "nsamples": 561}, "all": {"pearson": {"mean": 0.7905172058750559, "wmean": 0.8294898606771919}, "spearman": {"mean": 0.7924332009257539, "wmean": 0.8285634213365684}}}, "STS14": {"deft-forum": {"pearson": [0.6654303656543842, 7.222076640040468e-59], "spearman": [0.651142693464762, 1.2529839232305523e-55], "nsamples": 450}, "deft-news": {"pearson": [0.8369919470327754, 5.1553750634995845e-80], "spearman": [0.8176659764539259, 1.9411728930812782e-73], "nsamples": 300}, "headlines": {"pearson": [0.8292218383972288, 3.6578753215326685e-191], "spearman": [0.8098546388732301, 1.9630913638978887e-175], "nsamples": 750}, "images": {"pearson": [0.9250964570233536, 8.864933e-317], "spearman": [0.8900884939234762, 1.860888570908918e-257], "nsamples": 750}, "OnWN": {"pearson": [0.8811623992833294, 1.5410016388563163e-245], "spearman": [0.8696266915136079, 1.7467313143459587e-231], "nsamples": 750}, "tweet-news": {"pearson": [0.7850255114749929, 9.93861951600473e-158], "spearman": [0.7357657415116237, 9.799948827504687e-129], "nsamples": 750}, "all": {"pearson": {"mean": 0.8204880864776775, "wmean": 0.8309122408769289}, "spearman": {"mean": 0.7956907059567709, "wmean": 0.804617514496473}}}, "STS15": {"answers-forums": {"pearson": [0.7836208420861995, 4.041700794407188e-79], "spearman": [0.7885171658307365, 9.37686087982424e-81], "nsamples": 375}, "answers-students": {"pearson": [0.747303785296979, 6.435850624150253e-135], "spearman": [0.7496110426121892, 3.4021796061418662e-136], "nsamples": 750}, "belief": {"pearson": [0.8486722586679872, 3.24183803792962e-105], "spearman": [0.8611616698361028, 1.1831547707119523e-111], "nsamples": 375}, "headlines": {"pearson": [0.8654271843066811, 1.067946036527797e-226], "spearman": [0.8680013099312935, 1.3008787143821564e-229], "nsamples": 750}, "images": {"pearson": [0.9425408117487526, 0.0], "spearman": [0.9429731037184167, 0.0], "nsamples": 750}, "all": {"pearson": {"mean": 0.8375129764213198, "wmean": 0.8428545829323766}, "spearman": {"mean": 0.8420528583857477, "wmean": 0.8463562185238297}}}, "STS16": {"answer-answer": {"pearson": [0.7936867761480177, 2.527223696412793e-56], "spearman": [0.7951588869674563, 1.1347201518494416e-56], "nsamples": 254}, "headlines": {"pearson": [0.8333993506444644, 1.488863511333444e-65], "spearman": [0.8345502863753926, 6.825025047579466e-66], "nsamples": 249}, "plagiarism": {"pearson": [0.863589634140791, 9.507819928887827e-70], "spearman": [0.8731950206169994, 4.100146610446577e-73], "nsamples": 230}, "postediting": {"pearson": [0.8884295712653937, 8.3584186254666e-84], "spearman": [0.8920198510433452, 2.0015955107334325e-85], "nsamples": 244}, "question-question": {"pearson": [0.7678867803521469, 6.579173567368058e-42], "spearman": [0.7716301662048131, 1.514753318424471e-42], "nsamples": 209}, "all": {"pearson": {"mean": 0.8293984225101628, "wmean": 0.8305258413042199}, "spearman": {"mean": 0.8333108422416015, "wmean": 0.8343438294523597}}}}