{"MR": {"devacc": 80.81, "acc": 79.83, "ndev": 10662, "ntest": 10662}, "CR": {"devacc": 90.06, "acc": 89.54, "ndev": 3775, "ntest": 3775}, "SUBJ": {"devacc": 89.98, "acc": 89.7, "ndev": 10000, "ntest": 10000}, "MPQA": {"devacc": 88.0, "acc": 88.24, "ndev": 10606, "ntest": 10606}, "SST5": {"devacc": 42.69, "acc": 44.57, "ndev": 1101, "ntest": 2210}, "TREC": {"devacc": 70.71, "acc": 78.0, "ndev": 5452, "ntest": 500}, "MRPC": {"devacc": 74.46, "acc": 71.3, "f1": 77.99, "ndev": 4076, "ntest": 1725}, "STS12": {"MSRpar": {"pearson": [0.6581224623865152, 2.818281390997509e-94], "spearman": [0.6430532579881597, 9.619962712281414e-89], "nsamples": 750}, "MSRvid": {"pearson": [0.9159515927157067, 7.739342793176571e-299], "spearman": [0.9111970587752984, 2.661875051711466e-290], "nsamples": 750}, "SMTeuroparl": {"pearson": [0.5869432376616879, 7.72448029970956e-44], "spearman": [0.6150715741275579, 4.096603954356176e-49], "nsamples": 459}, "surprise.OnWN": {"pearson": [0.7229870821782179, 2.9489715642629933e-122], "spearman": [0.6727092904918806, 6.036285813163256e-100], "nsamples": 750}, "surprise.SMTnews": {"pearson": [0.6609689773325271, 1.8836016212054875e-51], "spearman": [0.6082399067735114, 9.806436672360987e-42], "nsamples": 399}, "all": {"pearson": {"mean": 0.7089946704549309, "wmean": 0.7258460170536432}, "spearman": {"mean": 0.6900542176312816, "wmean": 0.7063144404017646}}}, "STS13": {"FNWN": {"pearson": [0.54219804792376, 7.769423576399558e-16], "spearman": [0.5564200295005552, 9.349433147136524e-17], "nsamples": 189}, "headlines": {"pearson": [0.8108190747967645, 3.572881978806925e-176], "spearman": [0.8196190983233201, 3.97117037674108e-183], "nsamples": 750}, "OnWN": {"pearson": [0.8129068932516923, 2.3643206755599754e-133], "spearman": [0.8126524705819642, 3.3247697470985304e-133], "nsamples": 561}, "all": {"pearson": {"mean": 0.721974671990739, "wmean": 0.7777536695129089}, "spearman": {"mean": 0.72956386613528, "wmean": 0.7838504968763848}}}, "STS14": {"deft-forum": {"pearson": [0.6516391049648768, 9.73495076710654e-56], "spearman": [0.6467127859423923, 1.1669954671560194e-54], "nsamples": 450}, "deft-news": {"pearson": [0.8237559716813903, 2.0094419653049673e-75], "spearman": [0.8163980482234734, 4.9204403037311744e-73], "nsamples": 300}, "headlines": {"pearson": [0.7976581915566079, 1.991515107107037e-166], "spearman": [0.7825343830589517, 4.3978480582051107e-156], "nsamples": 750}, "images": {"pearson": [0.9035795363052093, 1.4047485212637617e-277], "spearman": [0.8631189360684421, 3.8991821880272693e-224], "nsamples": 750}, "OnWN": {"pearson": [0.845344778193376, 7.463247329238533e-206], "spearman": [0.8390210816429888, 6.727669323458423e-200], "nsamples": 750}, "tweet-news": {"pearson": [0.7307509047477087, 3.784334660788181e-126], "spearman": [0.6905022740888944, 2.56348488831913e-107], "nsamples": 750}, "all": {"pearson": {"mean": 0.7921214145748614, "wmean": 0.7995638524908769}, "spearman": {"mean": 0.7730479181708572, "wmean": 0.7779527131428203}}}, "STS15": {"answers-forums": {"pearson": [0.7237792206751272, 4.500665513969007e-62], "spearman": [0.724826491185978, 2.4784208535556738e-62], "nsamples": 375}, "answers-students": {"pearson": [0.7038025602394802, 3.4595313976838545e-113], "spearman": [0.7043671788673483, 1.9167782136297809e-113], "nsamples": 750}, "belief": {"pearson": [0.820137389494942, 1.8082165217056127e-92], "spearman": [0.8240835283344711, 4.303102976943443e-94], "nsamples": 375}, "headlines": {"pearson": [0.8399417889026829, 9.484997344348484e-201], "spearman": [0.8441249096034638, 1.102254123591592e-204], "nsamples": 750}, "images": {"pearson": [0.9252154483177172, 5.0052387e-317], "spearman": [0.9305938228890408, 0.0], "nsamples": 750}, "all": {"pearson": {"mean": 0.8025752815259899, "wmean": 0.8102295256362285}, "spearman": {"mean": 0.8055991861760603, "wmean": 0.8133852302800193}}}, "STS16": {"answer-answer": {"pearson": [0.766561475660751, 2.2030886430618555e-50], "spearman": [0.7667657010856075, 2.0014715766806143e-50], "nsamples": 254}, "headlines": {"pearson": [0.8073462530684735, 1.6285084594816897e-58], "spearman": [0.8134802534229002, 4.516140730852532e-60], "nsamples": 249}, "plagiarism": {"pearson": [0.8262855028027083, 9.217922825570732e-59], "spearman": [0.8390987505571046, 3.240726969298115e-62], "nsamples": 230}, "postediting": {"pearson": [0.8636993348283669, 5.785621366944106e-74], "spearman": [0.8693407290563925, 4.9784359662282475e-76], "nsamples": 244}, "question-question": {"pearson": [0.7128517127840225, 9.827274503872808e-34], "spearman": [0.7179017095224239, 2.109623927550665e-34], "nsamples": 209}, "all": {"pearson": {"mean": 0.7953488558288645, "wmean": 0.7972260903427367}, "spearman": {"mean": 0.8013174287288857, "wmean": 0.8030930682850986}}}}