{"MR": {"devacc": 82.78, "acc": 81.05, "ndev": 10662, "ntest": 10662}, "CR": {"devacc": 91.25, "acc": 90.68, "ndev": 3775, "ntest": 3775}, "SUBJ": {"devacc": 92.94, "acc": 92.85, "ndev": 10000, "ntest": 10000}, "MPQA": {"devacc": 90.23, "acc": 90.23, "ndev": 10606, "ntest": 10606}, "SST5": {"devacc": 46.87, "acc": 48.05, "ndev": 1101, "ntest": 2210}, "TREC": {"devacc": 80.06, "acc": 87.8, "ndev": 5452, "ntest": 500}, "MRPC": {"devacc": 74.56, "acc": 72.23, "f1": 78.1, "ndev": 4076, "ntest": 1725}, "STS12": {"MSRpar": {"pearson": [0.6855306261173097, 3.32642766487473e-105], "spearman": [0.6813255757132858, 1.8899944881185787e-103], "nsamples": 750}, "MSRvid": {"pearson": [0.9361269716127156, 0.0], "spearman": [0.929456591334255, 0.0], "nsamples": 750}, "SMTeuroparl": {"pearson": [0.5986405779754976, 5.7195482463738534e-46], "spearman": [0.6383369673659771, 6.744639741307331e-54], "nsamples": 459}, "surprise.OnWN": {"pearson": [0.7550792258692399, 2.8117369125031956e-139], "spearman": [0.7067759153397418, 1.5193659761602635e-114], "nsamples": 750}, "surprise.SMTnews": {"pearson": [0.6858319897447172, 9.421552951290314e-57], "spearman": [0.6326844178472854, 5.258671520208314e-46], "nsamples": 399}, "all": {"pearson": {"mean": 0.7322418782638961, "wmean": 0.7499921515116937}, "spearman": {"mean": 0.717715893520109, "wmean": 0.7347510658084017}}}, "STS13": {"FNWN": {"pearson": [0.6651891186098384, 1.64152272297868e-25], "spearman": [0.6811597034623946, 4.056088665739296e-27], "nsamples": 189}, "headlines": {"pearson": [0.8493910239655014, 8.326913486414829e-210], "spearman": [0.8521581152492966, 1.4124116436015498e-212], "nsamples": 750}, "OnWN": {"pearson": [0.8586293264422565, 2.2844108194391495e-164], "spearman": [0.8487048354554184, 8.903728266017591e-157], "nsamples": 561}, "all": {"pearson": {"mean": 0.7910698230058655, "wmean": 0.8296367090169943}, "spearman": {"mean": 0.7940075513890364, "wmean": 0.8293207887212366}}}, "STS14": {"deft-forum": {"pearson": [0.6702645503821208, 5.26792711473692e-60], "spearman": [0.6575302319285963, 4.6949746089582354e-57], "nsamples": 450}, "deft-news": {"pearson": [0.8386162287400935, 1.3200399512096066e-80], "spearman": [0.8192513639164449, 6.0053314859462724e-74], "nsamples": 300}, "headlines": {"pearson": [0.8286764751887263, 1.078812715060881e-190], "spearman": [0.8088392847913599, 1.1677861739135258e-174], "nsamples": 750}, "images": {"pearson": [0.9225482476941487, 1.4707235998723e-311], "spearman": [0.8884931578114823, 2.978300536608933e-255], "nsamples": 750}, "OnWN": {"pearson": [0.8813254173151628, 9.524308830115837e-246], "spearman": [0.8670761467126449, 1.4746479084566662e-228], "nsamples": 750}, "tweet-news": {"pearson": [0.78974889485299, 6.536907641601192e-161], "spearman": [0.7447516010028283, 1.6029110279735077e-133], "nsamples": 750}, "all": {"pearson": {"mean": 0.821863302362207, "wmean": 0.8319808513552676}, "spearman": {"mean": 0.7976569643605593, "wmean": 0.8062757750084102}}}, "STS15": {"answers-forums": {"pearson": [0.7789442339590478, 1.3440353231533764e-77], "spearman": [0.782712349942955, 8.03815051924325e-79], "nsamples": 375}, "answers-students": {"pearson": [0.7519013541769154, 1.7797989741476518e-137], "spearman": [0.7538771276459398, 1.3602882182197618e-138], "nsamples": 750}, "belief": {"pearson": [0.852869453469878, 2.5948929268879072e-107], "spearman": [0.861715649179399, 5.929808962859945e-112], "nsamples": 375}, "headlines": {"pearson": [0.864573363057224, 9.591837807802603e-226], "spearman": [0.8666632245743999, 4.332673616254281e-228], "nsamples": 750}, "images": {"pearson": [0.9431619495679174, 0.0], "spearman": [0.9429231799015714, 0.0], "nsamples": 750}, "all": {"pearson": {"mean": 0.8382900708461964, "wmean": 0.8438858776291299}, "spearman": {"mean": 0.8415783062488529, "wmean": 0.846419382920772}}}, "STS16": {"answer-answer": {"pearson": [0.7916449895587869, 7.591197226910161e-56], "spearman": [0.7881312889717629, 4.896866511691784e-55], "nsamples": 254}, "headlines": {"pearson": [0.8376712623949012, 7.984533795097986e-67], "spearman": [0.839032769041837, 3.08688127944715e-67], "nsamples": 249}, "plagiarism": {"pearson": [0.8719513130249958, 1.1581218814068975e-72], "spearman": [0.8788546235393261, 3.153749382420082e-75], "nsamples": 230}, "postediting": {"pearson": [0.8919065455519499, 2.2562966247097884e-85], "spearman": [0.8950930224934375, 7.377322650707328e-87], "nsamples": 244}, "question-question": {"pearson": [0.7452135427303345, 2.754735872311783e-38], "spearman": [0.7551725660013368, 7.905913933604798e-40], "nsamples": 209}, "all": {"pearson": {"mean": 0.8276775306521935, "wmean": 0.8293268138493481}, "spearman": {"mean": 0.83125685400954, "wmean": 0.8326094722487085}}}}