{"MR": {"devacc": 82.49, "acc": 82.43, "ndev": 10662, "ntest": 10662}, "CR": {"devacc": 90.7, "acc": 89.43, "ndev": 3775, "ntest": 3775}, "SUBJ": {"devacc": 92.28, "acc": 91.72, "ndev": 10000, "ntest": 10000}, "MPQA": {"devacc": 89.65, "acc": 89.16, "ndev": 10606, "ntest": 10606}, "SST5": {"devacc": 43.6, "acc": 44.57, "ndev": 1101, "ntest": 2210}, "TREC": {"devacc": 78.01, "acc": 84.0, "ndev": 5452, "ntest": 500}, "MRPC": {"devacc": 74.71, "acc": 73.68, "f1": 80.26, "ndev": 4076, "ntest": 1725}, "STS12": {"MSRpar": {"pearson": [0.6734578675196505, 3.0271746126694615e-100], "spearman": [0.6614447000187585, 1.537478651707327e-95], "nsamples": 750}, "MSRvid": {"pearson": [0.933613828198854, 0.0], "spearman": [0.9280449364333954, 5e-323], "nsamples": 750}, "SMTeuroparl": {"pearson": [0.5979196639173419, 7.78402235986238e-46], "spearman": [0.6277456701240004, 1.1400628140792488e-51], "nsamples": 459}, "surprise.OnWN": {"pearson": [0.7526924094777535, 6.375636240450551e-138], "spearman": [0.7054121248067312, 6.402574562961806e-114], "nsamples": 750}, "surprise.SMTnews": {"pearson": [0.6597490741425959, 3.3272013438779905e-51], "spearman": [0.6179184158635155, 2.2154967562317683e-43], "nsamples": 399}, "all": {"pearson": {"mean": 0.7234865686512391, "wmean": 0.7424414688604083}, "spearman": {"mean": 0.7081131694492802, "wmean": 0.725824012696468}}}, "STS13": {"FNWN": {"pearson": [0.6522733908423856, 2.7820403707801803e-24], "spearman": [0.6731712258985675, 2.658003148421231e-26], "nsamples": 189}, "headlines": {"pearson": [0.841405266120344, 4.106444527230991e-202], "spearman": [0.8434655923954569, 4.678602177401632e-204], "nsamples": 750}, "OnWN": {"pearson": [0.8362002260281001, 5.9103653239011644e-148], "spearman": [0.8276794496684305, 2.328587051802561e-142], "nsamples": 561}, "all": {"pearson": {"mean": 0.7766262943302765, "wmean": 0.815627964840822}, "spearman": {"mean": 0.781438755987485, "wmean": 0.816104484836941}}}, "STS14": {"deft-forum": {"pearson": [0.6507008652506402, 1.5679489216064838e-55], "spearman": [0.6382137309144993, 7.620283255102759e-53], "nsamples": 450}, "deft-news": {"pearson": [0.8330985999904055, 1.2716288029702285e-78], "spearman": [0.8121840937646189, 1.0288149750277477e-71], "nsamples": 300}, "headlines": {"pearson": [0.8164984105004521, 1.2817242925925714e-180], "spearman": [0.7983379418312491, 6.51098086732778e-167], "nsamples": 750}, "images": {"pearson": [0.9199132196014903, 2.3991771401198473e-306], "spearman": [0.8831052894407359, 4.753872980166357e-248], "nsamples": 750}, "OnWN": {"pearson": [0.8641155223385114, 3.093395523260016e-225], "spearman": [0.8557224736947721, 3.1367583450225163e-216], "nsamples": 750}, "tweet-news": {"pearson": [0.776230817837419, 5.158823924277619e-152], "spearman": [0.72803256734244, 9.034868148013666e-125], "nsamples": 750}, "all": {"pearson": {"mean": 0.8100929059198196, "wmean": 0.8200835858848838}, "spearman": {"mean": 0.7859326828313858, "wmean": 0.7946000296727489}}}, "STS15": {"answers-forums": {"pearson": [0.7617041256629895, 2.7033671943598097e-72], "spearman": [0.7615820810076847, 2.9365311721352645e-72], "nsamples": 375}, "answers-students": {"pearson": [0.747462178411391, 5.264958875727257e-135], "spearman": [0.7503123421566439, 1.3831763095561968e-136], "nsamples": 750}, "belief": {"pearson": [0.8484649391033642, 4.099223521884047e-105], "spearman": [0.8568856633675348, 2.217136403608041e-109], "nsamples": 375}, "headlines": {"pearson": [0.8595701603064905, 2.7572405762994947e-220], "spearman": [0.8629394974586682, 6.140528881664748e-224], "nsamples": 750}, "images": {"pearson": [0.9364103466412237, 0.0], "spearman": [0.9390527585953017, 0.0], "nsamples": 750}, "all": {"pearson": {"mean": 0.8307223500250916, "wmean": 0.8371318044355706}, "spearman": {"mean": 0.8341544685171666, "wmean": 0.8403846175995558}}}, "STS16": {"answer-answer": {"pearson": [0.7998059702939174, 8.672503553629407e-58], "spearman": [0.7995557816305119, 9.977355018232347e-58], "nsamples": 254}, "headlines": {"pearson": [0.8257653370134268, 2.2701565560327948e-63], "spearman": [0.8255261905878416, 2.646800644690635e-63], "nsamples": 249}, "plagiarism": {"pearson": [0.8542323049669602, 1.043092431925361e-66], "spearman": [0.8644170127796721, 4.993876208032686e-70], "nsamples": 230}, "postediting": {"pearson": [0.8902611114144585, 1.2658053153705848e-84], "spearman": [0.8945829669434238, 1.284915390881705e-86], "nsamples": 244}, "question-question": {"pearson": [0.7505307958296221, 4.2246286892825313e-39], "spearman": [0.7544067537323607, 1.045081115829281e-39], "nsamples": 209}, "all": {"pearson": {"mean": 0.824119103903677, "wmean": 0.8257372369535565}, "spearman": {"mean": 0.8276977411347619, "wmean": 0.8291807406358398}}}}