{"MR": {"devacc": 82.31, "acc": 81.33, "ndev": 10662, "ntest": 10662}, "CR": {"devacc": 90.98, "acc": 89.83, "ndev": 3775, "ntest": 3775}, "SUBJ": {"devacc": 93.13, "acc": 92.68, "ndev": 10000, "ntest": 10000}, "MPQA": {"devacc": 90.01, "acc": 88.88, "ndev": 10606, "ntest": 10606}, "SST5": {"devacc": 47.14, "acc": 48.14, "ndev": 1101, "ntest": 2210}, "TREC": {"devacc": 74.85, "acc": 83.2, "ndev": 5452, "ntest": 500}, "MRPC": {"devacc": 74.07, "acc": 69.86, "f1": 75.33, "ndev": 4076, "ntest": 1725}, "STS12": {"MSRpar": {"pearson": [0.6968665911212847, 4.3688305258388333e-110], "spearman": [0.6825932672802016, 5.631915566488973e-104], "nsamples": 750}, "MSRvid": {"pearson": [0.9331683999090936, 0.0], "spearman": [0.9274354430965174, 9.8e-322], "nsamples": 750}, "SMTeuroparl": {"pearson": [0.595926737438988, 1.817378164889695e-45], "spearman": [0.6335573776659634, 7.000587308685058e-53], "nsamples": 459}, "surprise.OnWN": {"pearson": [0.7381240524905154, 5.678045338834259e-130], "spearman": [0.6936683240103451, 1.0981253041726317e-108], "nsamples": 750}, "surprise.SMTnews": {"pearson": [0.6836327990681438, 2.912891514797425e-56], "spearman": [0.5927537018196215, 3.2400765585411895e-39], "nsamples": 399}, "all": {"pearson": {"mean": 0.7295437160056052, "wmean": 0.7472391061625981}, "spearman": {"mean": 0.7060016227745298, "wmean": 0.7255741117004518}}}, "STS13": {"FNWN": {"pearson": [0.6198503286865924, 1.910742211832133e-21], "spearman": [0.6413622513874447, 2.7356306234833536e-23], "nsamples": 189}, "headlines": {"pearson": [0.8405950503749743, 2.344642833658794e-201], "spearman": [0.8430393386690033, 1.1870522397345845e-203], "nsamples": 750}, "OnWN": {"pearson": [0.8455333000394438, 1.82395392471918e-154], "spearman": [0.8358139162178811, 1.0769980911068869e-147], "nsamples": 561}, "all": {"pearson": {"mean": 0.7686595597003368, "wmean": 0.8146281208167497}, "spearman": {"mean": 0.7734051687581097, "wmean": 0.8149257176748073}}}, "STS14": {"deft-forum": {"pearson": [0.6558034495624296, 1.1498514820379698e-56], "spearman": [0.643720068239274, 5.160752429547028e-54], "nsamples": 450}, "deft-news": {"pearson": [0.8298849589334152, 1.6850258047450916e-77], "spearman": [0.8153807987990809, 1.0323489631682914e-72], "nsamples": 300}, "headlines": {"pearson": [0.8286303287232464, 1.1819941509614482e-190], "spearman": [0.8099467255143905, 1.6690682290147448e-175], "nsamples": 750}, "images": {"pearson": [0.9224873491902134, 1.9501869938745e-311], "spearman": [0.8845480738655196, 6.074417873027492e-250], "nsamples": 750}, "OnWN": {"pearson": [0.8753786959448282, 2.5660584858604527e-238], "spearman": [0.8627901974303015, 8.95565739732027e-224], "nsamples": 750}, "tweet-news": {"pearson": [0.7868730933355416, 5.785602338527043e-159], "spearman": [0.7409418258218919, 1.8133802121925577e-131], "nsamples": 750}, "all": {"pearson": {"mean": 0.8165096459482791, "wmean": 0.8277611041009307}, "spearman": {"mean": 0.7928879482784098, "wmean": 0.80212223661906}}}, "STS15": {"answers-forums": {"pearson": [0.7695032019282118, 1.2304687273416262e-74], "spearman": [0.7693864690827745, 1.335985264414133e-74], "nsamples": 375}, "answers-students": {"pearson": [0.7417843007314646, 6.419454644462999e-132], "spearman": [0.7450128067176615, 1.1555017260889836e-133], "nsamples": 750}, "belief": {"pearson": [0.8400451256501194, 4.2369218675544574e-101], "spearman": [0.8443212874106099, 4.1504507218304567e-103], "nsamples": 375}, "headlines": {"pearson": [0.8646731633568993, 7.426841916154884e-226], "spearman": [0.8667883273784585, 3.126882201044331e-228], "nsamples": 750}, "images": {"pearson": [0.9414633457831186, 0.0], "spearman": [0.9422194902086504, 0.0], "nsamples": 750}, "all": {"pearson": {"mean": 0.8314938274899626, "wmean": 0.838173743415162}, "spearman": {"mean": 0.8335456761596308, "wmean": 0.8402186256378656}}}, "STS16": {"answer-answer": {"pearson": [0.788879952069562, 3.301499546055112e-55], "spearman": [0.7856711836653583, 1.7686967079884857e-54], "nsamples": 254}, "headlines": {"pearson": [0.8329444421242223, 2.023172967662039e-65], "spearman": [0.8372606637158156, 1.0616227381094246e-66], "nsamples": 249}, "plagiarism": {"pearson": [0.8624109573992935, 2.362119268565713e-69], "spearman": [0.8701482576584912, 5.119351352360041e-72], "nsamples": 230}, "postediting": {"pearson": [0.8902362679447272, 1.2989231733938965e-84], "spearman": [0.8932332176989997, 5.503535477304963e-86], "nsamples": 244}, "question-question": {"pearson": [0.7518601535444526, 2.6241571140153942e-39], "spearman": [0.7588938513188523, 2.007204872721114e-40], "nsamples": 209}, "all": {"pearson": {"mean": 0.8252663546164515, "wmean": 0.8267197433269322}, "spearman": {"mean": 0.8290414348115036, "wmean": 0.8302952826491469}}}}