{"MR": {"devacc": 82.84, "acc": 83.14, "ndev": 10662, "ntest": 10662}, "CR": {"devacc": 91.38, "acc": 90.33, "ndev": 3775, "ntest": 3775}, "SUBJ": {"devacc": 93.21, "acc": 93.09, "ndev": 10000, "ntest": 10000}, "MPQA": {"devacc": 90.24, "acc": 89.83, "ndev": 10606, "ntest": 10606}, "SST5": {"devacc": 44.78, "acc": 47.56, "ndev": 1101, "ntest": 2210}, "TREC": {"devacc": 81.33, "acc": 86.2, "ndev": 5452, "ntest": 500}, "MRPC": {"devacc": 75.56, "acc": 75.65, "f1": 83.04, "ndev": 4076, "ntest": 1725}, "STS12": {"MSRpar": {"pearson": [0.6912688189140929, 1.2000510343610733e-107], "spearman": [0.6819390280898826, 1.0528112987124778e-103], "nsamples": 750}, "MSRvid": {"pearson": [0.9356795862737345, 0.0], "spearman": [0.9301591912233909, 0.0], "nsamples": 750}, "SMTeuroparl": {"pearson": [0.5947205021438604, 3.027465848570388e-45], "spearman": [0.6317737097343117, 1.658801464764502e-52], "nsamples": 459}, "surprise.OnWN": {"pearson": [0.75481077831049, 4.0014164338803974e-139], "spearman": [0.7065057482871242, 2.0216229560663626e-114], "nsamples": 750}, "surprise.SMTnews": {"pearson": [0.68706517318212, 4.98124174730384e-57], "spearman": [0.6372225785514359, 7.680249080244419e-47], "nsamples": 399}, "all": {"pearson": {"mean": 0.7327089717648596, "wmean": 0.7507834949187373}, "spearman": {"mean": 0.7175200511772291, "wmean": 0.7346167687613803}}}, "STS13": {"FNWN": {"pearson": [0.6702311625715116, 5.231781734354372e-26], "spearman": [0.6843359918729581, 1.8889827556892578e-27], "nsamples": 189}, "headlines": {"pearson": [0.8489367564539172, 2.3441580304132887e-209], "spearman": [0.8516525230825337, 4.575028687031972e-212], "nsamples": 750}, "OnWN": {"pearson": [0.8493907592444361, 2.7712682958351424e-157], "spearman": [0.8433602495234109, 6.529398731315812e-153], "nsamples": 561}, "all": {"pearson": {"mean": 0.7895195594232883, "wmean": 0.8265896486683881}, "spearman": {"mean": 0.7931162548263009, "wmean": 0.8274693298390152}}}, "STS14": {"deft-forum": {"pearson": [0.6802378212373381, 2.0258298970008642e-62], "spearman": [0.669485661966243, 8.059141943259165e-60], "nsamples": 450}, "deft-news": {"pearson": [0.8359711043565149, 1.2044780648239155e-79], "spearman": [0.8157591729371894, 7.840702085381848e-73], "nsamples": 300}, "headlines": {"pearson": [0.8294400975939289, 2.3701532018710185e-191], "spearman": [0.8074313241871737, 1.3601153069418754e-173], "nsamples": 750}, "images": {"pearson": [0.9243444242728648, 3.215087626e-315], "spearman": [0.8871042511708402, 2.3216402585683538e-253], "nsamples": 750}, "OnWN": {"pearson": [0.8828541381001378, 1.0095056807500466e-247], "spearman": [0.8685439712169196, 3.1046782796393414e-230], "nsamples": 750}, "tweet-news": {"pearson": [0.7927153731959437, 5.95278785880131e-163], "spearman": [0.7476234259902815, 4.290870053552176e-135], "nsamples": 750}, "all": {"pearson": {"mean": 0.8242604931261214, "wmean": 0.8343770335295767}, "spearman": {"mean": 0.7993246345781079, "wmean": 0.8077396077839675}}}, "STS15": {"answers-forums": {"pearson": [0.7876015396730389, 1.9098563979843994e-80], "spearman": [0.789803297596414, 3.4316198036938935e-81], "nsamples": 375}, "answers-students": {"pearson": [0.7394009990638656, 1.1989081926688085e-130], "spearman": [0.7402656020785808, 4.1611386160774724e-131], "nsamples": 750}, "belief": {"pearson": [0.851714831381065, 9.939341102712884e-107], "spearman": [0.8613973800146479, 8.821747244846426e-112], "nsamples": 375}, "headlines": {"pearson": [0.8674573076954195, 5.435325742262608e-229], "spearman": [0.8699900920121715, 6.610539355061322e-232], "nsamples": 750}, "images": {"pearson": [0.941700240222106, 0.0], "spearman": [0.943579807100185, 0.0], "nsamples": 750}, "all": {"pearson": {"mean": 0.8375749836070989, "wmean": 0.8420541831271107}, "spearman": {"mean": 0.8410072357603997, "wmean": 0.8448589599991171}}}, "STS16": {"answer-answer": {"pearson": [0.8030128126360647, 1.4131410994271488e-58], "spearman": [0.8001571489648165, 7.121258072910481e-58], "nsamples": 254}, "headlines": {"pearson": [0.8370330996242153, 1.2427707606324061e-66], "spearman": [0.8379743339033793, 6.467062694503521e-67], "nsamples": 249}, "plagiarism": {"pearson": [0.8662995543467001, 1.1355921522080291e-70], "spearman": [0.8740572120509487, 1.9832434084561814e-73], "nsamples": 230}, "postediting": {"pearson": [0.89255647942029, 1.1329571360848643e-85], "spearman": [0.8947453217977482, 1.077220022690567e-86], "nsamples": 244}, "question-question": {"pearson": [0.7469360485308849, 1.5084129375148785e-38], "spearman": [0.7486645005476781, 8.202051842108177e-39], "nsamples": 209}, "all": {"pearson": {"mean": 0.829167598911631, "wmean": 0.8309686415153767}, "spearman": {"mean": 0.8311197034529142, "wmean": 0.832814015922292}}}}