{"MR": {"devacc": 81.22, "acc": 80.1, "ndev": 10662, "ntest": 10662}, "CR": {"devacc": 90.49, "acc": 90.06, "ndev": 3775, "ntest": 3775}, "SUBJ": {"devacc": 91.76, "acc": 91.29, "ndev": 10000, "ntest": 10000}, "MPQA": {"devacc": 88.18, "acc": 88.74, "ndev": 10606, "ntest": 10606}, "SST5": {"devacc": 44.05, "acc": 44.57, "ndev": 1101, "ntest": 2210}, "TREC": {"devacc": 73.33, "acc": 82.6, "ndev": 5452, "ntest": 500}, "MRPC": {"devacc": 74.29, "acc": 73.97, "f1": 81.77, "ndev": 4076, "ntest": 1725}, "STS12": {"MSRpar": {"pearson": [0.644650431405218, 2.5793085959607565e-89], "spearman": [0.6415461237501225, 3.3074633698292924e-88], "nsamples": 750}, "MSRvid": {"pearson": [0.9248102924248981, 3.49156577e-316], "spearman": [0.922103504037313, 1.14862312320257e-310], "nsamples": 750}, "SMTeuroparl": {"pearson": [0.5697447546374867, 7.370272746814978e-41], "spearman": [0.6120774375831696, 1.5823128008818207e-48], "nsamples": 459}, "surprise.OnWN": {"pearson": [0.7476497712901028, 4.149753626069012e-135], "spearman": [0.7037660813612885, 3.593889954792151e-113], "nsamples": 750}, "surprise.SMTnews": {"pearson": [0.6598643201016087, 3.1534474311463256e-51], "spearman": [0.5960366280530377, 9.726041016380163e-40], "nsamples": 399}, "all": {"pearson": {"mean": 0.7093439139718629, "wmean": 0.7280024380435368}, "spearman": {"mean": 0.6951059549569862, "wmean": 0.7140681918614479}}}, "STS13": {"FNWN": {"pearson": [0.5756625178913272, 4.5141485388535465e-18], "spearman": [0.5860457190593007, 8.0869485048780365e-19], "nsamples": 189}, "headlines": {"pearson": [0.8320507697408963, 1.257890038623575e-193], "spearman": [0.8333529658299055, 8.914458232696849e-195], "nsamples": 750}, "OnWN": {"pearson": [0.8373555841420861, 9.730794330718607e-149], "spearman": [0.8252638725179187, 7.899019611306125e-141], "nsamples": 561}, "all": {"pearson": {"mean": 0.7483562905914365, "wmean": 0.8017298505938957}, "spearman": {"mean": 0.7482208524690416, "wmean": 0.7991669318381263}}}, "STS14": {"deft-forum": {"pearson": [0.6460836839032745, 1.597320603052027e-54], "spearman": [0.6368926121957024, 1.4420188728352943e-52], "nsamples": 450}, "deft-news": {"pearson": [0.8237537897929641, 2.012798446567287e-75], "spearman": [0.8109233500620189, 2.5170646670974523e-71], "nsamples": 300}, "headlines": {"pearson": [0.8135141079460178, 2.9014292782533715e-178], "spearman": [0.7968499814316152, 7.482794063551488e-166], "nsamples": 750}, "images": {"pearson": [0.9183244282660189, 2.735686875407976e-303], "spearman": [0.8802955157144224, 1.9674780984198068e-244], "nsamples": 750}, "OnWN": {"pearson": [0.8633100597693076, 2.402087492509169e-224], "spearman": [0.853590047006211, 4.942012262060235e-214], "nsamples": 750}, "tweet-news": {"pearson": [0.7638945391834076, 2.0128555188969575e-144], "spearman": [0.7141336455899984, 5.600132437313881e-118], "nsamples": 750}, "all": {"pearson": {"mean": 0.8048134348101651, "wmean": 0.8152389722847806}, "spearman": {"mean": 0.7821141919999949, "wmean": 0.7902748194168951}}}, "STS15": {"answers-forums": {"pearson": [0.7640980376061693, 5.28135435237767e-73], "spearman": [0.7655303715623808, 1.9696603806116397e-73], "nsamples": 375}, "answers-students": {"pearson": [0.7411534253000138, 1.3975961070384017e-131], "spearman": [0.7425451980565002, 2.504144229415265e-132], "nsamples": 750}, "belief": {"pearson": [0.8138936047117571, 5.574721278082627e-90], "spearman": [0.817047347141839, 3.169178165460513e-91], "nsamples": 375}, "headlines": {"pearson": [0.8528874192710907, 2.5721977904550677e-213], "spearman": [0.856278834455639, 8.266721103692345e-217], "nsamples": 750}, "images": {"pearson": [0.9282345760185235, 2e-323], "spearman": [0.9315463826754822, 0.0], "nsamples": 750}, "all": {"pearson": {"mean": 0.8200534125815109, "wmean": 0.8278178104371477}, "spearman": {"mean": 0.8225896267783682, "wmean": 0.8304148186349327}}}, "STS16": {"answer-answer": {"pearson": [0.7777915336339704, 9.675137005491536e-53], "spearman": [0.7771667535786179, 1.3195014061573553e-52], "nsamples": 254}, "headlines": {"pearson": [0.8224231557019184, 1.899405230282448e-62], "spearman": [0.8235459487265306, 9.351066764799047e-63], "nsamples": 249}, "plagiarism": {"pearson": [0.8505852207109346, 1.4001084356414233e-65], "spearman": [0.8599684962827281, 1.5160874234883429e-68], "nsamples": 230}, "postediting": {"pearson": [0.866468538854993, 5.759162349188749e-75], "spearman": [0.8707749196202292, 1.434440374827538e-76], "nsamples": 244}, "question-question": {"pearson": [0.7669028397992771, 9.634643735946044e-42], "spearman": [0.7637069546527143, 3.283512536017093e-41], "nsamples": 209}, "all": {"pearson": {"mean": 0.8168342577402186, "wmean": 0.8176037378372581}, "spearman": {"mean": 0.819032614572164, "wmean": 0.8198481321219694}}}}