{"MR": {"devacc": 81.29, "acc": 81.28, "ndev": 10662, "ntest": 10662}, "CR": {"devacc": 90.29, "acc": 89.91, "ndev": 3775, "ntest": 3775}, "SUBJ": {"devacc": 91.8, "acc": 91.67, "ndev": 10000, "ntest": 10000}, "MPQA": {"devacc": 89.43, "acc": 88.85, "ndev": 10606, "ntest": 10606}, "SST5": {"devacc": 45.23, "acc": 47.29, "ndev": 1101, "ntest": 2210}, "TREC": {"devacc": 74.58, "acc": 84.4, "ndev": 5452, "ntest": 500}, "MRPC": {"devacc": 74.93, "acc": 71.88, "f1": 78.24, "ndev": 4076, "ntest": 1725}, "STS12": {"MSRpar": {"pearson": [0.6879666777983355, 3.103747097086404e-106], "spearman": [0.6732235812797828, 3.7578666053233626e-100], "nsamples": 750}, "MSRvid": {"pearson": [0.9301037719240117, 0.0], "spearman": [0.9251479032149564, 6.924591e-317], "nsamples": 750}, "SMTeuroparl": {"pearson": [0.5510288968440217, 8.259866678197317e-38], "spearman": [0.5771707147888843, 4.00466351332807e-42], "nsamples": 459}, "surprise.OnWN": {"pearson": [0.7392382770237024, 1.4624297418057822e-130], "spearman": [0.6984475119416472, 8.736385691064777e-111], "nsamples": 750}, "surprise.SMTnews": {"pearson": [0.6729514923917778, 6.094569968025929e-54], "spearman": [0.598048868065531, 4.619751939479986e-40], "nsamples": 399}, "all": {"pearson": {"mean": 0.7162578231963699, "wmean": 0.7366188719997627}, "spearman": {"mean": 0.6944077158581603, "wmean": 0.7162667644058991}}}, "STS13": {"FNWN": {"pearson": [0.6048594394551579, 3.051567380575361e-20], "spearman": [0.6281160995500151, 3.8869800826666216e-22], "nsamples": 189}, "headlines": {"pearson": [0.8346370102647082, 6.408862110166477e-196], "spearman": [0.8365158708962142, 1.3061949834954826e-197], "nsamples": 750}, "OnWN": {"pearson": [0.8474977614413545, 6.847108675323849e-156], "spearman": [0.8423557856447373, 3.3506820891342766e-152], "nsamples": 561}, "all": {"pearson": {"mean": 0.7623314037204069, "wmean": 0.8104949572827705}, "spearman": {"mean": 0.7689959186969889, "wmean": 0.8124416278225408}}}, "STS14": {"deft-forum": {"pearson": [0.6589580039345446, 2.2286467156487625e-57], "spearman": [0.6476324963147654, 7.365339329562259e-55], "nsamples": 450}, "deft-news": {"pearson": [0.827348450705359, 1.2470961924174214e-76], "spearman": [0.8098069239056249, 5.527703883034677e-71], "nsamples": 300}, "headlines": {"pearson": [0.8115627447082676, 9.540226983801107e-177], "spearman": [0.7949322791820382, 1.6894548547326253e-164], "nsamples": 750}, "images": {"pearson": [0.9137648324184461, 7.51952338933159e-295], "spearman": [0.8776757598892132, 3.8470404359279474e-241], "nsamples": 750}, "OnWN": {"pearson": [0.8718224903164913, 4.708048858969245e-234], "spearman": [0.8609722182217284, 8.557912688982995e-222], "nsamples": 750}, "tweet-news": {"pearson": [0.7793817805866016, 4.9573876498664646e-154], "spearman": [0.7288211842225354, 3.613233139762483e-125], "nsamples": 750}, "all": {"pearson": {"mean": 0.8104730504449518, "wmean": 0.8205692061345353}, "spearman": {"mean": 0.7866401436226509, "wmean": 0.7949807417733249}}}, "STS15": {"answers-forums": {"pearson": [0.7539094674572557, 4.8321223437327886e-70], "spearman": [0.7582396771825043, 2.776544915919571e-71], "nsamples": 375}, "answers-students": {"pearson": [0.7254433893494142, 1.790278970077077e-123], "spearman": [0.721347073241686, 1.882591144402434e-121], "nsamples": 750}, "belief": {"pearson": [0.8399232476742791, 4.824357282056863e-101], "spearman": [0.8486938514336522, 3.163503747937602e-105], "nsamples": 375}, "headlines": {"pearson": [0.8554342860368487, 6.24475889340934e-216], "spearman": [0.858033640706168, 1.1872037962514454e-218], "nsamples": 750}, "images": {"pearson": [0.9363546733465329, 0.0], "spearman": [0.9378373516880129, 0.0], "nsamples": 750}, "all": {"pearson": {"mean": 0.8222130127728662, "wmean": 0.8285371765746409}, "spearman": {"mean": 0.8248303188504046, "wmean": 0.8301712074859864}}}, "STS16": {"answer-answer": {"pearson": [0.7820731796974274, 1.1226536623223748e-53], "spearman": [0.777651589739344, 1.0372378019125851e-52], "nsamples": 254}, "headlines": {"pearson": [0.8277768369851856, 6.183869624149972e-64], "spearman": [0.8282146552598273, 4.6489651612677546e-64], "nsamples": 249}, "plagiarism": {"pearson": [0.8438249694644653, 1.4429489424999495e-63], "spearman": [0.8508060983722636, 1.1987144121908102e-65], "nsamples": 230}, "postediting": {"pearson": [0.8790226811318931, 8.27970504824074e-80], "spearman": [0.8817170186219209, 6.432977245491143e-81], "nsamples": 244}, "question-question": {"pearson": [0.7441852160593495, 3.937574125253984e-38], "spearman": [0.7441954772018002, 3.9235958220694476e-38], "nsamples": 209}, "all": {"pearson": {"mean": 0.8153765766676642, "wmean": 0.8169131596811726}, "spearman": {"mean": 0.8165169678390314, "wmean": 0.817968096844887}}}}