{"MR": {"devacc": 83.02, "acc": 81.91, "ndev": 10662, "ntest": 10662}, "CR": {"devacc": 91.29, "acc": 90.94, "ndev": 3775, "ntest": 3775}, "SUBJ": {"devacc": 93.13, "acc": 92.66, "ndev": 10000, "ntest": 10000}, "MPQA": {"devacc": 90.24, "acc": 90.21, "ndev": 10606, "ntest": 10606}, "SST5": {"devacc": 45.14, "acc": 48.05, "ndev": 1101, "ntest": 2210}, "TREC": {"devacc": 78.08, "acc": 86.4, "ndev": 5452, "ntest": 500}, "MRPC": {"devacc": 75.86, "acc": 74.96, "f1": 83.27, "ndev": 4076, "ntest": 1725}, "STS12": {"MSRpar": {"pearson": [0.6905203305671131, 2.5181287806942762e-107], "spearman": [0.684007388270996, 1.448610526081149e-104], "nsamples": 750}, "MSRvid": {"pearson": [0.9347193316738378, 0.0], "spearman": [0.9289007536532188, 0.0], "nsamples": 750}, "SMTeuroparl": {"pearson": [0.6039326577155494, 5.812704048443958e-47], "spearman": [0.6409018568199175, 1.8888107096288045e-54], "nsamples": 459}, "surprise.OnWN": {"pearson": [0.7578898661409339, 6.800514305145702e-141], "spearman": [0.7051891233236214, 8.093941281080395e-114], "nsamples": 750}, "surprise.SMTnews": {"pearson": [0.6902719565607437, 9.355792911836591e-58], "spearman": [0.6307120145895806, 1.2013897151312826e-45], "nsamples": 399}, "all": {"pearson": {"mean": 0.7354668285316356, "wmean": 0.7528863406839085}, "spearman": {"mean": 0.7179422273314668, "wmean": 0.7350067551600585}}}, "STS13": {"FNWN": {"pearson": [0.6706419434455132, 4.761695823954836e-26], "spearman": [0.6892093485736063, 5.737749422270815e-28], "nsamples": 189}, "headlines": {"pearson": [0.8510284976573786, 1.939889420726574e-211], "spearman": [0.8538107827024974, 2.9380962704917496e-214], "nsamples": 750}, "OnWN": {"pearson": [0.8439587605484989, 2.4506309608056573e-153], "spearman": [0.8339413079799775, 1.931591728199484e-146], "nsamples": 561}, "all": {"pearson": {"mean": 0.7885430672171303, "wmean": 0.8256557101479625}, "spearman": {"mean": 0.792320479752027, "wmean": 0.8256398184560347}}}, "STS14": {"deft-forum": {"pearson": [0.6713316692705815, 2.9359282730252164e-60], "spearman": [0.6593207751749585, 1.843062459479569e-57], "nsamples": 450}, "deft-news": {"pearson": [0.8392262989050162, 7.8824150688679e-81], "spearman": [0.8207285809020884, 1.991833155445528e-74], "nsamples": 300}, "headlines": {"pearson": [0.8301449568778219, 5.812208581320909e-192], "spearman": [0.808740937001885, 1.387162975600083e-174], "nsamples": 750}, "images": {"pearson": [0.9270486678529788, 6.64e-321], "spearman": [0.8918386547489359, 6.4866196890652246e-260], "nsamples": 750}, "OnWN": {"pearson": [0.8782421899815768, 7.585204368656636e-242], "spearman": [0.8657828516896838, 4.260758601456056e-227], "nsamples": 750}, "tweet-news": {"pearson": [0.7936776800847757, 1.2751196515824407e-163], "spearman": [0.7483004799899768, 1.8144282626057663e-135], "nsamples": 750}, "all": {"pearson": {"mean": 0.8232785771621253, "wmean": 0.8335206031843017}, "spearman": {"mean": 0.7991187132512548, "wmean": 0.8077093641792583}}}, "STS15": {"answers-forums": {"pearson": [0.7836706869345103, 3.891705514233952e-79], "spearman": [0.7846312128395603, 1.8740727720905354e-79], "nsamples": 375}, "answers-students": {"pearson": [0.7470496723521058, 8.879409143743763e-135], "spearman": [0.7485243253513011, 1.3642374045965449e-135], "nsamples": 750}, "belief": {"pearson": [0.8538274820844577, 8.440744209333637e-108], "spearman": [0.8638350166923238, 4.103621925901648e-113], "nsamples": 375}, "headlines": {"pearson": [0.8670170752832156, 1.720858068334042e-228], "spearman": [0.8694488027358965, 2.807579230047763e-231], "nsamples": 750}, "images": {"pearson": [0.9429382539318869, 0.0], "spearman": [0.9435561219422085, 0.0], "nsamples": 750}, "all": {"pearson": {"mean": 0.8389006341172353, "wmean": 0.8439385215191729}, "spearman": {"mean": 0.8419990959122581, "wmean": 0.846440591198837}}}, "STS16": {"answer-answer": {"pearson": [0.8004769393027973, 5.9493575115690125e-58], "spearman": [0.798235226538556, 2.0839259930425182e-57], "nsamples": 254}, "headlines": {"pearson": [0.8334623799011772, 1.4268253660739969e-65], "spearman": [0.8340665992562538, 9.479439791974325e-66], "nsamples": 249}, "plagiarism": {"pearson": [0.8594704447594989, 2.205426265610267e-68], "spearman": [0.8681240725086706, 2.6449735842604216e-71], "nsamples": 230}, "postediting": {"pearson": [0.8909837544847335, 5.955445103679282e-85], "spearman": [0.8955848304654125, 4.308879956436095e-87], "nsamples": 244}, "question-question": {"pearson": [0.7571165563264787, 3.875046468126248e-40], "spearman": [0.7599930329147081, 1.3324948934258263e-40], "nsamples": 209}, "all": {"pearson": {"mean": 0.8283020149549373, "wmean": 0.8298219846876033}, "spearman": {"mean": 0.8312007523367202, "wmean": 0.8326004299707669}}}}