{"MR": {"devacc": 83.15, "acc": 82.87, "ndev": 10662, "ntest": 10662}, "CR": {"devacc": 91.49, "acc": 90.7, "ndev": 3775, "ntest": 3775}, "SUBJ": {"devacc": 93.43, "acc": 93.0, "ndev": 10000, "ntest": 10000}, "MPQA": {"devacc": 90.3, "acc": 90.16, "ndev": 10606, "ntest": 10606}, "SST5": {"devacc": 47.05, "acc": 50.45, "ndev": 1101, "ntest": 2210}, "TREC": {"devacc": 81.55, "acc": 88.4, "ndev": 5452, "ntest": 500}, "MRPC": {"devacc": 75.34, "acc": 74.43, "f1": 83.01, "ndev": 4076, "ntest": 1725}, "STS12": {"MSRpar": {"pearson": [0.6838170464479352, 1.7398897210507597e-104], "spearman": [0.6731149716180518, 4.1537813083772203e-100], "nsamples": 750}, "MSRvid": {"pearson": [0.9364961214564301, 0.0], "spearman": [0.9316827180725489, 0.0], "nsamples": 750}, "SMTeuroparl": {"pearson": [0.6039777435922249, 5.699523244767289e-47], "spearman": [0.6350239091798633, 3.429593943321823e-53], "nsamples": 459}, "surprise.OnWN": {"pearson": [0.7561317122409998, 7.018705179040396e-140], "spearman": [0.7069929407308849, 1.2075913941483098e-114], "nsamples": 750}, "surprise.SMTnews": {"pearson": [0.6896758455159107, 1.2787963456197998e-57], "spearman": [0.6464901222232873, 1.3642755740453422e-48], "nsamples": 399}, "all": {"pearson": {"mean": 0.7340196938507001, "wmean": 0.7512033805594283}, "spearman": {"mean": 0.7186609323649271, "wmean": 0.7346423764146599}}}, "STS13": {"FNWN": {"pearson": [0.6569227187845205, 1.0206029529184122e-24], "spearman": [0.6754249655987568, 1.5733040854050984e-26], "nsamples": 189}, "headlines": {"pearson": [0.8530124793932036, 1.9189629273914163e-213], "spearman": [0.856540687518201, 4.404627794738417e-217], "nsamples": 750}, "OnWN": {"pearson": [0.851191361068187, 1.2587160462704038e-158], "spearman": [0.8411370472270894, 2.4002065793835234e-151], "nsamples": 561}, "all": {"pearson": {"mean": 0.7870421864153037, "wmean": 0.8276240713029533}, "spearman": {"mean": 0.7910342334480157, "wmean": 0.8279591450874753}}}, "STS14": {"deft-forum": {"pearson": [0.6648500832575117, 9.856362277698027e-59], "spearman": [0.6535365856221714, 3.6936027623717734e-56], "nsamples": 450}, "deft-news": {"pearson": [0.8355289674575361, 1.7363243710944133e-79], "spearman": [0.8177670245948754, 1.8019248810756676e-73], "nsamples": 300}, "headlines": {"pearson": [0.8292553862204701, 3.4219997806166615e-191], "spearman": [0.8078800521608663, 6.233398353143876e-174], "nsamples": 750}, "images": {"pearson": [0.9251809764655397, 5.9072514e-317], "spearman": [0.8897632159317813, 5.2711560252043955e-257], "nsamples": 750}, "OnWN": {"pearson": [0.8829264860397262, 8.127759345060626e-248], "spearman": [0.8680786878178036, 1.0609228617444873e-229], "nsamples": 750}, "tweet-news": {"pearson": [0.7976719792130069, 1.9469452379573112e-166], "spearman": [0.7516117895951745, 2.5891138461658864e-137], "nsamples": 750}, "all": {"pearson": {"mean": 0.8225689797756318, "wmean": 0.8336312929752528}, "spearman": {"mean": 0.7981062259537787, "wmean": 0.8073125013433757}}}, "STS15": {"answers-forums": {"pearson": [0.7716048256688312, 2.7742506980840037e-75], "spearman": [0.772410749303326, 1.5603546699430323e-75], "nsamples": 375}, "answers-students": {"pearson": [0.7437229760787959, 5.793819185947802e-133], "spearman": [0.743262845263045, 1.0273807375157726e-132], "nsamples": 750}, "belief": {"pearson": [0.8533661758423494, 1.4510051433493973e-107], "spearman": [0.8608695707225005, 1.7009894717349196e-111], "nsamples": 375}, "headlines": {"pearson": [0.8653137163893978, 1.4309393329235622e-226], "spearman": [0.8681636873883343, 8.47898083868771e-230], "nsamples": 750}, "images": {"pearson": [0.943572483826507, 0.0], "spearman": [0.9440148621399465, 0.0], "nsamples": 750}, "all": {"pearson": {"mean": 0.8355160355611764, "wmean": 0.8412736692625727}, "spearman": {"mean": 0.8377443429634305, "wmean": 0.8430203887010597}}}, "STS16": {"answer-answer": {"pearson": [0.8047199705197349, 5.3059505260302475e-59], "spearman": [0.8052643112272887, 3.87461160028818e-59], "nsamples": 254}, "headlines": {"pearson": [0.8396541006970887, 1.994746151481699e-67], "spearman": [0.8400592737347771, 1.498963311203876e-67], "nsamples": 249}, "plagiarism": {"pearson": [0.8646196266347125, 4.2626074243559665e-70], "spearman": [0.871740166506489, 1.3798927322961188e-72], "nsamples": 230}, "postediting": {"pearson": [0.8912878186349655, 4.3295462849588465e-85], "spearman": [0.8927780899098484, 8.948704665724912e-86], "nsamples": 244}, "question-question": {"pearson": [0.7618634230438716, 6.602260810687969e-41], "spearman": [0.7630297560837767, 4.247106367566669e-41], "nsamples": 209}, "all": {"pearson": {"mean": 0.8324289879060747, "wmean": 0.833928280670044}, "spearman": {"mean": 0.834574319492436, "wmean": 0.8360229388429137}}}}