{"MR": {"devacc": 80.72, "acc": 79.98, "ndev": 10662, "ntest": 10662}, "CR": {"devacc": 89.78, "acc": 88.9, "ndev": 3775, "ntest": 3775}, "SUBJ": {"devacc": 90.26, "acc": 89.85, "ndev": 10000, "ntest": 10000}, "MPQA": {"devacc": 88.05, "acc": 87.85, "ndev": 10606, "ntest": 10606}, "SST5": {"devacc": 44.78, "acc": 45.43, "ndev": 1101, "ntest": 2210}, "TREC": {"devacc": 70.6, "acc": 82.4, "ndev": 5452, "ntest": 500}, "MRPC": {"devacc": 73.63, "acc": 67.13, "f1": 72.03, "ndev": 4076, "ntest": 1725}, "STS12": {"MSRpar": {"pearson": [0.6260907991340839, 7.079563059247545e-83], "spearman": [0.6240758987261814, 3.333738363245338e-82], "nsamples": 750}, "MSRvid": {"pearson": [0.9123764688037332, 2.255084232940267e-292], "spearman": [0.9137328017079601, 8.58630668231852e-295], "nsamples": 750}, "SMTeuroparl": {"pearson": [0.5659263545061288, 3.2025048145631817e-40], "spearman": [0.6031525105736093, 8.164505127613643e-47], "nsamples": 459}, "surprise.OnWN": {"pearson": [0.7199725956729559, 8.81136105276565e-121], "spearman": [0.6755535568149922, 4.337058167188336e-101], "nsamples": 750}, "surprise.SMTnews": {"pearson": [0.6582721005060317, 6.602307321291372e-51], "spearman": [0.5917174437793145, 4.723669596120274e-39], "nsamples": 399}, "all": {"pearson": {"mean": 0.6965276637245867, "wmean": 0.7130761462446267}, "spearman": {"mean": 0.6816464423204115, "wmean": 0.6991518517883151}}}, "STS13": {"FNWN": {"pearson": [0.5821937363507884, 1.541467183157579e-18], "spearman": [0.5982729565810159, 9.849826043283033e-20], "nsamples": 189}, "headlines": {"pearson": [0.8185182721459144, 3.0863547635170684e-182], "spearman": [0.8228681539683712, 8.603025402313388e-186], "nsamples": 750}, "OnWN": {"pearson": [0.829510762236635, 1.5516518058749064e-143], "spearman": [0.8181925639667923, 1.760364687043199e-136], "nsamples": 561}, "all": {"pearson": {"mean": 0.743407590244446, "wmean": 0.7928525719296581}, "spearman": {"mean": 0.7464445581720597, "wmean": 0.7928204884369738}}}, "STS14": {"deft-forum": {"pearson": [0.6675114991445096, 2.3539210272737806e-59], "spearman": [0.6577075774528498, 4.2809042103147985e-57], "nsamples": 450}, "deft-news": {"pearson": [0.8440530297186855, 1.2340059489091617e-82], "spearman": [0.8200967066302336, 3.1974487764780965e-74], "nsamples": 300}, "headlines": {"pearson": [0.8050725026839076, 7.947610830599363e-172], "spearman": [0.7833102771456097, 1.35812917002741e-156], "nsamples": 750}, "images": {"pearson": [0.9049850858863069, 7.6146766984050595e-280], "spearman": [0.873493030802326, 4.853872460059411e-236], "nsamples": 750}, "OnWN": {"pearson": [0.8541750421965996, 1.2432879936458443e-214], "spearman": [0.8434233417512347, 5.131567717179329e-204], "nsamples": 750}, "tweet-news": {"pearson": [0.7464542876923124, 1.8846401580674557e-134], "spearman": [0.701116897897373, 5.630429737528958e-112], "nsamples": 750}, "all": {"pearson": {"mean": 0.8037085745537204, "wmean": 0.8097630059666614}, "spearman": {"mean": 0.7798579719466044, "wmean": 0.7848013553440695}}}, "STS15": {"answers-forums": {"pearson": [0.7242746785149927, 3.3950521482510173e-62], "spearman": [0.7275064585154881, 5.316645616842922e-63], "nsamples": 375}, "answers-students": {"pearson": [0.7504260061297691, 1.1950947587299039e-136], "spearman": [0.7561988648435066, 6.422394630617861e-140], "nsamples": 750}, "belief": {"pearson": [0.8039872018079651, 3.224771268724223e-86], "spearman": [0.8049078492893685, 1.4723362990460116e-86], "nsamples": 375}, "headlines": {"pearson": [0.8406903066710508, 1.9113613386294798e-201], "spearman": [0.844193944641173, 9.470531037843797e-205], "nsamples": 750}, "images": {"pearson": [0.9323267126351157, 0.0], "spearman": [0.9375245965298038, 0.0], "nsamples": 750}, "all": {"pearson": {"mean": 0.8103409811517788, "wmean": 0.8218934913993536}, "spearman": {"mean": 0.814066342763868, "wmean": 0.826031139979228}}}, "STS16": {"answer-answer": {"pearson": [0.7625955088673511, 1.3935842887880516e-49], "spearman": [0.761183816135205, 2.6638535575561227e-49], "nsamples": 254}, "headlines": {"pearson": [0.8218179920661242, 2.777110876376008e-62], "spearman": [0.8281688553743466, 4.7899859149829624e-64], "nsamples": 249}, "plagiarism": {"pearson": [0.8535181971364455, 1.7440671777339947e-66], "spearman": [0.8663294782905447, 1.108968558246399e-70], "nsamples": 230}, "postediting": {"pearson": [0.8706199621592801, 1.642033703221605e-76], "spearman": [0.8734173867448287, 1.3926801646281488e-77], "nsamples": 244}, "question-question": {"pearson": [0.7251991927091394, 2.1495367418733664e-35], "spearman": [0.7354108754787075, 7.753431587825631e-37], "nsamples": 209}, "all": {"pearson": {"mean": 0.806750170587668, "wmean": 0.8082959752624191}, "spearman": {"mean": 0.8129020824047265, "wmean": 0.8141865342615242}}}}