{"MR": {"devacc": 82.15, "acc": 81.52, "ndev": 10662, "ntest": 10662}, "CR": {"devacc": 90.58, "acc": 89.99, "ndev": 3775, "ntest": 3775}, "SUBJ": {"devacc": 92.21, "acc": 91.73, "ndev": 10000, "ntest": 10000}, "MPQA": {"devacc": 88.83, "acc": 89.21, "ndev": 10606, "ntest": 10606}, "SST5": {"devacc": 44.32, "acc": 47.83, "ndev": 1101, "ntest": 2210}, "TREC": {"devacc": 74.6, "acc": 80.6, "ndev": 5452, "ntest": 500}, "MRPC": {"devacc": 73.65, "acc": 72.35, "f1": 79.78, "ndev": 4076, "ntest": 1725}, "STS12": {"MSRpar": {"pearson": [0.6500446866008042, 2.8524400447770056e-91], "spearman": [0.6492561170277192, 5.542264300602478e-91], "nsamples": 750}, "MSRvid": {"pearson": [0.9257992066195598, 2.989117e-318], "spearman": [0.922506639364249, 1.783486337095e-311], "nsamples": 750}, "SMTeuroparl": {"pearson": [0.6059367574007262, 2.418040957846702e-47], "spearman": [0.6518714610925739, 7.102139703325965e-57], "nsamples": 459}, "surprise.OnWN": {"pearson": [0.7456454500186923, 5.221398367228335e-134], "spearman": [0.7004687978638329, 1.0986816376924713e-111], "nsamples": 750}, "surprise.SMTnews": {"pearson": [0.6924000620198479, 3.0469232313646543e-58], "spearman": [0.62796468695157, 3.75980441509975e-45], "nsamples": 399}, "all": {"pearson": {"mean": 0.7239652325319261, "wmean": 0.7385809536107287}, "spearman": {"mean": 0.710413540459989, "wmean": 0.725206105671499}}}, "STS13": {"FNWN": {"pearson": [0.6869554864522482, 9.984675965054236e-28], "spearman": [0.6970494836678846, 8.025393251683825e-29], "nsamples": 189}, "headlines": {"pearson": [0.8390712851181438, 6.047975920669071e-200], "spearman": [0.8412033632910103, 6.344660795175497e-202], "nsamples": 750}, "OnWN": {"pearson": [0.8476164329983242, 5.607240637551085e-156], "spearman": [0.8386339588840128, 1.3003666248639345e-149], "nsamples": 561}, "all": {"pearson": {"mean": 0.7912144015229053, "wmean": 0.8231005797934284}, "spearman": {"mean": 0.7922956019476359, "wmean": 0.8220790172102794}}}, "STS14": {"deft-forum": {"pearson": [0.6453603171826213, 2.289521536650264e-54], "spearman": [0.6318456843579455, 1.6025790540557183e-51], "nsamples": 450}, "deft-news": {"pearson": [0.8233895783720542, 2.6585866901233303e-75], "spearman": [0.804907291369722, 1.6429833458053432e-69], "nsamples": 300}, "headlines": {"pearson": [0.81433135630613, 6.637176207481593e-179], "spearman": [0.7904963097200882, 2.015336336872833e-161], "nsamples": 750}, "images": {"pearson": [0.9170345099168268, 7.474838196384426e-301], "spearman": [0.8789441214262353, 1.0028096740796455e-242], "nsamples": 750}, "OnWN": {"pearson": [0.8793083792003664, 3.4917783692585245e-243], "spearman": [0.8641556169019524, 2.792388151025492e-225], "nsamples": 750}, "tweet-news": {"pearson": [0.7687908451272629, 2.2259743311093318e-147], "spearman": [0.7270765336282151, 2.7325614109346154e-124], "nsamples": 750}, "all": {"pearson": {"mean": 0.8080358310175436, "wmean": 0.8192074224417961}, "spearman": {"mean": 0.7829042595673598, "wmean": 0.7923485817678294}}}, "STS15": {"answers-forums": {"pearson": [0.7665778617675936, 9.532011249955195e-74], "spearman": [0.7679896998736147, 3.56215032465807e-74], "nsamples": 375}, "answers-students": {"pearson": [0.7332107046798876, 2.072573172410726e-127], "spearman": [0.7366179618226141, 3.5135054155862084e-129], "nsamples": 750}, "belief": {"pearson": [0.8394104375916002, 8.321139344201904e-101], "spearman": [0.8437545739895012, 7.723336769921928e-103], "nsamples": 375}, "headlines": {"pearson": [0.8545928207499712, 4.6232338884201083e-215], "spearman": [0.8581731976294339, 8.450964561775317e-219], "nsamples": 750}, "images": {"pearson": [0.9336477130987405, 0.0], "spearman": [0.935113635752356, 0.0], "nsamples": 750}, "all": {"pearson": {"mean": 0.8254879075775585, "wmean": 0.831111347052049}, "spearman": {"mean": 0.828329813813504, "wmean": 0.8339442330339906}}}, "STS16": {"answer-answer": {"pearson": [0.7724588005770405, 1.3241758859343284e-51], "spearman": [0.7712614113841527, 2.3595803929616903e-51], "nsamples": 254}, "headlines": {"pearson": [0.8281652654780638, 4.801216765254301e-64], "spearman": [0.8303264008973388, 1.1608037778739462e-64], "nsamples": 249}, "plagiarism": {"pearson": [0.8512299211408415, 8.891879507107954e-66], "spearman": [0.8606914913848643, 8.776479481137048e-69], "nsamples": 230}, "postediting": {"pearson": [0.8901581451332461, 1.408761421440712e-84], "spearman": [0.8957951265488293, 3.4209705361759327e-87], "nsamples": 244}, "question-question": {"pearson": [0.7408267995060509, 1.2496750962040492e-37], "spearman": [0.7413627509653843, 1.0405823041398312e-37], "nsamples": 209}, "all": {"pearson": {"mean": 0.8165677863670485, "wmean": 0.8180707899007389}, "spearman": {"mean": 0.8198874362361138, "wmean": 0.8213571173382889}}}}