{"MR": {"devacc": 82.13, "acc": 82.03, "ndev": 10662, "ntest": 10662}, "CR": {"devacc": 90.99, "acc": 90.41, "ndev": 3775, "ntest": 3775}, "SUBJ": {"devacc": 92.59, "acc": 92.21, "ndev": 10000, "ntest": 10000}, "MPQA": {"devacc": 88.79, "acc": 89.61, "ndev": 10606, "ntest": 10606}, "SST5": {"devacc": 45.05, "acc": 45.52, "ndev": 1101, "ntest": 2210}, "TREC": {"devacc": 74.69, "acc": 82.8, "ndev": 5452, "ntest": 500}, "MRPC": {"devacc": 75.29, "acc": 75.01, "f1": 82.52, "ndev": 4076, "ntest": 1725}, "STS12": {"MSRpar": {"pearson": [0.6643443060874871, 1.1776908761101764e-96], "spearman": [0.656240528763312, 1.4401937498458505e-93], "nsamples": 750}, "MSRvid": {"pearson": [0.9315012167318929, 0.0], "spearman": [0.9253819751543522, 2.245481e-317], "nsamples": 750}, "SMTeuroparl": {"pearson": [0.5950662757469367, 2.6160284694658384e-45], "spearman": [0.6322606386584513, 1.3114698071297333e-52], "nsamples": 459}, "surprise.OnWN": {"pearson": [0.7540202116338275, 1.1280936136075372e-138], "spearman": [0.7031913182742806, 6.54566230002233e-113], "nsamples": 750}, "surprise.SMTnews": {"pearson": [0.6755780889459913, 1.672502389117466e-54], "spearman": [0.6248822747913695, 1.3341464426241027e-44], "nsamples": 399}, "all": {"pearson": {"mean": 0.7241020198292272, "wmean": 0.7416635710737451}, "spearman": {"mean": 0.7083913471283532, "wmean": 0.7249504592760437}}}, "STS13": {"FNWN": {"pearson": [0.6492661845930656, 5.2724468072990666e-24], "spearman": [0.6610256930386026, 4.150404862351339e-25], "nsamples": 189}, "headlines": {"pearson": [0.8416449115296059, 2.4482708145108603e-202], "spearman": [0.8462634873373416, 9.67282810385583e-207], "nsamples": 750}, "OnWN": {"pearson": [0.8498574749083361, 1.248335349118501e-157], "spearman": [0.8370059680703933, 1.682192295851955e-148], "nsamples": 561}, "all": {"pearson": {"mean": 0.7802561903436692, "wmean": 0.820476690639247}, "spearman": {"mean": 0.781431716148779, "wmean": 0.8194612130498617}}}, "STS14": {"deft-forum": {"pearson": [0.6533121651444209, 4.1436906062147985e-56], "spearman": [0.6438558021523494, 4.8259883754489207e-54], "nsamples": 450}, "deft-news": {"pearson": [0.8360701828513548, 1.1095358374709143e-79], "spearman": [0.8161983095104179, 5.693141516920043e-73], "nsamples": 300}, "headlines": {"pearson": [0.8186052369673895, 2.6261229073394267e-182], "spearman": [0.7998051391316753, 5.744609850928097e-168], "nsamples": 750}, "images": {"pearson": [0.920314887155286, 3.955202816227343e-307], "spearman": [0.8838354446152248, 5.271308765427039e-249], "nsamples": 750}, "OnWN": {"pearson": [0.8810648933588809, 2.0542217783068967e-245], "spearman": [0.8658061063796046, 4.0119459214003384e-227], "nsamples": 750}, "tweet-news": {"pearson": [0.7728715187900304, 6.717705246907697e-150], "spearman": [0.733226774507828, 2.0333983470936813e-127], "nsamples": 750}, "all": {"pearson": {"mean": 0.8137064807112271, "wmean": 0.8238543816997563}, "spearman": {"mean": 0.7904545960495167, "wmean": 0.799093253945982}}}, "STS15": {"answers-forums": {"pearson": [0.7594498383221286, 1.2362148460317303e-71], "spearman": [0.7605776755156168, 5.790420339772356e-72], "nsamples": 375}, "answers-students": {"pearson": [0.7373708411721835, 1.4149455102512663e-129], "spearman": [0.7345306707219021, 4.302997626254143e-128], "nsamples": 750}, "belief": {"pearson": [0.844908928230848, 2.174123994145658e-103], "spearman": [0.8519504911371283, 7.563483240607003e-107], "nsamples": 375}, "headlines": {"pearson": [0.8617757220715846, 1.1498004440182683e-222], "spearman": [0.8638387728140126, 6.26509269362844e-225], "nsamples": 750}, "images": {"pearson": [0.9392246835660124, 0.0], "spearman": [0.9402694904139263, 0.0], "nsamples": 750}, "all": {"pearson": {"mean": 0.8285460026725513, "wmean": 0.8351376575215672}, "spearman": {"mean": 0.8302334201205174, "wmean": 0.8362257543190533}}}, "STS16": {"answer-answer": {"pearson": [0.7721018721200981, 1.5735960442842902e-51], "spearman": [0.7733676837472581, 8.52080192396644e-52], "nsamples": 254}, "headlines": {"pearson": [0.8358868102312927, 2.738073492854717e-66], "spearman": [0.8397595162442592, 1.851970956211538e-67], "nsamples": 249}, "plagiarism": {"pearson": [0.8567720151257313, 1.639104253547248e-67], "spearman": [0.8632772765821798, 1.2110901669461392e-69], "nsamples": 230}, "postediting": {"pearson": [0.8879436389407285, 1.3715523519094685e-83], "spearman": [0.8942401084977467, 1.862789557495646e-86], "nsamples": 244}, "question-question": {"pearson": [0.7395226565205997, 1.9475039798269863e-37], "spearman": [0.7400035922120028, 1.6540811501181298e-37], "nsamples": 209}, "all": {"pearson": {"mean": 0.8184453985876899, "wmean": 0.8200048379927133}, "spearman": {"mean": 0.8221296354566894, "wmean": 0.8237307100137303}}}}