{"MR": {"devacc": 82.37, "acc": 81.38, "ndev": 10662, "ntest": 10662}, "CR": {"devacc": 91.32, "acc": 90.65, "ndev": 3775, "ntest": 3775}, "SUBJ": {"devacc": 92.83, "acc": 92.52, "ndev": 10000, "ntest": 10000}, "MPQA": {"devacc": 89.08, "acc": 90.07, "ndev": 10606, "ntest": 10606}, "SST5": {"devacc": 43.23, "acc": 45.2, "ndev": 1101, "ntest": 2210}, "TREC": {"devacc": 73.73, "acc": 87.2, "ndev": 5452, "ntest": 500}, "MRPC": {"devacc": 74.68, "acc": 74.72, "f1": 82.74, "ndev": 4076, "ntest": 1725}, "STS12": {"MSRpar": {"pearson": [0.691211298933056, 1.270487491217518e-107], "spearman": [0.6854260617769159, 3.681007557018485e-105], "nsamples": 750}, "MSRvid": {"pearson": [0.9343146409463796, 0.0], "spearman": [0.9295934900728408, 0.0], "nsamples": 750}, "SMTeuroparl": {"pearson": [0.6142767315433667, 5.872617304003165e-49], "spearman": [0.659279904590293, 1.4321180186373041e-58], "nsamples": 459}, "surprise.OnWN": {"pearson": [0.7520126620358429, 1.5407730308809508e-137], "spearman": [0.7066718983093809, 1.6960356127131798e-114], "nsamples": 750}, "surprise.SMTnews": {"pearson": [0.6764037705816885, 1.1107780946141897e-54], "spearman": [0.6236122550767277, 2.2389533692441586e-44], "nsamples": 399}, "all": {"pearson": {"mean": 0.7336438208080669, "wmean": 0.7512844516335129}, "spearman": {"mean": 0.7209167219652317, "wmean": 0.7376767546981698}}}, "STS13": {"FNWN": {"pearson": [0.6426422662988764, 2.102226491961628e-23], "spearman": [0.6588074428966567, 6.762614985558634e-25], "nsamples": 189}, "headlines": {"pearson": [0.8457854129305257, 2.8057336758840976e-206], "spearman": [0.848047516066983, 1.7604699620480446e-208], "nsamples": 750}, "OnWN": {"pearson": [0.8332214778680274, 5.803338353764276e-146], "spearman": [0.8291288750071288, 2.736817189804429e-143], "nsamples": 561}, "all": {"pearson": {"mean": 0.7738830523658099, "wmean": 0.8154904647415636}, "spearman": {"mean": 0.7786612779902562, "wmean": 0.8171276950911365}}}, "STS14": {"deft-forum": {"pearson": [0.6544066400149016, 2.3629057307316994e-56], "spearman": [0.6456497346330863, 1.9826188901656864e-54], "nsamples": 450}, "deft-news": {"pearson": [0.844081371126168, 1.2037493132956912e-82], "spearman": [0.8246569943112506, 1.0066965628821614e-75], "nsamples": 300}, "headlines": {"pearson": [0.8281996926858859, 2.7684374096056936e-190], "spearman": [0.805089809516316, 7.715477416369133e-172], "nsamples": 750}, "images": {"pearson": [0.9209512914175816, 2.2298068105815714e-308], "spearman": [0.8838729026543851, 4.707018524061437e-249], "nsamples": 750}, "OnWN": {"pearson": [0.8697109463130355, 1.3947636610346615e-231], "spearman": [0.8609660294036584, 8.690825574101037e-222], "nsamples": 750}, "tweet-news": {"pearson": [0.7850146929554886, 1.0104653810683222e-157], "spearman": [0.7389167351140339, 2.164680937265589e-130], "nsamples": 750}, "all": {"pearson": {"mean": 0.8170607724188436, "wmean": 0.82683063116628}, "spearman": {"mean": 0.7931920342721218, "wmean": 0.8012196230385491}}}, "STS15": {"answers-forums": {"pearson": [0.763052619667623, 1.080110613658673e-72], "spearman": [0.7642431966714855, 4.7804960622072896e-73], "nsamples": 375}, "answers-students": {"pearson": [0.7390813476439354, 1.7710510964452974e-130], "spearman": [0.7391188760199888, 1.6918056156421093e-130], "nsamples": 750}, "belief": {"pearson": [0.8484749308555571, 4.053158098030219e-105], "spearman": [0.8613213595466114, 9.698330316815522e-112], "nsamples": 375}, "headlines": {"pearson": [0.8610767182677265, 6.596333005139093e-222], "spearman": [0.8649543904947465, 3.607980405409403e-226], "nsamples": 750}, "images": {"pearson": [0.9436416636413277, 0.0], "spearman": [0.9451516687623024, 0.0], "nsamples": 750}, "all": {"pearson": {"mean": 0.831065456015234, "wmean": 0.837390876203645}, "spearman": {"mean": 0.834957898299027, "wmean": 0.8405018033465216}}}, "STS16": {"answer-answer": {"pearson": [0.7934489974842925, 2.874406139872984e-56], "spearman": [0.7924231451744476, 4.999168310471678e-56], "nsamples": 254}, "headlines": {"pearson": [0.821565904797007, 3.2518542779110533e-62], "spearman": [0.825257036820837, 3.145068084327354e-63], "nsamples": 249}, "plagiarism": {"pearson": [0.8669472400333774, 6.7866935392070135e-71], "spearman": [0.8764694443312888, 2.525825863093194e-74], "nsamples": 230}, "postediting": {"pearson": [0.8984245223884662, 1.8311550926171877e-88], "spearman": [0.9022734376538943, 2.1746707746393566e-90], "nsamples": 244}, "question-question": {"pearson": [0.7419796497283702, 8.423670480295714e-38], "spearman": [0.7430213209782127, 5.887589572363679e-38], "nsamples": 209}, "all": {"pearson": {"mean": 0.8244732628863026, "wmean": 0.8261325051594915}, "spearman": {"mean": 0.8278888769917361, "wmean": 0.829509804477986}}}}