{"MR": {"devacc": 82.96, "acc": 79.96, "ndev": 10662, "ntest": 10662}, "CR": {"devacc": 91.64, "acc": 90.73, "ndev": 3775, "ntest": 3775}, "SUBJ": {"devacc": 93.23, "acc": 92.81, "ndev": 10000, "ntest": 10000}, "MPQA": {"devacc": 90.27, "acc": 90.73, "ndev": 10606, "ntest": 10606}, "SST5": {"devacc": 46.59, "acc": 48.28, "ndev": 1101, "ntest": 2210}, "TREC": {"devacc": 77.95, "acc": 88.2, "ndev": 5452, "ntest": 500}, "MRPC": {"devacc": 75.39, "acc": 74.26, "f1": 80.56, "ndev": 4076, "ntest": 1725}, "STS12": {"MSRpar": {"pearson": [0.6856861472734445, 2.8610031965981792e-105], "spearman": [0.6768350889379263, 1.3113591584870831e-101], "nsamples": 750}, "MSRvid": {"pearson": [0.9364897417662549, 0.0], "spearman": [0.9303090815248257, 0.0], "nsamples": 750}, "SMTeuroparl": {"pearson": [0.6096016543254031, 4.7845397176309284e-48], "spearman": [0.6506476476101607, 1.3393476319365194e-56], "nsamples": 459}, "surprise.OnWN": {"pearson": [0.7559061530709805, 9.45550131513228e-140], "spearman": [0.7119576447334758, 5.9551466809676585e-117], "nsamples": 750}, "surprise.SMTnews": {"pearson": [0.6900280171074042, 1.0633097524654503e-57], "spearman": [0.630943373161109, 1.0907636847716601e-45], "nsamples": 399}, "all": {"pearson": {"mean": 0.7355423427086973, "wmean": 0.752474218064422}, "spearman": {"mean": 0.7201385671934994, "wmean": 0.736718158797142}}}, "STS13": {"FNWN": {"pearson": [0.6428959043268221, 1.9950361726499355e-23], "spearman": [0.65939634395317, 5.942940398693434e-25], "nsamples": 189}, "headlines": {"pearson": [0.84868827312407, 4.1232325906116724e-209], "spearman": [0.8513068807563131, 1.0191820398545838e-211], "nsamples": 750}, "OnWN": {"pearson": [0.8476466042414643, 5.329419244987046e-156], "spearman": [0.8421671763523544, 4.549295228330736e-152], "nsamples": 561}, "all": {"pearson": {"mean": 0.7797435938974523, "wmean": 0.8223688504935223}, "spearman": {"mean": 0.7842901336872791, "wmean": 0.8237079036720365}}}, "STS14": {"deft-forum": {"pearson": [0.6657225052998084, 6.173829861222505e-59], "spearman": [0.6550035965582791, 1.737665055607014e-56], "nsamples": 450}, "deft-news": {"pearson": [0.8423279001136944, 5.540398946270559e-82], "spearman": [0.8231512879819032, 3.188369322139168e-75], "nsamples": 300}, "headlines": {"pearson": [0.8275813503407906, 9.357619058820725e-190], "spearman": [0.8075620163662689, 1.0838708399092714e-173], "nsamples": 750}, "images": {"pearson": [0.9243595393622454, 2.992316104e-315], "spearman": [0.8857840177070971, 1.3842031542583147e-251], "nsamples": 750}, "OnWN": {"pearson": [0.8799289789289131, 5.741370673919835e-244], "spearman": [0.8676589114918906, 3.2019382941813153e-229], "nsamples": 750}, "tweet-news": {"pearson": [0.7893414301899221, 1.239047991788194e-160], "spearman": [0.7437063406965337, 5.9151810981164735e-133], "nsamples": 750}, "all": {"pearson": {"mean": 0.8215436173725622, "wmean": 0.8315151924094468}, "spearman": {"mean": 0.7971443618003288, "wmean": 0.8053947918779037}}}, "STS15": {"answers-forums": {"pearson": [0.7743648691056384, 3.827707213541179e-76], "spearman": [0.7750580638014969, 2.3172456027500183e-76], "nsamples": 375}, "answers-students": {"pearson": [0.7432644904229487, 1.0252810371577973e-132], "spearman": [0.7442393302829111, 3.04203941835517e-133], "nsamples": 750}, "belief": {"pearson": [0.8522484346079355, 5.3510079842713146e-107], "spearman": [0.860981564905337, 1.4801149389331708e-111], "nsamples": 375}, "headlines": {"pearson": [0.8643447530041338, 1.7220924212946133e-225], "spearman": [0.8661901427855896, 1.4828382245987963e-227], "nsamples": 750}, "images": {"pearson": [0.9438209247851609, 0.0], "spearman": [0.9444940236828555, 0.0], "nsamples": 750}, "all": {"pearson": {"mean": 0.8356086943851635, "wmean": 0.8411842050172577}, "spearman": {"mean": 0.838192625091638, "wmean": 0.8432358277761932}}}, "STS16": {"answer-answer": {"pearson": [0.8061908218358795, 2.2638066519012656e-59], "spearman": [0.8039366943433973, 8.326752315035822e-59], "nsamples": 254}, "headlines": {"pearson": [0.8340356594108411, 9.680408287492761e-66], "spearman": [0.8339522803772398, 1.024323981825906e-65], "nsamples": 249}, "plagiarism": {"pearson": [0.8557427067783767, 3.484956572720197e-67], "spearman": [0.864407280963947, 5.0319663139804746e-70], "nsamples": 230}, "postediting": {"pearson": [0.8902496325718107, 1.2810020370262848e-84], "spearman": [0.8934927614602652, 4.1669649651249996e-86], "nsamples": 244}, "question-question": {"pearson": [0.7599086987092417, 1.375152078803459e-40], "spearman": [0.7682342172183484, 5.747490245784398e-42], "nsamples": 209}, "all": {"pearson": {"mean": 0.82922550386123, "wmean": 0.8307841474505842}, "spearman": {"mean": 0.8328046468726396, "wmean": 0.8340985649188895}}}}