{"MR": {"devacc": 81.02, "acc": 80.93, "ndev": 10662, "ntest": 10662}, "CR": {"devacc": 90.61, "acc": 90.07, "ndev": 3775, "ntest": 3775}, "SUBJ": {"devacc": 91.64, "acc": 91.42, "ndev": 10000, "ntest": 10000}, "MPQA": {"devacc": 88.71, "acc": 88.63, "ndev": 10606, "ntest": 10606}, "SST5": {"devacc": 45.23, "acc": 46.56, "ndev": 1101, "ntest": 2210}, "TREC": {"devacc": 72.21, "acc": 81.4, "ndev": 5452, "ntest": 500}, "MRPC": {"devacc": 73.58, "acc": 72.0, "f1": 79.01, "ndev": 4076, "ntest": 1725}, "STS12": {"MSRpar": {"pearson": [0.6420127706461005, 2.2581806442515645e-88], "spearman": [0.6393411962547655, 1.9893945187772863e-87], "nsamples": 750}, "MSRvid": {"pearson": [0.9210123379209276, 1.6901134865287413e-308], "spearman": [0.9149447964568842, 5.4690210116582335e-297], "nsamples": 750}, "SMTeuroparl": {"pearson": [0.5674275850347175, 1.8015435968880687e-40], "spearman": [0.5841818741693858, 2.3893016947290477e-43], "nsamples": 459}, "surprise.OnWN": {"pearson": [0.7474214323299052, 5.544162250155061e-135], "spearman": [0.6962170826012287, 8.43789675948682e-110], "nsamples": 750}, "surprise.SMTnews": {"pearson": [0.6607629092330508, 2.07400218995776e-51], "spearman": [0.5922105117853551, 3.948669144853213e-39], "nsamples": 399}, "all": {"pearson": {"mean": 0.7077274070329403, "wmean": 0.7261674929175105}, "spearman": {"mean": 0.6853790922535239, "wmean": 0.7053760556405289}}}, "STS13": {"FNWN": {"pearson": [0.6383881950457478, 5.0202959125483293e-23], "spearman": [0.6493119701881543, 5.221657459533104e-24], "nsamples": 189}, "headlines": {"pearson": [0.8336136214337755, 5.233573375546658e-195], "spearman": [0.837997490556598, 5.854442512715132e-199], "nsamples": 750}, "OnWN": {"pearson": [0.8307915998079378, 2.289302510554658e-144], "spearman": [0.8206701596720186, 5.546627316836181e-138], "nsamples": 561}, "all": {"pearson": {"mean": 0.7675978054291536, "wmean": 0.8079597816208206}, "spearman": {"mean": 0.7693265401389237, "wmean": 0.8077426932393414}}}, "STS14": {"deft-forum": {"pearson": [0.6599568584564118, 1.3200947885923288e-57], "spearman": [0.6488396021232379, 4.01612321792724e-55], "nsamples": 450}, "deft-news": {"pearson": [0.8099619170760927, 4.9573414661934865e-71], "spearman": [0.7951885061281724, 1.0407657671515478e-66], "nsamples": 300}, "headlines": {"pearson": [0.8103846518271361, 7.706132878325351e-176], "spearman": [0.7924903982588939, 8.524145736465546e-163], "nsamples": 750}, "images": {"pearson": [0.9107391752646928, 1.6666042157106428e-289], "spearman": [0.8700568983111835, 5.527405252919245e-232], "nsamples": 750}, "OnWN": {"pearson": [0.8646181723381023, 8.551280098487725e-226], "spearman": [0.8540336438784373, 1.7365033513006513e-214], "nsamples": 750}, "tweet-news": {"pearson": [0.7704960278112977, 1.9986159331153635e-148], "spearman": [0.7307070896225497, 3.984125911675822e-126], "nsamples": 750}, "all": {"pearson": {"mean": 0.8043594671289557, "wmean": 0.8152393818291027}, "spearman": {"mean": 0.7818860230537458, "wmean": 0.7909334387592551}}}, "STS15": {"answers-forums": {"pearson": [0.7172279108837951, 1.7675685734411242e-60], "spearman": [0.7179764512309913, 1.16824424317149e-60], "nsamples": 375}, "answers-students": {"pearson": [0.7509061595032944, 6.439957516469209e-137], "spearman": [0.7540215996283951, 1.1260465613985061e-138], "nsamples": 750}, "belief": {"pearson": [0.8262054086583001, 5.5454472425915134e-95], "spearman": [0.8332085211211958, 5.235646272207765e-98], "nsamples": 375}, "headlines": {"pearson": [0.8457546667800181, 3.004253804462063e-206], "spearman": [0.8465967211891977, 4.594578073200184e-207], "nsamples": 750}, "images": {"pearson": [0.9349572766102108, 0.0], "spearman": [0.9362317023015017, 0.0], "nsamples": 750}, "all": {"pearson": {"mean": 0.8150102844871236, "wmean": 0.8258336906661427}, "spearman": {"mean": 0.8176069990942562, "wmean": 0.8281106273237969}}}, "STS16": {"answer-answer": {"pearson": [0.7975952715178717, 2.97192481125501e-57], "spearman": [0.7924164550545472, 5.017192300250425e-56], "nsamples": 254}, "headlines": {"pearson": [0.815118489178308, 1.694980831707649e-60], "spearman": [0.8158640000783058, 1.0816389462611141e-60], "nsamples": 249}, "plagiarism": {"pearson": [0.838341798921232, 5.284658237332894e-62], "spearman": [0.8494628403211448, 3.0705051386679757e-65], "nsamples": 230}, "postediting": {"pearson": [0.8799795885618582, 3.365051390691814e-80], "spearman": [0.8817555589399972, 6.199324923685548e-81], "nsamples": 244}, "question-question": {"pearson": [0.7496273758864426, 5.828862573069787e-39], "spearman": [0.7531034001591994, 1.6764761574984734e-39], "nsamples": 209}, "all": {"pearson": {"mean": 0.8161325048131424, "wmean": 0.8176723926578258}, "spearman": {"mean": 0.818520450910639, "wmean": 0.8198544147486075}}}}