{"MR": {"devacc": 81.86, "acc": 82.05, "ndev": 10662, "ntest": 10662}, "CR": {"devacc": 90.58, "acc": 90.17, "ndev": 3775, "ntest": 3775}, "SUBJ": {"devacc": 91.68, "acc": 90.86, "ndev": 10000, "ntest": 10000}, "MPQA": {"devacc": 89.27, "acc": 89.25, "ndev": 10606, "ntest": 10606}, "SST5": {"devacc": 46.41, "acc": 48.51, "ndev": 1101, "ntest": 2210}, "TREC": {"devacc": 74.78, "acc": 80.4, "ndev": 5452, "ntest": 500}, "MRPC": {"devacc": 74.39, "acc": 71.77, "f1": 78.54, "ndev": 4076, "ntest": 1725}, "STS12": {"MSRpar": {"pearson": [0.6836478275806775, 2.047436627521812e-104], "spearman": [0.6655296788341304, 4.085805176262621e-97], "nsamples": 750}, "MSRvid": {"pearson": [0.9309687524444337, 0.0], "spearman": [0.9243431364950796, 3.234814995e-315], "nsamples": 750}, "SMTeuroparl": {"pearson": [0.5884562745077384, 4.141544390580901e-44], "spearman": [0.6263732060685513, 2.1845505319369534e-51], "nsamples": 459}, "surprise.OnWN": {"pearson": [0.7412290312945308, 1.2733294878276222e-131], "spearman": [0.6893689755207909, 7.839523741318305e-107], "nsamples": 750}, "surprise.SMTnews": {"pearson": [0.6829914155822013, 4.040873574924584e-56], "spearman": [0.6160446769802258, 4.662377029543475e-43], "nsamples": 399}, "all": {"pearson": {"mean": 0.7254586602819163, "wmean": 0.7430821149633468}, "spearman": {"mean": 0.7043319347797555, "wmean": 0.7216018245939755}}}, "STS13": {"FNWN": {"pearson": [0.6204519641329057, 1.704335193657261e-21], "spearman": [0.6472355129268869, 8.086052889123499e-24], "nsamples": 189}, "headlines": {"pearson": [0.8413653831107936, 4.475172995812366e-202], "spearman": [0.8414746092551922, 3.53600524690675e-202], "nsamples": 750}, "OnWN": {"pearson": [0.8388500349240383, 9.237826432977502e-150], "spearman": [0.8317430584570749, 5.4676448383963646e-145], "nsamples": 561}, "all": {"pearson": {"mean": 0.7668891273892459, "wmean": 0.8125895520977332}, "spearman": {"mean": 0.7734843935463847, "wmean": 0.81336088311933}}}, "STS14": {"deft-forum": {"pearson": [0.6448620310378071, 2.932250095355675e-54], "spearman": [0.6356814601240178, 2.5806446691914998e-52], "nsamples": 450}, "deft-news": {"pearson": [0.8346541144462105, 3.5688154141569067e-79], "spearman": [0.8158718155195772, 7.223287180928336e-73], "nsamples": 300}, "headlines": {"pearson": [0.8157698064309726, 4.860307546237871e-180], "spearman": [0.7974839162130896, 2.6507386296348625e-166], "nsamples": 750}, "images": {"pearson": [0.9146287659522789, 2.058932476767183e-296], "spearman": [0.8783901155344732, 4.9571495637909835e-242], "nsamples": 750}, "OnWN": {"pearson": [0.8670424935178138, 1.6102552622070096e-228], "spearman": [0.8587922483625903, 1.8628689647668203e-219], "nsamples": 750}, "tweet-news": {"pearson": [0.778248103162208, 2.659969915319968e-153], "spearman": [0.7319415776626773, 9.3135533460039e-127], "nsamples": 750}, "all": {"pearson": {"mean": 0.8092008857578818, "wmean": 0.8192936066928884}, "spearman": {"mean": 0.7863601889027376, "wmean": 0.7948730920110144}}}, "STS15": {"answers-forums": {"pearson": [0.7598378642034522, 9.527451416824994e-72], "spearman": [0.7612572403488828, 3.6589924389641766e-72], "nsamples": 375}, "answers-students": {"pearson": [0.735461946147698, 1.4112667155672618e-128], "spearman": [0.7408537124023323, 2.0209513392604998e-131], "nsamples": 750}, "belief": {"pearson": [0.8335581084799135, 3.6668385667889564e-98], "spearman": [0.8455011599428414, 1.1300428791169623e-103], "nsamples": 375}, "headlines": {"pearson": [0.8532270792114378, 1.1599897826953404e-213], "spearman": [0.8549497630534922, 1.980674424525184e-215], "nsamples": 750}, "images": {"pearson": [0.9335457152605888, 0.0], "spearman": [0.934739050431762, 0.0], "nsamples": 750}, "all": {"pearson": {"mean": 0.8231261426606181, "wmean": 0.8297331817403518}, "spearman": {"mean": 0.8274601852358622, "wmean": 0.8334804315083622}}}, "STS16": {"answer-answer": {"pearson": [0.7584872666400843, 9.06972851316982e-49], "spearman": [0.7615790443081079, 2.22295659321554e-49], "nsamples": 254}, "headlines": {"pearson": [0.8220987840508878, 2.328753486511885e-62], "spearman": [0.8230712540542239, 1.2625258549059314e-62], "nsamples": 249}, "plagiarism": {"pearson": [0.8484656442293727, 6.136127844687158e-65], "spearman": [0.8567306819620775, 1.6897043029660426e-67], "nsamples": 230}, "postediting": {"pearson": [0.883126366721556, 1.6488349172045966e-81], "spearman": [0.8892323806468193, 3.669282652190604e-84], "nsamples": 244}, "question-question": {"pearson": [0.7569194522544195, 4.166852582944177e-40], "spearman": [0.7641715295781247, 2.75077665770468e-41], "nsamples": 209}, "all": {"pearson": {"mean": 0.8138195027792641, "wmean": 0.8146580608172356}, "spearman": {"mean": 0.8189569781098707, "wmean": 0.8196614055014257}}}}