{"MR": {"devacc": 82.66, "acc": 82.25, "ndev": 10662, "ntest": 10662}, "CR": {"devacc": 91.12, "acc": 90.81, "ndev": 3775, "ntest": 3775}, "SUBJ": {"devacc": 92.85, "acc": 92.6, "ndev": 10000, "ntest": 10000}, "MPQA": {"devacc": 89.76, "acc": 89.32, "ndev": 10606, "ntest": 10606}, "SST5": {"devacc": 45.41, "acc": 49.1, "ndev": 1101, "ntest": 2210}, "TREC": {"devacc": 77.66, "acc": 84.2, "ndev": 5452, "ntest": 500}, "MRPC": {"devacc": 74.88, "acc": 74.49, "f1": 83.26, "ndev": 4076, "ntest": 1725}, "STS12": {"MSRpar": {"pearson": [0.6878183024443996, 3.5885449723854226e-106], "spearman": [0.6778073106160145, 5.270636057520405e-102], "nsamples": 750}, "MSRvid": {"pearson": [0.9351620576747418, 0.0], "spearman": [0.9308471691359291, 0.0], "nsamples": 750}, "SMTeuroparl": {"pearson": [0.6048683435510747, 3.8625227318936573e-47], "spearman": [0.6397442672844365, 3.35982981703196e-54], "nsamples": 459}, "surprise.OnWN": {"pearson": [0.7559349399451178, 9.102785446124766e-140], "spearman": [0.7080766956003408, 3.8235239774579836e-115], "nsamples": 750}, "surprise.SMTnews": {"pearson": [0.6729744115894666, 6.026538352993447e-54], "spearman": [0.6096130950313248, 5.773219722001333e-42], "nsamples": 399}, "all": {"pearson": {"mean": 0.7313516110409601, "wmean": 0.7497869481860796}, "spearman": {"mean": 0.7132177075336091, "wmean": 0.731797498428336}}}, "STS13": {"FNWN": {"pearson": [0.6601947271723366, 4.98569906987643e-25], "spearman": [0.6785141021546619, 7.609456521851192e-27], "nsamples": 189}, "headlines": {"pearson": [0.8464838737624711, 5.913136851629e-207], "spearman": [0.8470342450694338, 1.724177597581395e-207], "nsamples": 750}, "OnWN": {"pearson": [0.8334916353622532, 3.842717005809766e-146], "spearman": [0.831944065911953, 4.035676180687932e-145], "nsamples": 561}, "all": {"pearson": {"mean": 0.7800567454323536, "wmean": 0.8181523441304327}, "spearman": {"mean": 0.7858308043786829, "wmean": 0.8201569800572748}}}, "STS14": {"deft-forum": {"pearson": [0.6701594755306947, 5.57933448472044e-60], "spearman": [0.6555759833775131, 1.293285742126356e-56], "nsamples": 450}, "deft-news": {"pearson": [0.8346503059336069, 3.57999321885936e-79], "spearman": [0.81680751240185, 3.6466881725560073e-73], "nsamples": 300}, "headlines": {"pearson": [0.8291413059474495, 4.29235627754874e-191], "spearman": [0.8105534506696717, 5.717830140794386e-176], "nsamples": 750}, "images": {"pearson": [0.9199879605115414, 1.716703712650703e-306], "spearman": [0.8834103480583408, 1.9000855472964398e-248], "nsamples": 750}, "OnWN": {"pearson": [0.8673914913204742, 6.45905955926991e-229], "spearman": [0.8585306490329576, 3.5325075522870603e-219], "nsamples": 750}, "tweet-news": {"pearson": [0.7870569064791624, 4.353203774954457e-159], "spearman": [0.7347613642481133, 3.2660786222087425e-128], "nsamples": 750}, "all": {"pearson": {"mean": 0.8180645742871548, "wmean": 0.8279066943900973}, "spearman": {"mean": 0.7932732179647412, "wmean": 0.8014648813992662}}}, "STS15": {"answers-forums": {"pearson": [0.7738371542236342, 5.602107215892793e-76], "spearman": [0.7759788638852423, 1.1863936161816238e-76], "nsamples": 375}, "answers-students": {"pearson": [0.7368057375377213, 2.8012427741324993e-129], "spearman": [0.7361224833380106, 6.381962011812006e-129], "nsamples": 750}, "belief": {"pearson": [0.8504753040550009, 4.1494090668717187e-106], "spearman": [0.857227474184743, 1.4684140532664196e-109], "nsamples": 375}, "headlines": {"pearson": [0.8640193125221037, 3.954227795517959e-225], "spearman": [0.8668710683015589, 2.5197133692972358e-228], "nsamples": 750}, "images": {"pearson": [0.9427627094708009, 0.0], "spearman": [0.9434821296699492, 0.0], "nsamples": 750}, "all": {"pearson": {"mean": 0.8335800435618521, "wmean": 0.8389359971674859}, "spearman": {"mean": 0.8359364038759007, "wmean": 0.8407697125861278}}}, "STS16": {"answer-answer": {"pearson": [0.8004171209843713, 6.1530061970268314e-58], "spearman": [0.8014057461610024, 3.5226150651794906e-58], "nsamples": 254}, "headlines": {"pearson": [0.8296076988763208, 1.8654095858989293e-64], "spearman": [0.8323163377982455, 3.085014074762048e-65], "nsamples": 249}, "plagiarism": {"pearson": [0.8712511293731519, 2.068060441649332e-72], "spearman": [0.8771733251939842, 1.3731338217157448e-74], "nsamples": 230}, "postediting": {"pearson": [0.8903633837545485, 1.1380559733355044e-84], "spearman": [0.892630631301556, 1.0470252280469841e-85], "nsamples": 244}, "question-question": {"pearson": [0.74200380680027, 8.354149271151652e-38], "spearman": [0.7449371904832911, 3.032827893553978e-38], "nsamples": 209}, "all": {"pearson": {"mean": 0.8267286279577325, "wmean": 0.82849366506191}, "spearman": {"mean": 0.8296926461876157, "wmean": 0.8314059353118564}}}}