{"MR": {"devacc": 82.06, "acc": 80.61, "ndev": 10662, "ntest": 10662}, "CR": {"devacc": 91.07, "acc": 90.33, "ndev": 3775, "ntest": 3775}, "SUBJ": {"devacc": 92.9, "acc": 92.51, "ndev": 10000, "ntest": 10000}, "MPQA": {"devacc": 90.08, "acc": 90.37, "ndev": 10606, "ntest": 10606}, "SST5": {"devacc": 42.42, "acc": 46.52, "ndev": 1101, "ntest": 2210}, "TREC": {"devacc": 78.87, "acc": 82.8, "ndev": 5452, "ntest": 500}, "MRPC": {"devacc": 75.29, "acc": 72.0, "f1": 78.73, "ndev": 4076, "ntest": 1725}, "STS12": {"MSRpar": {"pearson": [0.6779658609369764, 4.5411005837569914e-102], "spearman": [0.6663711533647662, 1.9214119207024877e-97], "nsamples": 750}, "MSRvid": {"pearson": [0.9289652576409674, 0.0], "spearman": [0.9242832497199559, 4.2987424e-315], "nsamples": 750}, "SMTeuroparl": {"pearson": [0.6105498186448518, 3.1354748833261636e-48], "spearman": [0.6421266586438344, 1.0241447531614685e-54], "nsamples": 459}, "surprise.OnWN": {"pearson": [0.7573372195786477, 1.4194523773976426e-140], "spearman": [0.7063700060773683, 2.3332860083532425e-114], "nsamples": 750}, "surprise.SMTnews": {"pearson": [0.6659553280694702, 1.7899844358633444e-52], "spearman": [0.6239541193254996, 1.9481570931031653e-44], "nsamples": 399}, "all": {"pearson": {"mean": 0.7281546969741827, "wmean": 0.7461904106419398}, "spearman": {"mean": 0.7126210374262849, "wmean": 0.7292349217503096}}}, "STS13": {"FNWN": {"pearson": [0.6695359895451294, 6.133331930125383e-26], "spearman": [0.7051168044950086, 9.912256347580546e-30], "nsamples": 189}, "headlines": {"pearson": [0.8437831010633821, 2.3341698746198634e-204], "spearman": [0.845321609438346, 7.85654253954866e-206], "nsamples": 750}, "OnWN": {"pearson": [0.8585680572728889, 2.555052291310667e-164], "spearman": [0.8500326481824876, 9.247658371861685e-158], "nsamples": 561}, "all": {"pearson": {"mean": 0.7906290492938002, "wmean": 0.8273575386344378}, "spearman": {"mean": 0.8001570207052806, "wmean": 0.8294177325057944}}}, "STS14": {"deft-forum": {"pearson": [0.6700403940731174, 5.954393571481503e-60], "spearman": [0.6593378322580791, 1.826661683037751e-57], "nsamples": 450}, "deft-news": {"pearson": [0.8381196507047483, 2.0052530320661216e-80], "spearman": [0.8159657413246008, 6.74550967939208e-73], "nsamples": 300}, "headlines": {"pearson": [0.8263343321073824, 1.0751543044569864e-188], "spearman": [0.8065171693775183, 6.624187088301974e-173], "nsamples": 750}, "images": {"pearson": [0.9184368300155227, 1.67049743833843e-303], "spearman": [0.8828267602862606, 1.0957616530315118e-247], "nsamples": 750}, "OnWN": {"pearson": [0.8835109696502079, 1.4033319663584342e-248], "spearman": [0.8694437471606767, 2.845673641455842e-231], "nsamples": 750}, "tweet-news": {"pearson": [0.7883734741226478, 5.627981766782141e-160], "spearman": [0.7449687002896939, 1.221191980411531e-133], "nsamples": 750}, "all": {"pearson": {"mean": 0.8208026084456045, "wmean": 0.830785540524306}, "spearman": {"mean": 0.7965099917828048, "wmean": 0.8051490745997675}}}, "STS15": {"answers-forums": {"pearson": [0.7727675715655632, 1.2084847038843818e-75], "spearman": [0.7724222561975022, 1.5475600291206274e-75], "nsamples": 375}, "answers-students": {"pearson": [0.750343619427188, 1.3286613388701158e-136], "spearman": [0.751902842961501, 1.776370047889915e-137], "nsamples": 750}, "belief": {"pearson": [0.8415621220963846, 8.340611579141824e-102], "spearman": [0.8529990081039913, 2.2303105978796588e-107], "nsamples": 375}, "headlines": {"pearson": [0.8627575950137777, 9.724348455593982e-224], "spearman": [0.8646347499513597, 8.195519148489092e-226], "nsamples": 750}, "images": {"pearson": [0.9419351266124655, 0.0], "spearman": [0.9431016349401584, 0.0], "nsamples": 750}, "all": {"pearson": {"mean": 0.8338732069430759, "wmean": 0.8405502969711012}, "spearman": {"mean": 0.8370120984309025, "wmean": 0.8430874650009413}}}, "STS16": {"answer-answer": {"pearson": [0.788298639964152, 4.4844387208426024e-55], "spearman": [0.7840539910154463, 4.0765989927029556e-54], "nsamples": 254}, "headlines": {"pearson": [0.8309477088900795, 7.689173826404106e-65], "spearman": [0.835218066310047, 4.328747040346869e-66], "nsamples": 249}, "plagiarism": {"pearson": [0.8649634152833888, 3.256463959990253e-70], "spearman": [0.8734244707487535, 3.38129712086776e-73], "nsamples": 230}, "postediting": {"pearson": [0.8894059880775421, 3.0683133011531197e-84], "spearman": [0.8929180080211259, 7.708295820724855e-86], "nsamples": 244}, "question-question": {"pearson": [0.7600075041383992, 1.325307619400643e-40], "spearman": [0.7561966867617513, 5.434675057227289e-40], "nsamples": 209}, "all": {"pearson": {"mean": 0.8267246512707123, "wmean": 0.8279359604009694}, "spearman": {"mean": 0.8283622445714249, "wmean": 0.8296152967889536}}}}