{"MR": {"devacc": 82.07, "acc": 81.7, "ndev": 10662, "ntest": 10662}, "CR": {"devacc": 90.33, "acc": 90.47, "ndev": 3775, "ntest": 3775}, "SUBJ": {"devacc": 92.11, "acc": 92.11, "ndev": 10000, "ntest": 10000}, "MPQA": {"devacc": 89.46, "acc": 89.37, "ndev": 10606, "ntest": 10606}, "SST5": {"devacc": 44.69, "acc": 47.01, "ndev": 1101, "ntest": 2210}, "TREC": {"devacc": 72.65, "acc": 82.0, "ndev": 5452, "ntest": 500}, "MRPC": {"devacc": 74.66, "acc": 71.88, "f1": 79.49, "ndev": 4076, "ntest": 1725}, "STS12": {"MSRpar": {"pearson": [0.6787865310081153, 2.097034187385019e-102], "spearman": [0.6745486201445003, 1.1033435259589572e-100], "nsamples": 750}, "MSRvid": {"pearson": [0.9328165154606004, 0.0], "spearman": [0.9289573522563086, 0.0], "nsamples": 750}, "SMTeuroparl": {"pearson": [0.599988081423825, 3.2083160661039935e-46], "spearman": [0.6407372766356999, 2.0502940043135917e-54], "nsamples": 459}, "surprise.OnWN": {"pearson": [0.7413004394233729, 1.1660906093299597e-131], "spearman": [0.6980691551523159, 1.2854242278979681e-110], "nsamples": 750}, "surprise.SMTnews": {"pearson": [0.6904220022125623, 8.647025846953789e-58], "spearman": [0.6192324263034215, 1.3108733780024525e-43], "nsamples": 399}, "all": {"pearson": {"mean": 0.7286627139056951, "wmean": 0.7450291256999402}, "spearman": {"mean": 0.7123089660984492, "wmean": 0.729521716131176}}}, "STS13": {"FNWN": {"pearson": [0.622237025907867, 1.2123245851088447e-21], "spearman": [0.6342217738118672, 1.1622332891523723e-22], "nsamples": 189}, "headlines": {"pearson": [0.8319660239822615, 1.4931772128566665e-193], "spearman": [0.8330625949993304, 1.6117147340180715e-194], "nsamples": 750}, "OnWN": {"pearson": [0.8472391466394859, 1.0575924273086146e-155], "spearman": [0.8410164822242893, 2.9137270492570664e-151], "nsamples": 561}, "all": {"pearson": {"mean": 0.7671473988432048, "wmean": 0.8112523180986897}, "spearman": {"mean": 0.769433617011829, "wmean": 0.8109834053518447}}}, "STS14": {"deft-forum": {"pearson": [0.6543550136222162, 2.4264754437207846e-56], "spearman": [0.641590722300627, 1.471355193247741e-53], "nsamples": 450}, "deft-news": {"pearson": [0.8271037365950108, 1.5101317315956117e-76], "spearman": [0.8181942127139537, 1.3147630681836318e-73], "nsamples": 300}, "headlines": {"pearson": [0.8187285706314391, 2.0882898299114648e-182], "spearman": [0.7997287601111766, 6.5217824273493275e-168], "nsamples": 750}, "images": {"pearson": [0.9134636963196153, 2.612054784292829e-294], "spearman": [0.8820269508601642, 1.1913229395778072e-246], "nsamples": 750}, "OnWN": {"pearson": [0.8715499666389478, 9.869633491918246e-234], "spearman": [0.8663378455168891, 1.0103825325978417e-227], "nsamples": 750}, "tweet-news": {"pearson": [0.7550433973257389, 2.947394943674752e-139], "spearman": [0.720374426133176, 5.616952002123381e-121], "nsamples": 750}, "all": {"pearson": {"mean": 0.8067073968554946, "wmean": 0.816448026745415}, "spearman": {"mean": 0.788042152939331, "wmean": 0.7961400202174727}}}, "STS15": {"answers-forums": {"pearson": [0.7461434566858284, 7.009543232307164e-68], "spearman": [0.751393897979089, 2.4721268538009513e-69], "nsamples": 375}, "answers-students": {"pearson": [0.7293680826398264, 1.9100428004404468e-125], "spearman": [0.7284554509453259, 5.529184548032923e-125], "nsamples": 750}, "belief": {"pearson": [0.8352689708519917, 6.339868121448962e-99], "spearman": [0.8433432627416871, 1.2102731076394032e-102], "nsamples": 375}, "headlines": {"pearson": [0.8529373334292657, 2.2884173330206197e-213], "spearman": [0.8560859189381147, 1.3134890104112713e-216], "nsamples": 750}, "images": {"pearson": [0.9339481580576896, 0.0], "spearman": [0.9344428798345985, 0.0], "nsamples": 750}, "all": {"pearson": {"mean": 0.8195332003329204, "wmean": 0.826739946973923}, "spearman": {"mean": 0.8227442820877631, "wmean": 0.8290882075196069}}}, "STS16": {"answer-answer": {"pearson": [0.8050078556235258, 4.493737807380191e-59], "spearman": [0.8010290552432651, 4.35831827399811e-58], "nsamples": 254}, "headlines": {"pearson": [0.8207022387163109, 5.573507148802986e-62], "spearman": [0.8218576997872101, 2.708866215030064e-62], "nsamples": 249}, "plagiarism": {"pearson": [0.8429815354082018, 2.533306644728474e-63], "spearman": [0.8483758307103881, 6.529343612433717e-65], "nsamples": 230}, "postediting": {"pearson": [0.8802064877443186, 2.7150854594624144e-80], "spearman": [0.8853741596741708, 1.8124147544296972e-82], "nsamples": 244}, "question-question": {"pearson": [0.7389102152853984, 2.3964368959751147e-37], "spearman": [0.7364670657985407, 5.4505572798351005e-37], "nsamples": 209}, "all": {"pearson": {"mean": 0.8175616665555511, "wmean": 0.8194900707562272}, "spearman": {"mean": 0.818620762242715, "wmean": 0.8205592749195503}}}}