{"MR": {"devacc": 81.76, "acc": 81.31, "ndev": 10662, "ntest": 10662}, "CR": {"devacc": 90.64, "acc": 89.56, "ndev": 3775, "ntest": 3775}, "SUBJ": {"devacc": 91.77, "acc": 91.6, "ndev": 10000, "ntest": 10000}, "MPQA": {"devacc": 89.19, "acc": 88.99, "ndev": 10606, "ntest": 10606}, "SST5": {"devacc": 44.78, "acc": 47.06, "ndev": 1101, "ntest": 2210}, "TREC": {"devacc": 73.13, "acc": 84.4, "ndev": 5452, "ntest": 500}, "MRPC": {"devacc": 74.07, "acc": 68.12, "f1": 74.39, "ndev": 4076, "ntest": 1725}, "STS12": {"MSRpar": {"pearson": [0.6655817464971693, 3.899728624996366e-97], "spearman": [0.665405370326641, 4.5665764193905566e-97], "nsamples": 750}, "MSRvid": {"pearson": [0.9303221772098155, 0.0], "spearman": [0.9249431021868779, 1.84932487e-316], "nsamples": 750}, "SMTeuroparl": {"pearson": [0.603338817107282, 7.528875530648492e-47], "spearman": [0.6564843464129331, 6.329486254559092e-58], "nsamples": 459}, "surprise.OnWN": {"pearson": [0.7469550058957032, 1.0009532283746734e-134], "spearman": [0.702415038833516, 1.467713908608717e-112], "nsamples": 750}, "surprise.SMTnews": {"pearson": [0.6685709832228929, 5.113610183720447e-53], "spearman": [0.6046240637232269, 3.9088450863525135e-41], "nsamples": 399}, "all": {"pearson": {"mean": 0.7229537459865726, "wmean": 0.7402948959331379}, "spearman": {"mean": 0.7107743842966391, "wmean": 0.7278455437385393}}}, "STS13": {"FNWN": {"pearson": [0.6585250679253576, 7.194093116901646e-25], "spearman": [0.6658163454860531, 1.4255969754762003e-25], "nsamples": 189}, "headlines": {"pearson": [0.8435319591302473, 4.046226594035228e-204], "spearman": [0.8478218544185973, 2.930528400205906e-208], "nsamples": 750}, "OnWN": {"pearson": [0.8318052031962108, 4.977885244295711e-145], "spearman": [0.8232419309249763, 1.4475280798070337e-139], "nsamples": 561}, "all": {"pearson": {"mean": 0.7779540767506052, "wmean": 0.8158352841191014}, "spearman": {"mean": 0.7789600436098757, "wmean": 0.8156962689064825}}}, "STS14": {"deft-forum": {"pearson": [0.6570830840490831, 5.923966765065e-57], "spearman": [0.6453949501290399, 2.2504461413770814e-54], "nsamples": 450}, "deft-news": {"pearson": [0.825570280230186, 4.9759583900301566e-76], "spearman": [0.8080668482097139, 1.8644964089429458e-70], "nsamples": 300}, "headlines": {"pearson": [0.8178657831146691, 1.0337887276044648e-181], "spearman": [0.7998937475227935, 4.957943400929118e-168], "nsamples": 750}, "images": {"pearson": [0.91779774436587, 2.7337206249034165e-302], "spearman": [0.8818678457966882, 1.9111071202812206e-246], "nsamples": 750}, "OnWN": {"pearson": [0.8674225873704513, 5.953411322033297e-229], "spearman": [0.8537967906813017, 3.0366343766560426e-214], "nsamples": 750}, "tweet-news": {"pearson": [0.7710127558802992, 9.587884207190602e-149], "spearman": [0.7293100932737376, 2.0437644183280833e-125], "nsamples": 750}, "all": {"pearson": {"mean": 0.8094587058350932, "wmean": 0.8197153666505628}, "spearman": {"mean": 0.7863883792688792, "wmean": 0.7950664373271662}}}, "STS15": {"answers-forums": {"pearson": [0.7580890733749716, 3.0696759490109833e-71], "spearman": [0.7560125552703495, 1.2157295749767111e-70], "nsamples": 375}, "answers-students": {"pearson": [0.7383559845853807, 4.283689662403346e-130], "spearman": [0.7406041864564203, 2.746246243992535e-131], "nsamples": 750}, "belief": {"pearson": [0.8270735536898263, 2.378872738528639e-95], "spearman": [0.8322627610997623, 1.3665890111251717e-97], "nsamples": 375}, "headlines": {"pearson": [0.8579628237416274, 1.4104992944799314e-218], "spearman": [0.8605110141064232, 2.6932312832970043e-221], "nsamples": 750}, "images": {"pearson": [0.9360911811787639, 0.0], "spearman": [0.938948573979959, 0.0], "nsamples": 750}, "all": {"pearson": {"mean": 0.8235145233141139, "wmean": 0.8312478257595427}, "spearman": {"mean": 0.825667818182583, "wmean": 0.8335503581819647}}}, "STS16": {"answer-answer": {"pearson": [0.7820869787715405, 1.114799881497128e-53], "spearman": [0.7773445876267756, 1.20808953802077e-52], "nsamples": 254}, "headlines": {"pearson": [0.8178748645592697, 3.1874204383635175e-61], "spearman": [0.8248274288989685, 4.13932412705396e-63], "nsamples": 249}, "plagiarism": {"pearson": [0.8475479048099264, 1.1553482399065187e-64], "spearman": [0.8580458011102067, 6.392093966132406e-68], "nsamples": 230}, "postediting": {"pearson": [0.8802501945446667, 2.604998126773354e-80], "spearman": [0.8818217477471284, 5.817507312273314e-81], "nsamples": 244}, "question-question": {"pearson": [0.7452014888403863, 2.7663231456857953e-38], "spearman": [0.7510139760058818, 3.554470058705752e-39], "nsamples": 209}, "all": {"pearson": {"mean": 0.8145922863051579, "wmean": 0.8159908184030792}, "spearman": {"mean": 0.8186107082777923, "wmean": 0.8198183109139294}}}}