{"MR": {"devacc": 82.66, "acc": 81.85, "ndev": 10662, "ntest": 10662}, "CR": {"devacc": 91.22, "acc": 90.6, "ndev": 3775, "ntest": 3775}, "SUBJ": {"devacc": 93.01, "acc": 92.49, "ndev": 10000, "ntest": 10000}, "MPQA": {"devacc": 89.77, "acc": 90.0, "ndev": 10606, "ntest": 10606}, "SST5": {"devacc": 40.05, "acc": 44.52, "ndev": 1101, "ntest": 2210}, "TREC": {"devacc": 77.0, "acc": 81.6, "ndev": 5452, "ntest": 500}, "MRPC": {"devacc": 75.02, "acc": 72.52, "f1": 78.42, "ndev": 4076, "ntest": 1725}, "STS12": {"MSRpar": {"pearson": [0.6866217095663757, 1.1530964053009333e-105], "spearman": [0.6793824355039778, 1.194714105691447e-102], "nsamples": 750}, "MSRvid": {"pearson": [0.9337353961918204, 0.0], "spearman": [0.9281823922463166, 2e-323], "nsamples": 750}, "SMTeuroparl": {"pearson": [0.5895290269789958, 2.6568343003172696e-44], "spearman": [0.629021268704672, 6.210952891915291e-52], "nsamples": 459}, "surprise.OnWN": {"pearson": [0.7579246966433445, 6.49189482617729e-141], "spearman": [0.706883833544617, 1.355426203906179e-114], "nsamples": 750}, "surprise.SMTnews": {"pearson": [0.6776830016687184, 5.876321711832957e-55], "spearman": [0.6140140990177396, 1.0383588787801518e-42], "nsamples": 399}, "all": {"pearson": {"mean": 0.7290987662098509, "wmean": 0.7479731958977907}, "spearman": {"mean": 0.7114968058034646, "wmean": 0.7302280835954653}}}, "STS13": {"FNWN": {"pearson": [0.682832983495642, 2.715166864889965e-27], "spearman": [0.6955099662311899, 1.1868117395412885e-28], "nsamples": 189}, "headlines": {"pearson": [0.8495722215657225, 5.505192632719065e-210], "spearman": [0.8520414429076273, 1.8531893745160864e-212], "nsamples": 750}, "OnWN": {"pearson": [0.8465694622657923, 3.248036126293745e-155], "spearman": [0.8401055562627454, 1.2541701347667352e-150], "nsamples": 561}, "all": {"pearson": {"mean": 0.792991555775719, "wmean": 0.8274400455907185}, "spearman": {"mean": 0.7958856551338541, "wmean": 0.8278544552412104}}}, "STS14": {"deft-forum": {"pearson": [0.6721249999240322, 1.8980295106131985e-60], "spearman": [0.6640640111618251, 1.5003180619315877e-58], "nsamples": 450}, "deft-news": {"pearson": [0.8452066101731072, 4.474477112546356e-83], "spearman": [0.8242091774399057, 1.4200504334387491e-75], "nsamples": 300}, "headlines": {"pearson": [0.8284844992600098, 1.57724029767778e-190], "spearman": [0.8086633379752581, 1.5888677638502588e-174], "nsamples": 750}, "images": {"pearson": [0.9217496706489768, 5.84206985799e-310], "spearman": [0.8851578160339911, 9.4547026638845e-251], "nsamples": 750}, "OnWN": {"pearson": [0.8793112374842204, 3.462944986875985e-243], "spearman": [0.8662156116720756, 1.3879671913520894e-227], "nsamples": 750}, "tweet-news": {"pearson": [0.7827618511188635, 3.117844054156784e-156], "spearman": [0.7367714917571885, 2.9194497204911756e-129], "nsamples": 750}, "all": {"pearson": {"mean": 0.821606478101535, "wmean": 0.8307329805071465}, "spearman": {"mean": 0.7975135743400408, "wmean": 0.8049860670223141}}}, "STS15": {"answers-forums": {"pearson": [0.7695311675508961, 1.2064445589907545e-74], "spearman": [0.7680932656454517, 3.313105627512314e-74], "nsamples": 375}, "answers-students": {"pearson": [0.755810617832545, 1.072656770337902e-139], "spearman": [0.7576405681289318, 9.48003384776075e-141], "nsamples": 750}, "belief": {"pearson": [0.8599090577432381, 5.579743427939188e-111], "spearman": [0.8695983744768288, 2.2774336475673194e-116], "nsamples": 375}, "headlines": {"pearson": [0.8660878928430672, 1.9333685914647197e-227], "spearman": [0.8685583240765002, 2.988971902105078e-230], "nsamples": 750}, "images": {"pearson": [0.9430149480843093, 0.0], "spearman": [0.9435897829907316, 0.0], "nsamples": 750}, "all": {"pearson": {"mean": 0.8388707368108111, "wmean": 0.8449083928517472}, "spearman": {"mean": 0.8414960630636887, "wmean": 0.847158623814326}}}, "STS16": {"answer-answer": {"pearson": [0.8026588345304555, 1.729314044830142e-58], "spearman": [0.7972853756488811, 3.527669323493082e-57], "nsamples": 254}, "headlines": {"pearson": [0.8247416153540513, 4.372403782472543e-63], "spearman": [0.8268231185601046, 1.1480426796528742e-63], "nsamples": 249}, "plagiarism": {"pearson": [0.8608878460207454, 7.561606499306205e-69], "spearman": [0.8699957443257735, 5.799202310464318e-72], "nsamples": 230}, "postediting": {"pearson": [0.8960039529971213, 2.7190814591652716e-87], "spearman": [0.8992227013586241, 7.410840044665219e-89], "nsamples": 244}, "question-question": {"pearson": [0.7624972034844306, 5.196549421858779e-41], "spearman": [0.7587606374713645, 2.1090673581424564e-40], "nsamples": 209}, "all": {"pearson": {"mean": 0.8293578904773609, "wmean": 0.8307142418534649}, "spearman": {"mean": 0.8304175154729496, "wmean": 0.8317704683762472}}}}