{"MR": {"devacc": 80.89, "acc": 80.28, "ndev": 10662, "ntest": 10662}, "CR": {"devacc": 90.19, "acc": 89.75, "ndev": 3775, "ntest": 3775}, "SUBJ": {"devacc": 91.2, "acc": 90.95, "ndev": 10000, "ntest": 10000}, "MPQA": {"devacc": 88.77, "acc": 88.99, "ndev": 10606, "ntest": 10606}, "SST5": {"devacc": 45.78, "acc": 46.7, "ndev": 1101, "ntest": 2210}, "TREC": {"devacc": 72.47, "acc": 81.8, "ndev": 5452, "ntest": 500}, "MRPC": {"devacc": 74.04, "acc": 72.41, "f1": 79.23, "ndev": 4076, "ntest": 1725}, "STS12": {"MSRpar": {"pearson": [0.6427382315877064, 1.2460253232974628e-88], "spearman": [0.6471167970163089, 3.326400501138298e-90], "nsamples": 750}, "MSRvid": {"pearson": [0.9259581050503918, 1.382504e-318], "spearman": [0.9209672948886015, 2.073606090126479e-308], "nsamples": 750}, "SMTeuroparl": {"pearson": [0.5726761457898799, 2.35506655225244e-41], "spearman": [0.611187205197754, 2.3581680837715448e-48], "nsamples": 459}, "surprise.OnWN": {"pearson": [0.7316160759944069, 1.3673878859666315e-126], "spearman": [0.687965207723759, 3.1082147864707676e-106], "nsamples": 750}, "surprise.SMTnews": {"pearson": [0.6888352778773155, 1.9843641811262044e-57], "spearman": [0.6355160138222758, 1.5892912342527954e-46], "nsamples": 399}, "all": {"pearson": {"mean": 0.7123647672599401, "wmean": 0.7281010090942672}, "spearman": {"mean": 0.7005505037297398, "wmean": 0.7162621594023033}}}, "STS13": {"FNWN": {"pearson": [0.5937693250284005, 2.1613623816926546e-19], "spearman": [0.6168600473689396, 3.3603185243039913e-21], "nsamples": 189}, "headlines": {"pearson": [0.8242491014954886, 6.104733585393278e-187], "spearman": [0.8286842682112451, 1.0622963825249093e-190], "nsamples": 750}, "OnWN": {"pearson": [0.8240766217410834, 4.377048304370253e-140], "spearman": [0.8176892993788121, 3.530285578657452e-136], "nsamples": 561}, "all": {"pearson": {"mean": 0.7473650160883242, "wmean": 0.7951441422324879}, "spearman": {"mean": 0.7544112049863322, "wmean": 0.7978822980417846}}}, "STS14": {"deft-forum": {"pearson": [0.660165038062041, 1.1832960159085018e-57], "spearman": [0.6599487727804912, 1.3257135680387184e-57], "nsamples": 450}, "deft-news": {"pearson": [0.8119744639014672, 1.1943941702710704e-71], "spearman": [0.8011101065940329, 2.131889974777969e-68], "nsamples": 300}, "headlines": {"pearson": [0.8122248936452804, 2.929612564386061e-177], "spearman": [0.7877099860366814, 1.58082777867602e-159], "nsamples": 750}, "images": {"pearson": [0.9137824174779718, 6.991159014871049e-295], "spearman": [0.8798947122519558, 6.344821674182964e-244], "nsamples": 750}, "OnWN": {"pearson": [0.856877113793821, 1.958021246830135e-217], "spearman": [0.852288455386455, 1.0424708592330092e-212], "nsamples": 750}, "tweet-news": {"pearson": [0.7598210297149718, 5.116960380890055e-142], "spearman": [0.7140002230284129, 6.477797481127758e-118], "nsamples": 750}, "all": {"pearson": {"mean": 0.8024741594325921, "wmean": 0.8127188526059714}, "spearman": {"mean": 0.7824920426796717, "wmean": 0.7900613366018826}}}, "STS15": {"answers-forums": {"pearson": [0.7464628457457114, 5.7325825428672994e-68], "spearman": [0.7490910703954914, 1.0830078320298712e-68], "nsamples": 375}, "answers-students": {"pearson": [0.7176348003475577, 1.1909827211768739e-119], "spearman": [0.7187176501647067, 3.5770946170819e-120], "nsamples": 750}, "belief": {"pearson": [0.8344633683016422, 1.4523545060581119e-98], "spearman": [0.8373166036620326, 7.555112900715053e-100], "nsamples": 375}, "headlines": {"pearson": [0.8513723147601319, 8.759235828243515e-212], "spearman": [0.8544710196986768, 6.170777815628116e-215], "nsamples": 750}, "images": {"pearson": [0.9318725634950971, 0.0], "spearman": [0.9339130529933906, 0.0], "nsamples": 750}, "all": {"pearson": {"mean": 0.816361178530028, "wmean": 0.8228356964066159}, "spearman": {"mean": 0.8187018793828595, "wmean": 0.825076389971384}}}, "STS16": {"answer-answer": {"pearson": [0.7406795471529161, 2.012742327935e-45], "spearman": [0.7291130538616476, 2.155584686189137e-43], "nsamples": 254}, "headlines": {"pearson": [0.8291807482638875, 2.4700354182420597e-64], "spearman": [0.8336849054371325, 1.2275823711010365e-65], "nsamples": 249}, "plagiarism": {"pearson": [0.8490838910857034, 3.996965571751321e-65], "spearman": [0.8612916306838231, 5.562113228406926e-69], "nsamples": 230}, "postediting": {"pearson": [0.8804064272448385, 2.2464319355093785e-80], "spearman": [0.884066141066108, 6.586910882347735e-82], "nsamples": 244}, "question-question": {"pearson": [0.7425414759982834, 6.945302449458058e-38], "spearman": [0.7454876956788126, 2.5037516935409013e-38], "nsamples": 209}, "all": {"pearson": {"mean": 0.8083784179491257, "wmean": 0.8093577090857017}, "spearman": {"mean": 0.8107286853455047, "wmean": 0.8114657664493979}}}}