{"MR": {"devacc": 82.61, "acc": 82.17, "ndev": 10662, "ntest": 10662}, "CR": {"devacc": 91.19, "acc": 90.38, "ndev": 3775, "ntest": 3775}, "SUBJ": {"devacc": 92.98, "acc": 92.32, "ndev": 10000, "ntest": 10000}, "MPQA": {"devacc": 90.04, "acc": 90.2, "ndev": 10606, "ntest": 10606}, "SST5": {"devacc": 44.5, "acc": 49.1, "ndev": 1101, "ntest": 2210}, "TREC": {"devacc": 80.43, "acc": 88.0, "ndev": 5452, "ntest": 500}, "MRPC": {"devacc": 75.71, "acc": 75.36, "f1": 82.33, "ndev": 4076, "ntest": 1725}, "STS12": {"MSRpar": {"pearson": [0.6926140600015454, 3.1492972013686953e-108], "spearman": [0.6849921643778801, 5.601476913345595e-105], "nsamples": 750}, "MSRvid": {"pearson": [0.9358065590392002, 0.0], "spearman": [0.929882664482339, 0.0], "nsamples": 750}, "SMTeuroparl": {"pearson": [0.5989262120204707, 5.061019576888827e-46], "spearman": [0.6355820729722891, 2.611300451315439e-53], "nsamples": 459}, "surprise.OnWN": {"pearson": [0.7530940844553813, 3.779959400959845e-138], "spearman": [0.7071827642843763, 9.876523578024325e-115], "nsamples": 750}, "surprise.SMTnews": {"pearson": [0.6874318719194569, 4.1187614964964815e-57], "spearman": [0.6285420976365101, 2.9610195955166805e-45], "nsamples": 399}, "all": {"pearson": {"mean": 0.7335745574872108, "wmean": 0.7513926884927138}, "spearman": {"mean": 0.7172363527506789, "wmean": 0.7348982185681129}}}, "STS13": {"FNWN": {"pearson": [0.6353335119659245, 9.301651669545695e-23], "spearman": [0.6634161950378729, 2.4410615838263034e-25], "nsamples": 189}, "headlines": {"pearson": [0.8433367807871106, 6.2006504921625656e-204], "spearman": [0.8458209744506592, 2.592377097174935e-206], "nsamples": 750}, "OnWN": {"pearson": [0.8415817018090024, 1.1724677017225597e-151], "spearman": [0.8347690536481263, 5.416068205658524e-147], "nsamples": 561}, "all": {"pearson": {"mean": 0.7734173315206792, "wmean": 0.8164719693778286}, "spearman": {"mean": 0.7813354077122194, "wmean": 0.8187045538645008}}}, "STS14": {"deft-forum": {"pearson": [0.671242066088993, 3.083934284299748e-60], "spearman": [0.6584260854117423, 2.9430837574012805e-57], "nsamples": 450}, "deft-news": {"pearson": [0.8449221492420116, 5.750658152227296e-83], "spearman": [0.8272889200088902, 1.306565113379068e-76], "nsamples": 300}, "headlines": {"pearson": [0.8294538422865914, 2.3062150819811367e-191], "spearman": [0.8086863388877221, 1.52621009753942e-174], "nsamples": 750}, "images": {"pearson": [0.9245646586365688, 1.12762208e-315], "spearman": [0.8872423581484562, 1.5093653119531956e-253], "nsamples": 750}, "OnWN": {"pearson": [0.8806057162391419, 7.926769483733245e-245], "spearman": [0.8685452057700014, 3.094552759677534e-230], "nsamples": 750}, "tweet-news": {"pearson": [0.7920863342891483, 1.6226421727120011e-162], "spearman": [0.7438368849703518, 5.026878575286968e-133], "nsamples": 750}, "all": {"pearson": {"mean": 0.8238124611304092, "wmean": 0.8334849301603302}, "spearman": {"mean": 0.7990042988661941, "wmean": 0.8068564014054266}}}, "STS15": {"answers-forums": {"pearson": [0.7779312651583646, 2.8388725639260943e-77], "spearman": [0.7789752439122254, 1.3135373581674608e-77], "nsamples": 375}, "answers-students": {"pearson": [0.7547755126671297, 4.191117464779689e-139], "spearman": [0.7577478619029852, 8.217519315325005e-141], "nsamples": 750}, "belief": {"pearson": [0.8404787086924599, 2.667233601393899e-101], "spearman": [0.8453383774384117, 1.3530911756384087e-103], "nsamples": 375}, "headlines": {"pearson": [0.8630866669594428, 4.231196613104105e-224], "spearman": [0.8665449024984461, 5.896453593847927e-228], "nsamples": 750}, "images": {"pearson": [0.942615836952646, 0.0], "spearman": [0.9434836681837291, 0.0], "nsamples": 750}, "all": {"pearson": {"mean": 0.8357775980860087, "wmean": 0.8424207508761578}, "spearman": {"mean": 0.8384180107871595, "wmean": 0.8449833108151197}}}, "STS16": {"answer-answer": {"pearson": [0.7969231266640281, 4.308749782008724e-57], "spearman": [0.795069685385112, 1.191356626664916e-56], "nsamples": 254}, "headlines": {"pearson": [0.8311066425871142, 6.918379673162106e-65], "spearman": [0.8311246620352818, 6.835970225214752e-65], "nsamples": 249}, "plagiarism": {"pearson": [0.8619743090968304, 3.302048227689387e-69], "spearman": [0.871388977549372, 1.8454628399515893e-72], "nsamples": 230}, "postediting": {"pearson": [0.8885607386613998, 7.309613514346058e-84], "spearman": [0.893863921480001, 2.7957250905940768e-86], "nsamples": 244}, "question-question": {"pearson": [0.7478980083920849, 1.0752901887557189e-38], "spearman": [0.7549871376809639, 8.459390550057887e-40], "nsamples": 209}, "all": {"pearson": {"mean": 0.8252925650802914, "wmean": 0.8269288560341087}, "spearman": {"mean": 0.8292868768261462, "wmean": 0.8307017827887022}}}}