{"MR": {"devacc": 82.93, "acc": 82.04, "ndev": 10662, "ntest": 10662}, "CR": {"devacc": 91.02, "acc": 90.52, "ndev": 3775, "ntest": 3775}, "SUBJ": {"devacc": 93.25, "acc": 92.93, "ndev": 10000, "ntest": 10000}, "MPQA": {"devacc": 90.2, "acc": 90.39, "ndev": 10606, "ntest": 10606}, "SST5": {"devacc": 47.68, "acc": 49.82, "ndev": 1101, "ntest": 2210}, "TREC": {"devacc": 78.01, "acc": 85.6, "ndev": 5452, "ntest": 500}, "MRPC": {"devacc": 74.83, "acc": 65.04, "f1": 68.18, "ndev": 4076, "ntest": 1725}, "STS12": {"MSRpar": {"pearson": [0.6986797445715807, 6.890634649642637e-111], "spearman": [0.6803884404475985, 4.607306849197899e-103], "nsamples": 750}, "MSRvid": {"pearson": [0.9340858681236099, 0.0], "spearman": [0.9284804060975695, 0.0], "nsamples": 750}, "SMTeuroparl": {"pearson": [0.6053960973994122, 3.0654353339994347e-47], "spearman": [0.6504196546149931, 1.5068785978123642e-56], "nsamples": 459}, "surprise.OnWN": {"pearson": [0.7585814658222872, 2.700195744348362e-141], "spearman": [0.7108242749339629, 2.0223828088391433e-116], "nsamples": 750}, "surprise.SMTnews": {"pearson": [0.670354873604926, 2.159938333283046e-53], "spearman": [0.6101068431942249, 4.768808501828077e-42], "nsamples": 399}, "all": {"pearson": {"mean": 0.7334196099043633, "wmean": 0.7525285431669254}, "spearman": {"mean": 0.7160439238576698, "wmean": 0.7341522178288693}}}, "STS13": {"FNWN": {"pearson": [0.6594851897121015, 5.828070345511875e-25], "spearman": [0.6737936829444814, 2.3006819266909594e-26], "nsamples": 189}, "headlines": {"pearson": [0.8457011013871872, 3.384128069521702e-206], "spearman": [0.8490467706106143, 1.8249990517926607e-209], "nsamples": 750}, "OnWN": {"pearson": [0.8417200278017566, 9.37801384891513e-152], "spearman": [0.8336839062240733, 2.8643098396956337e-146], "nsamples": 561}, "all": {"pearson": {"mean": 0.7823021063003485, "wmean": 0.8207489749951754}, "spearman": {"mean": 0.7855081199263897, "wmean": 0.8212191702841153}}}, "STS14": {"deft-forum": {"pearson": [0.6675092472637717, 2.356789719144031e-59], "spearman": [0.6593306607609923, 1.8335395159339182e-57], "nsamples": 450}, "deft-news": {"pearson": [0.8485520786164773, 2.251044699463607e-84], "spearman": [0.8249187401565296, 8.229533870959366e-76], "nsamples": 300}, "headlines": {"pearson": [0.8240614972302793, 8.756870246741014e-187], "spearman": [0.8028527460913661, 3.4734331870936604e-170], "nsamples": 750}, "images": {"pearson": [0.9252908553841296, 3.482495e-317], "spearman": [0.8876610253436137, 4.0776602724268944e-254], "nsamples": 750}, "OnWN": {"pearson": [0.877322690794621, 1.0541383804813325e-240], "spearman": [0.8641223005881942, 3.040326692256988e-225], "nsamples": 750}, "tweet-news": {"pearson": [0.7830104079608953, 2.139992463255676e-156], "spearman": [0.740784982553534, 2.19915338330631e-131], "nsamples": 750}, "all": {"pearson": {"mean": 0.8209577962083624, "wmean": 0.829922366234956}, "spearman": {"mean": 0.7966117425823717, "wmean": 0.8041973894191831}}}, "STS15": {"answers-forums": {"pearson": [0.785189692928964, 1.2232545137485595e-79], "spearman": [0.7887341064673381, 7.918338868246047e-81], "nsamples": 375}, "answers-students": {"pearson": [0.7536654417922455, 1.7938524922928096e-138], "spearman": [0.7537754418551958, 1.5536903180888238e-138], "nsamples": 750}, "belief": {"pearson": [0.8485681874186327, 3.6472691968586004e-105], "spearman": [0.8564256872594558, 3.8535838913747132e-109], "nsamples": 375}, "headlines": {"pearson": [0.8632947476455375, 2.4972143270559975e-224], "spearman": [0.8665895633945999, 5.249159005450208e-228], "nsamples": 750}, "images": {"pearson": [0.9407588839088956, 0.0], "spearman": [0.9421936779930434, 0.0], "nsamples": 750}, "all": {"pearson": {"mean": 0.8382953907388551, "wmean": 0.8436495033801191}, "spearman": {"mean": 0.8415436953939267, "wmean": 0.8462846450265591}}}, "STS16": {"answer-answer": {"pearson": [0.7897837579536694, 2.0468973998287845e-55], "spearman": [0.7873567218984063, 7.350558125770974e-55], "nsamples": 254}, "headlines": {"pearson": [0.8331263688300728, 1.7898668876529942e-65], "spearman": [0.839047055293451, 3.0561086204227294e-67], "nsamples": 249}, "plagiarism": {"pearson": [0.8621603149543374, 2.86333024954063e-69], "spearman": [0.8692051934351449, 1.1040222111931427e-71], "nsamples": 230}, "postediting": {"pearson": [0.8864455823492714, 6.224350227646633e-83], "spearman": [0.8899476549044567, 1.7526347457392802e-84], "nsamples": 244}, "question-question": {"pearson": [0.749862282851263, 5.361568542866191e-39], "spearman": [0.7532238950966258, 1.6050036288975675e-39], "nsamples": 209}, "all": {"pearson": {"mean": 0.8242756613877228, "wmean": 0.825770954475172}, "spearman": {"mean": 0.8277561041256168, "wmean": 0.8291733056426898}}}}