{"MR": {"devacc": 80.5, "acc": 79.53, "ndev": 10662, "ntest": 10662}, "CR": {"devacc": 89.6, "acc": 89.08, "ndev": 3775, "ntest": 3775}, "SUBJ": {"devacc": 90.2, "acc": 90.22, "ndev": 10000, "ntest": 10000}, "MPQA": {"devacc": 87.91, "acc": 88.32, "ndev": 10606, "ntest": 10606}, "SST5": {"devacc": 42.96, "acc": 44.62, "ndev": 1101, "ntest": 2210}, "TREC": {"devacc": 71.99, "acc": 81.8, "ndev": 5452, "ntest": 500}, "MRPC": {"devacc": 73.75, "acc": 74.03, "f1": 81.61, "ndev": 4076, "ntest": 1725}, "STS12": {"MSRpar": {"pearson": [0.6790833282990518, 1.5848232899919487e-102], "spearman": [0.6628415291264896, 4.475745367104296e-96], "nsamples": 750}, "MSRvid": {"pearson": [0.9143057040804942, 7.941070063382543e-296], "spearman": [0.9090101246362333, 1.5553948153943156e-286], "nsamples": 750}, "SMTeuroparl": {"pearson": [0.6156542837029579, 3.143951837346582e-49], "spearman": [0.6499228918806815, 1.9473775255068113e-56], "nsamples": 459}, "surprise.OnWN": {"pearson": [0.7256943105794393, 1.3423902748806081e-123], "spearman": [0.6813434887685507, 1.8580152224115772e-103], "nsamples": 750}, "surprise.SMTnews": {"pearson": [0.6497232853606714, 3.2344934076024713e-49], "spearman": [0.5895398970163397, 1.0384873119169746e-38], "nsamples": 399}, "all": {"pearson": {"mean": 0.7168921824045229, "wmean": 0.7339566970070155}, "spearman": {"mean": 0.6985315862856589, "wmean": 0.715391693430247}}}, "STS13": {"FNWN": {"pearson": [0.6222857518512854, 1.2010676150076449e-21], "spearman": [0.6426724814912603, 2.0891663191210363e-23], "nsamples": 189}, "headlines": {"pearson": [0.8239106171500187, 1.1701048795111616e-186], "spearman": [0.8249539134005015, 1.5680286724033124e-187], "nsamples": 750}, "OnWN": {"pearson": [0.8069027101195014, 6.434499802329878e-130], "spearman": [0.7986875150920164, 2.075925793338387e-125], "nsamples": 561}, "all": {"pearson": {"mean": 0.7510330263736019, "wmean": 0.7921449268929649}, "spearman": {"mean": 0.7554379699945928, "wmean": 0.7921628200125637}}}, "STS14": {"deft-forum": {"pearson": [0.6547205505881452, 2.010450251773544e-56], "spearman": [0.6441374353967521, 4.1985975664683845e-54], "nsamples": 450}, "deft-news": {"pearson": [0.8144123989258659, 2.0813773148157457e-72], "spearman": [0.797486039083277, 2.3381555280106738e-67], "nsamples": 300}, "headlines": {"pearson": [0.8048812483311955, 1.1025951447466554e-171], "spearman": [0.7896414626609892, 7.738465647349944e-161], "nsamples": 750}, "images": {"pearson": [0.8900501049830034, 2.1045580685310745e-257], "spearman": [0.8559166881070955, 1.9705577055197967e-216], "nsamples": 750}, "OnWN": {"pearson": [0.8499753646674119, 2.1881844229866282e-210], "spearman": [0.8412281960960051, 6.014283966745067e-202], "nsamples": 750}, "tweet-news": {"pearson": [0.7569684486078585, 2.3168207315363667e-140], "spearman": [0.7112281851350359, 1.3089746157915646e-116], "nsamples": 750}, "all": {"pearson": {"mean": 0.7951680193505801, "wmean": 0.8040944913025406}, "spearman": {"mean": 0.7732730010798591, "wmean": 0.7806982817740975}}}, "STS15": {"answers-forums": {"pearson": [0.74782140815796, 2.4286863541884792e-68], "spearman": [0.7513894209973387, 2.4792759004751404e-69], "nsamples": 375}, "answers-students": {"pearson": [0.6981774595844591, 1.150973000977916e-110], "spearman": [0.7006149950870145, 9.450357715926456e-112], "nsamples": 750}, "belief": {"pearson": [0.791310969545218, 1.0467111714932683e-81], "spearman": [0.7927989439830292, 3.2113835870588246e-82], "nsamples": 375}, "headlines": {"pearson": [0.8472889687216589, 9.730779271143339e-208], "spearman": [0.8517287397414954, 3.8332693856736993e-212], "nsamples": 750}, "images": {"pearson": [0.9252761181836228, 3.7384475e-317], "spearman": [0.927440942556806, 9.5e-322], "nsamples": 750}, "all": {"pearson": {"mean": 0.8019749848385839, "wmean": 0.8100771838353324}, "spearman": {"mean": 0.8047946084731367, "wmean": 0.812969714968875}}}, "STS16": {"answer-answer": {"pearson": [0.7653430122473225, 3.8979720381408983e-50], "spearman": [0.762368339030941, 1.5471940942981557e-49], "nsamples": 254}, "headlines": {"pearson": [0.821977139094803, 2.5134388332447397e-62], "spearman": [0.8264051173085718, 1.5038558427604151e-63], "nsamples": 249}, "plagiarism": {"pearson": [0.8323677213266605, 2.2991118062302668e-60], "spearman": [0.8387289812790039, 4.11646270131423e-62], "nsamples": 230}, "postediting": {"pearson": [0.8728766256051796, 2.254035914398906e-77], "spearman": [0.8767477743020048, 6.830576505072943e-79], "nsamples": 244}, "question-question": {"pearson": [0.7218506287489003, 6.185951365299314e-35], "spearman": [0.7237122450810994, 3.443719430239427e-35], "nsamples": 209}, "all": {"pearson": {"mean": 0.8028830254045731, "wmean": 0.8046902923328345}, "spearman": {"mean": 0.8055924914003242, "wmean": 0.8073409900248761}}}}