{"MR": {"devacc": 81.23, "acc": 80.59, "ndev": 10662, "ntest": 10662}, "CR": {"devacc": 89.79, "acc": 89.67, "ndev": 3775, "ntest": 3775}, "SUBJ": {"devacc": 90.26, "acc": 89.76, "ndev": 10000, "ntest": 10000}, "MPQA": {"devacc": 87.82, "acc": 87.71, "ndev": 10606, "ntest": 10606}, "SST5": {"devacc": 45.23, "acc": 46.2, "ndev": 1101, "ntest": 2210}, "TREC": {"devacc": 68.78, "acc": 80.2, "ndev": 5452, "ntest": 500}, "MRPC": {"devacc": 73.41, "acc": 68.75, "f1": 75.44, "ndev": 4076, "ntest": 1725}, "STS12": {"MSRpar": {"pearson": [0.6385174385670604, 3.87438523466213e-87], "spearman": [0.6251166150621799, 1.4995998371648387e-82], "nsamples": 750}, "MSRvid": {"pearson": [0.9192894310928778, 3.870749006517521e-305], "spearman": [0.9132881396689085, 5.3869565649839465e-294], "nsamples": 750}, "SMTeuroparl": {"pearson": [0.589487686557533, 2.702760873880092e-44], "spearman": [0.6388902773618115, 5.130470370046137e-54], "nsamples": 459}, "surprise.OnWN": {"pearson": [0.7309472738272866, 3.004671671183607e-126], "spearman": [0.6744943191407239, 1.1603169941274028e-100], "nsamples": 750}, "surprise.SMTnews": {"pearson": [0.6803407297342701, 1.5491567486127427e-55], "spearman": [0.6234153809250423, 2.4255298434614407e-44], "nsamples": 399}, "all": {"pearson": {"mean": 0.7117165119558055, "wmean": 0.7267041206271878}, "spearman": {"mean": 0.6950409464317332, "wmean": 0.7083872843314102}}}, "STS13": {"FNWN": {"pearson": [0.6062687355740918, 2.366453577340834e-20], "spearman": [0.6312172453248109, 2.1123288924165556e-22], "nsamples": 189}, "headlines": {"pearson": [0.8244816000414154, 3.9014925214165947e-187], "spearman": [0.8266002775388385, 6.3981973046192625e-189], "nsamples": 750}, "OnWN": {"pearson": [0.8317850261904578, 5.131910609230536e-145], "spearman": [0.822585427708402, 3.69200409086115e-139], "nsamples": 561}, "all": {"pearson": {"mean": 0.7541784539353217, "wmean": 0.7997182604982745}, "spearman": {"mean": 0.7601343168573504, "wmean": 0.8004804616432878}}}, "STS14": {"deft-forum": {"pearson": [0.6463951253317831, 1.3675545998731975e-54], "spearman": [0.6351749372501326, 3.2892786167957516e-52], "nsamples": 450}, "deft-news": {"pearson": [0.8010736700357289, 2.1843839688623114e-68], "spearman": [0.7873901029887426, 1.4388510147031218e-64], "nsamples": 300}, "headlines": {"pearson": [0.7980434933379549, 1.0572944944172976e-166], "spearman": [0.7826678316917569, 3.5943631816444353e-156], "nsamples": 750}, "images": {"pearson": [0.8987435217135855, 4.848449165946383e-270], "spearman": [0.8602969003113748, 4.579505546374931e-221], "nsamples": 750}, "OnWN": {"pearson": [0.8695123446543441, 2.3699859143603155e-231], "spearman": [0.854394845616471, 7.390993977880102e-215], "nsamples": 750}, "tweet-news": {"pearson": [0.7533659287580151, 2.652073622021264e-138], "spearman": [0.7141877471899228, 5.278969410685134e-118], "nsamples": 750}, "all": {"pearson": {"mean": 0.7945223473052353, "wmean": 0.8055863663354522}, "spearman": {"mean": 0.7723520608414002, "wmean": 0.7815216656710205}}}, "STS15": {"answers-forums": {"pearson": [0.7305776620538762, 8.904872943676704e-64], "spearman": [0.7341394398599809, 1.0868134733625416e-64], "nsamples": 375}, "answers-students": {"pearson": [0.7205415842930197, 4.65645521684991e-121], "spearman": [0.7236724095380599, 1.3536786536769705e-122], "nsamples": 750}, "belief": {"pearson": [0.8179436697121504, 1.388761413840039e-91], "spearman": [0.8255203845036091, 1.077779562996978e-94], "nsamples": 375}, "headlines": {"pearson": [0.8449183583128204, 1.9179548757392863e-205], "spearman": [0.848544803287672, 5.710057343738209e-209], "nsamples": 750}, "images": {"pearson": [0.9198932744220353, 2.623195323700995e-306], "spearman": [0.9208812988503523, 3.062923242091626e-308], "nsamples": 750}, "all": {"pearson": {"mean": 0.8067749097587804, "wmean": 0.8149034707277221}, "spearman": {"mean": 0.8105516672079348, "wmean": 0.8182321059644697}}}, "STS16": {"answer-answer": {"pearson": [0.7652182360210117, 4.1317145759006314e-50], "spearman": [0.7626862131458477, 1.33655581101099e-49], "nsamples": 254}, "headlines": {"pearson": [0.8140727411089247, 3.1719726803273637e-60], "spearman": [0.8162586359471811, 8.520332582171237e-61], "nsamples": 249}, "plagiarism": {"pearson": [0.8531204895398987, 2.319414710275513e-66], "spearman": [0.8647432540928228, 3.8695843636161975e-70], "nsamples": 230}, "postediting": {"pearson": [0.8735373654400712, 1.25119785373702e-77], "spearman": [0.8796724688500703, 4.4962825389573974e-80], "nsamples": 244}, "question-question": {"pearson": [0.7289254895455679, 6.508132378541044e-36], "spearman": [0.7226217655390392, 4.856094578312474e-35], "nsamples": 209}, "all": {"pearson": {"mean": 0.8069748643310948, "wmean": 0.8084112997993567}, "spearman": {"mean": 0.8091964675149923, "wmean": 0.8107332869547378}}}}