{"MR": {"devacc": 82.45, "acc": 80.53, "ndev": 10662, "ntest": 10662}, "CR": {"devacc": 90.86, "acc": 90.67, "ndev": 3775, "ntest": 3775}, "SUBJ": {"devacc": 92.77, "acc": 92.73, "ndev": 10000, "ntest": 10000}, "MPQA": {"devacc": 89.71, "acc": 89.6, "ndev": 10606, "ntest": 10606}, "SST5": {"devacc": 43.42, "acc": 47.29, "ndev": 1101, "ntest": 2210}, "TREC": {"devacc": 77.82, "acc": 87.6, "ndev": 5452, "ntest": 500}, "MRPC": {"devacc": 75.02, "acc": 75.36, "f1": 82.23, "ndev": 4076, "ntest": 1725}, "STS12": {"MSRpar": {"pearson": [0.6750844269403719, 6.709662089212874e-101], "spearman": [0.6619978220188064, 9.439073557580253e-96], "nsamples": 750}, "MSRvid": {"pearson": [0.9331485071117326, 0.0], "spearman": [0.9286276531078456, 0.0], "nsamples": 750}, "SMTeuroparl": {"pearson": [0.5882263865123754, 4.553914055224082e-44], "spearman": [0.6246049688606892, 5.025346912935964e-51], "nsamples": 459}, "surprise.OnWN": {"pearson": [0.7536721516138304, 1.7781975979605255e-138], "spearman": [0.7072875323401615, 8.838576833542127e-115], "nsamples": 750}, "surprise.SMTnews": {"pearson": [0.6732041405834353, 5.384904444493585e-54], "spearman": [0.6031450547734095, 6.84672007774578e-41], "nsamples": 399}, "all": {"pearson": {"mean": 0.7246671225523491, "wmean": 0.7432539181954383}, "spearman": {"mean": 0.7051326062201824, "wmean": 0.7241902552000504}}}, "STS13": {"FNWN": {"pearson": [0.643807431295751, 1.6523089497427946e-23], "spearman": [0.672378894929741, 3.1926025169180184e-26], "nsamples": 189}, "headlines": {"pearson": [0.8479375733523279, 2.2568346947644165e-208], "spearman": [0.8513649758162268, 8.909353026972998e-212], "nsamples": 750}, "OnWN": {"pearson": [0.8488538665731709, 6.912787094751614e-157], "spearman": [0.8367842322204515, 2.378794126362283e-148], "nsamples": 561}, "all": {"pearson": {"mean": 0.7801996237404166, "wmean": 0.8225598691177944}, "spearman": {"mean": 0.7868427009888065, "wmean": 0.8233595315197098}}}, "STS14": {"deft-forum": {"pearson": [0.673605978689751, 8.376665874428713e-61], "spearman": [0.6634321904064467, 2.101081674985296e-58], "nsamples": 450}, "deft-news": {"pearson": [0.8485442217188738, 2.26709664103103e-84], "spearman": [0.8330544509409544, 1.3180732381033122e-78], "nsamples": 300}, "headlines": {"pearson": [0.8259046553441264, 2.4822743314451082e-188], "spearman": [0.8067002332252247, 4.827705740904264e-173], "nsamples": 750}, "images": {"pearson": [0.9225728339410478, 1.312284548189e-311], "spearman": [0.8869660721399603, 3.569841454532421e-253], "nsamples": 750}, "OnWN": {"pearson": [0.8860402803325319, 6.285009253277495e-252], "spearman": [0.8721020482664934, 2.1994648067349758e-234], "nsamples": 750}, "tweet-news": {"pearson": [0.7887330040820466, 3.210904110666843e-160], "spearman": [0.739106016133453, 1.7185547174639656e-130], "nsamples": 750}, "all": {"pearson": {"mean": 0.8242334956847296, "wmean": 0.8333664099202305}, "spearman": {"mean": 0.8002268351854221, "wmean": 0.8072310928770762}}}, "STS15": {"answers-forums": {"pearson": [0.7723117937752324, 1.67480996119329e-75], "spearman": [0.776572199948124, 7.693908851755155e-77], "nsamples": 375}, "answers-students": {"pearson": [0.748189928298675, 2.088612192736787e-135], "spearman": [0.7488894998828852, 8.561761094999917e-136], "nsamples": 750}, "belief": {"pearson": [0.8458278591045808, 7.867055651229536e-104], "spearman": [0.855685040015615, 9.346976921057887e-109], "nsamples": 375}, "headlines": {"pearson": [0.8634685080516635, 1.6066840788989395e-224], "spearman": [0.8660787193461271, 1.9799180162512605e-227], "nsamples": 750}, "images": {"pearson": [0.9411148390641073, 0.0], "spearman": [0.9428211164388124, 0.0], "nsamples": 750}, "all": {"pearson": {"mean": 0.8341825856588517, "wmean": 0.8404607754635881}, "spearman": {"mean": 0.8380093151263127, "wmean": 0.8434794889124235}}}, "STS16": {"answer-answer": {"pearson": [0.7870935569563545, 8.435026851424624e-55], "spearman": [0.7847747077627979, 2.8123492783400664e-54], "nsamples": 254}, "headlines": {"pearson": [0.8304063999293003, 1.1009492189371327e-64], "spearman": [0.83309331197251, 1.8301825267474908e-65], "nsamples": 249}, "plagiarism": {"pearson": [0.8576263599089563, 8.724664042438444e-68], "spearman": [0.8679056439989659, 3.15265137622186e-71], "nsamples": 230}, "postediting": {"pearson": [0.8902088662533262, 1.336447463714348e-84], "spearman": [0.8921740123156509, 1.700222831074038e-85], "nsamples": 244}, "question-question": {"pearson": [0.745887274038665, 2.1778405344901144e-38], "spearman": [0.7419656514430946, 8.46421675707729e-38], "nsamples": 209}, "all": {"pearson": {"mean": 0.8222444914173204, "wmean": 0.8238182322666631}, "spearman": {"mean": 0.823982665498604, "wmean": 0.8255924019639911}}}}