{"MR": {"devacc": 82.07, "acc": 81.99, "ndev": 10662, "ntest": 10662}, "CR": {"devacc": 90.35, "acc": 89.96, "ndev": 3775, "ntest": 3775}, "SUBJ": {"devacc": 92.03, "acc": 91.93, "ndev": 10000, "ntest": 10000}, "MPQA": {"devacc": 89.35, "acc": 88.59, "ndev": 10606, "ntest": 10606}, "SST5": {"devacc": 44.6, "acc": 47.69, "ndev": 1101, "ntest": 2210}, "TREC": {"devacc": 74.03, "acc": 81.4, "ndev": 5452, "ntest": 500}, "MRPC": {"devacc": 73.97, "acc": 69.62, "f1": 75.94, "ndev": 4076, "ntest": 1725}, "STS12": {"MSRpar": {"pearson": [0.6795277262653036, 1.0413619067035506e-102], "spearman": [0.670901558365829, 3.1692955595924815e-99], "nsamples": 750}, "MSRvid": {"pearson": [0.9282627474664065, 2e-323], "spearman": [0.9247124477175135, 5.57233994e-316], "nsamples": 750}, "SMTeuroparl": {"pearson": [0.5869077377692977, 7.837971947196275e-44], "spearman": [0.6184395521242233, 8.804495380433721e-50], "nsamples": 459}, "surprise.OnWN": {"pearson": [0.7463510356667109, 2.1469250349031623e-134], "spearman": [0.7072659544145794, 9.043068044252037e-115], "nsamples": 750}, "surprise.SMTnews": {"pearson": [0.6656450871737205, 2.0750147750201056e-52], "spearman": [0.6129102533008115, 1.6007558241802156e-42], "nsamples": 399}, "all": {"pearson": {"mean": 0.7213388668682879, "wmean": 0.7402153067783905}, "spearman": {"mean": 0.7068459531845914, "wmean": 0.7257319549116742}}}, "STS13": {"FNWN": {"pearson": [0.62886313013273, 3.358035748160004e-22], "spearman": [0.6492601396222303, 5.279188571108447e-24], "nsamples": 189}, "headlines": {"pearson": [0.8411829562496019, 6.629652547382184e-202], "spearman": [0.8455182838238895, 5.079069674976584e-206], "nsamples": 750}, "OnWN": {"pearson": [0.8289712423067265, 3.4577679006034713e-143], "spearman": [0.8178683489327191, 2.7567604761696792e-136], "nsamples": 561}, "all": {"pearson": {"mean": 0.7663391095630194, "wmean": 0.8098634771442406}, "spearman": {"mean": 0.7708822574596129, "wmean": 0.8104486820051826}}}, "STS14": {"deft-forum": {"pearson": [0.6625153512695483, 3.420168834506105e-58], "spearman": [0.6508668197105099, 1.4413578176513361e-55], "nsamples": 450}, "deft-news": {"pearson": [0.818838122447361, 8.162615255510097e-74], "spearman": [0.8078547361429189, 2.1605098212238434e-70], "nsamples": 300}, "headlines": {"pearson": [0.8066560961981035, 5.210503257101466e-173], "spearman": [0.7884438221936484, 5.043141766443917e-160], "nsamples": 750}, "images": {"pearson": [0.9187689151462793, 3.873769964733262e-304], "spearman": [0.8828020573772557, 1.179877264963136e-247], "nsamples": 750}, "OnWN": {"pearson": [0.8630042291173103, 5.212996761524211e-224], "spearman": [0.854675083305312, 3.803573367148021e-215], "nsamples": 750}, "tweet-news": {"pearson": [0.7841801886040619, 3.616549310149039e-157], "spearman": [0.7300957648061147, 8.158672596606622e-126], "nsamples": 750}, "all": {"pearson": {"mean": 0.8089938171304442, "wmean": 0.8195307777612857}, "spearman": {"mean": 0.7857897139226265, "wmean": 0.7939357427931608}}}, "STS15": {"answers-forums": {"pearson": [0.7548258584714548, 2.6530659731655488e-70], "spearman": [0.7571910012457624, 5.576357525410444e-71], "nsamples": 375}, "answers-students": {"pearson": [0.7496017073470054, 3.443115588253193e-136], "spearman": [0.751461057986065, 3.146274134813522e-137], "nsamples": 750}, "belief": {"pearson": [0.8241706840969744, 3.9579260961060633e-94], "spearman": [0.8300359524312659, 1.2778752360119551e-96], "nsamples": 375}, "headlines": {"pearson": [0.8533290206717982, 9.130283287628386e-214], "spearman": [0.8565541590582783, 4.264102897807521e-217], "nsamples": 750}, "images": {"pearson": [0.9330498425773579, 0.0], "spearman": [0.9346775182749383, 0.0], "nsamples": 750}, "all": {"pearson": {"mean": 0.822995422632918, "wmean": 0.8313697104700941}, "spearman": {"mean": 0.8259839377992619, "wmean": 0.8340765530394489}}}, "STS16": {"answer-answer": {"pearson": [0.7905391662299395, 1.3701991160957414e-55], "spearman": [0.79184184808975, 6.831084424578143e-56], "nsamples": 254}, "headlines": {"pearson": [0.8198339006216492, 9.552687230888098e-62], "spearman": [0.8210500151698947, 4.488026800103112e-62], "nsamples": 249}, "plagiarism": {"pearson": [0.8578618631357521, 7.327308755116917e-68], "spearman": [0.8675408553477159, 4.223987661325679e-71], "nsamples": 230}, "postediting": {"pearson": [0.8815353741816399, 7.657111765220244e-81], "spearman": [0.8838870060962227, 7.850667270496296e-82], "nsamples": 244}, "question-question": {"pearson": [0.7167551025458859, 3.000578792857833e-34], "spearman": [0.7178452426356241, 2.1466320254420938e-34], "nsamples": 209}, "all": {"pearson": {"mean": 0.8133050813429733, "wmean": 0.8154639677325705}, "spearman": {"mean": 0.8164329934678415, "wmean": 0.818551235346036}}}}