{"MR": {"devacc": 82.43, "acc": 81.48, "ndev": 10662, "ntest": 10662}, "CR": {"devacc": 91.2, "acc": 90.81, "ndev": 3775, "ntest": 3775}, "SUBJ": {"devacc": 92.91, "acc": 92.41, "ndev": 10000, "ntest": 10000}, "MPQA": {"devacc": 89.87, "acc": 89.71, "ndev": 10606, "ntest": 10606}, "SST5": {"devacc": 44.32, "acc": 44.71, "ndev": 1101, "ntest": 2210}, "TREC": {"devacc": 78.52, "acc": 83.6, "ndev": 5452, "ntest": 500}, "MRPC": {"devacc": 74.39, "acc": 72.17, "f1": 79.04, "ndev": 4076, "ntest": 1725}, "STS12": {"MSRpar": {"pearson": [0.6826631190466679, 5.2675144432421376e-104], "spearman": [0.6746814627182185, 9.754342358181509e-101], "nsamples": 750}, "MSRvid": {"pearson": [0.9304700315317165, 0.0], "spearman": [0.9254085698176294, 1.97533e-317], "nsamples": 750}, "SMTeuroparl": {"pearson": [0.6127987486991042, 1.1441566469999919e-48], "spearman": [0.6443397184124292, 3.364780974604052e-55], "nsamples": 459}, "surprise.OnWN": {"pearson": [0.7535359194979432, 2.1244428194410122e-138], "spearman": [0.7020767083948068, 2.0851013422881616e-112], "nsamples": 750}, "surprise.SMTnews": {"pearson": [0.6732978209819641, 5.143143828451081e-54], "spearman": [0.6187461149577038, 1.5923384759813216e-43], "nsamples": 399}, "all": {"pearson": {"mean": 0.7305531279514792, "wmean": 0.7480444848075734}, "spearman": {"mean": 0.7130505148601575, "wmean": 0.7301340689566987}}}, "STS13": {"FNWN": {"pearson": [0.6438964455594602, 1.6221181672036793e-23], "spearman": [0.6558255187875032, 1.2951629614591268e-24], "nsamples": 189}, "headlines": {"pearson": [0.8488979956112589, 2.5601923431936685e-209], "spearman": [0.850045569601684, 1.86288443840397e-210], "nsamples": 750}, "OnWN": {"pearson": [0.837832387631485, 4.6028435921347275e-149], "spearman": [0.8279412092163319, 1.5842059606758504e-142], "nsamples": 561}, "all": {"pearson": {"mean": 0.7768756096007348, "wmean": 0.8189292629202969}, "spearman": {"mean": 0.777937432535173, "wmean": 0.8173068124149756}}}, "STS14": {"deft-forum": {"pearson": [0.6822671811713781, 6.358896538571544e-63], "spearman": [0.6738359351403902, 7.374411251645797e-61], "nsamples": 450}, "deft-news": {"pearson": [0.8435182668247535, 1.9694318985700042e-82], "spearman": [0.82309675759747, 3.323620991882721e-75], "nsamples": 300}, "headlines": {"pearson": [0.8251492851976467, 1.0746117194940236e-187], "spearman": [0.8043078293160073, 2.9359850337840375e-171], "nsamples": 750}, "images": {"pearson": [0.9241195724846266, 9.339853727e-315], "spearman": [0.8870994363718304, 2.3567303226724767e-253], "nsamples": 750}, "OnWN": {"pearson": [0.8778621864356629, 2.2564646587028226e-241], "spearman": [0.8662764163207338, 1.185227840520762e-227], "nsamples": 750}, "tweet-news": {"pearson": [0.7793831330915101, 4.9474319550069406e-154], "spearman": [0.7381750703455726, 5.3369121318815675e-130], "nsamples": 750}, "all": {"pearson": {"mean": 0.822049937534263, "wmean": 0.830656358528435}, "spearman": {"mean": 0.7987985741820007, "wmean": 0.8058798032954733}}}, "STS15": {"answers-forums": {"pearson": [0.7742417523344146, 4.183790650577803e-76], "spearman": [0.7776653435134179, 3.4523140793746344e-77], "nsamples": 375}, "answers-students": {"pearson": [0.7363618314969269, 4.78421342558838e-129], "spearman": [0.7370311517759723, 2.1336713703794633e-129], "nsamples": 750}, "belief": {"pearson": [0.8420540860035429, 4.9055739623660836e-102], "spearman": [0.8513100672589484, 1.5872441918789701e-106], "nsamples": 375}, "headlines": {"pearson": [0.8626695400598889, 1.2145233457564652e-223], "spearman": [0.8655807429869217, 7.184477196605724e-227], "nsamples": 750}, "images": {"pearson": [0.9368823395487136, 0.0], "spearman": [0.9388986283849842, 0.0], "nsamples": 750}, "all": {"pearson": {"mean": 0.8304419098886975, "wmean": 0.836015407568627}, "spearman": {"mean": 0.8340971867840489, "wmean": 0.8389995571335155}}}, "STS16": {"answer-answer": {"pearson": [0.7986209979260825, 1.6814611259569043e-57], "spearman": [0.7915997438319179, 7.777403557638471e-56], "nsamples": 254}, "headlines": {"pearson": [0.8225145790421104, 1.7932459983600912e-62], "spearman": [0.8246079314858976, 4.7616420700638984e-63], "nsamples": 249}, "plagiarism": {"pearson": [0.8603939956843126, 1.0994312779965456e-68], "spearman": [0.8712101266824807, 2.1392591104140549e-72], "nsamples": 230}, "postediting": {"pearson": [0.8938639411967519, 2.7956657096835624e-86], "spearman": [0.8947930782788429, 1.022721911628947e-86], "nsamples": 244}, "question-question": {"pearson": [0.7494417499339497, 6.226350488816272e-39], "spearman": [0.7522340755590349, 2.2939562970238587e-39], "nsamples": 209}, "all": {"pearson": {"mean": 0.8249670527566414, "wmean": 0.826545202403293}, "spearman": {"mean": 0.8268889911676348, "wmean": 0.8282617806932059}}}}