{"MR": {"devacc": 80.75, "acc": 80.89, "ndev": 10662, "ntest": 10662}, "CR": {"devacc": 89.83, "acc": 89.27, "ndev": 3775, "ntest": 3775}, "SUBJ": {"devacc": 90.08, "acc": 89.71, "ndev": 10000, "ntest": 10000}, "MPQA": {"devacc": 87.71, "acc": 88.35, "ndev": 10606, "ntest": 10606}, "SST5": {"devacc": 46.05, "acc": 46.92, "ndev": 1101, "ntest": 2210}, "TREC": {"devacc": 73.07, "acc": 79.8, "ndev": 5452, "ntest": 500}, "MRPC": {"devacc": 74.68, "acc": 67.88, "f1": 72.79, "ndev": 4076, "ntest": 1725}, "STS12": {"MSRpar": {"pearson": [0.6186785466692037, 2.001899457686249e-80], "spearman": [0.6180768778363304, 3.1445515388085728e-80], "nsamples": 750}, "MSRvid": {"pearson": [0.9170259276888234, 7.756748796522823e-301], "spearman": [0.9136190703373795, 1.3746828945875644e-294], "nsamples": 750}, "SMTeuroparl": {"pearson": [0.5741667066066845, 1.3126382183849024e-41], "spearman": [0.6131421897550181, 9.802001860910982e-49], "nsamples": 459}, "surprise.OnWN": {"pearson": [0.7335492678356468, 1.3860571197278181e-127], "spearman": [0.6984544798091373, 8.674424538078651e-111], "nsamples": 750}, "surprise.SMTnews": {"pearson": [0.6355710695984187, 1.5525497116518004e-46], "spearman": [0.5855815743621563, 4.2826283977233274e-38], "nsamples": 399}, "all": {"pearson": {"mean": 0.6957983036797555, "wmean": 0.7139883145905703}, "spearman": {"mean": 0.6857748384200043, "wmean": 0.7038906480872552}}}, "STS13": {"FNWN": {"pearson": [0.5759564381246904, 4.303270939920044e-18], "spearman": [0.5843413790860105, 1.0769521024992905e-18], "nsamples": 189}, "headlines": {"pearson": [0.8356609288232809, 7.72708260884974e-197], "spearman": [0.8369798632082903, 4.9562658056909065e-198], "nsamples": 750}, "OnWN": {"pearson": [0.8108361732833234, 3.7340184285199863e-132], "spearman": [0.7960900891826931, 5.004429541237234e-124], "nsamples": 561}, "all": {"pearson": {"mean": 0.7408178467437648, "wmean": 0.7936537044233144}, "spearman": {"mean": 0.7391371104923313, "wmean": 0.7898546387233097}}}, "STS14": {"deft-forum": {"pearson": [0.6218334613526696, 1.6721781009641242e-49], "spearman": [0.6076910908005048, 8.97091270239657e-47], "nsamples": 450}, "deft-news": {"pearson": [0.8179335048638467, 1.59379380774453e-73], "spearman": [0.7959601211917154, 6.316741024575376e-67], "nsamples": 300}, "headlines": {"pearson": [0.8058715205622387, 2.0161756739805773e-172], "spearman": [0.7907194985503718, 1.4169110934091383e-161], "nsamples": 750}, "images": {"pearson": [0.9045392076851224, 4.020502183187543e-279], "spearman": [0.8693574982842616, 3.5809781140116074e-231], "nsamples": 750}, "OnWN": {"pearson": [0.8553931845884992, 6.888285711537032e-216], "spearman": [0.8469192032101007, 2.231694131567679e-207], "nsamples": 750}, "tweet-news": {"pearson": [0.7627867862287974, 9.176689565490536e-144], "spearman": [0.7099245599040833, 5.315476735548879e-116], "nsamples": 750}, "all": {"pearson": {"mean": 0.7947262775468623, "wmean": 0.8057728355643596}, "spearman": {"mean": 0.7700953286568396, "wmean": 0.7799838925811613}}}, "STS15": {"answers-forums": {"pearson": [0.745256399778599, 1.2234237951840191e-67], "spearman": [0.7517176122989554, 2.0059486283073725e-69], "nsamples": 375}, "answers-students": {"pearson": [0.7270915212644669, 2.685657677294824e-124], "spearman": [0.7278714881180757, 1.0890514762093935e-124], "nsamples": 750}, "belief": {"pearson": [0.8374550781189135, 6.535843912008073e-100], "spearman": [0.8386403164747652, 1.8799860768375766e-100], "nsamples": 375}, "headlines": {"pearson": [0.8500981135801897, 1.6513845168885066e-210], "spearman": [0.8530769396318325, 1.6498243729878765e-213], "nsamples": 750}, "images": {"pearson": [0.9283424980626526, 1e-323], "spearman": [0.9315064821045067, 0.0], "nsamples": 750}, "all": {"pearson": {"mean": 0.8176487221609643, "wmean": 0.8242219679640163}, "spearman": {"mean": 0.8205625677256272, "wmean": 0.8269084685603187}}}, "STS16": {"answer-answer": {"pearson": [0.7663782538899979, 2.400995879607171e-50], "spearman": [0.7583767533269067, 9.53348336690022e-49], "nsamples": 254}, "headlines": {"pearson": [0.8019814777042414, 3.3756573326898016e-57], "spearman": [0.8091631372501411, 5.7080899495399525e-59], "nsamples": 249}, "plagiarism": {"pearson": [0.8416327376232697, 6.188728937179995e-63], "spearman": [0.8466382553573086, 2.154401737149311e-64], "nsamples": 230}, "postediting": {"pearson": [0.8816147168091156, 7.096348014873981e-81], "spearman": [0.8856847597116387, 1.330996706123958e-82], "nsamples": 244}, "question-question": {"pearson": [0.7164120386498467, 3.3330005390400316e-34], "spearman": [0.7158365594995538, 3.973996025449577e-34], "nsamples": 209}, "all": {"pearson": {"mean": 0.8016038449352942, "wmean": 0.8033500009013574}, "spearman": {"mean": 0.8031398930291098, "wmean": 0.8048507905206973}}}}