{"MR": {"devacc": 83.09, "acc": 81.97, "ndev": 10662, "ntest": 10662}, "CR": {"devacc": 91.3, "acc": 91.21, "ndev": 3775, "ntest": 3775}, "SUBJ": {"devacc": 93.27, "acc": 92.5, "ndev": 10000, "ntest": 10000}, "MPQA": {"devacc": 90.43, "acc": 89.55, "ndev": 10606, "ntest": 10606}, "SST5": {"devacc": 43.78, "acc": 45.07, "ndev": 1101, "ntest": 2210}, "TREC": {"devacc": 78.47, "acc": 89.8, "ndev": 5452, "ntest": 500}, "MRPC": {"devacc": 75.49, "acc": 75.59, "f1": 82.26, "ndev": 4076, "ntest": 1725}, "STS12": {"MSRpar": {"pearson": [0.6848656109395429, 6.330292345112353e-105], "spearman": [0.6773648557079387, 7.983742023816434e-102], "nsamples": 750}, "MSRvid": {"pearson": [0.9356812680467648, 0.0], "spearman": [0.9297203762903808, 0.0], "nsamples": 750}, "SMTeuroparl": {"pearson": [0.5987571139656075, 5.4411938800545365e-46], "spearman": [0.6425293076136536, 8.369634263919786e-55], "nsamples": 459}, "surprise.OnWN": {"pearson": [0.7563513415055937, 5.249234913329518e-140], "spearman": [0.709801359818046, 6.065750363701765e-116], "nsamples": 750}, "surprise.SMTnews": {"pearson": [0.6804748412993916, 1.4478223414567176e-55], "spearman": [0.6235947902797361, 2.2549128755560243e-44], "nsamples": 399}, "all": {"pearson": {"mean": 0.7312260351513802, "wmean": 0.7493605670391239}, "spearman": {"mean": 0.716602137941951, "wmean": 0.7340412539828043}}}, "STS13": {"FNWN": {"pearson": [0.6659640825414023, 1.378949383787351e-25], "spearman": [0.684935584022782, 1.63344540235256e-27], "nsamples": 189}, "headlines": {"pearson": [0.8529622691638675, 2.1585659450135157e-213], "spearman": [0.8574786499153273, 4.571073183241726e-218], "nsamples": 750}, "OnWN": {"pearson": [0.8521990879906663, 2.1911066870236811e-159], "spearman": [0.8442006404190068, 1.647289941898951e-153], "nsamples": 561}, "all": {"pearson": {"mean": 0.790375146565312, "wmean": 0.8291150678906597}, "spearman": {"mean": 0.7955382914523721, "wmean": 0.8307722480612427}}}, "STS14": {"deft-forum": {"pearson": [0.6855628685529329, 9.4924165990611e-64], "spearman": [0.6733590322860357, 9.603913959360387e-61], "nsamples": 450}, "deft-news": {"pearson": [0.8421566057543863, 6.425014658725304e-82], "spearman": [0.8203099210934406, 2.7260551448895996e-74], "nsamples": 300}, "headlines": {"pearson": [0.8297827270145222, 1.1978351443643457e-191], "spearman": [0.8117937901993743, 6.322296915392768e-177], "nsamples": 750}, "images": {"pearson": [0.9252629541630467, 3.9828944e-317], "spearman": [0.8894507812011222, 1.4285688230298666e-256], "nsamples": 750}, "OnWN": {"pearson": [0.8816344343932868, 3.818258919795206e-246], "spearman": [0.8679884592611739, 1.3456681442704915e-229], "nsamples": 750}, "tweet-news": {"pearson": [0.7885287225512977, 4.4174147340398e-160], "spearman": [0.7405233937469476, 3.032699488695878e-131], "nsamples": 750}, "all": {"pearson": {"mean": 0.8254880520715787, "wmean": 0.8346818403111336}, "spearman": {"mean": 0.8005708962980157, "wmean": 0.808379162443523}}}, "STS15": {"answers-forums": {"pearson": [0.7838630790408365, 3.362827881956468e-79], "spearman": [0.7877318681004518, 1.7263139536774588e-80], "nsamples": 375}, "answers-students": {"pearson": [0.7481083408551885, 2.3170882305509002e-135], "spearman": [0.7509108044537133, 6.401509194862118e-137], "nsamples": 750}, "belief": {"pearson": [0.8568907711852262, 2.203544409439881e-109], "spearman": [0.8648810195040617, 1.0801536632879421e-113], "nsamples": 375}, "headlines": {"pearson": [0.8652101082826812, 1.8687447687813346e-226], "spearman": [0.8683497599283386, 5.188231961528814e-230], "nsamples": 750}, "images": {"pearson": [0.9450339207999485, 0.0], "spearman": [0.9457712893382508, 0.0], "nsamples": 750}, "all": {"pearson": {"mean": 0.8398212440327762, "wmean": 0.8446823237627125}, "spearman": {"mean": 0.8435289482649633, "wmean": 0.8478345743806399}}}, "STS16": {"answer-answer": {"pearson": [0.7910713551469966, 1.031684914828064e-55], "spearman": [0.7910006065371719, 1.071397700387673e-55], "nsamples": 254}, "headlines": {"pearson": [0.8271500712081251, 9.290287010108846e-64], "spearman": [0.8292695425710053, 2.3300921587826893e-64], "nsamples": 249}, "plagiarism": {"pearson": [0.8683670497477494, 2.1748848489700486e-71], "spearman": [0.8749652086645966, 9.17646169059319e-74], "nsamples": 230}, "postediting": {"pearson": [0.8902619874223404, 1.2646529398179759e-84], "spearman": [0.8922376876237771, 1.589285162526979e-85], "nsamples": 244}, "question-question": {"pearson": [0.7572026242254287, 3.754040651346361e-40], "spearman": [0.7564437875911842, 4.963380107885552e-40], "nsamples": 209}, "all": {"pearson": {"mean": 0.8268106175501281, "wmean": 0.828074356470749}, "spearman": {"mean": 0.8287833665975469, "wmean": 0.8300565055145348}}}}