{"MR": {"devacc": 82.01, "acc": 82.19, "ndev": 10662, "ntest": 10662}, "CR": {"devacc": 90.62, "acc": 90.49, "ndev": 3775, "ntest": 3775}, "SUBJ": {"devacc": 92.08, "acc": 91.55, "ndev": 10000, "ntest": 10000}, "MPQA": {"devacc": 89.28, "acc": 89.14, "ndev": 10606, "ntest": 10606}, "SST5": {"devacc": 43.69, "acc": 42.99, "ndev": 1101, "ntest": 2210}, "TREC": {"devacc": 75.38, "acc": 83.0, "ndev": 5452, "ntest": 500}, "MRPC": {"devacc": 74.66, "acc": 71.88, "f1": 78.43, "ndev": 4076, "ntest": 1725}, "STS12": {"MSRpar": {"pearson": [0.6720306764890882, 1.126488296572601e-99], "spearman": [0.6598107704316374, 6.457650134200615e-95], "nsamples": 750}, "MSRvid": {"pearson": [0.9277470290274895, 2.08e-322], "spearman": [0.9232264351097604, 6.2515983612e-313], "nsamples": 750}, "SMTeuroparl": {"pearson": [0.6046580805251, 4.2345852095952457e-47], "spearman": [0.6552745085998757, 1.198244806071744e-57], "nsamples": 459}, "surprise.OnWN": {"pearson": [0.7469952433722836, 9.512653216722991e-135], "spearman": [0.6937390342439614, 1.0230385377911292e-108], "nsamples": 750}, "surprise.SMTnews": {"pearson": [0.6479528091165067, 7.12933435015981e-49], "spearman": [0.569192246013829, 1.2352743643784678e-35], "nsamples": 399}, "all": {"pearson": {"mean": 0.7198767677060937, "wmean": 0.7387873042037171}, "spearman": {"mean": 0.7002485988798128, "wmean": 0.7192602591524712}}}, "STS13": {"FNWN": {"pearson": [0.6245300905487488, 7.801594344496869e-22], "spearman": [0.6417892893895337, 2.505872569488791e-23], "nsamples": 189}, "headlines": {"pearson": [0.8330213405403541, 1.7530273362749314e-194], "spearman": [0.834847225771134, 4.15593281455894e-196], "nsamples": 750}, "OnWN": {"pearson": [0.8345911911448759, 7.122020463864005e-147], "spearman": [0.8271628500511037, 4.9705441526885424e-142], "nsamples": 561}, "all": {"pearson": {"mean": 0.7640475407446595, "wmean": 0.807338567167503}, "spearman": {"mean": 0.7679331217372573, "wmean": 0.8076479692677611}}}, "STS14": {"deft-forum": {"pearson": [0.6485085040435933, 4.74428147188749e-55], "spearman": [0.6375927393907304, 1.0288296469435761e-52], "nsamples": 450}, "deft-news": {"pearson": [0.8367732466927567, 6.186262469335258e-80], "spearman": [0.8112162561269741, 2.0458903835928845e-71], "nsamples": 300}, "headlines": {"pearson": [0.8120375761040614, 4.0932640722802075e-177], "spearman": [0.7910805196708071, 8.006663061662858e-162], "nsamples": 750}, "images": {"pearson": [0.9158511546735099, 1.1863705471571398e-298], "spearman": [0.8786488488373659, 2.3525298073059806e-242], "nsamples": 750}, "OnWN": {"pearson": [0.8669884827351744, 1.8543477198303203e-228], "spearman": [0.8540321130201277, 1.7427928239229964e-214], "nsamples": 750}, "tweet-news": {"pearson": [0.7611212070271135, 8.842396068502316e-143], "spearman": [0.7158264180939763, 8.766463629847734e-119], "nsamples": 750}, "all": {"pearson": {"mean": 0.8068800285460349, "wmean": 0.8159625643286235}, "spearman": {"mean": 0.7813994825233301, "wmean": 0.789326009141501}}}, "STS15": {"answers-forums": {"pearson": [0.7480999112194381, 2.035241650326111e-68], "spearman": [0.7511367657507485, 2.9178038706195023e-69], "nsamples": 375}, "answers-students": {"pearson": [0.7428862758048713, 1.640304406893883e-132], "spearman": [0.7434838806716068, 7.803632442539797e-133], "nsamples": 750}, "belief": {"pearson": [0.8306604650790721, 6.849235026867832e-97], "spearman": [0.8391907445001178, 1.0503914193518439e-100], "nsamples": 375}, "headlines": {"pearson": [0.8586942116700097, 2.368065391629194e-219], "spearman": [0.8619001351016092, 8.416882437277269e-223], "nsamples": 750}, "images": {"pearson": [0.9376534474269589, 0.0], "spearman": [0.9401907673159853, 0.0], "nsamples": 750}, "all": {"pearson": {"mean": 0.8235988622400701, "wmean": 0.8321535307627737}, "spearman": {"mean": 0.8271804586680135, "wmean": 0.8351846345536585}}}, "STS16": {"answer-answer": {"pearson": [0.7812102135624317, 1.7397056428935414e-53], "spearman": [0.7793225895524026, 4.5037797683652e-53], "nsamples": 254}, "headlines": {"pearson": [0.8281275728929188, 4.9207219741929064e-64], "spearman": [0.8270187311937747, 1.0115353665011172e-63], "nsamples": 249}, "plagiarism": {"pearson": [0.8522911044041594, 4.1919087966809953e-66], "spearman": [0.859448764924493, 2.241627776126563e-68], "nsamples": 230}, "postediting": {"pearson": [0.8840086043323497, 6.969125621167728e-82], "spearman": [0.8857763195149682, 1.2150048489292803e-82], "nsamples": 244}, "question-question": {"pearson": [0.7360544131110139, 6.256423055260581e-37], "spearman": [0.7431028087480083, 5.724484429653003e-38], "nsamples": 209}, "all": {"pearson": {"mean": 0.8163383816605746, "wmean": 0.8180367501732263}, "spearman": {"mean": 0.8189338427867293, "wmean": 0.8203935301316859}}}}