{"MR": {"devacc": 80.98, "acc": 80.77, "ndev": 10662, "ntest": 10662}, "CR": {"devacc": 90.26, "acc": 90.31, "ndev": 3775, "ntest": 3775}, "SUBJ": {"devacc": 91.49, "acc": 90.97, "ndev": 10000, "ntest": 10000}, "MPQA": {"devacc": 88.8, "acc": 88.75, "ndev": 10606, "ntest": 10606}, "SST5": {"devacc": 43.42, "acc": 45.25, "ndev": 1101, "ntest": 2210}, "TREC": {"devacc": 72.95, "acc": 83.8, "ndev": 5452, "ntest": 500}, "MRPC": {"devacc": 73.26, "acc": 74.2, "f1": 82.4, "ndev": 4076, "ntest": 1725}, "STS12": {"MSRpar": {"pearson": [0.6611634104224912, 1.969641183321948e-95], "spearman": [0.6577177188043652, 4.0066122550077906e-94], "nsamples": 750}, "MSRvid": {"pearson": [0.9287820412974784, 0.0], "spearman": [0.9241598126862342, 7.718962544e-315], "nsamples": 750}, "SMTeuroparl": {"pearson": [0.5844231450327914, 2.165756789127715e-43], "spearman": [0.625451978116389, 3.37401782056969e-51], "nsamples": 459}, "surprise.OnWN": {"pearson": [0.7347887461814449, 3.1608606176306803e-128], "spearman": [0.6935397065245398, 1.2490486112369147e-108], "nsamples": 750}, "surprise.SMTnews": {"pearson": [0.6835211735750746, 3.083829541556879e-56], "spearman": [0.6333956889506398, 3.898051062868759e-46], "nsamples": 399}, "all": {"pearson": {"mean": 0.7185357033018561, "wmean": 0.7350469177131811}, "spearman": {"mean": 0.7068529810164336, "wmean": 0.7227703559710689}}}, "STS13": {"FNWN": {"pearson": [0.5992482197203736, 8.294920980508195e-20], "spearman": [0.6125310455026783, 7.528716587099521e-21], "nsamples": 189}, "headlines": {"pearson": [0.8259861719205105, 2.1183017794978966e-188], "spearman": [0.8272725797054803, 1.7159246886546635e-189], "nsamples": 750}, "OnWN": {"pearson": [0.8396969881298719, 2.4064920457577476e-150], "spearman": [0.8280918626721158, 1.2688379662865553e-142], "nsamples": 561}, "all": {"pearson": {"mean": 0.754977126590252, "wmean": 0.8025450352055944}, "spearman": {"mean": 0.7559651626267581, "wmean": 0.8005215582254489}}}, "STS14": {"deft-forum": {"pearson": [0.6421927265929723, 1.0950794759921859e-53], "spearman": [0.6333456070240714, 7.870904382734713e-52], "nsamples": 450}, "deft-news": {"pearson": [0.8231550836882507, 3.1791606716428237e-75], "spearman": [0.8028347805898767, 6.701863534737828e-69], "nsamples": 300}, "headlines": {"pearson": [0.8047288385251715, 1.4308868266101804e-171], "spearman": [0.7840385468869993, 4.487888548169186e-157], "nsamples": 750}, "images": {"pearson": [0.9105042745220254, 4.254587382943494e-289], "spearman": [0.8789640641286885, 9.466128883495857e-243], "nsamples": 750}, "OnWN": {"pearson": [0.8660717351324612, 2.0161059342811095e-227], "spearman": [0.8533067786740872, 9.620010715063013e-214], "nsamples": 750}, "tweet-news": {"pearson": [0.7691968433917662, 1.2563264569676133e-147], "spearman": [0.7139822856182859, 6.605795888209539e-118], "nsamples": 750}, "all": {"pearson": {"mean": 0.8026415836421079, "wmean": 0.8130158722005016}, "spearman": {"mean": 0.7777453438203348, "wmean": 0.7862865903516909}}}, "STS15": {"answers-forums": {"pearson": [0.7523003765163331, 1.3759164038773892e-69], "spearman": [0.748031189386603, 2.126009000952338e-68], "nsamples": 375}, "answers-students": {"pearson": [0.7315393418071852, 1.4968288664531606e-126], "spearman": [0.7303633719885345, 5.962923204310737e-126], "nsamples": 750}, "belief": {"pearson": [0.8348917163319052, 9.351956750075023e-99], "spearman": [0.8473307792991861, 1.4706886637858683e-104], "nsamples": 375}, "headlines": {"pearson": [0.8422227209735124, 7.010795083178922e-203], "spearman": [0.8451313387758518, 1.1974536168357794e-205], "nsamples": 750}, "images": {"pearson": [0.9308893636182546, 0.0], "spearman": [0.9325430525377777, 0.0], "nsamples": 750}, "all": {"pearson": {"mean": 0.818368703849438, "wmean": 0.8245618682057678}, "spearman": {"mean": 0.8206799463975907, "wmean": 0.8264296869112647}}}, "STS16": {"answer-answer": {"pearson": [0.7773896445126329, 1.1813726397529195e-52], "spearman": [0.7697540006499508, 4.858680785770967e-51], "nsamples": 254}, "headlines": {"pearson": [0.8034063889936258, 1.522806948981146e-57], "spearman": [0.8069830771072147, 2.0054798715793217e-58], "nsamples": 249}, "plagiarism": {"pearson": [0.8542716617398041, 1.0138755562886704e-66], "spearman": [0.8590489418623652, 3.025208261373814e-68], "nsamples": 230}, "postediting": {"pearson": [0.8822955344949496, 3.6866800704088816e-81], "spearman": [0.887198488564756, 2.918201235332078e-83], "nsamples": 244}, "question-question": {"pearson": [0.7153779286617057, 4.570597310059484e-34], "spearman": [0.7303742784774054, 4.067971070994828e-36], "nsamples": 209}, "all": {"pearson": {"mean": 0.8065482316805437, "wmean": 0.8084163071440479}, "spearman": {"mean": 0.8106717573323385, "wmean": 0.8121097929213374}}}}