{"MR": {"devacc": 75.82, "acc": 74.96, "ndev": 10662, "ntest": 10662}, "CR": {"devacc": 87.33, "acc": 86.46, "ndev": 3775, "ntest": 3775}, "SUBJ": {"devacc": 88.84, "acc": 88.58, "ndev": 10000, "ntest": 10000}, "MPQA": {"devacc": 87.05, "acc": 87.77, "ndev": 10606, "ntest": 10606}, "SST5": {"devacc": 40.87, "acc": 42.26, "ndev": 1101, "ntest": 2210}, "TREC": {"devacc": 67.54, "acc": 76.8, "ndev": 5452, "ntest": 500}, "MRPC": {"devacc": 72.37, "acc": 72.41, "f1": 80.52, "ndev": 4076, "ntest": 1725}, "STS12": {"MSRpar": {"pearson": [0.6072215613009048, 9.205740813162698e-77], "spearman": [0.5931222721977665, 1.8677182914631114e-72], "nsamples": 750}, "MSRvid": {"pearson": [0.9117569950513822, 2.7867682781582646e-291], "spearman": [0.9061691197117531, 8.814734386650379e-282], "nsamples": 750}, "SMTeuroparl": {"pearson": [0.5730710261611968, 2.0177958520647731e-41], "spearman": [0.6222065075178591, 1.5424976592728673e-50], "nsamples": 459}, "surprise.OnWN": {"pearson": [0.7028743852552456, 9.104737763242647e-113], "spearman": [0.6630271788894193, 3.7967874380966675e-96], "nsamples": 750}, "surprise.SMTnews": {"pearson": [0.676182810213195, 1.2395069527080558e-54], "spearman": [0.6309542715126248, 1.0858092799687834e-45], "nsamples": 399}, "all": {"pearson": {"mean": 0.6942213555963849, "wmean": 0.7076017530529933}, "spearman": {"mean": 0.6830958699658846, "wmean": 0.6946854792096007}}}, "STS13": {"FNWN": {"pearson": [0.5195490899075669, 1.854872341516313e-14], "spearman": [0.5349742909314144, 2.1933098153035436e-15], "nsamples": 189}, "headlines": {"pearson": [0.7751195671247502, 2.6070068546681553e-151], "spearman": [0.7749966427368508, 3.116907292463943e-151], "nsamples": 750}, "OnWN": {"pearson": [0.7875759189095842, 1.2377957446348485e-119], "spearman": [0.7801149808120583, 6.015865148104117e-116], "nsamples": 561}, "all": {"pearson": {"mean": 0.6940815253139672, "wmean": 0.747576362562913}, "spearman": {"mean": 0.6966953048267746, "wmean": 0.7466680848494934}}}, "STS14": {"deft-forum": {"pearson": [0.6361059073792783, 2.1051268151377198e-52], "spearman": [0.6283526243381569, 8.268044427972224e-51], "nsamples": 450}, "deft-news": {"pearson": [0.7684357884448133, 1.0109071401402508e-59], "spearman": [0.7695890866814123, 5.286445094201529e-60], "nsamples": 300}, "headlines": {"pearson": [0.7604421772778501, 2.2149827399974946e-142], "spearman": [0.7413251634741456, 1.1310979132929053e-131], "nsamples": 750}, "images": {"pearson": [0.9065532129780556, 2.0488085219634305e-282], "spearman": [0.8667547519221489, 3.41303386008647e-228], "nsamples": 750}, "OnWN": {"pearson": [0.8339930184495711, 2.4066682370336038e-195], "spearman": [0.840927932215637, 1.1474475172752606e-201], "nsamples": 750}, "tweet-news": {"pearson": [0.7310944684302436, 2.5271819032170375e-126], "spearman": [0.6633199300229912, 2.928491562871561e-96], "nsamples": 750}, "all": {"pearson": {"mean": 0.7727707621599688, "wmean": 0.7842241473882425}, "spearman": {"mean": 0.7517115814424153, "wmean": 0.7594349973820763}}}, "STS15": {"answers-forums": {"pearson": [0.6945395018649823, 2.7234727996810948e-55], "spearman": [0.6932991644578997, 5.067634050344078e-55], "nsamples": 375}, "answers-students": {"pearson": [0.7408673299652156, 1.9873900157115816e-131], "spearman": [0.7432477278397106, 1.0468766075976765e-132], "nsamples": 750}, "belief": {"pearson": [0.7772246263883025, 4.771605943224575e-77], "spearman": [0.7884009102869113, 1.0265225813258852e-80], "nsamples": 375}, "headlines": {"pearson": [0.8190419781703218, 1.1655858441228008e-182], "spearman": [0.8248305173918489, 1.9901929112973168e-187], "nsamples": 750}, "images": {"pearson": [0.9230943713691061, 1.15893756492e-312], "spearman": [0.9242284515813505, 5.575078644e-315], "nsamples": 750}, "all": {"pearson": {"mean": 0.7909535615515857, "wmean": 0.8047214359078214}, "spearman": {"mean": 0.7948013543115442, "wmean": 0.8082891835463288}}}, "STS16": {"answer-answer": {"pearson": [0.7713254434392187, 2.2880042744519956e-51], "spearman": [0.7757546676260387, 2.6507201078949184e-52], "nsamples": 254}, "headlines": {"pearson": [0.7672727452794096, 1.4676386120136655e-49], "spearman": [0.7693697531002684, 5.540872981091452e-50], "nsamples": 249}, "plagiarism": {"pearson": [0.8348111658359003, 5.003868829733089e-61], "spearman": [0.8454983098390793, 4.6771233012995724e-64], "nsamples": 230}, "postediting": {"pearson": [0.8537311651235054, 1.5654092330625656e-70], "spearman": [0.8577551719167925, 6.927938591563809e-72], "nsamples": 244}, "question-question": {"pearson": [0.6945902732468214, 1.9636951640099418e-31], "spearman": [0.6986044389521551, 6.342467081997698e-32], "nsamples": 209}, "all": {"pearson": {"mean": 0.784346158584971, "wmean": 0.7862174669048168}, "spearman": {"mean": 0.7893964682868668, "wmean": 0.791214127361439}}}}