{"MR": {"devacc": 77.36, "acc": 77.47, "ndev": 10662, "ntest": 10662}, "CR": {"devacc": 87.9, "acc": 88.34, "ndev": 3775, "ntest": 3775}, "SUBJ": {"devacc": 90.63, "acc": 90.44, "ndev": 10000, "ntest": 10000}, "MPQA": {"devacc": 88.27, "acc": 88.16, "ndev": 10606, "ntest": 10606}, "SST5": {"devacc": 41.87, "acc": 41.18, "ndev": 1101, "ntest": 2210}, "TREC": {"devacc": 75.37, "acc": 81.0, "ndev": 5452, "ntest": 500}, "MRPC": {"devacc": 72.91, "acc": 68.87, "f1": 75.31, "ndev": 4076, "ntest": 1725}, "STS12": {"MSRpar": {"pearson": [0.6434111947925629, 7.167295885008933e-89], "spearman": [0.621213142381921, 2.9551775249345684e-81], "nsamples": 750}, "MSRvid": {"pearson": [0.9215131509187953, 1.725422030183663e-309], "spearman": [0.914045974788134, 2.341600301352413e-295], "nsamples": 750}, "SMTeuroparl": {"pearson": [0.5667278363326858, 2.356464546603133e-40], "spearman": [0.613445965627483, 8.54738033969146e-49], "nsamples": 459}, "surprise.OnWN": {"pearson": [0.7227384474961184, 3.909308227225639e-122], "spearman": [0.6865977452435053, 1.1803022809087034e-105], "nsamples": 750}, "surprise.SMTnews": {"pearson": [0.6588662747925538, 5.0138273360969775e-51], "spearman": [0.6499435919003513, 2.9304547714278467e-49], "nsamples": 399}, "all": {"pearson": {"mean": 0.7026513808665432, "wmean": 0.7203226561855016}, "spearman": {"mean": 0.6970492839882789, "wmean": 0.7101968591381678}}}, "STS13": {"FNWN": {"pearson": [0.5234609827577867, 1.0904362238894877e-14], "spearman": [0.5157713054970875, 3.078422524427025e-14], "nsamples": 189}, "headlines": {"pearson": [0.7973670205081301, 3.210664827863285e-166], "spearman": [0.7955543024515848, 6.169604434731914e-165], "nsamples": 750}, "OnWN": {"pearson": [0.7928173296549703, 2.5853346944718093e-122], "spearman": [0.7931168103442374, 1.8073424673288702e-122], "nsamples": 561}, "all": {"pearson": {"mean": 0.7045484443069624, "wmean": 0.7611532753725051}, "spearman": {"mean": 0.7014808060976366, "wmean": 0.7593900227871703}}}, "STS14": {"deft-forum": {"pearson": [0.6689143619633044, 1.0999392576789559e-59], "spearman": [0.655697070441386, 1.2148512201131016e-56], "nsamples": 450}, "deft-news": {"pearson": [0.7901974743449894, 2.4997791148349625e-65], "spearman": [0.783558222569494, 1.5035566875686842e-63], "nsamples": 300}, "headlines": {"pearson": [0.7910000875125242, 9.093307482133342e-162], "spearman": [0.7706827966845063, 1.532931489043967e-148], "nsamples": 750}, "images": {"pearson": [0.9198294780174854, 3.4895287274648116e-306], "spearman": [0.8803291216157259, 1.7831601264825907e-244], "nsamples": 750}, "OnWN": {"pearson": [0.8447486612881911, 2.7901081744080084e-205], "spearman": [0.8485305860374287, 5.897186664739372e-209], "nsamples": 750}, "tweet-news": {"pearson": [0.7660702959153134, 9.978942108587658e-146], "spearman": [0.705676311139531, 4.848678541946887e-114], "nsamples": 750}, "all": {"pearson": {"mean": 0.7967933931736347, "wmean": 0.8078152259298985}, "spearman": {"mean": 0.7740790180813454, "wmean": 0.7824120693539641}}}, "STS15": {"answers-forums": {"pearson": [0.7492112315612538, 1.003063058060508e-68], "spearman": [0.7496073883132657, 7.787475114910325e-69], "nsamples": 375}, "answers-students": {"pearson": [0.7393042920473581, 1.349199034919841e-130], "spearman": [0.7388696166338172, 2.292614884972993e-130], "nsamples": 750}, "belief": {"pearson": [0.8234404227075307, 7.9637448697463e-94], "spearman": [0.8383554164123475, 2.538818632960452e-100], "nsamples": 375}, "headlines": {"pearson": [0.8257518870005714, 3.340455030922351e-188], "spearman": [0.8309311191010332, 1.202723298863279e-192], "nsamples": 750}, "images": {"pearson": [0.937569505596496, 0.0], "spearman": [0.9384078242598564, 0.0], "nsamples": 750}, "all": {"pearson": {"mean": 0.815055467782642, "wmean": 0.8222378779447045}, "spearman": {"mean": 0.8192342729440639, "wmean": 0.8255474905893784}}}, "STS16": {"answer-answer": {"pearson": [0.7472713833305912, 1.252713026645822e-46], "spearman": [0.7418605698434642, 1.2315025844643705e-45], "nsamples": 254}, "headlines": {"pearson": [0.8001638478182937, 9.231689805199843e-57], "spearman": [0.8038946934601954, 1.1574927984317795e-57], "nsamples": 249}, "plagiarism": {"pearson": [0.8459658890499158, 3.405825705978854e-64], "spearman": [0.8557828617103528, 3.384272285049911e-67], "nsamples": 230}, "postediting": {"pearson": [0.8718057954299657, 5.810781669951749e-77], "spearman": [0.8754357846084689, 2.263463362807141e-78], "nsamples": 244}, "question-question": {"pearson": [0.7278404407604239, 9.23499502383042e-36], "spearman": [0.7335272303761797, 1.4475733282227061e-36], "nsamples": 209}, "all": {"pearson": {"mean": 0.7986094712778381, "wmean": 0.7997126055295499}, "spearman": {"mean": 0.8021002279997322, "wmean": 0.802989834905816}}}}