{"MR": {"devacc": 76.59, "acc": 76.44, "ndev": 10662, "ntest": 10662}, "CR": {"devacc": 86.88, "acc": 86.54, "ndev": 3775, "ntest": 3775}, "SUBJ": {"devacc": 89.84, "acc": 89.65, "ndev": 10000, "ntest": 10000}, "MPQA": {"devacc": 87.73, "acc": 87.81, "ndev": 10606, "ntest": 10606}, "SST5": {"devacc": 41.42, "acc": 43.57, "ndev": 1101, "ntest": 2210}, "TREC": {"devacc": 69.99, "acc": 78.8, "ndev": 5452, "ntest": 500}, "MRPC": {"devacc": 72.25, "acc": 72.87, "f1": 81.87, "ndev": 4076, "ntest": 1725}, "STS12": {"MSRpar": {"pearson": [0.5800042352416078, 1.2361201897248175e-68], "spearman": [0.5664320561599872, 7.358392506498865e-65], "nsamples": 750}, "MSRvid": {"pearson": [0.9188406307758726, 2.822980992539954e-304], "spearman": [0.9145999100803001, 2.3232678685558732e-296], "nsamples": 750}, "SMTeuroparl": {"pearson": [0.5863285477943075, 9.941259891405069e-44], "spearman": [0.6401829945560505, 2.701748097525968e-54], "nsamples": 459}, "surprise.OnWN": {"pearson": [0.7228950919714567, 3.2732771973067234e-122], "spearman": [0.6787437099290373, 2.1834402428889205e-102], "nsamples": 750}, "surprise.SMTnews": {"pearson": [0.6776022808218961, 6.11780804879068e-55], "spearman": [0.6581755560457, 6.903849832270353e-51], "nsamples": 399}, "all": {"pearson": {"mean": 0.6971341573210282, "wmean": 0.7097146338408066}, "spearman": {"mean": 0.691626845354215, "wmean": 0.7002212993856033}}}, "STS13": {"FNWN": {"pearson": [0.4486399336952024, 9.524815377047563e-11], "spearman": [0.4598564052553988, 2.8005376836685756e-11], "nsamples": 189}, "headlines": {"pearson": [0.788872846326428, 2.5804744214924558e-160], "spearman": [0.7859498748174744, 2.4043008478852237e-158], "nsamples": 750}, "OnWN": {"pearson": [0.772232262499768, 3.3140576184203636e-112], "spearman": [0.7757286367291436, 7.583367048069355e-114], "nsamples": 561}, "all": {"pearson": {"mean": 0.6699150141737995, "wmean": 0.7397799209837228}, "spearman": {"mean": 0.6738449722673389, "wmean": 0.7410393546076172}}}, "STS14": {"deft-forum": {"pearson": [0.6585076356682756, 2.820358005959617e-57], "spearman": [0.6450831565540647, 2.627481365708843e-54], "nsamples": 450}, "deft-news": {"pearson": [0.7810896717604671, 6.648136908802042e-63], "spearman": [0.7756679345009722, 1.6276142220385728e-61], "nsamples": 300}, "headlines": {"pearson": [0.7572054617056968, 1.69116365147058e-140], "spearman": [0.7380560679274306, 6.166614039586515e-130], "nsamples": 750}, "images": {"pearson": [0.9118857283966859, 1.655191810254781e-291], "spearman": [0.87512621608399, 5.203090400583166e-238], "nsamples": 750}, "OnWN": {"pearson": [0.8348403028723297, 4.2156808930207794e-196], "spearman": [0.8433606545609695, 5.885383521251266e-204], "nsamples": 750}, "tweet-news": {"pearson": [0.7544659920940384, 6.291272238172252e-139], "spearman": [0.6911729941647616, 1.3196626095260141e-107], "nsamples": 750}, "all": {"pearson": {"mean": 0.7829991320829156, "wmean": 0.7931875870347807}, "spearman": {"mean": 0.7614111706320315, "wmean": 0.7690066000939959}}}, "STS15": {"answers-forums": {"pearson": [0.7058165753998958, 8.291202813185908e-58], "spearman": [0.7112795697066165, 4.529468994921873e-59], "nsamples": 375}, "answers-students": {"pearson": [0.6951522511668525, 2.4731135513435635e-109], "spearman": [0.6903302692986937, 3.0384705025854914e-107], "nsamples": 750}, "belief": {"pearson": [0.8130009272967007, 1.242800340884686e-89], "spearman": [0.8222916213071452, 2.3766997132212184e-93], "nsamples": 375}, "headlines": {"pearson": [0.8142620487433718, 7.523769757538307e-179], "spearman": [0.819107898960939, 1.0308961541748102e-182], "nsamples": 750}, "images": {"pearson": [0.9276005397724594, 4.35e-322], "spearman": [0.9303273018661753, 0.0], "nsamples": 750}, "all": {"pearson": {"mean": 0.7911664684758561, "wmean": 0.7991058977577455}, "spearman": {"mean": 0.794667332227914, "wmean": 0.8016377664081723}}}, "STS16": {"answer-answer": {"pearson": [0.7536682544555835, 7.785451208329762e-48], "spearman": [0.7424023696122425, 9.821277789543619e-46], "nsamples": 254}, "headlines": {"pearson": [0.7828987242439994, 7.985451227551049e-53], "spearman": [0.7827950383703168, 8.410981126544888e-53], "nsamples": 249}, "plagiarism": {"pearson": [0.8499702329093268, 2.1546576603856936e-65], "spearman": [0.8641473717088346, 6.162761970433196e-70], "nsamples": 230}, "postediting": {"pearson": [0.8562643298212579, 2.2236181996235068e-71], "spearman": [0.8618969372949151, 2.527825593183091e-73], "nsamples": 244}, "question-question": {"pearson": [0.6940591272707617, 2.277266034180243e-31], "spearman": [0.7040847207815399, 1.31485796997749e-32], "nsamples": 209}, "all": {"pearson": {"mean": 0.7873721337401858, "wmean": 0.789083917886674}, "spearman": {"mean": 0.7910652875535698, "wmean": 0.7923243012411902}}}}