{"MR": {"devacc": 75.67, "acc": 75.24, "ndev": 10662, "ntest": 10662}, "CR": {"devacc": 86.78, "acc": 86.6, "ndev": 3775, "ntest": 3775}, "SUBJ": {"devacc": 89.25, "acc": 88.83, "ndev": 10000, "ntest": 10000}, "MPQA": {"devacc": 86.28, "acc": 86.53, "ndev": 10606, "ntest": 10606}, "SST5": {"devacc": 41.05, "acc": 43.03, "ndev": 1101, "ntest": 2210}, "TREC": {"devacc": 68.95, "acc": 79.2, "ndev": 5452, "ntest": 500}, "MRPC": {"devacc": 72.82, "acc": 71.54, "f1": 81.86, "ndev": 4076, "ntest": 1725}, "STS12": {"MSRpar": {"pearson": [0.6303368087985974, 2.6040078486933123e-84], "spearman": [0.6182399585939148, 2.782556049543968e-80], "nsamples": 750}, "MSRvid": {"pearson": [0.907585711989653, 3.929189547400252e-284], "spearman": [0.9000349005517433, 5.135489768301538e-272], "nsamples": 750}, "SMTeuroparl": {"pearson": [0.5714843448201594, 3.7501465057816707e-41], "spearman": [0.6343763448694061, 4.702030402965224e-53], "nsamples": 459}, "surprise.OnWN": {"pearson": [0.7053933452135619, 6.530277879217908e-114], "spearman": [0.6673365743510992, 8.060782614705112e-98], "nsamples": 750}, "surprise.SMTnews": {"pearson": [0.6376543926677333, 6.3847636381929e-47], "spearman": [0.6429313181362587, 6.520072389784019e-48], "nsamples": 399}, "all": {"pearson": {"mean": 0.6904909206979409, "wmean": 0.7076004879177086}, "spearman": {"mean": 0.6925838193004844, "wmean": 0.7036412205128676}}}, "STS13": {"FNWN": {"pearson": [0.4650311877311719, 1.568138389084083e-11], "spearman": [0.4724649891230294, 6.700518411032155e-12], "nsamples": 189}, "headlines": {"pearson": [0.7735587529995952, 2.4979348973761134e-150], "spearman": [0.7779088712757923, 4.3889764538892193e-153], "nsamples": 750}, "OnWN": {"pearson": [0.7738099810723169, 6.077806856264785e-113], "spearman": [0.7701677354133046, 2.987646926079505e-111], "nsamples": 561}, "all": {"pearson": {"mean": 0.6707999739343613, "wmean": 0.7347782390749719}, "spearman": {"mean": 0.6735138652707088, "wmean": 0.7365277573119738}}}, "STS14": {"deft-forum": {"pearson": [0.6417677497453511, 1.3490476928027397e-53], "spearman": [0.632197763888198, 1.3567136204109468e-51], "nsamples": 450}, "deft-news": {"pearson": [0.784556380661717, 8.197216201717329e-64], "spearman": [0.7788223761118475, 2.560278395663034e-62], "nsamples": 300}, "headlines": {"pearson": [0.7678001066251238, 8.945155580776214e-147], "spearman": [0.7472948717465212, 6.508963023615828e-135], "nsamples": 750}, "images": {"pearson": [0.8891351970262015, 3.898878600447426e-256], "spearman": [0.8556145238356453, 4.060413074370329e-216], "nsamples": 750}, "OnWN": {"pearson": [0.8246790130579487, 2.6663105313846e-187], "spearman": [0.8281634886329554, 2.9734595963064217e-190], "nsamples": 750}, "tweet-news": {"pearson": [0.7438553706780134, 4.912332392995211e-133], "spearman": [0.681765470957158, 1.2425284711315169e-103], "nsamples": 750}, "all": {"pearson": {"mean": 0.7752989696323925, "wmean": 0.7848705778998372}, "spearman": {"mean": 0.7539764158620542, "wmean": 0.7607371927899876}}}, "STS15": {"answers-forums": {"pearson": [0.6911451193295001, 1.4788015840852307e-54], "spearman": [0.6909525705572152, 1.6266214395636388e-54], "nsamples": 375}, "answers-students": {"pearson": [0.6936549585523402, 1.1129228255068e-108], "spearman": [0.6943533060107306, 5.524576823711425e-109], "nsamples": 750}, "belief": {"pearson": [0.7917649498626657, 7.306589281993359e-82], "spearman": [0.8031843841102192, 6.3670301399108446e-86], "nsamples": 375}, "headlines": {"pearson": [0.8066110010946538, 5.6328612355137046e-173], "spearman": [0.8130101548754431, 7.179270942150583e-178], "nsamples": 750}, "images": {"pearson": [0.9192401078093777, 4.818085020597786e-305], "spearman": [0.9212691000156117, 5.25595074086379e-309], "nsamples": 750}, "all": {"pearson": {"mean": 0.7804832273297075, "wmean": 0.7902402755131137}, "spearman": {"mean": 0.784553903113844, "wmean": 0.7939252595588756}}}, "STS16": {"answer-answer": {"pearson": [0.7510982429215204, 2.401313373059504e-47], "spearman": [0.7381760207322708, 5.652392113391244e-45], "nsamples": 254}, "headlines": {"pearson": [0.7752499423112702, 3.412210818272531e-51], "spearman": [0.7875545836187757, 7.531553063566632e-54], "nsamples": 249}, "plagiarism": {"pearson": [0.8150556865551085, 5.84099572779213e-56], "spearman": [0.820050222802161, 3.503444745738996e-57], "nsamples": 230}, "postediting": {"pearson": [0.8645329180255985, 2.904466111896004e-74], "spearman": [0.8662629488891722, 6.847275122016616e-75], "nsamples": 244}, "question-question": {"pearson": [0.6878938375563464, 1.242048600778143e-30], "spearman": [0.6914450290673588, 4.699406347547816e-31], "nsamples": 209}, "all": {"pearson": {"mean": 0.7787661254739688, "wmean": 0.7807713670259443}, "spearman": {"mean": 0.7806977610219479, "wmean": 0.7825375399962943}}}}