{"MR": {"devacc": 77.9, "acc": 77.76, "ndev": 10662, "ntest": 10662}, "CR": {"devacc": 88.41, "acc": 87.58, "ndev": 3775, "ntest": 3775}, "SUBJ": {"devacc": 91.31, "acc": 90.97, "ndev": 10000, "ntest": 10000}, "MPQA": {"devacc": 88.96, "acc": 88.18, "ndev": 10606, "ntest": 10606}, "SST5": {"devacc": 43.69, "acc": 44.71, "ndev": 1101, "ntest": 2210}, "TREC": {"devacc": 76.78, "acc": 79.0, "ndev": 5452, "ntest": 500}, "MRPC": {"devacc": 74.07, "acc": 74.72, "f1": 82.5, "ndev": 4076, "ntest": 1725}, "STS12": {"MSRpar": {"pearson": [0.6442542824696743, 3.5777852651584276e-89], "spearman": [0.6263389205263418, 5.845183793186613e-83], "nsamples": 750}, "MSRvid": {"pearson": [0.9302328278142428, 0.0], "spearman": [0.9231056968108932, 1.099233546764e-312], "nsamples": 750}, "SMTeuroparl": {"pearson": [0.5767127615124276, 4.80296157385291e-42], "spearman": [0.6333287349042727, 7.821648216080039e-53], "nsamples": 459}, "surprise.OnWN": {"pearson": [0.7425188811749431, 2.587163329689985e-132], "spearman": [0.6996164169952905, 2.639499617904458e-111], "nsamples": 750}, "surprise.SMTnews": {"pearson": [0.6728359994693377, 6.449156071667303e-54], "spearman": [0.6628139774050157, 7.926428707339738e-52], "nsamples": 399}, "all": {"pearson": {"mean": 0.7133109504881251, "wmean": 0.7306715620709829}, "spearman": {"mean": 0.7090407493283628, "wmean": 0.721350206581421}}}, "STS13": {"FNWN": {"pearson": [0.5666785558999253, 1.9043380800881804e-17], "spearman": [0.5809753926726503, 1.8870127590818844e-18], "nsamples": 189}, "headlines": {"pearson": [0.8081587440845213, 3.8355150203067827e-174], "spearman": [0.8069853520983777, 2.9475545469826807e-173], "nsamples": 750}, "OnWN": {"pearson": [0.7963874478511217, 3.48453265890737e-124], "spearman": [0.7916679291292867, 1.015903425217301e-121], "nsamples": 561}, "all": {"pearson": {"mean": 0.7237415826118561, "wmean": 0.7733297755819707}, "spearman": {"mean": 0.726542891300105, "wmean": 0.772779381020296}}}, "STS14": {"deft-forum": {"pearson": [0.6664927294696219, 4.079616968868355e-59], "spearman": [0.6547359721802615, 1.9945491315937736e-56], "nsamples": 450}, "deft-news": {"pearson": [0.8028304568189824, 6.721431111782869e-69], "spearman": [0.7951451502560418, 1.0703119293724528e-66], "nsamples": 300}, "headlines": {"pearson": [0.7928104347863006, 5.1141662181771604e-163], "spearman": [0.7739190001023055, 1.4851074618216592e-150], "nsamples": 750}, "images": {"pearson": [0.9221416875766729, 9.6327040605994e-311], "spearman": [0.8842384405582594, 1.5559609307697833e-249], "nsamples": 750}, "OnWN": {"pearson": [0.8519305639717761, 2.398428911705572e-212], "spearman": [0.8547348598519244, 3.3004407110082693e-215], "nsamples": 750}, "tweet-news": {"pearson": [0.7772377438917325, 1.1789633355844433e-152], "spearman": [0.7184980882772439, 4.5671771562374406e-120], "nsamples": 750}, "all": {"pearson": {"mean": 0.8022406027525144, "wmean": 0.8130296501271697}, "spearman": {"mean": 0.7802119185376727, "wmean": 0.7884580064400615}}}, "STS15": {"answers-forums": {"pearson": [0.7450682236985527, 1.3764505849356125e-67], "spearman": [0.7470973584714412, 3.841036827561953e-68], "nsamples": 375}, "answers-students": {"pearson": [0.7278182419861394, 1.1583843458483722e-124], "spearman": [0.7252971321254433, 2.1170987099603248e-123], "nsamples": 750}, "belief": {"pearson": [0.8260750557677267, 6.294342288124743e-95], "spearman": [0.8388647708311212, 1.4831363618875373e-100], "nsamples": 375}, "headlines": {"pearson": [0.8410314287779854, 9.185391810162137e-202], "spearman": [0.8465627733099694, 4.95698446681368e-207], "nsamples": 750}, "images": {"pearson": [0.9393876076587346, 0.0], "spearman": [0.9405825729639722, 0.0], "nsamples": 750}, "all": {"pearson": {"mean": 0.8158761115778278, "wmean": 0.8234522295389999}, "spearman": {"mean": 0.8196809215403894, "wmean": 0.8263558857626664}}}, "STS16": {"answer-answer": {"pearson": [0.7732684170957881, 8.942013592695111e-52], "spearman": [0.7738415671534622, 6.765473015766263e-52], "nsamples": 254}, "headlines": {"pearson": [0.8009698909012762, 5.916747048381248e-57], "spearman": [0.804952340192591, 6.372940863859437e-58], "nsamples": 249}, "plagiarism": {"pearson": [0.8548105253536099, 6.865743181098216e-67], "spearman": [0.8654828910793968, 2.1649620551566264e-70], "nsamples": 230}, "postediting": {"pearson": [0.8754860181910922, 2.162520001305063e-78], "spearman": [0.8787588117730719, 1.0598820546190756e-79], "nsamples": 244}, "question-question": {"pearson": [0.730075154910668, 4.4835409954176074e-36], "spearman": [0.7408296519496921, 1.2484593609002998e-37], "nsamples": 209}, "all": {"pearson": {"mean": 0.8069220012904867, "wmean": 0.8083156807951386}, "spearman": {"mean": 0.8127730524296426, "wmean": 0.8139127344378677}}}}