{"MR": {"devacc": 78.21, "acc": 77.55, "ndev": 10662, "ntest": 10662}, "CR": {"devacc": 88.33, "acc": 88.45, "ndev": 3775, "ntest": 3775}, "SUBJ": {"devacc": 91.68, "acc": 91.0, "ndev": 10000, "ntest": 10000}, "MPQA": {"devacc": 89.06, "acc": 88.97, "ndev": 10606, "ntest": 10606}, "SST5": {"devacc": 41.87, "acc": 43.89, "ndev": 1101, "ntest": 2210}, "TREC": {"devacc": 77.75, "acc": 87.2, "ndev": 5452, "ntest": 500}, "MRPC": {"devacc": 74.14, "acc": 71.59, "f1": 78.45, "ndev": 4076, "ntest": 1725}, "STS12": {"MSRpar": {"pearson": [0.6534885327712691, 1.5320164324007368e-92], "spearman": [0.6357270444172115, 3.649618284905063e-86], "nsamples": 750}, "MSRvid": {"pearson": [0.933396607621532, 0.0], "spearman": [0.92625691499917, 3.22773e-319], "nsamples": 750}, "SMTeuroparl": {"pearson": [0.57210222920596, 2.947146886323515e-41], "spearman": [0.6278836198942634, 1.0677325233953992e-51], "nsamples": 459}, "surprise.OnWN": {"pearson": [0.7330914849003352, 2.3876690892602773e-127], "spearman": [0.6877614192775484, 3.7937888273900636e-106], "nsamples": 750}, "surprise.SMTnews": {"pearson": [0.6835742329326859, 3.001370490434717e-56], "spearman": [0.6720784938829656, 9.339255310692651e-54], "nsamples": 399}, "all": {"pearson": {"mean": 0.7151306174863563, "wmean": 0.7320860717874934}, "spearman": {"mean": 0.7099414984942318, "wmean": 0.7219005581117174}}}, "STS13": {"FNWN": {"pearson": [0.5800879522140577, 2.1853828594331243e-18], "spearman": [0.5880279505597307, 5.783180368506671e-19], "nsamples": 189}, "headlines": {"pearson": [0.8046036498880507, 1.772162105837447e-171], "spearman": [0.8041687275347177, 3.721522633881965e-171], "nsamples": 750}, "OnWN": {"pearson": [0.7995129278575096, 7.477121000317044e-126], "spearman": [0.7961939403586733, 4.410414671632457e-124], "nsamples": 561}, "all": {"pearson": {"mean": 0.7280681766532059, "wmean": 0.7744107419417052}, "spearman": {"mean": 0.7294635394843739, "wmean": 0.7739524192320286}}}, "STS14": {"deft-forum": {"pearson": [0.6743334528815034, 5.595225475080075e-61], "spearman": [0.6594530443160918, 1.7196138931773194e-57], "nsamples": 450}, "deft-news": {"pearson": [0.811007357291387, 2.371889515475544e-71], "spearman": [0.8005267427670973, 3.14512731586359e-68], "nsamples": 300}, "headlines": {"pearson": [0.791638039177432, 3.3088027639238066e-162], "spearman": [0.7698409409598429, 5.0576662928512686e-148], "nsamples": 750}, "images": {"pearson": [0.9224246232803007, 2.6073163577203e-311], "spearman": [0.8843406164786574, 1.141113801453148e-249], "nsamples": 750}, "OnWN": {"pearson": [0.8583954124200341, 4.915048179419645e-219], "spearman": [0.8602221391367961, 5.51095071469771e-221], "nsamples": 750}, "tweet-news": {"pearson": [0.7731970979898244, 4.205975597085303e-150], "spearman": [0.7146683165861254, 3.122138713026e-118], "nsamples": 750}, "all": {"pearson": {"mean": 0.8051659971734134, "wmean": 0.8149316375026098}, "spearman": {"mean": 0.7815086333741018, "wmean": 0.7889909073715832}}}, "STS15": {"answers-forums": {"pearson": [0.7641170332388066, 5.2129604364018206e-73], "spearman": [0.7657377011649261, 1.7066068421597805e-73], "nsamples": 375}, "answers-students": {"pearson": [0.7364511569625217, 4.296071238442092e-129], "spearman": [0.7359884912976948, 7.498122569793557e-129], "nsamples": 750}, "belief": {"pearson": [0.8347263483086933, 1.1085890632731775e-98], "spearman": [0.8497772325912064, 9.226511421610295e-106], "nsamples": 375}, "headlines": {"pearson": [0.8347267586024967, 5.327231625821238e-196], "spearman": [0.8391381326601993, 5.24802461562252e-200], "nsamples": 750}, "images": {"pearson": [0.9417201800434515, 0.0], "spearman": [0.9424691122103079, 0.0], "nsamples": 750}, "all": {"pearson": {"mean": 0.822348295431194, "wmean": 0.828079946595555}, "spearman": {"mean": 0.826622133984867, "wmean": 0.8313383007615671}}}, "STS16": {"answer-answer": {"pearson": [0.7678303593422022, 1.211600551440117e-50], "spearman": [0.7682705566627994, 9.837559206404632e-51], "nsamples": 254}, "headlines": {"pearson": [0.7949766863975122, 1.5408213346005655e-55], "spearman": [0.7981125234002705, 2.837858926852132e-56], "nsamples": 249}, "plagiarism": {"pearson": [0.8515706441864614, 6.988970643517745e-66], "spearman": [0.8613623073814116, 5.270493421469832e-69], "nsamples": 230}, "postediting": {"pearson": [0.8738526220346067, 9.4373265066055e-78], "spearman": [0.8774784214665182, 3.4842490898815093e-79], "nsamples": 244}, "question-question": {"pearson": [0.7499194575180379, 5.25354612517839e-39], "spearman": [0.7587559515571312, 2.112741842133438e-40], "nsamples": 209}, "all": {"pearson": {"mean": 0.8076299538957642, "wmean": 0.80842543064629}, "spearman": {"mean": 0.8127959520936262, "wmean": 0.8133801004468921}}}}