{"MR": {"devacc": 77.16, "acc": 76.31, "ndev": 10662, "ntest": 10662}, "CR": {"devacc": 87.96, "acc": 87.6, "ndev": 3775, "ntest": 3775}, "SUBJ": {"devacc": 90.96, "acc": 90.68, "ndev": 10000, "ntest": 10000}, "MPQA": {"devacc": 87.97, "acc": 87.67, "ndev": 10606, "ntest": 10606}, "SST5": {"devacc": 39.6, "acc": 40.14, "ndev": 1101, "ntest": 2210}, "TREC": {"devacc": 73.83, "acc": 82.4, "ndev": 5452, "ntest": 500}, "MRPC": {"devacc": 72.13, "acc": 69.51, "f1": 75.72, "ndev": 4076, "ntest": 1725}, "STS12": {"MSRpar": {"pearson": [0.6450278774138115, 1.8875795223450938e-89], "spearman": [0.6290466036291469, 7.1425161928625685e-84], "nsamples": 750}, "MSRvid": {"pearson": [0.9285566139429188, 0.0], "spearman": [0.9230992300270452, 1.132938213864e-312], "nsamples": 750}, "SMTeuroparl": {"pearson": [0.5684357601408564, 1.2221868051489371e-40], "spearman": [0.6173695950868356, 1.4378247835177306e-49], "nsamples": 459}, "surprise.OnWN": {"pearson": [0.72630647146403, 6.641021524473992e-124], "spearman": [0.6924854375655594, 3.580155311332159e-108], "nsamples": 750}, "surprise.SMTnews": {"pearson": [0.6746106784134166, 2.6969895432094255e-54], "spearman": [0.6507647212146541, 2.0268915290401287e-49], "nsamples": 399}, "all": {"pearson": {"mean": 0.7085874802750067, "wmean": 0.7255469423124764}, "spearman": {"mean": 0.7025531175046481, "wmean": 0.7163774843390662}}}, "STS13": {"FNWN": {"pearson": [0.5037083808307617, 1.4891734587171377e-13], "spearman": [0.5174961352178287, 2.4446323287506594e-14], "nsamples": 189}, "headlines": {"pearson": [0.8052553318579412, 5.80995236880499e-172], "spearman": [0.8027360901974305, 4.230520176007802e-170], "nsamples": 750}, "OnWN": {"pearson": [0.8061388089260554, 1.7252551255278478e-129], "spearman": [0.8018398596396503, 4.0950076587922176e-127], "nsamples": 561}, "all": {"pearson": {"mean": 0.7050341738715861, "wmean": 0.7675908364519913}, "spearman": {"mean": 0.7073573616849699, "wmean": 0.7664606656413909}}}, "STS14": {"deft-forum": {"pearson": [0.6534669846713094, 3.8277367164550053e-56], "spearman": [0.645968050503377, 1.6920540587315287e-54], "nsamples": 450}, "deft-news": {"pearson": [0.7995116163625017, 6.168307355536148e-68], "spearman": [0.7904366184899895, 2.1508665865987906e-65], "nsamples": 300}, "headlines": {"pearson": [0.7928492671931786, 4.8064705549776094e-163], "spearman": [0.7732298132845751, 4.0124926048745575e-150], "nsamples": 750}, "images": {"pearson": [0.9185263745217459, 1.1271106348543461e-303], "spearman": [0.8795750852755295, 1.6092964612831868e-243], "nsamples": 750}, "OnWN": {"pearson": [0.8566848698108609, 3.1126006708744034e-217], "spearman": [0.8597177455903874, 1.9164553759349627e-220], "nsamples": 750}, "tweet-news": {"pearson": [0.7656496587423554, 1.7882697432624246e-145], "spearman": [0.7031616905101099, 6.75085905995008e-113], "nsamples": 750}, "all": {"pearson": {"mean": 0.7977814618836586, "wmean": 0.8091190015231855}, "spearman": {"mean": 0.7753481672756615, "wmean": 0.7838879624717248}}}, "STS15": {"answers-forums": {"pearson": [0.7507907877150235, 3.645651411223848e-69], "spearman": [0.7546184234438404, 3.039420403506786e-70], "nsamples": 375}, "answers-students": {"pearson": [0.7303018270457057, 6.408969140945355e-126], "spearman": [0.7290614137114475, 2.7313014624196355e-125], "nsamples": 750}, "belief": {"pearson": [0.8163472093901204, 6.018260729333029e-91], "spearman": [0.8281895538910045, 7.958626675990013e-96], "nsamples": 375}, "headlines": {"pearson": [0.8272612529507736, 1.7544790958281472e-189], "spearman": [0.8327460378000253, 3.069808634152443e-194], "nsamples": 750}, "images": {"pearson": [0.9398035784198003, 0.0], "spearman": [0.9407250392438272, 0.0], "nsamples": 750}, "all": {"pearson": {"mean": 0.8129009311042846, "wmean": 0.8202339142422129}, "spearman": {"mean": 0.817068093618029, "wmean": 0.8234841198556806}}}, "STS16": {"answer-answer": {"pearson": [0.7761799704269965, 2.1495669233287846e-52], "spearman": [0.7814538071867708, 1.5376815866825624e-53], "nsamples": 254}, "headlines": {"pearson": [0.7939293719419763, 2.693397106846688e-55], "spearman": [0.7991544020114227, 1.606896820523522e-56], "nsamples": 249}, "plagiarism": {"pearson": [0.8438580545938906, 1.4113443299330488e-63], "spearman": [0.850711913602024, 1.2808220244428278e-65], "nsamples": 230}, "postediting": {"pearson": [0.8556543919297596, 3.5695824717285982e-71], "spearman": [0.8595963103181716, 1.6111029246046824e-72], "nsamples": 244}, "question-question": {"pearson": [0.7484555352941543, 8.831333440536749e-39], "spearman": [0.7586093493832626, 2.23094670035017e-40], "nsamples": 209}, "all": {"pearson": {"mean": 0.8036154648373556, "wmean": 0.8044960853001212}, "spearman": {"mean": 0.8099051565003303, "wmean": 0.8106520295054682}}}}