{"MR": {"devacc": 77.4, "acc": 77.56, "ndev": 10662, "ntest": 10662}, "CR": {"devacc": 88.46, "acc": 88.08, "ndev": 3775, "ntest": 3775}, "SUBJ": {"devacc": 91.13, "acc": 90.79, "ndev": 10000, "ntest": 10000}, "MPQA": {"devacc": 88.42, "acc": 88.29, "ndev": 10606, "ntest": 10606}, "SST5": {"devacc": 41.33, "acc": 41.27, "ndev": 1101, "ntest": 2210}, "TREC": {"devacc": 74.05, "acc": 80.6, "ndev": 5452, "ntest": 500}, "MRPC": {"devacc": 73.36, "acc": 70.49, "f1": 77.49, "ndev": 4076, "ntest": 1725}, "STS12": {"MSRpar": {"pearson": [0.6483985185495056, 1.13877118108642e-90], "spearman": [0.6292073695393077, 6.300298737036219e-84], "nsamples": 750}, "MSRvid": {"pearson": [0.9235599841193273, 1.3085525281e-313], "spearman": [0.9175706414275259, 7.340865520912732e-302], "nsamples": 750}, "SMTeuroparl": {"pearson": [0.5611778920361963, 1.9382198196034408e-39], "spearman": [0.6090033794551244, 6.24209072740452e-48], "nsamples": 459}, "surprise.OnWN": {"pearson": [0.7366301205095891, 3.462360868029022e-129], "spearman": [0.6919870106678954, 5.880622193757241e-108], "nsamples": 750}, "surprise.SMTnews": {"pearson": [0.667505241811662, 8.532900945683655e-53], "spearman": [0.6384209000794456, 4.596346465915916e-47], "nsamples": 399}, "all": {"pearson": {"mean": 0.707454351405256, "wmean": 0.725661747526153}, "spearman": {"mean": 0.6972378602338598, "wmean": 0.7121416526794233}}}, "STS13": {"FNWN": {"pearson": [0.5658750387643859, 2.1614103804825006e-17], "spearman": [0.5736038838351436, 6.302587889982278e-18], "nsamples": 189}, "headlines": {"pearson": [0.7958482704679625, 3.827989084163684e-165], "spearman": [0.7953609888321063, 8.440802880421774e-165], "nsamples": 750}, "OnWN": {"pearson": [0.7946873131386704, 2.7382495823021648e-123], "spearman": [0.7945068800155111, 3.404049332298035e-123], "nsamples": 561}, "all": {"pearson": {"mean": 0.7188035407903396, "wmean": 0.7664374452321566}, "spearman": {"mean": 0.7211572508942536, "wmean": 0.7671001569050824}}}, "STS14": {"deft-forum": {"pearson": [0.6670367843743855, 3.0422557680082244e-59], "spearman": [0.655247111502264, 1.5325994393849585e-56], "nsamples": 450}, "deft-news": {"pearson": [0.7905043183309131, 2.0611775569789753e-65], "spearman": [0.7831909528590212, 1.8780401150409456e-63], "nsamples": 300}, "headlines": {"pearson": [0.7859056939548116, 2.573457252647645e-158], "spearman": [0.7648341481640204, 5.522016424067552e-145], "nsamples": 750}, "images": {"pearson": [0.9225173152498559, 1.6974169661746e-311], "spearman": [0.8842541118405634, 1.4837198377953759e-249], "nsamples": 750}, "OnWN": {"pearson": [0.8461520048419756, 1.2403480112593321e-206], "spearman": [0.8519527800025971, 2.2776769905415437e-212], "nsamples": 750}, "tweet-news": {"pearson": [0.7773283771044801, 1.031892843976008e-152], "spearman": [0.7158385518341347, 8.650281800967621e-119], "nsamples": 750}, "all": {"pearson": {"mean": 0.7982407489760702, "wmean": 0.809665437821624}, "spearman": {"mean": 0.7758862760337668, "wmean": 0.7846608479772565}}}, "STS15": {"answers-forums": {"pearson": [0.7456990352147784, 9.268352963968862e-68], "spearman": [0.7532019078091214, 7.663116668126307e-70], "nsamples": 375}, "answers-students": {"pearson": [0.7265078617794668, 5.266250198167392e-124], "spearman": [0.7246659534273098, 4.3597307983372336e-123], "nsamples": 750}, "belief": {"pearson": [0.8261653502220354, 5.7656413061994783e-95], "spearman": [0.8420267687822369, 5.0525419720738876e-102], "nsamples": 375}, "headlines": {"pearson": [0.825958971028154, 2.233418216057997e-188], "spearman": [0.8307120603466406, 1.8670721365055836e-192], "nsamples": 750}, "images": {"pearson": [0.9350136219174308, 0.0], "spearman": [0.9354848035313045, 0.0], "nsamples": 750}, "all": {"pearson": {"mean": 0.8118689680323732, "wmean": 0.8183531618608646}, "spearman": {"mean": 0.8172182987793226, "wmean": 0.8221192889002334}}}, "STS16": {"answer-answer": {"pearson": [0.778069936242583, 8.423059998551363e-53], "spearman": [0.7731666085137234, 9.395409385832733e-52], "nsamples": 254}, "headlines": {"pearson": [0.8015418447939008, 4.3097647548477233e-57], "spearman": [0.8076449841517043, 1.3717142731518174e-58], "nsamples": 249}, "plagiarism": {"pearson": [0.8596970668278398, 1.859978577290523e-68], "spearman": [0.8693501556959264, 9.813928475687072e-72], "nsamples": 230}, "postediting": {"pearson": [0.8652969226890641, 1.5381819697887444e-74], "spearman": [0.8687297692631749, 8.421034505971126e-76], "nsamples": 244}, "question-question": {"pearson": [0.7224063805286092, 5.196173035125969e-35], "spearman": [0.728942156956268, 6.473156091684046e-36], "nsamples": 209}, "all": {"pearson": {"mean": 0.8054024302163993, "wmean": 0.8069640735213419}, "spearman": {"mean": 0.8095667349161595, "wmean": 0.8109253203460353}}}}