{"MR": {"devacc": 76.6, "acc": 76.79, "ndev": 10662, "ntest": 10662}, "CR": {"devacc": 87.88, "acc": 86.94, "ndev": 3775, "ntest": 3775}, "SUBJ": {"devacc": 90.43, "acc": 89.92, "ndev": 10000, "ntest": 10000}, "MPQA": {"devacc": 86.7, "acc": 87.6, "ndev": 10606, "ntest": 10606}, "SST5": {"devacc": 42.05, "acc": 43.21, "ndev": 1101, "ntest": 2210}, "TREC": {"devacc": 70.76, "acc": 80.0, "ndev": 5452, "ntest": 500}, "MRPC": {"devacc": 73.09, "acc": 67.59, "f1": 73.74, "ndev": 4076, "ntest": 1725}, "STS12": {"MSRpar": {"pearson": [0.6378456802820899, 6.662161976732749e-87], "spearman": [0.6222400272251141, 1.3545269833913818e-81], "nsamples": 750}, "MSRvid": {"pearson": [0.9251052836128174, 8.497178e-317], "spearman": [0.9182881404845316, 3.2074471707780095e-303], "nsamples": 750}, "SMTeuroparl": {"pearson": [0.5763327595582023, 5.583678579575562e-42], "spearman": [0.6395891528870409, 3.628710660751916e-54], "nsamples": 459}, "surprise.OnWN": {"pearson": [0.7191783752660542, 2.140547879086498e-120], "spearman": [0.6739611765922215, 1.901137317400728e-100], "nsamples": 750}, "surprise.SMTnews": {"pearson": [0.6844922098733154, 1.8761900553779327e-56], "spearman": [0.656720053394394, 1.3509323390911627e-50], "nsamples": 399}, "all": {"pearson": {"mean": 0.7085908617184958, "wmean": 0.7236956669071393}, "spearman": {"mean": 0.7021597101166603, "wmean": 0.7131498490044773}}}, "STS13": {"FNWN": {"pearson": [0.5221638712162396, 1.3014546807921236e-14], "spearman": [0.546748343360466, 3.989240694954775e-16], "nsamples": 189}, "headlines": {"pearson": [0.7903266497298093, 2.633487633437466e-161], "spearman": [0.7858971303713389, 2.607591715771216e-158], "nsamples": 750}, "OnWN": {"pearson": [0.8097883519709709, 1.4893668971438643e-131], "spearman": [0.8069337371709322, 6.181254865157887e-130], "nsamples": 561}, "all": {"pearson": {"mean": 0.7074262909723399, "wmean": 0.7638168162752939}, "spearman": {"mean": 0.7131930703009123, "wmean": 0.7636320741510169}}}, "STS14": {"deft-forum": {"pearson": [0.6643612835632925, 1.280101312021796e-58], "spearman": [0.6522703407820302, 7.057550362559896e-56], "nsamples": 450}, "deft-news": {"pearson": [0.7814574761909008, 5.333899872611468e-63], "spearman": [0.783890301482042, 1.229211482077511e-63], "nsamples": 300}, "headlines": {"pearson": [0.7831036881711425, 1.8578845206740871e-156], "spearman": [0.7630770376521602, 6.171619429502198e-144], "nsamples": 750}, "images": {"pearson": [0.9151134372149375, 2.6900967223838603e-297], "spearman": [0.8749935667477962, 7.538495651022065e-238], "nsamples": 750}, "OnWN": {"pearson": [0.8625773437865037, 1.5325685501454679e-223], "spearman": [0.8611794425255928, 5.105856019299679e-222], "nsamples": 750}, "tweet-news": {"pearson": [0.7638846404610512, 2.040404458394978e-144], "spearman": [0.7030000629630472, 7.988404968470857e-113], "nsamples": 750}, "all": {"pearson": {"mean": 0.7950829782313047, "wmean": 0.8071757740495943}, "spearman": {"mean": 0.7730684586921114, "wmean": 0.7814336869901262}}}, "STS15": {"answers-forums": {"pearson": [0.7203902364833321, 3.0450854237381025e-61], "spearman": [0.7259224196191122, 1.3235723109424326e-62], "nsamples": 375}, "answers-students": {"pearson": [0.7075844004147874, 6.450985328525132e-115], "spearman": [0.7059024265364697, 3.821055169101255e-114], "nsamples": 750}, "belief": {"pearson": [0.8138643710909576, 5.723413244377644e-90], "spearman": [0.8225948523733634, 1.78224508867661e-93], "nsamples": 375}, "headlines": {"pearson": [0.8274600666893602, 1.1875826165506676e-189], "spearman": [0.8328588601047433, 2.4403300609562216e-194], "nsamples": 750}, "images": {"pearson": [0.936804000574206, 0.0], "spearman": [0.9381254111644725, 0.0], "nsamples": 750}, "all": {"pearson": {"mean": 0.8012206150505286, "wmean": 0.8097439428663745}, "spearman": {"mean": 0.8050807939596322, "wmean": 0.8127863334504809}}}, "STS16": {"answer-answer": {"pearson": [0.7544739366231328, 5.4536834261576286e-48], "spearman": [0.7535920646147816, 8.051413364001643e-48], "nsamples": 254}, "headlines": {"pearson": [0.7908942410139859, 1.3345454573436496e-54], "spearman": [0.7925406175669901, 5.6203257531537785e-55], "nsamples": 249}, "plagiarism": {"pearson": [0.8438591258602723, 1.4103325322491648e-63], "spearman": [0.8502988124361405, 1.7118101842456332e-65], "nsamples": 230}, "postediting": {"pearson": [0.8624637919730422, 1.593393722221517e-73], "spearman": [0.8659640825246923, 8.801429961200156e-75], "nsamples": 244}, "question-question": {"pearson": [0.691669342596691, 4.417496735078826e-31], "spearman": [0.7037921858501217, 1.4313735024793606e-32], "nsamples": 209}, "all": {"pearson": {"mean": 0.7886720876134248, "wmean": 0.7906043024508866}, "spearman": {"mean": 0.7932375525985453, "wmean": 0.7948663811343573}}}}