{"MR": {"devacc": 77.75, "acc": 77.7, "ndev": 10662, "ntest": 10662}, "CR": {"devacc": 88.43, "acc": 87.28, "ndev": 3775, "ntest": 3775}, "SUBJ": {"devacc": 91.39, "acc": 91.08, "ndev": 10000, "ntest": 10000}, "MPQA": {"devacc": 88.84, "acc": 88.35, "ndev": 10606, "ntest": 10606}, "SST5": {"devacc": 43.05, "acc": 45.07, "ndev": 1101, "ntest": 2210}, "TREC": {"devacc": 75.55, "acc": 85.6, "ndev": 5452, "ntest": 500}, "MRPC": {"devacc": 72.57, "acc": 72.46, "f1": 79.48, "ndev": 4076, "ntest": 1725}, "STS12": {"MSRpar": {"pearson": [0.6480696605727007, 1.5000178934156614e-90], "spearman": [0.6287119822362742, 9.271824796209535e-84], "nsamples": 750}, "MSRvid": {"pearson": [0.9325946052958501, 0.0], "spearman": [0.9258236969190621, 2.654476e-318], "nsamples": 750}, "SMTeuroparl": {"pearson": [0.5749895362466989, 9.494045132115179e-42], "spearman": [0.6340987270252222, 5.381918332048679e-53], "nsamples": 459}, "surprise.OnWN": {"pearson": [0.7322502384396901, 6.467573268463089e-127], "spearman": [0.6884313044232054, 1.969066014914569e-106], "nsamples": 750}, "surprise.SMTnews": {"pearson": [0.6831809913574042, 3.668574272087308e-56], "spearman": [0.6840060988964461, 2.4066924113287294e-56], "nsamples": 399}, "all": {"pearson": {"mean": 0.7142170063824688, "wmean": 0.7307578156113319}, "spearman": {"mean": 0.7122143619000421, "wmean": 0.7227139597323569}}}, "STS13": {"FNWN": {"pearson": [0.5669333572483501, 1.8292543661877114e-17], "spearman": [0.5769403958724245, 3.665146061423126e-18], "nsamples": 189}, "headlines": {"pearson": [0.8099136116196812, 1.7693669027250793e-175], "spearman": [0.8091780204903856, 6.449453543231794e-175], "nsamples": 750}, "OnWN": {"pearson": [0.7950836945090172, 1.6962449544240885e-123], "spearman": [0.7937559760396075, 8.401422277536103e-123], "nsamples": 561}, "all": {"pearson": {"mean": 0.7239768877923495, "wmean": 0.7737517105695051}, "spearman": {"mean": 0.7266247974674725, "wmean": 0.7741482351639315}}}, "STS14": {"deft-forum": {"pearson": [0.6775043261151406, 9.506614848607907e-62], "spearman": [0.6679085155703989, 1.8987325275785596e-59], "nsamples": 450}, "deft-news": {"pearson": [0.8108923099284002, 2.572906542372393e-71], "spearman": [0.8014755714562337, 1.6698691792696733e-68], "nsamples": 300}, "headlines": {"pearson": [0.790308895280516, 2.7082163683493976e-161], "spearman": [0.7701695514109052, 3.175781888576711e-148], "nsamples": 750}, "images": {"pearson": [0.9203492989909905, 3.38769804982965e-307], "spearman": [0.8800212089672093, 4.386584943537187e-244], "nsamples": 750}, "OnWN": {"pearson": [0.8520090899136606, 1.9980734177374843e-212], "spearman": [0.8562301646619489, 9.291672946251457e-217], "nsamples": 750}, "tweet-news": {"pearson": [0.7845482279856653, 2.0623864626993665e-157], "spearman": [0.7181870568791898, 6.453573430805727e-120], "nsamples": 750}, "all": {"pearson": {"mean": 0.8059353580357288, "wmean": 0.8156150063622554}, "spearman": {"mean": 0.782332011490981, "wmean": 0.7891886639687972}}}, "STS15": {"answers-forums": {"pearson": [0.7657059027864204, 1.7445612808936e-73], "spearman": [0.7654655693331356, 2.059857778617463e-73], "nsamples": 375}, "answers-students": {"pearson": [0.7273235752868434, 2.053834301595746e-124], "spearman": [0.7258899096310805, 1.07228210399998e-123], "nsamples": 750}, "belief": {"pearson": [0.827188198703463, 2.1265616891983987e-95], "spearman": [0.8410590568562698, 1.4324982619669294e-101], "nsamples": 375}, "headlines": {"pearson": [0.83406539405877, 2.0747155827559766e-195], "spearman": [0.8393617364190653, 3.263563474345909e-200], "nsamples": 750}, "images": {"pearson": [0.9413661804696842, 0.0], "spearman": [0.9415245465936669, 0.0], "nsamples": 750}, "all": {"pearson": {"mean": 0.8191298502610362, "wmean": 0.82480055014006}, "spearman": {"mean": 0.8226601637666435, "wmean": 0.8275096264346288}}}, "STS16": {"answer-answer": {"pearson": [0.7746365809228016, 4.588577433117356e-52], "spearman": [0.7693339138589957, 5.936220522638947e-51], "nsamples": 254}, "headlines": {"pearson": [0.8031903717371395, 1.7188479312965192e-57], "spearman": [0.8055564968988735, 4.524551297504445e-58], "nsamples": 249}, "plagiarism": {"pearson": [0.85068361593933, 1.3065611231230533e-65], "spearman": [0.8603543299467191, 1.1329147678605994e-68], "nsamples": 230}, "postediting": {"pearson": [0.8685769178404912, 9.600546343430353e-76], "spearman": [0.8717241844111111, 6.243484957109366e-77], "nsamples": 244}, "question-question": {"pearson": [0.7328216949794562, 1.826450876390687e-36], "spearman": [0.7338797717254704, 1.2884531932932567e-36], "nsamples": 209}, "all": {"pearson": {"mean": 0.8059818362838437, "wmean": 0.8073371230917128}, "spearman": {"mean": 0.808169739368234, "wmean": 0.8094076315536965}}}}