{"MR": {"devacc": 75.37, "acc": 75.06, "ndev": 10662, "ntest": 10662}, "CR": {"devacc": 87.01, "acc": 86.36, "ndev": 3775, "ntest": 3775}, "SUBJ": {"devacc": 89.1, "acc": 88.92, "ndev": 10000, "ntest": 10000}, "MPQA": {"devacc": 87.17, "acc": 87.41, "ndev": 10606, "ntest": 10606}, "SST5": {"devacc": 40.78, "acc": 40.86, "ndev": 1101, "ntest": 2210}, "TREC": {"devacc": 69.81, "acc": 81.2, "ndev": 5452, "ntest": 500}, "MRPC": {"devacc": 73.01, "acc": 69.1, "f1": 76.26, "ndev": 4076, "ntest": 1725}, "STS12": {"MSRpar": {"pearson": [0.6095660431256194, 1.6855312669330277e-77], "spearman": [0.5915873830604796, 5.338765026087519e-72], "nsamples": 750}, "MSRvid": {"pearson": [0.9133251831325427, 4.624524418604969e-294], "spearman": [0.9084410215768529, 1.43359244862017e-285], "nsamples": 750}, "SMTeuroparl": {"pearson": [0.5143038897094111, 2.3492445265113638e-32], "spearman": [0.5859392654459816, 1.1660374819647657e-43], "nsamples": 459}, "surprise.OnWN": {"pearson": [0.7112707427698648, 1.2502750115843872e-116], "spearman": [0.6596496399463878, 7.435772375821207e-95], "nsamples": 750}, "surprise.SMTnews": {"pearson": [0.6744892236999723, 2.863358764373947e-54], "spearman": [0.6497794091272312, 3.154191585264668e-49], "nsamples": 399}, "all": {"pearson": {"mean": 0.684591016487482, "wmean": 0.7016757279291921}, "spearman": {"mean": 0.6790793438313867, "wmean": 0.69110895769603}}}, "STS13": {"FNWN": {"pearson": [0.5060209864190229, 1.1060523133883236e-13], "spearman": [0.5061110161091856, 1.0932698699766913e-13], "nsamples": 189}, "headlines": {"pearson": [0.7904652342216658, 2.1165874423779142e-161], "spearman": [0.7870190760998029, 4.615774296831541e-159], "nsamples": 750}, "OnWN": {"pearson": [0.7613115435191381, 2.8907550218571976e-107], "spearman": [0.7533579820317273, 7.852836683306525e-104], "nsamples": 561}, "all": {"pearson": {"mean": 0.6859325880532756, "wmean": 0.7437217786757874}, "spearman": {"mean": 0.682162691413572, "wmean": 0.7390354113595249}}}, "STS14": {"deft-forum": {"pearson": [0.6348918303846441, 3.766257250929664e-52], "spearman": [0.6282355835462237, 8.73216374759831e-51], "nsamples": 450}, "deft-news": {"pearson": [0.776266662077072, 1.148413347338041e-61], "spearman": [0.7649089221882034, 7.17208813929445e-59], "nsamples": 300}, "headlines": {"pearson": [0.759977421873229, 4.14532888651237e-142], "spearman": [0.7425568584496796, 2.468214068606393e-132], "nsamples": 750}, "images": {"pearson": [0.9017835516791256, 9.834575971718748e-275], "spearman": [0.8618622386615706, 9.256143314588347e-223], "nsamples": 750}, "OnWN": {"pearson": [0.824602916436878, 3.087884806706365e-187], "spearman": [0.8273869191190708, 1.3710263679652138e-189], "nsamples": 750}, "tweet-news": {"pearson": [0.7236964504489581, 1.3171484286101653e-122], "spearman": [0.6597589048714751, 6.75763363291322e-95], "nsamples": 750}, "all": {"pearson": {"mean": 0.7702031388166511, "wmean": 0.7803004206999613}, "spearman": {"mean": 0.7474515711393707, "wmean": 0.7548939680209623}}}, "STS15": {"answers-forums": {"pearson": [0.6829913106071824, 7.836221891481024e-53], "spearman": [0.6868902180351482, 1.1932589811654334e-53], "nsamples": 375}, "answers-students": {"pearson": [0.667409334401455, 7.548981029195837e-98], "spearman": [0.6735286878693891, 2.835535017394027e-100], "nsamples": 750}, "belief": {"pearson": [0.7908094139773255, 1.5554191905534187e-81], "spearman": [0.8038796966460375, 3.5329737683360526e-86], "nsamples": 375}, "headlines": {"pearson": [0.8092157738873614, 6.036060677831691e-175], "spearman": [0.812347122804442, 2.3547066279035396e-177], "nsamples": 750}, "images": {"pearson": [0.9264658919699617, 1.16273e-319], "spearman": [0.9295603386670619, 0.0], "nsamples": 750}, "all": {"pearson": {"mean": 0.7753783449686572, "wmean": 0.784997840637758}, "spearman": {"mean": 0.7812412128044157, "wmean": 0.7902052766703715}}}, "STS16": {"answer-answer": {"pearson": [0.7270958587065092, 4.751750229765315e-43], "spearman": [0.7412810664319859, 1.5677205550169463e-45], "nsamples": 254}, "headlines": {"pearson": [0.773584860687004, 7.57747817728506e-51], "spearman": [0.7759882261767759, 2.3902951502311708e-51], "nsamples": 249}, "plagiarism": {"pearson": [0.8298144206148146, 1.1022071748420516e-59], "spearman": [0.8446806630557424, 8.124101031541783e-64], "nsamples": 230}, "postediting": {"pearson": [0.857510365816071, 8.397743941567395e-72], "spearman": [0.863320657071488, 7.90048392963679e-74], "nsamples": 244}, "question-question": {"pearson": [0.7369572675922215, 4.625462910065855e-37], "spearman": [0.7392009620454797, 2.171850293551267e-37], "nsamples": 209}, "all": {"pearson": {"mean": 0.7849925546833241, "wmean": 0.7853447667367793}, "spearman": {"mean": 0.7928943149562943, "wmean": 0.7933610902930106}}}}