{"MR": {"devacc": 76.69, "acc": 75.39, "ndev": 10662, "ntest": 10662}, "CR": {"devacc": 87.32, "acc": 87.6, "ndev": 3775, "ntest": 3775}, "SUBJ": {"devacc": 90.36, "acc": 89.97, "ndev": 10000, "ntest": 10000}, "MPQA": {"devacc": 87.26, "acc": 88.13, "ndev": 10606, "ntest": 10606}, "SST5": {"devacc": 41.78, "acc": 42.35, "ndev": 1101, "ntest": 2210}, "TREC": {"devacc": 72.32, "acc": 80.8, "ndev": 5452, "ntest": 500}, "MRPC": {"devacc": 73.18, "acc": 70.84, "f1": 78.2, "ndev": 4076, "ntest": 1725}, "STS12": {"MSRpar": {"pearson": [0.6387705118347142, 3.1576425114925082e-87], "spearman": [0.619624009200342, 9.82658969476207e-81], "nsamples": 750}, "MSRvid": {"pearson": [0.9292616640787503, 0.0], "spearman": [0.923972121463214, 1.876212644e-314], "nsamples": 750}, "SMTeuroparl": {"pearson": [0.5599975588761618, 3.018657499094511e-39], "spearman": [0.6154799727200394, 3.403192395048745e-49], "nsamples": 459}, "surprise.OnWN": {"pearson": [0.7277802824988554, 1.2104802782846498e-124], "spearman": [0.6843731423468501, 1.0183131893702417e-104], "nsamples": 750}, "surprise.SMTnews": {"pearson": [0.65957784403635, 3.603039868559239e-51], "spearman": [0.646975787428996, 1.1002419323953634e-48], "nsamples": 399}, "all": {"pearson": {"mean": 0.7030775722649663, "wmean": 0.7213866741003545}, "spearman": {"mean": 0.6980850066318883, "wmean": 0.7115912488482856}}}, "STS13": {"FNWN": {"pearson": [0.4701500043241232, 8.751068432094437e-12], "spearman": [0.4747564733676487, 5.134201436841909e-12], "nsamples": 189}, "headlines": {"pearson": [0.8050853033898024, 7.775258517529281e-172], "spearman": [0.8042896042869406, 3.0286508576627375e-171], "nsamples": 750}, "OnWN": {"pearson": [0.8008416421943232, 1.430413297899707e-126], "spearman": [0.7991236203893379, 1.2110436906059182e-125], "nsamples": 561}, "all": {"pearson": {"mean": 0.6920256499694162, "wmean": 0.7612963264204176}, "spearman": {"mean": 0.6927232326813092, "wmean": 0.7608363518134065}}}, "STS14": {"deft-forum": {"pearson": [0.655991882551877, 1.0430764325892623e-56], "spearman": [0.646753681344445, 1.1433948142192633e-54], "nsamples": 450}, "deft-news": {"pearson": [0.7979315910288765, 1.7464090020311293e-67], "spearman": [0.7882879863588782, 8.244539033602883e-65], "nsamples": 300}, "headlines": {"pearson": [0.7835881183046735, 8.906237136777672e-157], "spearman": [0.7660884958005666, 9.729952533092494e-146], "nsamples": 750}, "images": {"pearson": [0.9104535333192731, 5.207531886457197e-289], "spearman": [0.866798142877606, 3.0478394388479066e-228], "nsamples": 750}, "OnWN": {"pearson": [0.853243708398058, 1.1155767921600096e-213], "spearman": [0.854546756832947, 5.156821359599833e-215], "nsamples": 750}, "tweet-news": {"pearson": [0.7564280565533458, 4.742388522244448e-140], "spearman": [0.6949245306487507, 3.1106489517395546e-109], "nsamples": 750}, "all": {"pearson": {"mean": 0.792939481692684, "wmean": 0.8032962365036054}, "spearman": {"mean": 0.769566598977199, "wmean": 0.7771450659020178}}}, "STS15": {"answers-forums": {"pearson": [0.7289912037658255, 2.2480859960761482e-63], "spearman": [0.7312465486562412, 6.014476289195956e-64], "nsamples": 375}, "answers-students": {"pearson": [0.7310392829793014, 2.6966286082859534e-126], "spearman": [0.7318753400431408, 1.0071014640452405e-126], "nsamples": 750}, "belief": {"pearson": [0.8199546400203653, 2.1452004036991128e-92], "spearman": [0.8348144669249024, 1.0125562140678396e-98], "nsamples": 375}, "headlines": {"pearson": [0.8245211265066984, 3.6153192540839516e-187], "spearman": [0.8290425448101383, 5.222000557318747e-191], "nsamples": 750}, "images": {"pearson": [0.9321631718029194, 0.0], "spearman": [0.9337718761102622, 0.0], "nsamples": 750}, "all": {"pearson": {"mean": 0.807333885015022, "wmean": 0.8155491257955036}, "spearman": {"mean": 0.812150155308937, "wmean": 0.8194300671885283}}}, "STS16": {"answer-answer": {"pearson": [0.767702116884191, 1.2872977360028572e-50], "spearman": [0.7652492247341454, 4.0724007052500115e-50], "nsamples": 254}, "headlines": {"pearson": [0.7900375202221253, 2.0865700274728447e-54], "spearman": [0.7944871925127475, 2.0011974916296465e-55], "nsamples": 249}, "plagiarism": {"pearson": [0.8449974807521278, 6.56182870297094e-64], "spearman": [0.8546242991742282, 7.857282173253265e-67], "nsamples": 230}, "postediting": {"pearson": [0.8641421327557164, 4.014380759751134e-74], "spearman": [0.8661215951290043, 7.711177311844918e-75], "nsamples": 244}, "question-question": {"pearson": [0.7425462526542967, 6.933901560606298e-38], "spearman": [0.7456463473985597, 2.368958933790665e-38], "nsamples": 209}, "all": {"pearson": {"mean": 0.8018851006536915, "wmean": 0.802789163570005}, "spearman": {"mean": 0.805225731789737, "wmean": 0.8060185148785797}}}}