{"MR": {"devacc": 76.11, "acc": 76.18, "ndev": 10662, "ntest": 10662}, "CR": {"devacc": 87.48, "acc": 86.86, "ndev": 3775, "ntest": 3775}, "SUBJ": {"devacc": 89.59, "acc": 89.91, "ndev": 10000, "ntest": 10000}, "MPQA": {"devacc": 87.19, "acc": 88.1, "ndev": 10606, "ntest": 10606}, "SST5": {"devacc": 43.51, "acc": 43.48, "ndev": 1101, "ntest": 2210}, "TREC": {"devacc": 70.6, "acc": 79.2, "ndev": 5452, "ntest": 500}, "MRPC": {"devacc": 72.23, "acc": 71.59, "f1": 79.75, "ndev": 4076, "ntest": 1725}, "STS12": {"MSRpar": {"pearson": [0.6324533684939447, 4.923339429832039e-85], "spearman": [0.6041671105857229, 8.23153190454756e-76], "nsamples": 750}, "MSRvid": {"pearson": [0.9255354616059939, 1.0708695e-317], "spearman": [0.91890752088246, 2.1009442731286575e-304], "nsamples": 750}, "SMTeuroparl": {"pearson": [0.545864922618083, 5.308095260641451e-37], "spearman": [0.5924217530000089, 7.959208069136946e-45], "nsamples": 459}, "surprise.OnWN": {"pearson": [0.7334304447632556, 1.5963751029131845e-127], "spearman": [0.691909527160423, 6.351669901828435e-108], "nsamples": 750}, "surprise.SMTnews": {"pearson": [0.6358642871134554, 1.3706013691975384e-46], "spearman": [0.6289381168072742, 2.512900999953687e-45], "nsamples": 399}, "all": {"pearson": {"mean": 0.6946296969189465, "wmean": 0.7151950792108636}, "spearman": {"mean": 0.6872688056871777, "wmean": 0.7027368121636297}}}, "STS13": {"FNWN": {"pearson": [0.5751990757085931, 4.867368661741263e-18], "spearman": [0.585642054902631, 8.65599279424727e-19], "nsamples": 189}, "headlines": {"pearson": [0.7985419557280767, 4.6511234011715905e-167], "spearman": [0.7958126987781169, 4.055753881476811e-165], "nsamples": 750}, "OnWN": {"pearson": [0.766998148779682, 8.358690852865501e-110], "spearman": [0.7665416698345088, 1.3446490603274603e-109], "nsamples": 561}, "all": {"pearson": {"mean": 0.713579726738784, "wmean": 0.7586033690469222}, "spearman": {"mean": 0.7159988078384188, "wmean": 0.7583838328248962}}}, "STS14": {"deft-forum": {"pearson": [0.6544036094252323, 2.3665913179806037e-56], "spearman": [0.6414352972088057, 1.5877715063930142e-53], "nsamples": 450}, "deft-news": {"pearson": [0.7922710782091031, 6.744320199939199e-66], "spearman": [0.7853804036805356, 4.9557942113286874e-64], "nsamples": 300}, "headlines": {"pearson": [0.7714224704684933, 5.347915151316683e-149], "spearman": [0.7547028649046721, 4.6106109469757815e-139], "nsamples": 750}, "images": {"pearson": [0.9122058225157343, 4.516122102272816e-292], "spearman": [0.8713071957894956, 1.905666515153612e-233], "nsamples": 750}, "OnWN": {"pearson": [0.8358256653581712, 5.49041903178563e-197], "spearman": [0.8386618443390165, 1.4400623407002482e-199], "nsamples": 750}, "tweet-news": {"pearson": [0.7505106009620867, 1.0718607922067174e-136], "spearman": [0.6969564243116204, 3.988102660736333e-110], "nsamples": 750}, "all": {"pearson": {"mean": 0.7861065411564702, "wmean": 0.7959030312486531}, "spearman": {"mean": 0.7647406717056909, "wmean": 0.7721283338284605}}}, "STS15": {"answers-forums": {"pearson": [0.7259008845146517, 1.3400272934843867e-62], "spearman": [0.7248795032892111, 2.4045156941631896e-62], "nsamples": 375}, "answers-students": {"pearson": [0.7200115863965151, 8.43497961252989e-121], "spearman": [0.7184719979161343, 4.7016571954738714e-120], "nsamples": 750}, "belief": {"pearson": [0.8187490405606099, 6.59139946348544e-92], "spearman": [0.8361554067015431, 2.5334352395687934e-99], "nsamples": 375}, "headlines": {"pearson": [0.8190351884041328, 1.1804181794218616e-182], "spearman": [0.8233619377078788, 3.3493668516556605e-186], "nsamples": 750}, "images": {"pearson": [0.9301388317480519, 0.0], "spearman": [0.9307639738611586, 0.0], "nsamples": 750}, "all": {"pearson": {"mean": 0.8027671063247922, "wmean": 0.8103776422715826}, "spearman": {"mean": 0.8067265638951853, "wmean": 0.8132788411201372}}}, "STS16": {"answer-answer": {"pearson": [0.7535955143325099, 8.039179204264675e-48], "spearman": [0.754329836035421, 5.812779364441757e-48], "nsamples": 254}, "headlines": {"pearson": [0.7902069712577875, 1.9103545006393448e-54], "spearman": [0.7924908617752798, 5.7698119839764886e-55], "nsamples": 249}, "plagiarism": {"pearson": [0.8515499286790875, 7.09216849414228e-66], "spearman": [0.8613049067318378, 5.506142680729521e-69], "nsamples": 230}, "postediting": {"pearson": [0.8595452107498321, 1.6781339464654455e-72], "spearman": [0.8651955494246184, 1.6739187233807717e-74], "nsamples": 244}, "question-question": {"pearson": [0.736456777837375, 5.469344638676933e-37], "spearman": [0.7482447765156431, 9.514228114529825e-39], "nsamples": 209}, "all": {"pearson": {"mean": 0.7982708805713183, "wmean": 0.799055462117038}, "spearman": {"mean": 0.8043131860965602, "wmean": 0.8048237806363749}}}}