{"MR": {"devacc": 75.91, "acc": 75.68, "ndev": 10662, "ntest": 10662}, "CR": {"devacc": 86.6, "acc": 86.36, "ndev": 3775, "ntest": 3775}, "SUBJ": {"devacc": 89.93, "acc": 89.77, "ndev": 10000, "ntest": 10000}, "MPQA": {"devacc": 87.32, "acc": 87.26, "ndev": 10606, "ntest": 10606}, "SST5": {"devacc": 40.6, "acc": 41.22, "ndev": 1101, "ntest": 2210}, "TREC": {"devacc": 69.61, "acc": 79.4, "ndev": 5452, "ntest": 500}, "MRPC": {"devacc": 73.14, "acc": 72.52, "f1": 80.4, "ndev": 4076, "ntest": 1725}, "STS12": {"MSRpar": {"pearson": [0.6111063171979835, 5.482321446472367e-78], "spearman": [0.6011980741118582, 6.768179670635874e-75], "nsamples": 750}, "MSRvid": {"pearson": [0.9254131367722519, 1.9323145e-317], "spearman": [0.9186405570774174, 6.820008474153029e-304], "nsamples": 750}, "SMTeuroparl": {"pearson": [0.5516725637931756, 6.535441214509482e-38], "spearman": [0.6154898356776434, 3.387973747441658e-49], "nsamples": 459}, "surprise.OnWN": {"pearson": [0.7213558157820016, 1.8641447484804026e-121], "spearman": [0.6763330053516888, 2.0968016847836098e-101], "nsamples": 750}, "surprise.SMTnews": {"pearson": [0.6578254331924339, 8.11652853546446e-51], "spearman": [0.6020275598648336, 1.043692362042365e-40], "nsamples": 399}, "all": {"pearson": {"mean": 0.6934746533475693, "wmean": 0.7107775118851437}, "spearman": {"mean": 0.6827378064166882, "wmean": 0.6981491500539994}}}, "STS13": {"FNWN": {"pearson": [0.5410259510002146, 9.209884173265978e-16], "spearman": [0.5647650789118831, 2.573111207425323e-17], "nsamples": 189}, "headlines": {"pearson": [0.7947428465137986, 2.2944556651541136e-164], "spearman": [0.7964705833881318, 1.39005080884717e-165], "nsamples": 750}, "OnWN": {"pearson": [0.7724890402297184, 2.5169800326049972e-112], "spearman": [0.774543100819286, 2.750600007849956e-113], "nsamples": 561}, "all": {"pearson": {"mean": 0.7027526125812438, "wmean": 0.754451594128841}, "spearman": {"mean": 0.7119262543731004, "wmean": 0.7590748113433762}}}, "STS14": {"deft-forum": {"pearson": [0.6486269973108035, 4.469751892282225e-55], "spearman": [0.6369421779393947, 1.4080007406061952e-52], "nsamples": 450}, "deft-news": {"pearson": [0.7927325648783716, 5.028397312939514e-66], "spearman": [0.7813191382127707, 5.794877707294771e-63], "nsamples": 300}, "headlines": {"pearson": [0.7714338679459499, 5.261674564029458e-149], "spearman": [0.7547139054288748, 4.544262002663701e-139], "nsamples": 750}, "images": {"pearson": [0.911024135447778, 5.327862825361463e-290], "spearman": [0.8732400908418356, 9.743526161167035e-236], "nsamples": 750}, "OnWN": {"pearson": [0.8339362915926268, 2.7034314369554266e-195], "spearman": [0.8438283041767152, 2.1139013983153567e-204], "nsamples": 750}, "tweet-news": {"pearson": [0.7413197815088879, 1.13862498987321e-131], "spearman": [0.6750919786516929, 6.662740706074676e-101], "nsamples": 750}, "all": {"pearson": {"mean": 0.7831789397807363, "wmean": 0.7927966601666147}, "spearman": {"mean": 0.7608559325418808, "wmean": 0.7683134482295728}}}, "STS15": {"answers-forums": {"pearson": [0.7152472727620405, 5.253370248355121e-60], "spearman": [0.72344210649632, 5.450379118882873e-62], "nsamples": 375}, "answers-students": {"pearson": [0.7127328093443319, 2.5718718046770845e-117], "spearman": [0.7103582684628675, 3.3376192526254345e-116], "nsamples": 750}, "belief": {"pearson": [0.812226202647364, 2.4834837076710466e-89], "spearman": [0.8266323103772293, 3.659704318097573e-95], "nsamples": 375}, "headlines": {"pearson": [0.8198202390480797, 2.726122373275913e-183], "spearman": [0.8242453299559871, 6.149197553639486e-187], "nsamples": 750}, "images": {"pearson": [0.9340907594040687, 0.0], "spearman": [0.9361001711760936, 0.0], "nsamples": 750}, "all": {"pearson": {"mean": 0.7988234566411769, "wmean": 0.8075951363752957}, "spearman": {"mean": 0.8041556372936995, "wmean": 0.8114352445079307}}}, "STS16": {"answer-answer": {"pearson": [0.7314817915361888, 8.442721885628532e-44], "spearman": [0.7313953658681763, 8.73798722242351e-44], "nsamples": 254}, "headlines": {"pearson": [0.7841982924424338, 4.155691946881746e-53], "spearman": [0.7879275208403457, 6.21775220091913e-54], "nsamples": 249}, "plagiarism": {"pearson": [0.8349176712194736, 4.6794352607965084e-61], "spearman": [0.8402903823751097, 1.4930389986770719e-62], "nsamples": 230}, "postediting": {"pearson": [0.8513796980879796, 9.272510967890223e-70], "spearman": [0.8546877987656598, 7.523890613424905e-71], "nsamples": 244}, "question-question": {"pearson": [0.7478541768233679, 1.0920384875094504e-38], "spearman": [0.7610159010501936, 9.083028885028333e-41], "nsamples": 209}, "all": {"pearson": {"mean": 0.7899663260218887, "wmean": 0.7901610316512545}, "spearman": {"mean": 0.795063393779897, "wmean": 0.7949673775584735}}}}