{"MR": {"devacc": 76.47, "acc": 75.16, "ndev": 10662, "ntest": 10662}, "CR": {"devacc": 87.35, "acc": 86.54, "ndev": 3775, "ntest": 3775}, "SUBJ": {"devacc": 89.59, "acc": 89.16, "ndev": 10000, "ntest": 10000}, "MPQA": {"devacc": 87.56, "acc": 87.61, "ndev": 10606, "ntest": 10606}, "SST5": {"devacc": 43.87, "acc": 43.89, "ndev": 1101, "ntest": 2210}, "TREC": {"devacc": 70.86, "acc": 72.8, "ndev": 5452, "ntest": 500}, "MRPC": {"devacc": 72.72, "acc": 73.16, "f1": 80.73, "ndev": 4076, "ntest": 1725}, "STS12": {"MSRpar": {"pearson": [0.6042521059503949, 7.747204720076964e-76], "spearman": [0.585012922613603, 4.505811830929501e-70], "nsamples": 750}, "MSRvid": {"pearson": [0.9196441942557011, 7.982349013060876e-306], "spearman": [0.9138841085348487, 4.58608021236006e-295], "nsamples": 750}, "SMTeuroparl": {"pearson": [0.5539613745344903, 2.8304316323202663e-38], "spearman": [0.6124035376912881, 1.3667196187980263e-48], "nsamples": 459}, "surprise.OnWN": {"pearson": [0.7195526212595621, 1.4094441901909337e-120], "spearman": [0.6746308212946875, 1.0223535468472154e-100], "nsamples": 750}, "surprise.SMTnews": {"pearson": [0.656543606339715, 1.4650977112615551e-50], "spearman": [0.6586755040296925, 5.477409069485935e-51], "nsamples": 399}, "all": {"pearson": {"mean": 0.6907907804679727, "wmean": 0.7074697107271946}, "spearman": {"mean": 0.688921378832824, "wmean": 0.6995014926771246}}}, "STS13": {"FNWN": {"pearson": [0.511978931517281, 5.087137477148677e-14], "spearman": [0.5157719801546795, 3.078145745273459e-14], "nsamples": 189}, "headlines": {"pearson": [0.7837516538152096, 6.945594421471022e-157], "spearman": [0.7815374275187941, 1.9762955596392277e-155], "nsamples": 750}, "OnWN": {"pearson": [0.7823033672903368, 5.165276630596351e-117], "spearman": [0.7785198924988436, 3.5378430776973784e-115], "nsamples": 561}, "all": {"pearson": {"mean": 0.6926779842076091, "wmean": 0.7489666316453681}, "spearman": {"mean": 0.691943100057439, "wmean": 0.7469224230534541}}}, "STS14": {"deft-forum": {"pearson": [0.6486843409572346, 4.342616686703223e-55], "spearman": [0.6367775829156743, 1.524141247810294e-52], "nsamples": 450}, "deft-news": {"pearson": [0.8017317601293311, 1.4066535140725777e-68], "spearman": [0.7909792925481471, 1.5280667618072477e-65], "nsamples": 300}, "headlines": {"pearson": [0.7727821668504234, 7.637832121039306e-150], "spearman": [0.7548132214405358, 3.98859577190547e-139], "nsamples": 750}, "images": {"pearson": [0.90362708422316, 1.1790052670619203e-277], "spearman": [0.8650120708132616, 3.11077788703418e-226], "nsamples": 750}, "OnWN": {"pearson": [0.8398251518940001, 1.2165219626004467e-200], "spearman": [0.8418376426139682, 1.6141778187295766e-202], "nsamples": 750}, "tweet-news": {"pearson": [0.7658568594456003, 1.341847949376107e-145], "spearman": [0.7086441815435478, 2.0893741213205673e-115], "nsamples": 750}, "all": {"pearson": {"mean": 0.7887512272499583, "wmean": 0.7983989142078515}, "spearman": {"mean": 0.7663439986458558, "wmean": 0.7737530766359954}}}, "STS15": {"answers-forums": {"pearson": [0.6855528119756471, 2.2832690674497867e-53], "spearman": [0.6887131097344432, 4.8994535362564513e-54], "nsamples": 375}, "answers-students": {"pearson": [0.7314672378250451, 1.629558585367e-126], "spearman": [0.7341666266974223, 6.644735642975269e-128], "nsamples": 750}, "belief": {"pearson": [0.8042438706809543, 2.5927164533120105e-86], "spearman": [0.8237933514109012, 5.68252703023369e-94], "nsamples": 375}, "headlines": {"pearson": [0.8249152991643913, 1.6895219005425416e-187], "spearman": [0.8288963455975333, 6.978686325223918e-191], "nsamples": 750}, "images": {"pearson": [0.9274385295965095, 9.7e-322], "spearman": [0.9292377070064747, 0.0], "nsamples": 750}, "all": {"pearson": {"mean": 0.7947235498485095, "wmean": 0.8071798519785616}, "spearman": {"mean": 0.8009614280893549, "wmean": 0.8121384774685257}}}, "STS16": {"answer-answer": {"pearson": [0.7524434536528739, 1.3340023187762847e-47], "spearman": [0.7455389213998675, 2.6205729547495195e-46], "nsamples": 254}, "headlines": {"pearson": [0.7941757198660536, 2.362518703457275e-55], "spearman": [0.7973004935960485, 4.41061406637164e-56], "nsamples": 249}, "plagiarism": {"pearson": [0.8311465104012796, 4.881519367472087e-60], "spearman": [0.838911470120095, 3.65838346295611e-62], "nsamples": 230}, "postediting": {"pearson": [0.8653949023338093, 1.4173663528042964e-74], "spearman": [0.8710916204948571, 1.0876182078246685e-76], "nsamples": 244}, "question-question": {"pearson": [0.708300073841911, 3.823599406737955e-33], "spearman": [0.7127295631255585, 1.0195709537573397e-33], "nsamples": 209}, "all": {"pearson": {"mean": 0.7902921320191855, "wmean": 0.7919267794849751}, "spearman": {"mean": 0.7931144137472853, "wmean": 0.7945625473546299}}}}