{"MR": {"devacc": 77.4, "acc": 77.11, "ndev": 10662, "ntest": 10662}, "CR": {"devacc": 87.93, "acc": 86.75, "ndev": 3775, "ntest": 3775}, "SUBJ": {"devacc": 91.07, "acc": 90.6, "ndev": 10000, "ntest": 10000}, "MPQA": {"devacc": 88.42, "acc": 88.58, "ndev": 10606, "ntest": 10606}, "SST5": {"devacc": 41.96, "acc": 42.62, "ndev": 1101, "ntest": 2210}, "TREC": {"devacc": 77.73, "acc": 79.4, "ndev": 5452, "ntest": 500}, "MRPC": {"devacc": 74.14, "acc": 69.74, "f1": 76.03, "ndev": 4076, "ntest": 1725}, "STS12": {"MSRpar": {"pearson": [0.645557944438089, 1.2166160954687686e-89], "spearman": [0.6314769055812972, 1.0633766901865921e-84], "nsamples": 750}, "MSRvid": {"pearson": [0.9298570798091939, 0.0], "spearman": [0.923391360577571, 2.8876312239e-313], "nsamples": 750}, "SMTeuroparl": {"pearson": [0.5777167053149751, 3.223176890846246e-42], "spearman": [0.6313504012422615, 2.033999524944773e-52], "nsamples": 459}, "surprise.OnWN": {"pearson": [0.7306591743777687, 4.214658499311084e-126], "spearman": [0.6888860556226443, 1.2602978332942136e-106], "nsamples": 750}, "surprise.SMTnews": {"pearson": [0.6752535358092431, 1.9636890368778428e-54], "spearman": [0.6570220907333064, 1.175621805145039e-50], "nsamples": 399}, "all": {"pearson": {"mean": 0.711808887949854, "wmean": 0.7284922064016249}, "spearman": {"mean": 0.7064253627514161, "wmean": 0.7190339091727547}}}, "STS13": {"FNWN": {"pearson": [0.6016110972859448, 5.45724472207051e-20], "spearman": [0.6121050101601381, 8.14533409821813e-21], "nsamples": 189}, "headlines": {"pearson": [0.8122194319443662, 2.9583387214163357e-177], "spearman": [0.8118175689846892, 6.0599779062765535e-177], "nsamples": 750}, "OnWN": {"pearson": [0.8065692085022349, 9.902683211268374e-130], "spearman": [0.8084297580688927, 8.840713122034408e-131], "nsamples": 561}, "all": {"pearson": {"mean": 0.7401332459108486, "wmean": 0.783569598210048}, "spearman": {"mean": 0.7441174457379067, "wmean": 0.7853867452902877}}}, "STS14": {"deft-forum": {"pearson": [0.6655843378565672, 6.64929626538576e-59], "spearman": [0.6576172467358219, 4.487067869974334e-57], "nsamples": 450}, "deft-news": {"pearson": [0.7928210217756023, 4.75282594835553e-66], "spearman": [0.7835243914738458, 1.5347040657518364e-63], "nsamples": 300}, "headlines": {"pearson": [0.7897263821093465, 6.7722421922913555e-161], "spearman": [0.7706976867357666, 1.5008360314603936e-148], "nsamples": 750}, "images": {"pearson": [0.9174392812693917, 1.298134902253715e-301], "spearman": [0.8764542349211001, 1.2415506576903837e-239], "nsamples": 750}, "OnWN": {"pearson": [0.8557346740746302, 3.046541599021991e-216], "spearman": [0.856391188090174, 6.310756308985378e-217], "nsamples": 750}, "tweet-news": {"pearson": [0.7714741619087654, 4.9677454354535045e-149], "spearman": [0.7146885103326927, 3.0539161185549938e-118], "nsamples": 750}, "all": {"pearson": {"mean": 0.7987966431657171, "wmean": 0.8101707021572631}, "spearman": {"mean": 0.7765622097149002, "wmean": 0.785242344942153}}}, "STS15": {"answers-forums": {"pearson": [0.7583366013078212, 2.6027709386555553e-71], "spearman": [0.7636859033221507, 7.00541422885827e-73], "nsamples": 375}, "answers-students": {"pearson": [0.7159752410157836, 7.442803670567543e-119], "spearman": [0.7159768639309179, 7.429525830710064e-119], "nsamples": 750}, "belief": {"pearson": [0.8227541837510953, 1.531748518754573e-93], "spearman": [0.8361998806785024, 2.4191353328074854e-99], "nsamples": 375}, "headlines": {"pearson": [0.8333885582415412, 8.289629907883356e-195], "spearman": [0.8385062856344802, 2.0010193144268313e-199], "nsamples": 750}, "images": {"pearson": [0.9397949430919286, 0.0], "spearman": [0.9397725623635521, 0.0], "nsamples": 750}, "all": {"pearson": {"mean": 0.814049905481634, "wmean": 0.8199260337196781}, "spearman": {"mean": 0.8188282991859206, "wmean": 0.8235496509823191}}}, "STS16": {"answer-answer": {"pearson": [0.7648129611654937, 4.9907911204783925e-50], "spearman": [0.7736926236258321, 7.274650404813666e-52], "nsamples": 254}, "headlines": {"pearson": [0.7906868060510375, 1.4873509981648567e-54], "spearman": [0.7913892369178466, 1.0298436362263611e-54], "nsamples": 249}, "plagiarism": {"pearson": [0.8415649022314715, 6.471647501949947e-63], "spearman": [0.8496330061036272, 2.7269812378975106e-65], "nsamples": 230}, "postediting": {"pearson": [0.8706857210135783, 1.5505335215184222e-76], "spearman": [0.8752700744336667, 2.6307085847078753e-78], "nsamples": 244}, "question-question": {"pearson": [0.7325444098530026, 2.0007911415245184e-36], "spearman": [0.7428452644863066, 6.255797583455759e-38], "nsamples": 209}, "all": {"pearson": {"mean": 0.8000589600629168, "wmean": 0.8012247318234171}, "spearman": {"mean": 0.8065660411134559, "wmean": 0.8075969614138213}}}}