{"MR": {"devacc": 78.3, "acc": 77.97, "ndev": 10662, "ntest": 10662}, "CR": {"devacc": 88.17, "acc": 86.73, "ndev": 3775, "ntest": 3775}, "SUBJ": {"devacc": 91.56, "acc": 91.6, "ndev": 10000, "ntest": 10000}, "MPQA": {"devacc": 89.03, "acc": 88.66, "ndev": 10606, "ntest": 10606}, "SST5": {"devacc": 43.14, "acc": 42.53, "ndev": 1101, "ntest": 2210}, "TREC": {"devacc": 78.37, "acc": 86.4, "ndev": 5452, "ntest": 500}, "MRPC": {"devacc": 74.12, "acc": 72.58, "f1": 81.19, "ndev": 4076, "ntest": 1725}, "STS12": {"MSRpar": {"pearson": [0.6470057605540863, 3.6492095909133896e-90], "spearman": [0.6279862610835181, 1.6309568750923976e-83], "nsamples": 750}, "MSRvid": {"pearson": [0.9323663896734882, 0.0], "spearman": [0.9265072317034516, 9.498e-320], "nsamples": 750}, "SMTeuroparl": {"pearson": [0.5700223701118252, 6.618692638287724e-41], "spearman": [0.6320392542785458, 1.459392369905996e-52], "nsamples": 459}, "surprise.OnWN": {"pearson": [0.736680703475199, 3.257428826430868e-129], "spearman": [0.6906997324775509, 2.1087152863530458e-107], "nsamples": 750}, "surprise.SMTnews": {"pearson": [0.6634979854087301, 5.7416027752712344e-52], "spearman": [0.6378064198822201, 5.982295579756167e-47], "nsamples": 399}, "all": {"pearson": {"mean": 0.7099146418446658, "wmean": 0.728254698949965}, "spearman": {"mean": 0.7030077798850574, "wmean": 0.7170159904103116}}}, "STS13": {"FNWN": {"pearson": [0.5989206366772463, 8.788274266661296e-20], "spearman": [0.6100471481569002, 1.1893799429505535e-20], "nsamples": 189}, "headlines": {"pearson": [0.806917412438909, 3.3155369945553504e-173], "spearman": [0.8059904395330234, 1.642974755149041e-172], "nsamples": 750}, "OnWN": {"pearson": [0.7982081726571445, 3.7480337070749834e-125], "spearman": [0.7927622420637264, 2.7611351549143513e-122], "nsamples": 561}, "all": {"pearson": {"mean": 0.7346820739244332, "wmean": 0.7774525630145597}, "spearman": {"mean": 0.7362666099178833, "wmean": 0.7763542389661149}}}, "STS14": {"deft-forum": {"pearson": [0.6792281410577411, 3.593018860777846e-62], "spearman": [0.6647829568821153, 1.0216920849402268e-58], "nsamples": 450}, "deft-news": {"pearson": [0.8084165868902573, 1.4617397087383203e-70], "spearman": [0.8001557135799544, 4.0248806763540385e-68], "nsamples": 300}, "headlines": {"pearson": [0.7951449059606365, 1.1977604482537668e-164], "spearman": [0.7758344756360502, 9.203660146088003e-152], "nsamples": 750}, "images": {"pearson": [0.9217277029757341, 6.46119410667897e-310], "spearman": [0.8820495728332799, 1.1138370876233911e-246], "nsamples": 750}, "OnWN": {"pearson": [0.8553811241823555, 7.089366789432305e-216], "spearman": [0.8554844328492431, 5.540234509991673e-216], "nsamples": 750}, "tweet-news": {"pearson": [0.7782216254465716, 2.7660870721325224e-153], "spearman": [0.7082883801771741, 3.0523837425190297e-115], "nsamples": 750}, "all": {"pearson": {"mean": 0.806353347752216, "wmean": 0.8162757755912091}, "spearman": {"mean": 0.7810992553263029, "wmean": 0.7881177842113997}}}, "STS15": {"answers-forums": {"pearson": [0.7641196382775388, 5.203649795820192e-73], "spearman": [0.7672105613412146, 6.137511937265332e-74], "nsamples": 375}, "answers-students": {"pearson": [0.7361335435101826, 6.297590178640245e-129], "spearman": [0.7340598258712479, 7.547098789598828e-128], "nsamples": 750}, "belief": {"pearson": [0.8305802823300078, 7.421278000237954e-97], "spearman": [0.8418237028535753, 6.291197632435276e-102], "nsamples": 375}, "headlines": {"pearson": [0.8360513174950361, 3.435970039778446e-197], "spearman": [0.8422915092950306, 6.039016306871426e-203], "nsamples": 750}, "images": {"pearson": [0.9419569316886685, 0.0], "spearman": [0.9427852416302176, 0.0], "nsamples": 750}, "all": {"pearson": {"mean": 0.8217683426602868, "wmean": 0.8278729382494151}, "spearman": {"mean": 0.8256341681982573, "wmean": 0.8309134272234726}}}, "STS16": {"answer-answer": {"pearson": [0.7592037058063418, 6.5600944957108765e-49], "spearman": [0.7582766343808975, 9.973828347604183e-49], "nsamples": 254}, "headlines": {"pearson": [0.8082667291520229, 9.588113393896355e-59], "spearman": [0.8098550432901698, 3.8178317927606837e-59], "nsamples": 249}, "plagiarism": {"pearson": [0.8482335917655193, 7.2036839458905175e-65], "spearman": [0.8574646610385152, 9.83371783121928e-68], "nsamples": 230}, "postediting": {"pearson": [0.8668915423147184, 4.0301930500387105e-75], "spearman": [0.8724874502756242, 3.1831811011339297e-77], "nsamples": 244}, "question-question": {"pearson": [0.7446794751699449, 3.317036653111654e-38], "spearman": [0.7531603005463173, 1.6423422042154727e-39], "nsamples": 209}, "all": {"pearson": {"mean": 0.8054550088417095, "wmean": 0.8063654549536626}, "spearman": {"mean": 0.8102488179063048, "wmean": 0.8109363268400432}}}}