{"MR": {"devacc": 76.31, "acc": 76.27, "ndev": 10662, "ntest": 10662}, "CR": {"devacc": 86.94, "acc": 85.75, "ndev": 3775, "ntest": 3775}, "SUBJ": {"devacc": 88.53, "acc": 87.7, "ndev": 10000, "ntest": 10000}, "MPQA": {"devacc": 86.99, "acc": 87.39, "ndev": 10606, "ntest": 10606}, "SST5": {"devacc": 41.78, "acc": 43.44, "ndev": 1101, "ntest": 2210}, "TREC": {"devacc": 69.74, "acc": 78.6, "ndev": 5452, "ntest": 500}, "MRPC": {"devacc": 72.77, "acc": 72.41, "f1": 82.05, "ndev": 4076, "ntest": 1725}, "STS12": {"MSRpar": {"pearson": [0.5941496905219572, 9.217563082817177e-73], "spearman": [0.5817177170003613, 4.0070694454018997e-69], "nsamples": 750}, "MSRvid": {"pearson": [0.9172770052246696, 2.6217451362759116e-301], "spearman": [0.9116629035830117, 4.076149623719914e-291], "nsamples": 750}, "SMTeuroparl": {"pearson": [0.555984131071379, 1.3437780529872365e-38], "spearman": [0.6331283183168007, 8.619516842873696e-53], "nsamples": 459}, "surprise.OnWN": {"pearson": [0.7018701722102663, 2.5828968452600627e-112], "spearman": [0.6688655016056915, 2.0231564521274948e-98], "nsamples": 750}, "surprise.SMTnews": {"pearson": [0.6621642035482482, 1.075898141173021e-51], "spearman": [0.6273787507247932, 4.788480496859411e-45], "nsamples": 399}, "all": {"pearson": {"mean": 0.686289040515304, "wmean": 0.7012139267519896}, "spearman": {"mean": 0.6845506382461317, "wmean": 0.6958219470039906}}}, "STS13": {"FNWN": {"pearson": [0.48663184024176165, 1.250970260063225e-12], "spearman": [0.4931395901598292, 5.636878240161521e-13], "nsamples": 189}, "headlines": {"pearson": [0.7843344196309092, 2.8584696217768155e-157], "spearman": [0.7807963258888525, 6.008337588138745e-155], "nsamples": 750}, "OnWN": {"pearson": [0.7652017890730708, 5.394273769372354e-109], "spearman": [0.7642672608625443, 1.4136789995133086e-108], "nsamples": 561}, "all": {"pearson": {"mean": 0.6787226829819138, "wmean": 0.7396682907992451}, "spearman": {"mean": 0.6794010589704086, "wmean": 0.7383697068671563}}}, "STS14": {"deft-forum": {"pearson": [0.6386687278962873, 6.113044069172499e-53], "spearman": [0.6268338606660725, 1.6765039092717078e-50], "nsamples": 450}, "deft-news": {"pearson": [0.7717832448821049, 1.5238925113757237e-60], "spearman": [0.7579450543677361, 3.1098068717345046e-57], "nsamples": 300}, "headlines": {"pearson": [0.770073300885903, 3.6398278960954686e-148], "spearman": [0.7575458094599616, 1.0754755688826478e-140], "nsamples": 750}, "images": {"pearson": [0.9067613825617341, 9.266133886308193e-283], "spearman": [0.8699991615577257, 6.451918103684813e-232], "nsamples": 750}, "OnWN": {"pearson": [0.835349504414056, 1.472741706647081e-196], "spearman": [0.8369623278573556, 5.141427126745798e-198], "nsamples": 750}, "tweet-news": {"pearson": [0.7517972773455077, 2.0365928622231e-137], "spearman": [0.6820906538792741, 9.108489525436543e-104], "nsamples": 750}, "all": {"pearson": {"mean": 0.7790722396642655, "wmean": 0.791179199979563}, "spearman": {"mean": 0.7552294779646876, "wmean": 0.7651752581802109}}}, "STS15": {"answers-forums": {"pearson": [0.7099053762707463, 9.471186991503256e-59], "spearman": [0.711605216168903, 3.8006306255155973e-59], "nsamples": 375}, "answers-students": {"pearson": [0.6756509330795835, 3.961101095228264e-101], "spearman": [0.6783928095232016, 3.0389749175686396e-102], "nsamples": 750}, "belief": {"pearson": [0.8101975584756914, 1.4989203372459067e-88], "spearman": [0.8234909933294073, 7.588130387143966e-94], "nsamples": 375}, "headlines": {"pearson": [0.813585368293823, 2.5519837842254113e-178], "spearman": [0.8206443191911478, 5.808463634384443e-184], "nsamples": 750}, "images": {"pearson": [0.924439809589757, 2.04308108e-315], "spearman": [0.9270429208691077, 6.83e-321], "nsamples": 750}, "all": {"pearson": {"mean": 0.7867558091419202, "wmean": 0.7934318945840957}, "spearman": {"mean": 0.7922352518163536, "wmean": 0.798407038583153}}}, "STS16": {"answer-answer": {"pearson": [0.7425430517672007, 9.260017510059982e-46], "spearman": [0.7345071806027671, 2.513069446450386e-44], "nsamples": 254}, "headlines": {"pearson": [0.7935158380537111, 3.3549325408605754e-55], "spearman": [0.7996693031561701, 1.2116570803358419e-56], "nsamples": 249}, "plagiarism": {"pearson": [0.8276307710003473, 4.125632136285719e-59], "spearman": [0.836956826815535, 1.284601836730546e-61], "nsamples": 230}, "postediting": {"pearson": [0.8510685497141051, 1.1706410401174333e-69], "spearman": [0.8520728113571542, 5.5064431396199615e-70], "nsamples": 244}, "question-question": {"pearson": [0.6883461556822079, 1.0982786925477877e-30], "spearman": [0.6872969894833344, 1.4604504509899217e-30], "nsamples": 209}, "all": {"pearson": {"mean": 0.7806208732435144, "wmean": 0.7825223683154687}, "spearman": {"mean": 0.7821006222829922, "wmean": 0.7839235980604762}}}}