{"MR": {"devacc": 77.48, "acc": 77.73, "ndev": 10662, "ntest": 10662}, "CR": {"devacc": 88.66, "acc": 87.92, "ndev": 3775, "ntest": 3775}, "SUBJ": {"devacc": 91.45, "acc": 91.27, "ndev": 10000, "ntest": 10000}, "MPQA": {"devacc": 89.03, "acc": 89.07, "ndev": 10606, "ntest": 10606}, "SST5": {"devacc": 41.96, "acc": 44.03, "ndev": 1101, "ntest": 2210}, "TREC": {"devacc": 77.88, "acc": 85.2, "ndev": 5452, "ntest": 500}, "MRPC": {"devacc": 73.45, "acc": 72.29, "f1": 79.22, "ndev": 4076, "ntest": 1725}, "STS12": {"MSRpar": {"pearson": [0.6415223441464835, 3.372352697063159e-88], "spearman": [0.6219945284379302, 1.632671513915147e-81], "nsamples": 750}, "MSRvid": {"pearson": [0.9317353950822874, 0.0], "spearman": [0.9240413720624163, 1.352325506e-314], "nsamples": 750}, "SMTeuroparl": {"pearson": [0.5816867023926543, 6.567224337694092e-43], "spearman": [0.6348739532401857, 3.689832718456472e-53], "nsamples": 459}, "surprise.OnWN": {"pearson": [0.7362187388483947, 5.683858662081622e-129], "spearman": [0.691986458278048, 5.8838540291230554e-108], "nsamples": 750}, "surprise.SMTnews": {"pearson": [0.6650534438041525, 2.7490732608352604e-52], "spearman": [0.6467601816376786, 1.210540410310343e-48], "nsamples": 399}, "all": {"pearson": {"mean": 0.7112433248547945, "wmean": 0.7285900511692276}, "spearman": {"mean": 0.7039312987312518, "wmean": 0.7168536763495735}}}, "STS13": {"FNWN": {"pearson": [0.5527532897242631, 1.6295586158179095e-16], "spearman": [0.5606730064762393, 4.8661387793381316e-17], "nsamples": 189}, "headlines": {"pearson": [0.8049523573719611, 9.762739368571351e-172], "spearman": [0.8057525258178899, 2.4741201713723093e-172], "nsamples": 750}, "OnWN": {"pearson": [0.808737588805602, 5.912546528388832e-131], "spearman": [0.8032438510842183, 6.965512088822961e-128], "nsamples": 561}, "all": {"pearson": {"mean": 0.7221477453006088, "wmean": 0.7745909514045327}, "spearman": {"mean": 0.7232231277927825, "wmean": 0.7739342620304487}}}, "STS14": {"deft-forum": {"pearson": [0.6788278687200837, 4.506488556592613e-62], "spearman": [0.6684455006037588, 1.4190671993898803e-59], "nsamples": 450}, "deft-news": {"pearson": [0.8039610743933527, 3.128210382775219e-69], "spearman": [0.7944604927030536, 1.663818773837441e-66], "nsamples": 300}, "headlines": {"pearson": [0.7949310347698982, 1.6928571285032447e-164], "spearman": [0.7755377364854016, 1.4185740134766753e-151], "nsamples": 750}, "images": {"pearson": [0.9216160557774683, 1.077574127735505e-309], "spearman": [0.8820551800285792, 1.0954212169350078e-246], "nsamples": 750}, "OnWN": {"pearson": [0.8626961194307514, 1.1357186264295843e-223], "spearman": [0.8603209316465541, 4.314815390212866e-221], "nsamples": 750}, "tweet-news": {"pearson": [0.7870485648894228, 4.4097907320268976e-159], "spearman": [0.7276974344613338, 1.3324286459723985e-124], "nsamples": 750}, "all": {"pearson": {"mean": 0.8081801196634961, "wmean": 0.8190345851713863}, "spearman": {"mean": 0.7847528793214469, "wmean": 0.7928925560130691}}}, "STS15": {"answers-forums": {"pearson": [0.7614033676520542, 3.3144259081808824e-72], "spearman": [0.7679555961668093, 3.648159867651879e-74], "nsamples": 375}, "answers-students": {"pearson": [0.727671871704877, 1.372470879406288e-124], "spearman": [0.7248751878798477, 3.432098579977971e-123], "nsamples": 750}, "belief": {"pearson": [0.8330372908388164, 6.231633826936808e-98], "spearman": [0.8449158850976495, 2.1575103839710963e-103], "nsamples": 375}, "headlines": {"pearson": [0.8363975506677344, 1.6715382838275635e-197], "spearman": [0.8415541719614757, 2.9781645953114113e-202], "nsamples": 750}, "images": {"pearson": [0.9406900190548112, 0.0], "spearman": [0.9410176564871069, 0.0], "nsamples": 750}, "all": {"pearson": {"mean": 0.8198400199836586, "wmean": 0.8254949426682145}, "spearman": {"mean": 0.8240636995185777, "wmean": 0.8284706892401649}}}, "STS16": {"answer-answer": {"pearson": [0.7667230140052118, 2.0420454887142199e-50], "spearman": [0.7656833391015544, 3.324879644031935e-50], "nsamples": 254}, "headlines": {"pearson": [0.803045026944862, 1.86460572349037e-57], "spearman": [0.8041603863031453, 9.966870234338646e-58], "nsamples": 249}, "plagiarism": {"pearson": [0.8521455787533727, 4.6488870305380596e-66], "spearman": [0.861051698032749, 6.676406261791428e-69], "nsamples": 230}, "postediting": {"pearson": [0.8712473382363102, 9.489775972501281e-77], "spearman": [0.875618432202831, 1.917307072479603e-78], "nsamples": 244}, "question-question": {"pearson": [0.7334997554233921, 1.4607586374044573e-36], "spearman": [0.739585207012606, 1.9066156968238305e-37], "nsamples": 209}, "all": {"pearson": {"mean": 0.8053321426726299, "wmean": 0.8065641988136751}, "spearman": {"mean": 0.8092198125305771, "wmean": 0.8102745367554264}}}}