{"MR": {"devacc": 77.38, "acc": 77.39, "ndev": 10662, "ntest": 10662}, "CR": {"devacc": 88.17, "acc": 87.42, "ndev": 3775, "ntest": 3775}, "SUBJ": {"devacc": 91.23, "acc": 91.1, "ndev": 10000, "ntest": 10000}, "MPQA": {"devacc": 88.81, "acc": 88.8, "ndev": 10606, "ntest": 10606}, "SST5": {"devacc": 41.87, "acc": 44.21, "ndev": 1101, "ntest": 2210}, "TREC": {"devacc": 75.81, "acc": 83.4, "ndev": 5452, "ntest": 500}, "MRPC": {"devacc": 73.14, "acc": 70.32, "f1": 76.68, "ndev": 4076, "ntest": 1725}, "STS12": {"MSRpar": {"pearson": [0.6331666929592994, 2.8002314880690155e-85], "spearman": [0.6106768383653495, 7.503110912696255e-78], "nsamples": 750}, "MSRvid": {"pearson": [0.9303113662348585, 0.0], "spearman": [0.9230285851486021, 1.575494117725e-312], "nsamples": 750}, "SMTeuroparl": {"pearson": [0.5702815702814068, 5.985760798517414e-41], "spearman": [0.6257501959384151, 2.931591641177503e-51], "nsamples": 459}, "surprise.OnWN": {"pearson": [0.733390882487756, 1.6732292147081964e-127], "spearman": [0.690601200579482, 2.3245995685779357e-107], "nsamples": 750}, "surprise.SMTnews": {"pearson": [0.6691510419274498, 3.866416380241202e-53], "spearman": [0.649123593047523, 4.229851442787949e-49], "nsamples": 399}, "all": {"pearson": {"mean": 0.707260310778154, "wmean": 0.7243893863415874}, "spearman": {"mean": 0.6998360826158743, "wmean": 0.7124998782599}}}, "STS13": {"FNWN": {"pearson": [0.5580689590199546, 7.266246226506093e-17], "spearman": [0.5664818338415456, 1.9643624604830506e-17], "nsamples": 189}, "headlines": {"pearson": [0.8025260164442328, 6.031980486079246e-170], "spearman": [0.8003555575285203, 2.2984610318129693e-168], "nsamples": 750}, "OnWN": {"pearson": [0.7865040499937714, 4.279440569668315e-119], "spearman": [0.7839428493252297, 8.05711184366594e-118], "nsamples": 561}, "all": {"pearson": {"mean": 0.7156996751526531, "wmean": 0.7657322117563012}, "spearman": {"mean": 0.7169267468984319, "wmean": 0.7647491154759307}}}, "STS14": {"deft-forum": {"pearson": [0.6599143379935956, 1.3499095349723215e-57], "spearman": [0.6491332388105193, 3.463821243380617e-55], "nsamples": 450}, "deft-news": {"pearson": [0.7988808901032716, 9.35567117370736e-68], "spearman": [0.7859804845033134, 3.4304208165292725e-64], "nsamples": 300}, "headlines": {"pearson": [0.7902877916226313, 2.7997952517636606e-161], "spearman": [0.7716709409935975, 3.7511852629607274e-149], "nsamples": 750}, "images": {"pearson": [0.920054344363271, 1.2748625308055088e-306], "spearman": [0.8830691207785627, 5.299006300953565e-248], "nsamples": 750}, "OnWN": {"pearson": [0.8432981307055182, 6.747117622456417e-204], "spearman": [0.8498392132460661, 2.98908386874e-210], "nsamples": 750}, "tweet-news": {"pearson": [0.7639928873717472, 1.7584957743142806e-144], "spearman": [0.706311814495396, 2.4811369792626874e-114], "nsamples": 750}, "all": {"pearson": {"mean": 0.7960713970266724, "wmean": 0.8066268225801267}, "spearman": {"mean": 0.7743341354712424, "wmean": 0.7829526453202518}}}, "STS15": {"answers-forums": {"pearson": [0.7424449548694996, 7.040848229226779e-67], "spearman": [0.7465246671273951, 5.513528726820364e-68], "nsamples": 375}, "answers-students": {"pearson": [0.7090341861048333, 1.3781034525360978e-115], "spearman": [0.7073475811916604, 8.293424732496438e-115], "nsamples": 750}, "belief": {"pearson": [0.8299760241838633, 1.3565030220393538e-96], "spearman": [0.8412412188230468, 1.1779636673106537e-101], "nsamples": 375}, "headlines": {"pearson": [0.832596171906713, 4.162762691085463e-194], "spearman": [0.8384921738645303, 2.061600235237068e-199], "nsamples": 750}, "images": {"pearson": [0.936001526239876, 0.0], "spearman": [0.937284410624534, 0.0], "nsamples": 750}, "all": {"pearson": {"mean": 0.810010572660957, "wmean": 0.815960593444526}, "spearman": {"mean": 0.8141780103262335, "wmean": 0.8192517771639863}}}, "STS16": {"answer-answer": {"pearson": [0.7650089072419034, 4.555384512647634e-50], "spearman": [0.7646132917866822, 5.476805481487699e-50], "nsamples": 254}, "headlines": {"pearson": [0.798095225948988, 2.8647012984549317e-56], "spearman": [0.8020439102292609, 3.260393754245241e-57], "nsamples": 249}, "plagiarism": {"pearson": [0.848101165493254, 7.893247136518987e-65], "spearman": [0.8605752633705261, 9.584627798835049e-69], "nsamples": 230}, "postediting": {"pearson": [0.867462929052182, 2.4834854135770225e-75], "spearman": [0.8714058078704799, 8.258660450730304e-77], "nsamples": 244}, "question-question": {"pearson": [0.7487526095239637, 7.950174290912121e-39], "spearman": [0.7564431181748653, 4.964600726770693e-40], "nsamples": 209}, "all": {"pearson": {"mean": 0.8054841674520581, "wmean": 0.8062828767651188}, "spearman": {"mean": 0.8110162782863629, "wmean": 0.8116126890009006}}}}