{"MR": {"devacc": 78.05, "acc": 77.44, "ndev": 10662, "ntest": 10662}, "CR": {"devacc": 88.29, "acc": 87.21, "ndev": 3775, "ntest": 3775}, "SUBJ": {"devacc": 91.57, "acc": 90.79, "ndev": 10000, "ntest": 10000}, "MPQA": {"devacc": 89.02, "acc": 88.78, "ndev": 10606, "ntest": 10606}, "SST5": {"devacc": 42.87, "acc": 42.76, "ndev": 1101, "ntest": 2210}, "TREC": {"devacc": 78.63, "acc": 83.6, "ndev": 5452, "ntest": 500}, "MRPC": {"devacc": 75.32, "acc": 73.33, "f1": 81.27, "ndev": 4076, "ntest": 1725}, "STS12": {"MSRpar": {"pearson": [0.644746013427071, 2.3833260366932904e-89], "spearman": [0.6265911467777817, 4.80990056116114e-83], "nsamples": 750}, "MSRvid": {"pearson": [0.9314212756522003, 0.0], "spearman": [0.9240430095733806, 1.3418905667e-314], "nsamples": 750}, "SMTeuroparl": {"pearson": [0.5721029709445921, 2.946293623431566e-41], "spearman": [0.6326719945528333, 1.0750193662079435e-52], "nsamples": 459}, "surprise.OnWN": {"pearson": [0.7340295002182423, 7.824885931714872e-128], "spearman": [0.6867426102871627, 1.0250769184857262e-105], "nsamples": 750}, "surprise.SMTnews": {"pearson": [0.682132835356451, 6.254502469523356e-56], "spearman": [0.6730500528084568, 5.807312072287796e-54], "nsamples": 399}, "all": {"pearson": {"mean": 0.7128865191197113, "wmean": 0.7295411380128465}, "spearman": {"mean": 0.708619762799923, "wmean": 0.7197477450286578}}}, "STS13": {"FNWN": {"pearson": [0.5852389300614711, 9.26336421802243e-19], "spearman": [0.5951909830776853, 1.688755621868824e-19], "nsamples": 189}, "headlines": {"pearson": [0.8074861955270342, 1.2364834924247274e-173], "spearman": [0.8068620112414767, 3.6492336340645434e-173], "nsamples": 750}, "OnWN": {"pearson": [0.8082125807359865, 1.1737023751685571e-130], "spearman": [0.8047493879581366, 1.0257945912047912e-128], "nsamples": 561}, "all": {"pearson": {"mean": 0.7336459021081639, "wmean": 0.7797547081465214}, "spearman": {"mean": 0.7356007940924328, "wmean": 0.7794013405848698}}}, "STS14": {"deft-forum": {"pearson": [0.6704225006267722, 4.8319927805061156e-60], "spearman": [0.6588385120746535, 2.3724162042205193e-57], "nsamples": 450}, "deft-news": {"pearson": [0.8079245978478877, 2.0582002289214824e-70], "spearman": [0.7953425725049895, 9.421665274348138e-67], "nsamples": 300}, "headlines": {"pearson": [0.7905065866906568, 1.9829253474133453e-161], "spearman": [0.7685790466219177, 2.9985465176012295e-147], "nsamples": 750}, "images": {"pearson": [0.9200604252974127, 1.2405656829098153e-306], "spearman": [0.8792559260713749, 4.065507583959807e-243], "nsamples": 750}, "OnWN": {"pearson": [0.8636534217492329, 1.004201990717932e-224], "spearman": [0.860544396229184, 2.4791061858080225e-221], "nsamples": 750}, "tweet-news": {"pearson": [0.7800608060926054, 1.803667542396358e-154], "spearman": [0.7163357355940718, 5.004377929147313e-119], "nsamples": 750}, "all": {"pearson": {"mean": 0.8054380563840947, "wmean": 0.8159409158690253}, "spearman": {"mean": 0.7798160315160318, "wmean": 0.7876310481526673}}}, "STS15": {"answers-forums": {"pearson": [0.7521273259445793, 1.5390696153733048e-69], "spearman": [0.7536074025170078, 5.884608349412183e-70], "nsamples": 375}, "answers-students": {"pearson": [0.7294740150891417, 1.687870579268129e-125], "spearman": [0.7299207046443582, 1.0013889182326783e-125], "nsamples": 750}, "belief": {"pearson": [0.829684434934162, 1.813232004773652e-96], "spearman": [0.8431165499866675, 1.5494197456904203e-102], "nsamples": 375}, "headlines": {"pearson": [0.8347673581505338, 4.899702054073019e-196], "spearman": [0.8402804830729286, 4.599283763339315e-201], "nsamples": 750}, "images": {"pearson": [0.941204516045669, 0.0], "spearman": [0.9414614701640772, 0.0], "nsamples": 750}, "all": {"pearson": {"mean": 0.8174515300328172, "wmean": 0.8240879424311788}, "spearman": {"mean": 0.8216773220770079, "wmean": 0.8275061585333005}}}, "STS16": {"answer-answer": {"pearson": [0.7715520048822505, 2.0515744863064314e-51], "spearman": [0.7683374578495578, 9.530591542910442e-51], "nsamples": 254}, "headlines": {"pearson": [0.7962812552505016, 7.649672165589154e-56], "spearman": [0.7980753132287678, 2.8959133082907867e-56], "nsamples": 249}, "plagiarism": {"pearson": [0.8497291000238717, 2.550092265547108e-65], "spearman": [0.8573208789690535, 1.0936405289870066e-67], "nsamples": 230}, "postediting": {"pearson": [0.8693512797222093, 4.93333693778598e-76], "spearman": [0.8756822883556138, 1.8091061136132292e-78], "nsamples": 244}, "question-question": {"pearson": [0.7381205363554679, 3.1286133697385506e-37], "spearman": [0.7521996881285021, 2.3225262460669643e-39], "nsamples": 209}, "all": {"pearson": {"mean": 0.8050068352468603, "wmean": 0.8061339284599233}, "spearman": {"mean": 0.810323125306299, "wmean": 0.8110779786073017}}}}