{"MR": {"devacc": 77.02, "acc": 76.68, "ndev": 10662, "ntest": 10662}, "CR": {"devacc": 87.75, "acc": 86.75, "ndev": 3775, "ntest": 3775}, "SUBJ": {"devacc": 91.2, "acc": 90.59, "ndev": 10000, "ntest": 10000}, "MPQA": {"devacc": 88.57, "acc": 88.32, "ndev": 10606, "ntest": 10606}, "SST5": {"devacc": 41.69, "acc": 41.72, "ndev": 1101, "ntest": 2210}, "TREC": {"devacc": 77.0, "acc": 85.8, "ndev": 5452, "ntest": 500}, "MRPC": {"devacc": 73.92, "acc": 72.23, "f1": 81.09, "ndev": 4076, "ntest": 1725}, "STS12": {"MSRpar": {"pearson": [0.6402649325714717, 9.398291991315815e-88], "spearman": [0.6224758096761567, 1.1319277301231228e-81], "nsamples": 750}, "MSRvid": {"pearson": [0.9316441021691017, 0.0], "spearman": [0.9239617474541841, 1.970482873e-314], "nsamples": 750}, "SMTeuroparl": {"pearson": [0.5776854475117599, 3.263521932267126e-42], "spearman": [0.6266105513210806, 1.9526338188140072e-51], "nsamples": 459}, "surprise.OnWN": {"pearson": [0.7346127239289508, 3.901168545100723e-128], "spearman": [0.6900645921203875, 3.949859608275698e-107], "nsamples": 750}, "surprise.SMTnews": {"pearson": [0.6737210897319595, 4.1783179975576305e-54], "spearman": [0.663706712725841, 5.202648017638246e-52], "nsamples": 399}, "all": {"pearson": {"mean": 0.7115856591826487, "wmean": 0.7283988591419217}, "spearman": {"mean": 0.7053638826595299, "wmean": 0.7174420313294828}}}, "STS13": {"FNWN": {"pearson": [0.545654845661176, 4.686631699108125e-16], "spearman": [0.5536899406956765, 1.4148688024969694e-16], "nsamples": 189}, "headlines": {"pearson": [0.7955553672947244, 6.158955668198944e-165], "spearman": [0.7908165672785635, 1.2154572265390697e-161], "nsamples": 750}, "OnWN": {"pearson": [0.7920617211172193, 6.362867750889079e-122], "spearman": [0.7918334535379986, 8.346305146633125e-122], "nsamples": 561}, "all": {"pearson": {"mean": 0.7110906446910398, "wmean": 0.7627612778985103}, "spearman": {"mean": 0.7121133205040796, "wmean": 0.7613189277901485}}}, "STS14": {"deft-forum": {"pearson": [0.6518135831864226, 8.907557120572859e-56], "spearman": [0.6417227726118852, 1.3791311377672605e-53], "nsamples": 450}, "deft-news": {"pearson": [0.8066520396047598, 4.9648957246080506e-70], "spearman": [0.7981162772021554, 1.5471156119808644e-67], "nsamples": 300}, "headlines": {"pearson": [0.7773761549545228, 9.618765730207224e-153], "spearman": [0.7570054012528631, 2.205915525659562e-140], "nsamples": 750}, "images": {"pearson": [0.920431221540226, 2.342341535456061e-307], "spearman": [0.8786510161901525, 2.337870598294567e-242], "nsamples": 750}, "OnWN": {"pearson": [0.8562490737962947, 8.879217133403692e-217], "spearman": [0.8579046797846568, 1.6247846310208202e-218], "nsamples": 750}, "tweet-news": {"pearson": [0.7671134133226548, 2.3361932403383274e-146], "spearman": [0.6985771340426541, 7.652678184699453e-111], "nsamples": 750}, "all": {"pearson": {"mean": 0.7966059144008134, "wmean": 0.8069837658734912}, "spearman": {"mean": 0.7719962135140612, "wmean": 0.779283681143664}}}, "STS15": {"answers-forums": {"pearson": [0.7506835699231116, 3.90585231900561e-69], "spearman": [0.7562930409131271, 1.0102945606337468e-70], "nsamples": 375}, "answers-students": {"pearson": [0.7137150485066026, 8.839955739601179e-118], "spearman": [0.714464784143635, 3.900446356660993e-118], "nsamples": 750}, "belief": {"pearson": [0.8163767335736068, 5.858007847020054e-91], "spearman": [0.829779871287284, 1.649034143869679e-96], "nsamples": 375}, "headlines": {"pearson": [0.8256268324260598, 4.2586678787215744e-188], "spearman": [0.8313982237659804, 4.698747955128018e-193], "nsamples": 750}, "images": {"pearson": [0.9387827375447267, 0.0], "spearman": [0.9393424496270165, 0.0], "nsamples": 750}, "all": {"pearson": {"mean": 0.8090369843948215, "wmean": 0.8154136925564371}, "spearman": {"mean": 0.8142556739474086, "wmean": 0.8195604784092093}}}, "STS16": {"answer-answer": {"pearson": [0.7656180534561856, 3.427942151762196e-50], "spearman": [0.7621187603913155, 1.7353107331553528e-49], "nsamples": 254}, "headlines": {"pearson": [0.7884238127339825, 4.814873632308439e-54], "spearman": [0.792758852035133, 5.008666576142765e-55], "nsamples": 249}, "plagiarism": {"pearson": [0.8391082354564037, 3.2208783919112133e-62], "spearman": [0.849682812924259, 2.6338324649558794e-65], "nsamples": 230}, "postediting": {"pearson": [0.8655031442708148, 1.2948011322745928e-74], "spearman": [0.8699823296006579, 2.858440964704481e-76], "nsamples": 244}, "question-question": {"pearson": [0.737351550220667, 4.052308100064802e-37], "spearman": [0.7454600046284575, 2.5280419249277585e-38], "nsamples": 209}, "all": {"pearson": {"mean": 0.7992009592276108, "wmean": 0.8002265179610488}, "spearman": {"mean": 0.8040005519159645, "wmean": 0.804788360589064}}}}