{"MR": {"devacc": 76.07, "acc": 74.84, "ndev": 10662, "ntest": 10662}, "CR": {"devacc": 87.32, "acc": 86.84, "ndev": 3775, "ntest": 3775}, "SUBJ": {"devacc": 89.63, "acc": 89.65, "ndev": 10000, "ntest": 10000}, "MPQA": {"devacc": 87.6, "acc": 87.29, "ndev": 10606, "ntest": 10606}, "SST5": {"devacc": 42.78, "acc": 42.35, "ndev": 1101, "ntest": 2210}, "TREC": {"devacc": 71.77, "acc": 82.4, "ndev": 5452, "ntest": 500}, "MRPC": {"devacc": 72.74, "acc": 72.23, "f1": 79.47, "ndev": 4076, "ntest": 1725}, "STS12": {"MSRpar": {"pearson": [0.658185412283492, 2.668081655407547e-94], "spearman": [0.6358996065090764, 3.1790878458097843e-86], "nsamples": 750}, "MSRvid": {"pearson": [0.9253548006301502, 2.559596e-317], "spearman": [0.9179147139679658, 1.6417862646441114e-302], "nsamples": 750}, "SMTeuroparl": {"pearson": [0.5906818991061769, 1.6457457179658796e-44], "spearman": [0.6526781655439281, 4.667510986550091e-57], "nsamples": 459}, "surprise.OnWN": {"pearson": [0.7082882673901124, 3.052750259834369e-115], "spearman": [0.6661151043005091, 2.4178840557653825e-97], "nsamples": 750}, "surprise.SMTnews": {"pearson": [0.6811824573236633, 1.0125951211678637e-55], "spearman": [0.6709915801963028, 1.585688869609949e-53], "nsamples": 399}, "all": {"pearson": {"mean": 0.712738567346719, "wmean": 0.7277304222618061}, "spearman": {"mean": 0.7087198341035565, "wmean": 0.7182277950663293}}}, "STS13": {"FNWN": {"pearson": [0.5365146586055968, 1.7615443970109526e-15], "spearman": [0.5476887149453106, 3.471473990928557e-16], "nsamples": 189}, "headlines": {"pearson": [0.7845247861619584, 2.137572406010572e-157], "spearman": [0.7824379299679242, 5.087796204431985e-156], "nsamples": 750}, "OnWN": {"pearson": [0.7605841025400983, 6.034739400369889e-107], "spearman": [0.7609169466213097, 4.3106663556723124e-107], "nsamples": 561}, "all": {"pearson": {"mean": 0.6938745157692178, "wmean": 0.7443216944152813}, "spearman": {"mean": 0.6970145305115149, "wmean": 0.7448106811034411}}}, "STS14": {"deft-forum": {"pearson": [0.6684206396913174, 1.438346728592718e-59], "spearman": [0.6545058116680498, 2.2453934852316785e-56], "nsamples": 450}, "deft-news": {"pearson": [0.7892127706187088, 4.632737596531996e-65], "spearman": [0.7807785084013907, 8.007180676467849e-63], "nsamples": 300}, "headlines": {"pearson": [0.7663627268093594, 6.647212090565293e-146], "spearman": [0.7485483330612738, 1.323119591255002e-135], "nsamples": 750}, "images": {"pearson": [0.914938282296386, 5.620817263900991e-297], "spearman": [0.8751831504174407, 4.437028530086847e-238], "nsamples": 750}, "OnWN": {"pearson": [0.8434411149503968, 4.9359270160396325e-204], "spearman": [0.8495647182731895, 5.600399128867498e-210], "nsamples": 750}, "tweet-news": {"pearson": [0.7509810046059999, 5.847516909536107e-137], "spearman": [0.6895102689387428, 6.821620503498197e-107], "nsamples": 750}, "all": {"pearson": {"mean": 0.7888927564953615, "wmean": 0.7984921241448831}, "spearman": {"mean": 0.7663484651266811, "wmean": 0.7735642722104066}}}, "STS15": {"answers-forums": {"pearson": [0.7296128416338924, 1.5651683570424213e-63], "spearman": [0.7341773420831542, 1.0625640804330095e-64], "nsamples": 375}, "answers-students": {"pearson": [0.698978087977382, 5.078067712947226e-111], "spearman": [0.6953333472189719, 2.060460574470532e-109], "nsamples": 750}, "belief": {"pearson": [0.8051007512933283, 1.2486295969086047e-86], "spearman": [0.8179449219407924, 1.3871571379539806e-91], "nsamples": 375}, "headlines": {"pearson": [0.8270831671622085, 2.4875861455986105e-189], "spearman": [0.8339999915722921, 2.372506026211756e-195], "nsamples": 750}, "images": {"pearson": [0.929201892950427, 0.0], "spearman": [0.9315674048950348, 0.0], "nsamples": 750}, "all": {"pearson": {"mean": 0.7979953482034476, "wmean": 0.8056549861384069}, "spearman": {"mean": 0.802604601542049, "wmean": 0.809240468924568}}}, "STS16": {"answer-answer": {"pearson": [0.768790276595604, 7.687990360587601e-51], "spearman": [0.7675296758906526, 1.3965060144711197e-50], "nsamples": 254}, "headlines": {"pearson": [0.7808314842100521, 2.236184699408727e-52], "spearman": [0.7852043006313851, 2.49867182433855e-53], "nsamples": 249}, "plagiarism": {"pearson": [0.8418282682671301, 5.439920276876449e-63], "spearman": [0.8469122932303622, 1.7864382087721976e-64], "nsamples": 230}, "postediting": {"pearson": [0.8615413247678396, 3.373082796965739e-73], "spearman": [0.8660641423685883, 8.092406406564374e-75], "nsamples": 244}, "question-question": {"pearson": [0.712461979390779, 1.1051061936317245e-33], "spearman": [0.7233706049329393, 3.835894481070861e-35], "nsamples": 209}, "all": {"pearson": {"mean": 0.7930906666462809, "wmean": 0.7946382027496223}, "spearman": {"mean": 0.7978162034107855, "wmean": 0.7991250785373893}}}}