{"MR": {"devacc": 77.42, "acc": 77.66, "ndev": 10662, "ntest": 10662}, "CR": {"devacc": 88.07, "acc": 86.94, "ndev": 3775, "ntest": 3775}, "SUBJ": {"devacc": 91.04, "acc": 90.67, "ndev": 10000, "ntest": 10000}, "MPQA": {"devacc": 88.33, "acc": 88.07, "ndev": 10606, "ntest": 10606}, "SST5": {"devacc": 41.05, "acc": 41.86, "ndev": 1101, "ntest": 2210}, "TREC": {"devacc": 74.08, "acc": 72.8, "ndev": 5452, "ntest": 500}, "MRPC": {"devacc": 73.11, "acc": 70.55, "f1": 78.2, "ndev": 4076, "ntest": 1725}, "STS12": {"MSRpar": {"pearson": [0.6407313250916566, 6.429720011977334e-88], "spearman": [0.6189084907015439, 1.684141172142615e-80], "nsamples": 750}, "MSRvid": {"pearson": [0.9296822250182706, 0.0], "spearman": [0.9225475581142292, 1.47543219528e-311], "nsamples": 750}, "SMTeuroparl": {"pearson": [0.5730397896112746, 2.0426335279496506e-41], "spearman": [0.6365196162510784, 1.6498918611644164e-53], "nsamples": 459}, "surprise.OnWN": {"pearson": [0.7366039288897099, 3.573470066577749e-129], "spearman": [0.6883610381614136, 2.1094611319256836e-106], "nsamples": 750}, "surprise.SMTnews": {"pearson": [0.6834175763560765, 3.2513616721775864e-56], "spearman": [0.6545437076476117, 3.6606294096108587e-50], "nsamples": 399}, "all": {"pearson": {"mean": 0.7126949689933977, "wmean": 0.7290772154592592}, "spearman": {"mean": 0.7041760821751752, "wmean": 0.7161159132701198}}}, "STS13": {"FNWN": {"pearson": [0.5633389556034426, 3.2161277820119786e-17], "spearman": [0.5624120909880612, 3.7157361388779205e-17], "nsamples": 189}, "headlines": {"pearson": [0.8065573214923385, 6.180313484260911e-173], "spearman": [0.805310911702639, 5.281783408869637e-172], "nsamples": 750}, "OnWN": {"pearson": [0.8078569012487437, 1.865416085869973e-130], "spearman": [0.8054160048495745, 4.369103966308553e-129], "nsamples": 561}, "all": {"pearson": {"mean": 0.7259177261148416, "wmean": 0.7763978502192332}, "spearman": {"mean": 0.7243796691800917, "wmean": 0.7747449651295562}}}, "STS14": {"deft-forum": {"pearson": [0.6738946568855912, 7.138166934717861e-61], "spearman": [0.6586384061229935, 2.634080094558604e-57], "nsamples": 450}, "deft-news": {"pearson": [0.8014742347249139, 1.6713632998935194e-68], "spearman": [0.7931188456851063, 3.9305251269528966e-66], "nsamples": 300}, "headlines": {"pearson": [0.79106700045811, 8.179809975275915e-162], "spearman": [0.7719860116802887, 2.391050900776854e-149], "nsamples": 750}, "images": {"pearson": [0.9132514703560096, 6.26500184646911e-294], "spearman": [0.8747304595708197, 1.570825365789755e-237], "nsamples": 750}, "OnWN": {"pearson": [0.8579133026334762, 1.5910667660511968e-218], "spearman": [0.8534803104675308, 6.397915566028368e-214], "nsamples": 750}, "tweet-news": {"pearson": [0.7762656777003012, 4.902453448254305e-152], "spearman": [0.7124862483991636, 3.360198390162722e-117], "nsamples": 750}, "all": {"pearson": {"mean": 0.8023110571264004, "wmean": 0.8126847878338435}, "spearman": {"mean": 0.7774067136543171, "wmean": 0.7850227224131283}}}, "STS15": {"answers-forums": {"pearson": [0.7529336054090902, 9.12363791516652e-70], "spearman": [0.7558361626764534, 1.3656403827162113e-70], "nsamples": 375}, "answers-students": {"pearson": [0.7227887028481771, 3.692875455956681e-122], "spearman": [0.7207114119575112, 3.848118281557698e-121], "nsamples": 750}, "belief": {"pearson": [0.8163424164776707, 6.044683654775226e-91], "spearman": [0.8254062597048654, 1.2036128993732516e-94], "nsamples": 375}, "headlines": {"pearson": [0.8345634930994404, 7.455995771547118e-196], "spearman": [0.8383866832413359, 2.5762890562807975e-199], "nsamples": 750}, "images": {"pearson": [0.9377808205095325, 0.0], "spearman": [0.939085501118853, 0.0], "nsamples": 750}, "all": {"pearson": {"mean": 0.8128818076687822, "wmean": 0.8199427568501326}, "spearman": {"mean": 0.8158852037398038, "wmean": 0.82220120187709}}}, "STS16": {"answer-answer": {"pearson": [0.7708853900522509, 2.826880786168783e-51], "spearman": [0.7674368935411399, 1.459008206118259e-50], "nsamples": 254}, "headlines": {"pearson": [0.8062349580268001, 3.0753215541631022e-58], "spearman": [0.8085637912851348, 8.076469533853002e-59], "nsamples": 249}, "plagiarism": {"pearson": [0.8515833037348529, 6.926637949553942e-66], "spearman": [0.8585467839306306, 4.402531602941449e-68], "nsamples": 230}, "postediting": {"pearson": [0.8636519905973788, 6.015733956747359e-74], "spearman": [0.8687574177522297, 8.223561553022664e-76], "nsamples": 244}, "question-question": {"pearson": [0.7434563142554916, 5.067019544082855e-38], "spearman": [0.7499845895288152, 5.133104407641408e-39], "nsamples": 209}, "all": {"pearson": {"mean": 0.8071623913333548, "wmean": 0.8082082705447887}, "spearman": {"mean": 0.81065789520759, "wmean": 0.8115098688335242}}}}