{"MR": {"devacc": 77.33, "acc": 76.22, "ndev": 10662, "ntest": 10662}, "CR": {"devacc": 87.92, "acc": 87.18, "ndev": 3775, "ntest": 3775}, "SUBJ": {"devacc": 90.81, "acc": 90.73, "ndev": 10000, "ntest": 10000}, "MPQA": {"devacc": 87.75, "acc": 88.27, "ndev": 10606, "ntest": 10606}, "SST5": {"devacc": 41.87, "acc": 42.62, "ndev": 1101, "ntest": 2210}, "TREC": {"devacc": 72.32, "acc": 81.8, "ndev": 5452, "ntest": 500}, "MRPC": {"devacc": 73.28, "acc": 70.03, "f1": 77.59, "ndev": 4076, "ntest": 1725}, "STS12": {"MSRpar": {"pearson": [0.6392803104875735, 2.090005847369415e-87], "spearman": [0.6294458720109792, 5.229544418195449e-84], "nsamples": 750}, "MSRvid": {"pearson": [0.9291969038143423, 0.0], "spearman": [0.9231601800541075, 8.5219435656e-313], "nsamples": 750}, "SMTeuroparl": {"pearson": [0.590157415564887, 2.0468872125859922e-44], "spearman": [0.6402447901660498, 2.619978059298795e-54], "nsamples": 459}, "surprise.OnWN": {"pearson": [0.7170918008336321, 2.172342211446004e-119], "spearman": [0.6709239955490424, 3.104953895102669e-99], "nsamples": 750}, "surprise.SMTnews": {"pearson": [0.6705019746462754, 2.0112258639682764e-53], "spearman": [0.6710157838700622, 1.5671444468188657e-53], "nsamples": 399}, "all": {"pearson": {"mean": 0.7092456810693422, "wmean": 0.7247713330050862}, "spearman": {"mean": 0.7069581243300483, "wmean": 0.7172635753413671}}}, "STS13": {"FNWN": {"pearson": [0.5563773154763191, 9.410508739085281e-17], "spearman": [0.5688728099499172, 1.3452558788828976e-17], "nsamples": 189}, "headlines": {"pearson": [0.8002750145661701, 2.628625400420327e-168], "spearman": [0.7993062504544429, 1.3145167214131097e-167], "nsamples": 750}, "OnWN": {"pearson": [0.8014726442848759, 6.49300252954105e-127], "spearman": [0.7966034820748151, 2.6777215038379476e-124], "nsamples": 561}, "all": {"pearson": {"mean": 0.7193749914424551, "wmean": 0.7699918179956449}, "spearman": {"mean": 0.7215941808263917, "wmean": 0.7692608015768919}}}, "STS14": {"deft-forum": {"pearson": [0.6440879155295844, 4.302723909563144e-54], "spearman": [0.6295240833959459, 4.7801293010744154e-51], "nsamples": 450}, "deft-news": {"pearson": [0.8012904802175287, 1.889887623243173e-68], "spearman": [0.7911929626971502, 1.3352506806373974e-65], "nsamples": 300}, "headlines": {"pearson": [0.7770502962091136, 1.5527143868281707e-152], "spearman": [0.7596717890440573, 6.2548624218613654e-142], "nsamples": 750}, "images": {"pearson": [0.9126001651905066, 9.054467189493838e-293], "spearman": [0.8747334833193956, 1.557642206982816e-237], "nsamples": 750}, "OnWN": {"pearson": [0.8563420041726987, 7.1026739579976236e-217], "spearman": [0.8551263482971365, 1.3011464520125033e-215], "nsamples": 750}, "tweet-news": {"pearson": [0.7653832726727429, 2.5858368484734993e-145], "spearman": [0.6965840027957015, 5.81882758067667e-110], "nsamples": 750}, "all": {"pearson": {"mean": 0.7927923556653624, "wmean": 0.8036689359299648}, "spearman": {"mean": 0.7678054449248979, "wmean": 0.7760614517145438}}}, "STS15": {"answers-forums": {"pearson": [0.7325019574788812, 2.8703573804678164e-64], "spearman": [0.7308721908451161, 7.492831308400956e-64], "nsamples": 375}, "answers-students": {"pearson": [0.727484336171463, 1.70528450379411e-124], "spearman": [0.7251653933457356, 2.4620251121892133e-123], "nsamples": 750}, "belief": {"pearson": [0.82448350678899, 2.930639436904024e-94], "spearman": [0.8405301992136032, 2.5243665105648537e-101], "nsamples": 375}, "headlines": {"pearson": [0.825417124903452, 6.396569494583324e-188], "spearman": [0.8296412278306977, 1.5880939051480423e-191], "nsamples": 750}, "images": {"pearson": [0.938591754059697, 0.0], "spearman": [0.9397152472404232, 0.0], "nsamples": 750}, "all": {"pearson": {"mean": 0.8096957358804966, "wmean": 0.8174964868171369}, "spearman": {"mean": 0.8131848516951152, "wmean": 0.820055765861554}}}, "STS16": {"answer-answer": {"pearson": [0.7728210781173178, 1.1110536449412405e-51], "spearman": [0.7721079496189652, 1.5689830384494848e-51], "nsamples": 254}, "headlines": {"pearson": [0.7842701456278127, 4.0077687924973217e-53], "spearman": [0.7861705367766435, 1.5289267215538026e-53], "nsamples": 249}, "plagiarism": {"pearson": [0.8458798171749055, 3.61089610810781e-64], "spearman": [0.858038497937266, 6.426866450033275e-68], "nsamples": 230}, "postediting": {"pearson": [0.8642321317311299, 3.726385643700764e-74], "spearman": [0.8710012552480969, 1.1770845246605239e-76], "nsamples": 244}, "question-question": {"pearson": [0.7206021256579666, 9.137963523077073e-35], "spearman": [0.7307913249812136, 3.5512936269576574e-36], "nsamples": 209}, "all": {"pearson": {"mean": 0.7975610596618266, "wmean": 0.7989971858838643}, "spearman": {"mean": 0.8036219129124371, "wmean": 0.804789570478737}}}}