{"MR": {"devacc": 78.17, "acc": 76.74, "ndev": 10662, "ntest": 10662}, "CR": {"devacc": 87.97, "acc": 86.97, "ndev": 3775, "ntest": 3775}, "SUBJ": {"devacc": 91.62, "acc": 91.48, "ndev": 10000, "ntest": 10000}, "MPQA": {"devacc": 88.88, "acc": 88.74, "ndev": 10606, "ntest": 10606}, "SST5": {"devacc": 41.96, "acc": 44.34, "ndev": 1101, "ntest": 2210}, "TREC": {"devacc": 79.9, "acc": 79.6, "ndev": 5452, "ntest": 500}, "MRPC": {"devacc": 73.99, "acc": 72.12, "f1": 79.78, "ndev": 4076, "ntest": 1725}, "STS12": {"MSRpar": {"pearson": [0.6410643847605992, 4.901051677944407e-88], "spearman": [0.6262909022288755, 6.0660660275843674e-83], "nsamples": 750}, "MSRvid": {"pearson": [0.934524051946042, 0.0], "spearman": [0.9274136146669254, 1.087e-321], "nsamples": 750}, "SMTeuroparl": {"pearson": [0.5813092229992808, 7.64685631747939e-43], "spearman": [0.6327626698672444, 1.0288838187708492e-52], "nsamples": 459}, "surprise.OnWN": {"pearson": [0.7328524700190153, 3.170293094020454e-127], "spearman": [0.6887999082573483, 1.3715492871783766e-106], "nsamples": 750}, "surprise.SMTnews": {"pearson": [0.6671568135513805, 1.0083171754989997e-52], "spearman": [0.648491970497892, 5.607428138660126e-49], "nsamples": 399}, "all": {"pearson": {"mean": 0.7113813886552636, "wmean": 0.7285544343654805}, "spearman": {"mean": 0.7047518131036572, "wmean": 0.7178457788167909}}}, "STS13": {"FNWN": {"pearson": [0.5716698272702503, 8.605371594558478e-18], "spearman": [0.5807319828994889, 1.964628271941714e-18], "nsamples": 189}, "headlines": {"pearson": [0.8045662841286343, 1.8889402070281339e-171], "spearman": [0.803905924932264, 5.82140668670688e-171], "nsamples": 750}, "OnWN": {"pearson": [0.8002522244486061, 2.983719245891191e-126], "spearman": [0.8002743847448363, 2.902503709560643e-126], "nsamples": 561}, "all": {"pearson": {"mean": 0.7254961119491635, "wmean": 0.7736078722441474}, "spearman": {"mean": 0.7283040975255298, "wmean": 0.7744278122060364}}}, "STS14": {"deft-forum": {"pearson": [0.667459142475553, 2.421524133782797e-59], "spearman": [0.6556782662410102, 1.2267144888697315e-56], "nsamples": 450}, "deft-news": {"pearson": [0.8039744313582496, 3.099979546203344e-69], "spearman": [0.7965255479876918, 4.3750923053058294e-67], "nsamples": 300}, "headlines": {"pearson": [0.789781656396367, 6.208922383107491e-161], "spearman": [0.770061881803048, 3.699184122898408e-148], "nsamples": 750}, "images": {"pearson": [0.9217515149080687, 5.79286672686796e-310], "spearman": [0.8807336990678039, 5.443562076648616e-245], "nsamples": 750}, "OnWN": {"pearson": [0.8552587549212346, 9.491506653941649e-216], "spearman": [0.858442314069486, 4.3832512576861646e-219], "nsamples": 750}, "tweet-news": {"pearson": [0.7766850952675248, 2.6531048133778464e-152], "spearman": [0.7105185629911629, 2.8096087150735756e-116], "nsamples": 750}, "all": {"pearson": {"mean": 0.8024850992211663, "wmean": 0.8131084559043654}, "spearman": {"mean": 0.7786600453600339, "wmean": 0.7863547273742367}}}, "STS15": {"answers-forums": {"pearson": [0.7688375403233512, 1.9658135727194184e-74], "spearman": [0.7723004540375039, 1.6884469651332726e-75], "nsamples": 375}, "answers-students": {"pearson": [0.7269599705866103, 3.1263119935749627e-124], "spearman": [0.7265119415040519, 5.241552248670947e-124], "nsamples": 750}, "belief": {"pearson": [0.8389829334165044, 1.3089037558164173e-100], "spearman": [0.8514521170235055, 1.3470091176667524e-106], "nsamples": 375}, "headlines": {"pearson": [0.8331979929070902, 1.2229888878178682e-194], "spearman": [0.8378596583636514, 7.825457099660911e-199], "nsamples": 750}, "images": {"pearson": [0.9421379465692332, 0.0], "spearman": [0.9429041739551778, 0.0], "nsamples": 750}, "all": {"pearson": {"mean": 0.8220232767605579, "wmean": 0.8265515367332155}, "spearman": {"mean": 0.8262056689767782, "wmean": 0.8297880148383465}}}, "STS16": {"answer-answer": {"pearson": [0.7682468970402646, 9.948443321770731e-51], "spearman": [0.7639587751762309, 7.42232944739013e-50], "nsamples": 254}, "headlines": {"pearson": [0.7982329508425114, 2.657753564649887e-56], "spearman": [0.8019304530606612, 3.472847120518895e-57], "nsamples": 249}, "plagiarism": {"pearson": [0.8530342510703951, 2.4670509034198693e-66], "spearman": [0.8624945285555693, 2.2151375727053793e-69], "nsamples": 230}, "postediting": {"pearson": [0.869845606146112, 3.217994863053506e-76], "spearman": [0.8742284672530755, 6.736005526566297e-78], "nsamples": 244}, "question-question": {"pearson": [0.7425732957090732, 6.869702685371851e-38], "spearman": [0.7513729589744939, 3.125583552554023e-39], "nsamples": 209}, "all": {"pearson": {"mean": 0.8063866001616713, "wmean": 0.8073631880750851}, "spearman": {"mean": 0.810797036604006, "wmean": 0.8115081346627891}}}}