{"MR": {"devacc": 79.8, "acc": 79.59, "ndev": 10662, "ntest": 10662}, "CR": {"devacc": 89.13, "acc": 88.42, "ndev": 3775, "ntest": 3775}, "SUBJ": {"devacc": 92.62, "acc": 92.2, "ndev": 10000, "ntest": 10000}, "MPQA": {"devacc": 89.16, "acc": 88.95, "ndev": 10606, "ntest": 10606}, "SST5": {"devacc": 45.87, "acc": 45.2, "ndev": 1101, "ntest": 2210}, "TREC": {"devacc": 83.6, "acc": 89.4, "ndev": 5452, "ntest": 500}, "MRPC": {"devacc": 74.98, "acc": 74.49, "f1": 82.26, "ndev": 4076, "ntest": 1725}, "STS12": {"MSRpar": {"pearson": [0.6415764982386158, 3.22638271436405e-88], "spearman": [0.6331318223263448, 2.87865000358566e-85], "nsamples": 750}, "MSRvid": {"pearson": [0.921095752484387, 1.156936126557801e-308], "spearman": [0.9279691603522319, 7e-323], "nsamples": 750}, "SMTeuroparl": {"pearson": [0.5627202739918223, 1.0834473894419761e-39], "spearman": [0.6296148858284786, 4.677236293848478e-52], "nsamples": 459}, "surprise.OnWN": {"pearson": [0.7610231620998053, 1.0097991761952353e-142], "spearman": [0.69409336847442, 7.171617926477573e-109], "nsamples": 750}, "surprise.SMTnews": {"pearson": [0.7289434089158564, 2.5148478767759376e-67], "spearman": [0.6691663462805048, 3.837968137899821e-53], "nsamples": 399}, "all": {"pearson": {"mean": 0.7230718191460974, "wmean": 0.7374223248187834}, "spearman": {"mean": 0.710795116652396, "wmean": 0.7230972870418084}}}, "STS13": {"FNWN": {"pearson": [0.593959459270555, 2.0913484611122973e-19], "spearman": [0.600821625554485, 6.279074667100254e-20], "nsamples": 189}, "headlines": {"pearson": [0.8024172861748158, 7.246505675427695e-170], "spearman": [0.8103948169733372, 7.568943935644485e-176], "nsamples": 750}, "OnWN": {"pearson": [0.8050319310797935, 7.147093000773984e-129], "spearman": [0.8048250721649469, 9.31212701875795e-129], "nsamples": 561}, "all": {"pearson": {"mean": 0.7338028921750549, "wmean": 0.7771294771793407}, "spearman": {"mean": 0.7386805048975896, "wmean": 0.7819055102962238}}}, "STS14": {"deft-forum": {"pearson": [0.6571714124188527, 5.658210430950906e-57], "spearman": [0.6639159590292949, 1.6236328688547822e-58], "nsamples": 450}, "deft-news": {"pearson": [0.8042991071596116, 2.4863553440368933e-69], "spearman": [0.8006309069300146, 2.9344433078113482e-68], "nsamples": 300}, "headlines": {"pearson": [0.7982273404902472, 7.812221085059877e-167], "spearman": [0.7748812224600413, 3.68573977953077e-151], "nsamples": 750}, "images": {"pearson": [0.9177905354043513, 2.82092000988982e-302], "spearman": [0.8852731502323711, 6.642391260015709e-251], "nsamples": 750}, "OnWN": {"pearson": [0.866889414278075, 2.401891051036277e-228], "spearman": [0.863341581468861, 2.217480423564233e-224], "nsamples": 750}, "tweet-news": {"pearson": [0.7956373723022517, 5.391585806741707e-165], "spearman": [0.7182633184759425, 5.92929819463686e-120], "nsamples": 750}, "all": {"pearson": {"mean": 0.8066691970088983, "wmean": 0.8189134305580162}, "spearman": {"mean": 0.7843843564327543, "wmean": 0.7920722421653598}}}, "STS15": {"answers-forums": {"pearson": [0.7636335317131845, 7.26116640471438e-73], "spearman": [0.766409067201678, 1.071739661620243e-73], "nsamples": 375}, "answers-students": {"pearson": [0.7171071858992011, 2.1357038240881022e-119], "spearman": [0.7314293965092067, 1.703843683272867e-126], "nsamples": 750}, "belief": {"pearson": [0.8351135366427673, 7.441990974508613e-99], "spearman": [0.8521944299832681, 5.697715095802457e-107], "nsamples": 375}, "headlines": {"pearson": [0.8357996019899019, 5.795578286950744e-197], "spearman": [0.8436260659524145, 3.292861146549258e-204], "nsamples": 750}, "images": {"pearson": [0.9307140444964584, 0.0], "spearman": [0.9447340815508083, 0.0], "nsamples": 750}, "all": {"pearson": {"mean": 0.8164735801483026, "wmean": 0.8207485916408843}, "spearman": {"mean": 0.827678608239475, "wmean": 0.8322728231512255}}}, "STS16": {"answer-answer": {"pearson": [0.7736417778846597, 7.457009960843246e-52], "spearman": [0.7801681893812332, 2.944600635904069e-53], "nsamples": 254}, "headlines": {"pearson": [0.7859399379951687, 1.7194835819187313e-53], "spearman": [0.8055361548816249, 4.5771266272262636e-58], "nsamples": 249}, "plagiarism": {"pearson": [0.8412157308715181, 8.143247026945179e-63], "spearman": [0.8625506386314568, 2.1215703868083197e-69], "nsamples": 230}, "postediting": {"pearson": [0.8498409830277571, 2.921107808913649e-69], "spearman": [0.8791473848058269, 7.366227123188883e-80], "nsamples": 244}, "question-question": {"pearson": [0.7277202487423241, 9.599013299303271e-36], "spearman": [0.7564899773171976, 4.879868756505035e-40], "nsamples": 209}, "all": {"pearson": {"mean": 0.7956717357042855, "wmean": 0.7969126526896023}, "spearman": {"mean": 0.816778469003468, "wmean": 0.8176612451142572}}}}