{"MR": {"devacc": 77.94, "acc": 77.8, "ndev": 10662, "ntest": 10662}, "CR": {"devacc": 88.39, "acc": 88.19, "ndev": 3775, "ntest": 3775}, "SUBJ": {"devacc": 91.63, "acc": 90.51, "ndev": 10000, "ntest": 10000}, "MPQA": {"devacc": 88.85, "acc": 87.99, "ndev": 10606, "ntest": 10606}, "SST5": {"devacc": 42.69, "acc": 40.86, "ndev": 1101, "ntest": 2210}, "TREC": {"devacc": 77.46, "acc": 74.6, "ndev": 5452, "ntest": 500}, "MRPC": {"devacc": 73.75, "acc": 70.9, "f1": 77.79, "ndev": 4076, "ntest": 1725}, "STS12": {"MSRpar": {"pearson": [0.6417687387493484, 2.757186295484083e-88], "spearman": [0.6223806639564103, 1.216997487412579e-81], "nsamples": 750}, "MSRvid": {"pearson": [0.9326232043311841, 0.0], "spearman": [0.9252182555026665, 4.9381377e-317], "nsamples": 750}, "SMTeuroparl": {"pearson": [0.568430773393766, 1.2245386801375587e-40], "spearman": [0.6226098075397176, 1.2782674347923937e-50], "nsamples": 459}, "surprise.OnWN": {"pearson": [0.7321554362557049, 7.234489753245173e-127], "spearman": [0.688433993195802, 1.963882672894016e-106], "nsamples": 750}, "surprise.SMTnews": {"pearson": [0.674984916631684, 2.242321859053282e-54], "spearman": [0.6712096397423004, 1.4261728046939303e-53], "nsamples": 399}, "all": {"pearson": {"mean": 0.7099926138723375, "wmean": 0.7272005280649801}, "spearman": {"mean": 0.7059704719873793, "wmean": 0.7177011687287861}}}, "STS13": {"FNWN": {"pearson": [0.5961484996831803, 1.429199422198359e-19], "spearman": [0.6121978397611715, 8.006893111602691e-21], "nsamples": 189}, "headlines": {"pearson": [0.8072740534838957, 1.7870030521801455e-173], "spearman": [0.8061327512689388, 1.2857753453014085e-172], "nsamples": 750}, "OnWN": {"pearson": [0.7917437178821414, 9.284939489075441e-122], "spearman": [0.7901219765494886, 6.31453648615065e-121], "nsamples": 561}, "all": {"pearson": {"mean": 0.7317220903497391, "wmean": 0.7748638881899493}, "spearman": {"mean": 0.7361508558598663, "wmean": 0.7757089226738857}}}, "STS14": {"deft-forum": {"pearson": [0.6741757332607924, 6.107394921784789e-61], "spearman": [0.6634555862933936, 2.0750731287682725e-58], "nsamples": 450}, "deft-news": {"pearson": [0.8120131654753855, 1.1619530811592102e-71], "spearman": [0.7986473363746347, 1.091190801618115e-67], "nsamples": 300}, "headlines": {"pearson": [0.7931541331871124, 2.951597448803299e-163], "spearman": [0.7723549741242899, 1.409792367166594e-149], "nsamples": 750}, "images": {"pearson": [0.9219769581491406, 2.0568206258543e-310], "spearman": [0.8825592095857443, 2.4390581212088606e-247], "nsamples": 750}, "OnWN": {"pearson": [0.8531212427250039, 1.4870076076193154e-213], "spearman": [0.8567013542711855, 2.991392732467356e-217], "nsamples": 750}, "tweet-news": {"pearson": [0.776266120627042, 4.8992790768216865e-152], "spearman": [0.7095428585807564, 8.000251848170275e-116], "nsamples": 750}, "all": {"pearson": {"mean": 0.8051178922374129, "wmean": 0.8147658321669856}, "spearman": {"mean": 0.7805435532050008, "wmean": 0.7877381365775732}}}, "STS15": {"answers-forums": {"pearson": [0.7457613780638476, 8.912513588845826e-68], "spearman": [0.7476401662998254, 2.7243791233648693e-68], "nsamples": 375}, "answers-students": {"pearson": [0.7265577955280718, 4.971771662136684e-124], "spearman": [0.7256444732970195, 1.4214295995026402e-123], "nsamples": 750}, "belief": {"pearson": [0.8337391097638059, 3.048347631952729e-98], "spearman": [0.8464196837140232, 4.0733963818961175e-104], "nsamples": 375}, "headlines": {"pearson": [0.8359083295452535, 4.624574493616378e-197], "spearman": [0.8398958515931455, 1.0462026194972612e-200], "nsamples": 750}, "images": {"pearson": [0.9413795091817562, 0.0], "spearman": [0.9425730191370557, 0.0], "nsamples": 750}, "all": {"pearson": {"mean": 0.816669224416547, "wmean": 0.8233989695422269}, "spearman": {"mean": 0.8204346388082138, "wmean": 0.8262858172585362}}}, "STS16": {"answer-answer": {"pearson": [0.7747798422174891, 4.277789076009889e-52], "spearman": [0.7730640266940275, 9.875245715864233e-52], "nsamples": 254}, "headlines": {"pearson": [0.800389495017031, 8.152405122499725e-57], "spearman": [0.8036773314148713, 1.3079383891012515e-57], "nsamples": 249}, "plagiarism": {"pearson": [0.8500257619452938, 2.0725662890894927e-65], "spearman": [0.8572719940330183, 1.1338512754862062e-67], "nsamples": 230}, "postediting": {"pearson": [0.8745698102199592, 4.954401845374162e-78], "spearman": [0.8774583134744784, 3.549603616113618e-79], "nsamples": 244}, "question-question": {"pearson": [0.7435123479797602, 4.969883299621138e-38], "spearman": [0.7499959696062388, 5.11234186012041e-39], "nsamples": 209}, "all": {"pearson": {"mean": 0.8086554514759067, "wmean": 0.809769058896577}, "spearman": {"mean": 0.812293527044527, "wmean": 0.8132339486219704}}}}