{"MR": {"devacc": 76.75, "acc": 75.99, "ndev": 10662, "ntest": 10662}, "CR": {"devacc": 87.42, "acc": 87.04, "ndev": 3775, "ntest": 3775}, "SUBJ": {"devacc": 90.1, "acc": 90.11, "ndev": 10000, "ntest": 10000}, "MPQA": {"devacc": 87.49, "acc": 87.85, "ndev": 10606, "ntest": 10606}, "SST5": {"devacc": 40.69, "acc": 39.37, "ndev": 1101, "ntest": 2210}, "TREC": {"devacc": 73.55, "acc": 79.2, "ndev": 5452, "ntest": 500}, "MRPC": {"devacc": 72.64, "acc": 67.88, "f1": 73.59, "ndev": 4076, "ntest": 1725}, "STS12": {"MSRpar": {"pearson": [0.645339719901322, 1.4579093103042994e-89], "spearman": [0.62555852322767, 1.067217982601624e-82], "nsamples": 750}, "MSRvid": {"pearson": [0.9253066051897674, 3.2282447e-317], "spearman": [0.9207545704723755, 5.437976787481251e-308], "nsamples": 750}, "SMTeuroparl": {"pearson": [0.5682529761903611, 1.3113883187512337e-40], "spearman": [0.6199127933234408, 4.467581769821792e-50], "nsamples": 459}, "surprise.OnWN": {"pearson": [0.7229546438297342, 3.0595041317689366e-122], "spearman": [0.6831903693715073, 3.177360342090914e-104], "nsamples": 750}, "surprise.SMTnews": {"pearson": [0.6741556558345748, 3.3745011148305904e-54], "spearman": [0.6794951372121384, 2.3712633906807603e-55], "nsamples": 399}, "all": {"pearson": {"mean": 0.7072019201891518, "wmean": 0.7239436774259939}, "spearman": {"mean": 0.7057822787214264, "wmean": 0.7167909038567462}}}, "STS13": {"FNWN": {"pearson": [0.5187351732543647, 2.0698840654327522e-14], "spearman": [0.5091401548713245, 7.379139769438219e-14], "nsamples": 189}, "headlines": {"pearson": [0.782430160940711, 5.147852424957544e-156], "spearman": [0.7824030944315011, 5.36265338190374e-156], "nsamples": 750}, "OnWN": {"pearson": [0.757729344170265, 1.0571002035977954e-105], "spearman": [0.7618051251846594, 1.7517485328868245e-107], "nsamples": 561}, "all": {"pearson": {"mean": 0.6862982261217803, "wmean": 0.7399664870200847}, "spearman": {"mean": 0.684449458162495, "wmean": 0.7402683235486001}}}, "STS14": {"deft-forum": {"pearson": [0.658271192526509, 3.190962645832424e-57], "spearman": [0.6448230433137527, 2.989512187954529e-54], "nsamples": 450}, "deft-news": {"pearson": [0.7956656637779644, 7.644684318664663e-67], "spearman": [0.7824309772739787, 2.9714391242187306e-63], "nsamples": 300}, "headlines": {"pearson": [0.779625953130287, 3.447763101989248e-154], "spearman": [0.7553158762967845, 2.0593093131985648e-139], "nsamples": 750}, "images": {"pearson": [0.9128591688954403, 3.138198340410601e-293], "spearman": [0.8709143112627541, 5.511248760821288e-233], "nsamples": 750}, "OnWN": {"pearson": [0.8310242767199191, 9.973765109754686e-193], "spearman": [0.8379212234970498, 6.874378934056579e-199], "nsamples": 750}, "tweet-news": {"pearson": [0.7397126801649145, 8.190780062658157e-131], "spearman": [0.6740859860160121, 1.693768149831616e-100], "nsamples": 750}, "all": {"pearson": {"mean": 0.7861931558691725, "wmean": 0.7952902119875304}, "spearman": {"mean": 0.760915236276722, "wmean": 0.7676207227940887}}}, "STS15": {"answers-forums": {"pearson": [0.7189299634681735, 6.880129110246745e-61], "spearman": [0.7209164332115907, 2.267177677220178e-61], "nsamples": 375}, "answers-students": {"pearson": [0.7211448320170293, 2.3639362604776924e-121], "spearman": [0.7193320164555428, 1.803258852240292e-120], "nsamples": 750}, "belief": {"pearson": [0.8043169215102209, 2.4364871346298318e-86], "spearman": [0.814658703053597, 2.794525436023768e-90], "nsamples": 375}, "headlines": {"pearson": [0.8193190105492756, 6.954739006188661e-183], "spearman": [0.8247330828382795, 2.402120053325569e-187], "nsamples": 750}, "images": {"pearson": [0.9355947650619929, 0.0], "spearman": [0.9368307203282845, 0.0], "nsamples": 750}, "all": {"pearson": {"mean": 0.7998610985213385, "wmean": 0.8094205125293739}, "spearman": {"mean": 0.8032941911774589, "wmean": 0.8121708469386753}}}, "STS16": {"answer-answer": {"pearson": [0.762324005781127, 1.5790691136330432e-49], "spearman": [0.757604044478386, 1.350064563487942e-48], "nsamples": 254}, "headlines": {"pearson": [0.7915740245071116, 9.347000085472105e-55], "spearman": [0.8001057694066072, 9.531640826399852e-57], "nsamples": 249}, "plagiarism": {"pearson": [0.8511720988996053, 9.26222570932591e-66], "spearman": [0.8596296197672599, 1.956774272738572e-68], "nsamples": 230}, "postediting": {"pearson": [0.8734231306725266, 1.3855592063832196e-77], "spearman": [0.8770402348066497, 5.219888444924873e-79], "nsamples": 244}, "question-question": {"pearson": [0.7190558134970193, 1.4771874014196627e-34], "spearman": [0.7246839997508859, 2.5317138951258974e-35], "nsamples": 209}, "all": {"pearson": {"mean": 0.799509814671478, "wmean": 0.8009272522955816}, "spearman": {"mean": 0.8038127336419578, "wmean": 0.8050837686905419}}}}