{"MR": {"devacc": 76.28, "acc": 75.48, "ndev": 10662, "ntest": 10662}, "CR": {"devacc": 87.26, "acc": 86.38, "ndev": 3775, "ntest": 3775}, "SUBJ": {"devacc": 88.5, "acc": 88.1, "ndev": 10000, "ntest": 10000}, "MPQA": {"devacc": 86.66, "acc": 86.59, "ndev": 10606, "ntest": 10606}, "SST5": {"devacc": 41.14, "acc": 44.07, "ndev": 1101, "ntest": 2210}, "TREC": {"devacc": 68.54, "acc": 75.8, "ndev": 5452, "ntest": 500}, "MRPC": {"devacc": 72.74, "acc": 71.83, "f1": 80.53, "ndev": 4076, "ntest": 1725}, "STS12": {"MSRpar": {"pearson": [0.6177216521961989, 4.1034231301721606e-80], "spearman": [0.597197652314826, 1.1174628348112272e-73], "nsamples": 750}, "MSRvid": {"pearson": [0.9167121310995348, 2.9946984324222074e-300], "spearman": [0.9124166277552943, 1.9146772127424327e-292], "nsamples": 750}, "SMTeuroparl": {"pearson": [0.5533575150902158, 3.5318940079867865e-38], "spearman": [0.6188208669885086, 7.389171182440858e-50], "nsamples": 459}, "surprise.OnWN": {"pearson": [0.6978464669712077, 1.613001446957455e-110], "spearman": [0.6610445296576397, 2.1868426012304475e-95], "nsamples": 750}, "surprise.SMTnews": {"pearson": [0.6370940025926397, 8.11408983581548e-47], "spearman": [0.634884839850797, 2.077351731631285e-46], "nsamples": 399}, "all": {"pearson": {"mean": 0.6845463535899594, "wmean": 0.7021884794598063}, "spearman": {"mean": 0.6848729033134131, "wmean": 0.6967026822213687}}}, "STS13": {"FNWN": {"pearson": [0.4952883264197195, 4.316290038694935e-13], "spearman": [0.49766393281348875, 3.2062432942272276e-13], "nsamples": 189}, "headlines": {"pearson": [0.7817463937088102, 1.4432682441357047e-155], "spearman": [0.7795456773423891, 3.8851815187246735e-154], "nsamples": 750}, "OnWN": {"pearson": [0.7665441625139868, 1.3411667207219899e-109], "spearman": [0.7601215404030792, 9.623224664337903e-107], "nsamples": 561}, "all": {"pearson": {"mean": 0.6811929608808388, "wmean": 0.7399670427635208}, "spearman": {"mean": 0.6791103835196525, "wmean": 0.7367639503164457}}}, "STS14": {"deft-forum": {"pearson": [0.6578582613223262, 3.9577156613422016e-57], "spearman": [0.6476857447406259, 7.171324259728212e-55], "nsamples": 450}, "deft-news": {"pearson": [0.7833154491317961, 1.7417499554101125e-63], "spearman": [0.7799936175333896, 1.2783643933610139e-62], "nsamples": 300}, "headlines": {"pearson": [0.7672435880941761, 1.9479808504062727e-146], "spearman": [0.7472810674655206, 6.623827461005795e-135], "nsamples": 750}, "images": {"pearson": [0.9019925953895626, 4.6177695865343596e-275], "spearman": [0.8568931132501809, 1.883868060335317e-217], "nsamples": 750}, "OnWN": {"pearson": [0.8428752486427415, 1.697490268743308e-203], "spearman": [0.8421229686309835, 8.703267390542868e-203], "nsamples": 750}, "tweet-news": {"pearson": [0.7385306736630218, 3.4638234784446873e-130], "spearman": [0.6645585504504776, 9.729528388895984e-97], "nsamples": 750}, "all": {"pearson": {"mean": 0.7819693027072708, "wmean": 0.7917366484471233}, "spearman": {"mean": 0.7564225103451964, "wmean": 0.7622929187309787}}}, "STS15": {"answers-forums": {"pearson": [0.7026243648663799, 4.39551540733996e-57], "spearman": [0.7006719138417442, 1.205926125230793e-56], "nsamples": 375}, "answers-students": {"pearson": [0.6848512607364264, 6.418678165005982e-105], "spearman": [0.6826918109358433, 5.124727868597969e-104], "nsamples": 750}, "belief": {"pearson": [0.8094694163222912, 2.842566342722881e-88], "spearman": [0.8159983513805746, 8.275745624298041e-91], "nsamples": 375}, "headlines": {"pearson": [0.8206942215269517, 5.287965058354237e-184], "spearman": [0.8242404531527624, 6.207170716289908e-187], "nsamples": 750}, "images": {"pearson": [0.9232284246239143, 6.19368317554e-313], "spearman": [0.9253623161947092, 2.468581e-317], "nsamples": 750}, "all": {"pearson": {"mean": 0.7881735376151927, "wmean": 0.796205199370407}, "spearman": {"mean": 0.7897929691011268, "wmean": 0.7976574282236185}}}, "STS16": {"answer-answer": {"pearson": [0.74160709796544, 1.3687479123653087e-45], "spearman": [0.7467544685770393, 1.5623038057051018e-46], "nsamples": 254}, "headlines": {"pearson": [0.7875576506959698, 7.519700745142008e-54], "spearman": [0.7909386864355075, 1.3038839663509844e-54], "nsamples": 249}, "plagiarism": {"pearson": [0.84251159432241, 3.461441730697591e-63], "spearman": [0.8507906962689196, 1.2117760463513263e-65], "nsamples": 230}, "postediting": {"pearson": [0.8591057136731796, 2.381229339558522e-72], "spearman": [0.8593368234815543, 1.9812970202772273e-72], "nsamples": 244}, "question-question": {"pearson": [0.668526632773203, 1.9664882371351542e-28], "spearman": [0.6886378308109872, 1.014399974617607e-30], "nsamples": 209}, "all": {"pearson": {"mean": 0.7798617378860405, "wmean": 0.7821176939178143}, "spearman": {"mean": 0.7872917011148016, "wmean": 0.7891270823371471}}}}