{"MR": {"devacc": 76.49, "acc": 75.95, "ndev": 10662, "ntest": 10662}, "CR": {"devacc": 86.81, "acc": 86.12, "ndev": 3775, "ntest": 3775}, "SUBJ": {"devacc": 89.65, "acc": 89.49, "ndev": 10000, "ntest": 10000}, "MPQA": {"devacc": 87.79, "acc": 88.15, "ndev": 10606, "ntest": 10606}, "SST5": {"devacc": 40.87, "acc": 41.0, "ndev": 1101, "ntest": 2210}, "TREC": {"devacc": 71.5, "acc": 79.2, "ndev": 5452, "ntest": 500}, "MRPC": {"devacc": 73.31, "acc": 72.35, "f1": 81.02, "ndev": 4076, "ntest": 1725}, "STS12": {"MSRpar": {"pearson": [0.6085447763842105, 3.537325383940736e-77], "spearman": [0.603547570782897, 1.2799829847872431e-75], "nsamples": 750}, "MSRvid": {"pearson": [0.92159210822045, 1.202404040720784e-309], "spearman": [0.9149018625225382, 6.550229782472057e-297], "nsamples": 750}, "SMTeuroparl": {"pearson": [0.5835353630226936, 3.107498565605051e-43], "spearman": [0.6365967889952813, 1.5885878027648001e-53], "nsamples": 459}, "surprise.OnWN": {"pearson": [0.714391371285559, 4.226286243309288e-118], "spearman": [0.6753732779111786, 5.129330271236885e-101], "nsamples": 750}, "surprise.SMTnews": {"pearson": [0.6780008632150377, 5.013927778961627e-55], "spearman": [0.6467021436023035, 1.2420594328605607e-48], "nsamples": 399}, "all": {"pearson": {"mean": 0.7012128964255901, "wmean": 0.7148524028210685}, "spearman": {"mean": 0.6954243287628398, "wmean": 0.7064347216404806}}}, "STS13": {"FNWN": {"pearson": [0.5130531588081902, 4.415257084022878e-14], "spearman": [0.5170816396671789, 2.5841863778601137e-14], "nsamples": 189}, "headlines": {"pearson": [0.7955577040377977, 6.135651658507448e-165], "spearman": [0.7950772147691809, 1.3364239563902628e-164], "nsamples": 750}, "OnWN": {"pearson": [0.7867010448177563, 3.4088504452699616e-119], "spearman": [0.7822980375522498, 5.196432718919845e-117], "nsamples": 561}, "all": {"pearson": {"mean": 0.6984373025545813, "wmean": 0.7566497407905718}, "spearman": {"mean": 0.6981522973295365, "wmean": 0.7552703600271965}}}, "STS14": {"deft-forum": {"pearson": [0.6318331062266482, 1.6121364118750882e-51], "spearman": [0.6185551915883941, 7.38587931377103e-49], "nsamples": 450}, "deft-news": {"pearson": [0.7941559144137347, 2.023511727418571e-66], "spearman": [0.7828661075328036, 2.285473127034058e-63], "nsamples": 300}, "headlines": {"pearson": [0.7728700229207703, 6.732160619362554e-150], "spearman": [0.7518372057115007, 1.9339790906865717e-137], "nsamples": 750}, "images": {"pearson": [0.9180220453367699, 1.0276252502723199e-302], "spearman": [0.8765070748904047, 1.0691246280234922e-239], "nsamples": 750}, "OnWN": {"pearson": [0.8508234748619714, 3.1136929481336255e-211], "spearman": [0.8520865620526937, 1.6684582109615137e-212], "nsamples": 750}, "tweet-news": {"pearson": [0.7738230520423933, 1.7058640971850081e-150], "spearman": [0.7166031576319465, 3.7264594215538727e-119], "nsamples": 750}, "all": {"pearson": {"mean": 0.7902546026337148, "wmean": 0.8024601649326776}, "spearman": {"mean": 0.7664092165679572, "wmean": 0.7762627116505406}}}, "STS15": {"answers-forums": {"pearson": [0.7352788766199225, 5.505643021172538e-65], "spearman": [0.7372710543711847, 1.6623874526469626e-65], "nsamples": 375}, "answers-students": {"pearson": [0.6800331872560927, 6.453111962719547e-103], "spearman": [0.683651021844911, 2.041157682298281e-104], "nsamples": 750}, "belief": {"pearson": [0.8045309401720675, 2.0305912827683316e-86], "spearman": [0.8216254844409282, 4.464310044178421e-93], "nsamples": 375}, "headlines": {"pearson": [0.822504672276179, 1.719549352784504e-185], "spearman": [0.8279634439898367, 4.4113528999078936e-190], "nsamples": 750}, "images": {"pearson": [0.9314090785792134, 0.0], "spearman": [0.9333992927011404, 0.0], "nsamples": 750}, "all": {"pearson": {"mean": 0.794751350980695, "wmean": 0.80096296162687}, "spearman": {"mean": 0.8007820594696001, "wmean": 0.8061155069854861}}}, "STS16": {"answer-answer": {"pearson": [0.7392813831980461, 3.5881467586255926e-45], "spearman": [0.737554363455792, 7.291059245087726e-45], "nsamples": 254}, "headlines": {"pearson": [0.7851039398894943, 2.6290769220806966e-53], "spearman": [0.7903910075819178, 1.735627584287929e-54], "nsamples": 249}, "plagiarism": {"pearson": [0.8525718626555818, 3.432252239735368e-66], "spearman": [0.8615265536225966, 4.649951487218728e-69], "nsamples": 230}, "postediting": {"pearson": [0.8714240776730444, 8.127316851916221e-77], "spearman": [0.8754969464175901, 2.1411576240491016e-78], "nsamples": 244}, "question-question": {"pearson": [0.7419810638402283, 8.419585152268533e-38], "spearman": [0.7454687070406049, 2.5203833362353893e-38], "nsamples": 209}, "all": {"pearson": {"mean": 0.798072465451279, "wmean": 0.7985340624539647}, "spearman": {"mean": 0.8020875156237002, "wmean": 0.8024633147017236}}}}