{"MR": {"devacc": 75.99, "acc": 75.03, "ndev": 10662, "ntest": 10662}, "CR": {"devacc": 86.93, "acc": 86.67, "ndev": 3775, "ntest": 3775}, "SUBJ": {"devacc": 89.06, "acc": 88.86, "ndev": 10000, "ntest": 10000}, "MPQA": {"devacc": 86.82, "acc": 87.36, "ndev": 10606, "ntest": 10606}, "SST5": {"devacc": 39.87, "acc": 41.95, "ndev": 1101, "ntest": 2210}, "TREC": {"devacc": 70.12, "acc": 76.4, "ndev": 5452, "ntest": 500}, "MRPC": {"devacc": 71.98, "acc": 70.72, "f1": 78.09, "ndev": 4076, "ntest": 1725}, "STS12": {"MSRpar": {"pearson": [0.6363284169791852, 2.2551522798245846e-86], "spearman": [0.616293798218681, 1.1919792880961272e-79], "nsamples": 750}, "MSRvid": {"pearson": [0.9180984465283561, 7.359042699127777e-303], "spearman": [0.9151592441988303, 2.2179829242120422e-297], "nsamples": 750}, "SMTeuroparl": {"pearson": [0.5970384237219405, 1.1333190333721775e-45], "spearman": [0.6583140346328585, 2.397412963137069e-58], "nsamples": 459}, "surprise.OnWN": {"pearson": [0.7070510941092129, 1.1354756110833376e-114], "spearman": [0.6656752166444267, 3.586609296400915e-97], "nsamples": 750}, "surprise.SMTnews": {"pearson": [0.6700534454710031, 2.499588887209703e-53], "spearman": [0.6529793551527435, 7.456480872363914e-50], "nsamples": 399}, "all": {"pearson": {"mean": 0.7057139653619395, "wmean": 0.7199164830900471}, "spearman": {"mean": 0.701684329769508, "wmean": 0.7112455273162419}}}, "STS13": {"FNWN": {"pearson": [0.48384910273775583, 1.7501257072259914e-12], "spearman": [0.49657544332605696, 3.6751888806633967e-13], "nsamples": 189}, "headlines": {"pearson": [0.784979222753516, 1.0668654943690147e-157], "spearman": [0.7843873327454806, 2.636726908639144e-157], "nsamples": 750}, "OnWN": {"pearson": [0.7817649869954671, 9.474208317105094e-117], "spearman": [0.7702194473271385, 2.828340419361135e-111], "nsamples": 561}, "all": {"pearson": {"mean": 0.6835311041622463, "wmean": 0.7458347034580198}, "spearman": {"mean": 0.6837274077995587, "wmean": 0.7428242455321733}}}, "STS14": {"deft-forum": {"pearson": [0.6165340359514181, 1.8296038075991583e-48], "spearman": [0.6099671403411269, 3.332861246352674e-47], "nsamples": 450}, "deft-news": {"pearson": [0.765467691723675, 5.270223435085692e-59], "spearman": [0.759890312721483, 1.0991596283167058e-57], "nsamples": 300}, "headlines": {"pearson": [0.757297186743471, 1.4970532208635883e-140], "spearman": [0.7425707356516739, 2.4261218443892553e-132], "nsamples": 750}, "images": {"pearson": [0.9023562079461229, 1.2347429219529981e-275], "spearman": [0.8633608312979565, 2.1117719934194465e-224], "nsamples": 750}, "OnWN": {"pearson": [0.8363954530887063, 1.6788595656664254e-197], "spearman": [0.8345025199346838, 8.45262199955823e-196], "nsamples": 750}, "tweet-news": {"pearson": [0.7289205507090423, 3.218434711390485e-125], "spearman": [0.6612581805831563, 1.8119895631484297e-95], "nsamples": 750}, "all": {"pearson": {"mean": 0.7678285210270727, "wmean": 0.7802153793495327}, "spearman": {"mean": 0.7452582867550134, "wmean": 0.7543257353521479}}}, "STS15": {"answers-forums": {"pearson": [0.7217460981836924, 1.4219538532710778e-61], "spearman": [0.7304586797258059, 9.547516036088467e-64], "nsamples": 375}, "answers-students": {"pearson": [0.7078467322002138, 4.882430084633036e-115], "spearman": [0.710961782103753, 1.7441343602117642e-116], "nsamples": 750}, "belief": {"pearson": [0.8093976352730704, 3.0272240158377825e-88], "spearman": [0.8172003145503932, 2.753816500033343e-91], "nsamples": 375}, "headlines": {"pearson": [0.8162303098438953, 2.094583984380535e-180], "spearman": [0.8187321292560394, 2.0745218326830257e-182], "nsamples": 750}, "images": {"pearson": [0.9258208784624196, 2.69101e-318], "spearman": [0.9284248259369849, 0.0], "nsamples": 750}, "all": {"pearson": {"mean": 0.7962083307926583, "wmean": 0.8038674468087276}, "spearman": {"mean": 0.8011555463145953, "wmean": 0.8079870586087192}}}, "STS16": {"answer-answer": {"pearson": [0.725834992209717, 7.760178949699807e-43], "spearman": [0.7214820137606699, 4.132807329230784e-42], "nsamples": 254}, "headlines": {"pearson": [0.7872460788232839, 8.823191883160149e-54], "spearman": [0.7892665199294387, 3.1141383051762614e-54], "nsamples": 249}, "plagiarism": {"pearson": [0.8406474023413352, 1.1822076984866984e-62], "spearman": [0.8490891068606505, 3.982504790819525e-65], "nsamples": 230}, "postediting": {"pearson": [0.8596122357302723, 1.5907595187500524e-72], "spearman": [0.8622642645246504, 1.874875369152582e-73], "nsamples": 244}, "question-question": {"pearson": [0.7123788945092565, 1.13307647229282e-33], "spearman": [0.7154224257633179, 4.509045132864079e-34], "nsamples": 209}, "all": {"pearson": {"mean": 0.7851439207227731, "wmean": 0.7861448892558128}, "spearman": {"mean": 0.7875048661677454, "wmean": 0.7883558659899985}}}}