{"MR": {"devacc": 76.12, "acc": 74.78, "ndev": 10662, "ntest": 10662}, "CR": {"devacc": 87.04, "acc": 86.07, "ndev": 3775, "ntest": 3775}, "SUBJ": {"devacc": 88.79, "acc": 88.38, "ndev": 10000, "ntest": 10000}, "MPQA": {"devacc": 87.19, "acc": 86.09, "ndev": 10606, "ntest": 10606}, "SST5": {"devacc": 41.96, "acc": 44.43, "ndev": 1101, "ntest": 2210}, "TREC": {"devacc": 67.75, "acc": 77.6, "ndev": 5452, "ntest": 500}, "MRPC": {"devacc": 72.74, "acc": 71.19, "f1": 78.51, "ndev": 4076, "ntest": 1725}, "STS12": {"MSRpar": {"pearson": [0.6286667187457923, 9.604666603381288e-84], "spearman": [0.6102463112111526, 1.0271671297435533e-77], "nsamples": 750}, "MSRvid": {"pearson": [0.9157599734009995, 1.7475834590402554e-298], "spearman": [0.9103590934828273, 7.58331738498306e-289], "nsamples": 750}, "SMTeuroparl": {"pearson": [0.5562380948516749, 1.2233515857100691e-38], "spearman": [0.6244497862949562, 5.405147401089628e-51], "nsamples": 459}, "surprise.OnWN": {"pearson": [0.7041213705030461, 2.479082424271044e-113], "spearman": [0.6744337768260569, 1.2272987040272924e-100], "nsamples": 750}, "surprise.SMTnews": {"pearson": [0.6561279762455156, 1.7732341484215754e-50], "spearman": [0.6409826359264977, 1.5220774249555002e-47], "nsamples": 399}, "all": {"pearson": {"mean": 0.6921828267494057, "wmean": 0.7089830743392077}, "spearman": {"mean": 0.6920943207482981, "wmean": 0.704200099673129}}}, "STS13": {"FNWN": {"pearson": [0.5102484761486324, 6.384370583558278e-14], "spearman": [0.523571348991452, 1.0741083445815666e-14], "nsamples": 189}, "headlines": {"pearson": [0.7743610694495556, 7.835579558212497e-151], "spearman": [0.7737091206301508, 2.0108193392566073e-150], "nsamples": 750}, "OnWN": {"pearson": [0.7752490900853971, 1.2782562805221261e-113], "spearman": [0.7761189240136496, 4.953326650908805e-114], "nsamples": 561}, "all": {"pearson": {"mean": 0.6866195452278617, "wmean": 0.7414150024114441}, "spearman": {"mean": 0.6911331312117507, "wmean": 0.7430930278691034}}}, "STS14": {"deft-forum": {"pearson": [0.6472828532932912, 8.775268903047506e-55], "spearman": [0.6418246998024207, 1.3118887440069825e-53], "nsamples": 450}, "deft-news": {"pearson": [0.761954456992896, 3.606236017050748e-58], "spearman": [0.7607442409752591, 6.941035593282799e-58], "nsamples": 300}, "headlines": {"pearson": [0.7568600167024658, 2.6753609336108358e-140], "spearman": [0.7352362449076426, 1.84985513622677e-128], "nsamples": 750}, "images": {"pearson": [0.9093995406916638, 3.3740075673030584e-287], "spearman": [0.8735425417615316, 4.234236951312488e-236], "nsamples": 750}, "OnWN": {"pearson": [0.830181471682144, 5.403078969757287e-192], "spearman": [0.8353964282495618, 1.3364675555669413e-196], "nsamples": 750}, "tweet-news": {"pearson": [0.7438471264758243, 4.9630925365343544e-133], "spearman": [0.6842015890772907, 1.201449457749057e-104], "nsamples": 750}, "all": {"pearson": {"mean": 0.7749209109730475, "wmean": 0.7866879300650461}, "spearman": {"mean": 0.7551576241289512, "wmean": 0.7635538640535164}}}, "STS15": {"answers-forums": {"pearson": [0.6920135203621487, 9.613816932536366e-55], "spearman": [0.6973306031381379, 6.655941625339429e-56], "nsamples": 375}, "answers-students": {"pearson": [0.706113414051863, 3.0589655764552806e-114], "spearman": [0.701605647362898, 3.3968425172971983e-112], "nsamples": 750}, "belief": {"pearson": [0.7899994165967841, 2.942119924859953e-81], "spearman": [0.8061290892089228, 5.1704260386170954e-87], "nsamples": 375}, "headlines": {"pearson": [0.817502091576661, 2.0236692946302012e-181], "spearman": [0.8256071959996474, 4.4241212477623625e-188], "nsamples": 750}, "images": {"pearson": [0.9215355556241903, 1.55742164711275e-309], "spearman": [0.9235813969396222, 1.18326793307e-313], "nsamples": 750}, "all": {"pearson": {"mean": 0.7854327996423295, "wmean": 0.7965393824330452}, "spearman": {"mean": 0.7908507865298456, "wmean": 0.8006310216189245}}}, "STS16": {"answer-answer": {"pearson": [0.7305723441487845, 1.2114010436538445e-43], "spearman": [0.7280834662002093, 3.229733536369195e-43], "nsamples": 254}, "headlines": {"pearson": [0.768324369578566, 9.016282030925057e-50], "spearman": [0.7833177967769006, 6.472063240318352e-53], "nsamples": 249}, "plagiarism": {"pearson": [0.8311675990953672, 4.818706883872844e-60], "spearman": [0.8386075365383183, 4.452308054910618e-62], "nsamples": 230}, "postediting": {"pearson": [0.8476170430464653, 1.4998244238140053e-68], "spearman": [0.8566550318723702, 1.640169945866033e-71], "nsamples": 244}, "question-question": {"pearson": [0.7058465470233407, 7.867585583052683e-33], "spearman": [0.7070773740964583, 5.4833136257018955e-33], "nsamples": 209}, "all": {"pearson": {"mean": 0.7767055805785047, "wmean": 0.7777294924637473}, "spearman": {"mean": 0.7827482410968514, "wmean": 0.7838634605220344}}}}