{"MR": {"devacc": 77.9, "acc": 78.15, "ndev": 10662, "ntest": 10662}, "CR": {"devacc": 88.21, "acc": 88.18, "ndev": 3775, "ntest": 3775}, "SUBJ": {"devacc": 91.56, "acc": 91.47, "ndev": 10000, "ntest": 10000}, "MPQA": {"devacc": 88.57, "acc": 88.16, "ndev": 10606, "ntest": 10606}, "SST5": {"devacc": 42.51, "acc": 42.22, "ndev": 1101, "ntest": 2210}, "TREC": {"devacc": 77.73, "acc": 83.2, "ndev": 5452, "ntest": 500}, "MRPC": {"devacc": 73.94, "acc": 72.12, "f1": 78.54, "ndev": 4076, "ntest": 1725}, "STS12": {"MSRpar": {"pearson": [0.6468757862380289, 4.06688789634837e-90], "spearman": [0.6267304163178257, 4.318725433793103e-83], "nsamples": 750}, "MSRvid": {"pearson": [0.932121179120158, 0.0], "spearman": [0.9230485640575576, 1.43525695113e-312], "nsamples": 750}, "SMTeuroparl": {"pearson": [0.5753752118517298, 8.153959166077133e-42], "spearman": [0.624763281347306, 4.665175498834401e-51], "nsamples": 459}, "surprise.OnWN": {"pearson": [0.7320675925874535, 8.025714761611201e-127], "spearman": [0.6849420418851696, 5.879560606619744e-105], "nsamples": 750}, "surprise.SMTnews": {"pearson": [0.6836382323693506, 2.9048155113671925e-56], "spearman": [0.6707659353425401, 1.7693924326455919e-53], "nsamples": 399}, "all": {"pearson": {"mean": 0.7140156004333441, "wmean": 0.7304270577266876}, "spearman": {"mean": 0.7060500477900798, "wmean": 0.7176456631388358}}}, "STS13": {"FNWN": {"pearson": [0.5632861277565272, 3.2427456615199963e-17], "spearman": [0.5754391881867588, 4.681112401910934e-18], "nsamples": 189}, "headlines": {"pearson": [0.7999560531286386, 4.470015883458892e-168], "spearman": [0.79928800853628, 1.3548530407363379e-167], "nsamples": 750}, "OnWN": {"pearson": [0.7990167128511371, 1.3822582098315593e-125], "spearman": [0.7970268070933582, 1.5967392538303875e-124], "nsamples": 561}, "all": {"pearson": {"mean": 0.7207529645787676, "wmean": 0.7697843292679669}, "spearman": {"mean": 0.7239180012721323, "wmean": 0.7702373678325876}}}, "STS14": {"deft-forum": {"pearson": [0.6726240772017271, 1.441530326891983e-60], "spearman": [0.6589295695836447, 2.2620536618979326e-57], "nsamples": 450}, "deft-news": {"pearson": [0.7936603431746752, 2.7803535888123587e-66], "spearman": [0.7866951663988839, 2.2100235079801267e-64], "nsamples": 300}, "headlines": {"pearson": [0.7823063496622047, 6.206065215907398e-156], "spearman": [0.7627505323056256, 9.642467320622057e-144], "nsamples": 750}, "images": {"pearson": [0.9210467289281214, 1.4456801937985776e-308], "spearman": [0.8831922919096449, 3.660778659235209e-248], "nsamples": 750}, "OnWN": {"pearson": [0.8575878237407389, 3.507846083012056e-218], "spearman": [0.8567263053604774, 2.8168229003126457e-217], "nsamples": 750}, "tweet-news": {"pearson": [0.7717395160482784, 3.4011629212706627e-149], "spearman": [0.7117635404353662, 7.345324985161055e-117], "nsamples": 750}, "all": {"pearson": {"mean": 0.7998274731259576, "wmean": 0.81074380039405}, "spearman": {"mean": 0.7766762343322738, "wmean": 0.7848936956641709}}}, "STS15": {"answers-forums": {"pearson": [0.753428897162712, 6.610472961378206e-70], "spearman": [0.7529930795576305, 8.777731187889401e-70], "nsamples": 375}, "answers-students": {"pearson": [0.7387371151749673, 2.694187761826749e-130], "spearman": [0.7388419799240007, 2.371128987919247e-130], "nsamples": 750}, "belief": {"pearson": [0.8334167003797543, 4.235479152890684e-98], "spearman": [0.8473526728125726, 1.4350051974793346e-104], "nsamples": 375}, "headlines": {"pearson": [0.8329002520107068, 2.243189192053699e-194], "spearman": [0.837668278606492, 1.1703020515896297e-198], "nsamples": 750}, "images": {"pearson": [0.939918262665048, 0.0], "spearman": [0.9406238453715022, 0.0], "nsamples": 750}, "all": {"pearson": {"mean": 0.8196802454786377, "wmean": 0.8262446071554889}, "spearman": {"mean": 0.8234959712544396, "wmean": 0.8293267450217742}}}, "STS16": {"answer-answer": {"pearson": [0.773617626676424, 7.545206220028531e-52], "spearman": [0.7734011343406372, 8.383333833197642e-52], "nsamples": 254}, "headlines": {"pearson": [0.7877068862647735, 6.964759850138977e-54], "spearman": [0.7917059357391103, 8.721548196032451e-55], "nsamples": 249}, "plagiarism": {"pearson": [0.8510614195163982, 1.001419938486878e-65], "spearman": [0.8585402711539649, 4.423965257737562e-68], "nsamples": 230}, "postediting": {"pearson": [0.8688747445585692, 7.435365356177018e-76], "spearman": [0.8716906710910446, 6.430281579055575e-77], "nsamples": 244}, "question-question": {"pearson": [0.7277559748659956, 9.489358567818132e-36], "spearman": [0.7349173670199746, 9.13602378951016e-37], "nsamples": 209}, "all": {"pearson": {"mean": 0.8018033303764319, "wmean": 0.8031099955849881}, "spearman": {"mean": 0.8060510758689462, "wmean": 0.8071949257507267}}}}