{"MR": {"devacc": 76.95, "acc": 76.07, "ndev": 10662, "ntest": 10662}, "CR": {"devacc": 87.83, "acc": 86.89, "ndev": 3775, "ntest": 3775}, "SUBJ": {"devacc": 90.52, "acc": 89.59, "ndev": 10000, "ntest": 10000}, "MPQA": {"devacc": 87.95, "acc": 87.86, "ndev": 10606, "ntest": 10606}, "SST5": {"devacc": 41.69, "acc": 43.17, "ndev": 1101, "ntest": 2210}, "TREC": {"devacc": 71.96, "acc": 81.4, "ndev": 5452, "ntest": 500}, "MRPC": {"devacc": 72.94, "acc": 70.26, "f1": 77.25, "ndev": 4076, "ntest": 1725}, "STS12": {"MSRpar": {"pearson": [0.6331697248278915, 2.793514620094231e-85], "spearman": [0.6229635564430455, 7.804010734865452e-82], "nsamples": 750}, "MSRvid": {"pearson": [0.9240656869845882, 1.205369902e-314], "spearman": [0.9176720796017456, 4.723735035963194e-302], "nsamples": 750}, "SMTeuroparl": {"pearson": [0.5740691079651291, 1.3639764209793806e-41], "spearman": [0.6348209955462869, 3.78634419458194e-53], "nsamples": 459}, "surprise.OnWN": {"pearson": [0.7243258422922194, 6.429010543310506e-123], "spearman": [0.6798032998256301, 8.023150467582855e-103], "nsamples": 750}, "surprise.SMTnews": {"pearson": [0.6656177518107724, 2.102188673610462e-52], "spearman": [0.6550051338482782, 2.965291952676979e-50], "nsamples": 399}, "all": {"pearson": {"mean": 0.7042496227761201, "wmean": 0.7208012046676373}, "spearman": {"mean": 0.7020530130529973, "wmean": 0.7136612249884249}}}, "STS13": {"FNWN": {"pearson": [0.5281820639064848, 5.690978271071075e-15], "spearman": [0.5465108715377566, 4.131494694155887e-16], "nsamples": 189}, "headlines": {"pearson": [0.7918437817079576, 2.3864162084177213e-162], "spearman": [0.7896384195285286, 7.775530680776235e-161], "nsamples": 750}, "OnWN": {"pearson": [0.7829620193271127, 2.4533864969852507e-117], "spearman": [0.7823528228929248, 4.8848970295727255e-117], "nsamples": 561}, "all": {"pearson": {"mean": 0.7009959549805184, "wmean": 0.755300626134536}, "spearman": {"mean": 0.7061673713197366, "wmean": 0.7562795353399755}}}, "STS14": {"deft-forum": {"pearson": [0.6475200458178265, 7.792345166623661e-55], "spearman": [0.6357432779907183, 2.505270896052796e-52], "nsamples": 450}, "deft-news": {"pearson": [0.8001605801885104, 4.011894463716082e-68], "spearman": [0.787965613069677, 1.007243537183516e-64], "nsamples": 300}, "headlines": {"pearson": [0.7841675427192419, 3.686949094494669e-157], "spearman": [0.7629658126763942, 7.185370102302702e-144], "nsamples": 750}, "images": {"pearson": [0.9134700391337119, 2.5445557792315535e-294], "spearman": [0.8741339983216098, 8.246730317449988e-237], "nsamples": 750}, "OnWN": {"pearson": [0.8446771291824707, 3.2672319879274014e-205], "spearman": [0.8477935006333821, 3.124125108276122e-208], "nsamples": 750}, "tweet-news": {"pearson": [0.7579334380421842, 6.416656762543425e-141], "spearman": [0.7010318561846285, 6.147274243624151e-112], "nsamples": 750}, "all": {"pearson": {"mean": 0.791321462513991, "wmean": 0.8017648817287417}, "spearman": {"mean": 0.7682723431460682, "wmean": 0.7765114759676631}}}, "STS15": {"answers-forums": {"pearson": [0.7353389283031034, 5.3112890347645404e-65], "spearman": [0.7371164923586909, 1.824952166765938e-65], "nsamples": 375}, "answers-students": {"pearson": [0.7325518621165953, 4.526521791010581e-127], "spearman": [0.7308803168294706, 3.2506494434091484e-126], "nsamples": 750}, "belief": {"pearson": [0.8097555363259871, 2.2112693261156446e-88], "spearman": [0.8242323880041853, 3.7303207487333883e-94], "nsamples": 375}, "headlines": {"pearson": [0.8291037035665636, 4.625076391520998e-191], "spearman": [0.8322045819121404, 9.212482862818684e-194], "nsamples": 750}, "images": {"pearson": [0.9344568236966151, 0.0], "spearman": [0.935392687833099, 0.0], "nsamples": 750}, "all": {"pearson": {"mean": 0.8082413708017728, "wmean": 0.8171649054235798}, "spearman": {"mean": 0.8119652933875173, "wmean": 0.8197880066890371}}}, "STS16": {"answer-answer": {"pearson": [0.7566958100534752, 2.0287839670983277e-48], "spearman": [0.7553928215583575, 3.62778724920131e-48], "nsamples": 254}, "headlines": {"pearson": [0.7837040578460488, 5.330290141076425e-53], "spearman": [0.7891594500174598, 3.291779022560712e-54], "nsamples": 249}, "plagiarism": {"pearson": [0.8327359743363157, 1.8299430713586843e-60], "spearman": [0.8428056105434396, 2.847678576765899e-63], "nsamples": 230}, "postediting": {"pearson": [0.860098599239866, 1.0782837205297635e-72], "spearman": [0.8642447872540201, 3.687564565663789e-74], "nsamples": 244}, "question-question": {"pearson": [0.7254468970504682, 1.9866302189060538e-35], "spearman": [0.7296436103250675, 5.1578169000584006e-36], "nsamples": 209}, "all": {"pearson": {"mean": 0.7917362677052348, "wmean": 0.79287924110681}, "spearman": {"mean": 0.7962492559396689, "wmean": 0.7972909045557178}}}}