{"MR": {"devacc": 77.11, "acc": 76.63, "ndev": 10662, "ntest": 10662}, "CR": {"devacc": 88.02, "acc": 87.34, "ndev": 3775, "ntest": 3775}, "SUBJ": {"devacc": 91.05, "acc": 90.94, "ndev": 10000, "ntest": 10000}, "MPQA": {"devacc": 88.35, "acc": 88.24, "ndev": 10606, "ntest": 10606}, "SST5": {"devacc": 43.32, "acc": 42.99, "ndev": 1101, "ntest": 2210}, "TREC": {"devacc": 73.15, "acc": 86.2, "ndev": 5452, "ntest": 500}, "MRPC": {"devacc": 74.17, "acc": 72.35, "f1": 80.15, "ndev": 4076, "ntest": 1725}, "STS12": {"MSRpar": {"pearson": [0.624667777845701, 2.1172434044610624e-82], "spearman": [0.6136512357325706, 8.455333449612641e-79], "nsamples": 750}, "MSRvid": {"pearson": [0.929948719144764, 0.0], "spearman": [0.9251445712012442, 7.036306e-317], "nsamples": 750}, "SMTeuroparl": {"pearson": [0.5733018633805415, 1.8432954379063525e-41], "spearman": [0.6303590510390888, 3.2749532067624235e-52], "nsamples": 459}, "surprise.OnWN": {"pearson": [0.7297801579898754, 1.1802995062145783e-125], "spearman": [0.6853297040556616, 4.040978135598784e-105], "nsamples": 750}, "surprise.SMTnews": {"pearson": [0.6751748473645373, 2.0415479974671692e-54], "spearman": [0.6577945113261576, 8.233275400407081e-51], "nsamples": 399}, "all": {"pearson": {"mean": 0.7065746731450838, "wmean": 0.7225990381677524}, "spearman": {"mean": 0.7024558146709445, "wmean": 0.714249983168657}}}, "STS13": {"FNWN": {"pearson": [0.5369514971181223, 1.6550278934758385e-15], "spearman": [0.5474098143002709, 3.6177652405334164e-16], "nsamples": 189}, "headlines": {"pearson": [0.8027959060095695, 3.823766209483678e-170], "spearman": [0.8008852185362791, 9.493727614642424e-169], "nsamples": 750}, "OnWN": {"pearson": [0.8019850117871056, 3.411987646914783e-127], "spearman": [0.80031224387123, 2.7688125736405515e-126], "nsamples": 561}, "all": {"pearson": {"mean": 0.7139108049715991, "wmean": 0.7689962360500456}, "spearman": {"mean": 0.7162024255692602, "wmean": 0.7687330250778138}}}, "STS14": {"deft-forum": {"pearson": [0.6667779978443603, 3.498162511025866e-59], "spearman": [0.6550610647669814, 1.6869417693933594e-56], "nsamples": 450}, "deft-news": {"pearson": [0.8057993145865481, 8.924386827887675e-70], "spearman": [0.7999979093245948, 4.4693263061240865e-68], "nsamples": 300}, "headlines": {"pearson": [0.7840405049518253, 4.4745212223005415e-157], "spearman": [0.7657637469160453, 1.5267599290113213e-145], "nsamples": 750}, "images": {"pearson": [0.9179467632883958, 1.4275317436446165e-302], "spearman": [0.8805140115925524, 1.0373598457286928e-244], "nsamples": 750}, "OnWN": {"pearson": [0.8593853245137528, 4.345795703983936e-220], "spearman": [0.8579773060727461, 1.3616627830630874e-218], "nsamples": 750}, "tweet-news": {"pearson": [0.7668829268752577, 3.221992754703402e-146], "spearman": [0.6974838594356797, 2.3333149367341143e-110], "nsamples": 750}, "all": {"pearson": {"mean": 0.8001388053433566, "wmean": 0.8101284088340933}, "spearman": {"mean": 0.7761329830181, "wmean": 0.78295494532141}}}, "STS15": {"answers-forums": {"pearson": [0.7419752289268828, 9.411186557124305e-67], "spearman": [0.7456175965677192, 9.75450674041511e-68], "nsamples": 375}, "answers-students": {"pearson": [0.7217824800996647, 1.1523354152526876e-121], "spearman": [0.7200206980824039, 8.34935793160155e-121], "nsamples": 750}, "belief": {"pearson": [0.8226727078840842, 1.6551334846577122e-93], "spearman": [0.8334511091685345, 4.089525423026252e-98], "nsamples": 375}, "headlines": {"pearson": [0.8321977646883563, 9.340601198142007e-194], "spearman": [0.8369594576586379, 5.17238436024353e-198], "nsamples": 750}, "images": {"pearson": [0.9405738406502036, 0.0], "spearman": [0.941292896305639, 0.0], "nsamples": 750}, "all": {"pearson": {"mean": 0.8118404044498382, "wmean": 0.819219513460927}, "spearman": {"mean": 0.8154683515565869, "wmean": 0.821951851228702}}}, "STS16": {"answer-answer": {"pearson": [0.7762942132138562, 2.0317458274694735e-52], "spearman": [0.7750312932579796, 3.78184854156092e-52], "nsamples": 254}, "headlines": {"pearson": [0.8021928575058755, 3.0009005578891745e-57], "spearman": [0.8073609207125078, 1.614856121819979e-58], "nsamples": 249}, "plagiarism": {"pearson": [0.8584913360420403, 4.588348970475731e-68], "spearman": [0.8664382653179448, 1.0172826135914199e-70], "nsamples": 230}, "postediting": {"pearson": [0.878829386577284, 9.921990718307626e-80], "spearman": [0.8824124200132994, 3.293302888314327e-81], "nsamples": 244}, "question-question": {"pearson": [0.7417414772470179, 9.140394421235195e-38], "spearman": [0.7482829332458282, 9.386844947847404e-39], "nsamples": 209}, "all": {"pearson": {"mean": 0.8115098541172149, "wmean": 0.812677991597332}, "spearman": {"mean": 0.8159051665095118, "wmean": 0.8169235938445968}}}}