{"MR": {"devacc": 78.14, "acc": 78.43, "ndev": 10662, "ntest": 10662}, "CR": {"devacc": 88.46, "acc": 87.74, "ndev": 3775, "ntest": 3775}, "SUBJ": {"devacc": 91.49, "acc": 90.75, "ndev": 10000, "ntest": 10000}, "MPQA": {"devacc": 88.94, "acc": 88.69, "ndev": 10606, "ntest": 10606}, "SST5": {"devacc": 42.69, "acc": 41.86, "ndev": 1101, "ntest": 2210}, "TREC": {"devacc": 75.97, "acc": 81.2, "ndev": 5452, "ntest": 500}, "MRPC": {"devacc": 74.36, "acc": 70.84, "f1": 79.59, "ndev": 4076, "ntest": 1725}, "STS12": {"MSRpar": {"pearson": [0.6455437048823364, 1.2310701814616147e-89], "spearman": [0.6269791431837582, 3.562454363008398e-83], "nsamples": 750}, "MSRvid": {"pearson": [0.9299373179003827, 0.0], "spearman": [0.9217629560333608, 5.49672792350704e-310], "nsamples": 750}, "SMTeuroparl": {"pearson": [0.5710385501965553, 4.4607896485165783e-41], "spearman": [0.6274382837284715, 1.3191898592148997e-51], "nsamples": 459}, "surprise.OnWN": {"pearson": [0.7339533072774059, 8.568593161763646e-128], "spearman": [0.6876176045511364, 4.366339658008627e-106], "nsamples": 750}, "surprise.SMTnews": {"pearson": [0.6695210437760681, 3.233817366578546e-53], "spearman": [0.6521817246275773, 1.0699691427161832e-49], "nsamples": 399}, "all": {"pearson": {"mean": 0.7099987848065497, "wmean": 0.7275808682599626}, "spearman": {"mean": 0.7031959424248608, "wmean": 0.7160503404710307}}}, "STS13": {"FNWN": {"pearson": [0.5898654317597918, 4.229514165108173e-19], "spearman": [0.5993792188820264, 8.10532225811557e-20], "nsamples": 189}, "headlines": {"pearson": [0.8012160036474365, 5.457959325918353e-169], "spearman": [0.7981838772435315, 8.391819631108645e-167], "nsamples": 750}, "OnWN": {"pearson": [0.8035702954160946, 4.604566087033079e-128], "spearman": [0.8015292854100754, 6.047760559755282e-127], "nsamples": 561}, "all": {"pearson": {"mean": 0.7315505769411077, "wmean": 0.7754663367110715}, "spearman": {"mean": 0.7330307938452111, "wmean": 0.7743856729442693}}}, "STS14": {"deft-forum": {"pearson": [0.6667053952087607, 3.637833282137924e-59], "spearman": [0.6557094387889705, 1.2071103862449121e-56], "nsamples": 450}, "deft-news": {"pearson": [0.8057809377355977, 9.037592349894697e-70], "spearman": [0.7933968393592165, 3.290939766126444e-66], "nsamples": 300}, "headlines": {"pearson": [0.7904491294296502, 2.171038827790594e-161], "spearman": [0.7704940507156797, 2.0042334804812155e-148], "nsamples": 750}, "images": {"pearson": [0.9192005657766753, 5.741891251260449e-305], "spearman": [0.8794399728544713, 2.3831990619107387e-243], "nsamples": 750}, "OnWN": {"pearson": [0.8620802823738094, 5.354969762766432e-223], "spearman": [0.8593804807005959, 4.397883088420634e-220], "nsamples": 750}, "tweet-news": {"pearson": [0.7755451503074736, 1.4033344216088913e-151], "spearman": [0.7113889622761607, 1.1006154769768923e-116], "nsamples": 750}, "all": {"pearson": {"mean": 0.8032935768053279, "wmean": 0.8139221480214208}, "spearman": {"mean": 0.7783016241158491, "wmean": 0.7862975731127952}}}, "STS15": {"answers-forums": {"pearson": [0.7565149112059191, 8.72531611523626e-71], "spearman": [0.7600020186318482, 8.532135157238143e-72], "nsamples": 375}, "answers-students": {"pearson": [0.7305622127266806, 4.722605620248767e-126], "spearman": [0.7326086175129314, 4.232330761609173e-127], "nsamples": 750}, "belief": {"pearson": [0.8268695234503898, 2.903623239574383e-95], "spearman": [0.840697932756511, 2.1096456588850696e-101], "nsamples": 375}, "headlines": {"pearson": [0.835103408793015, 2.449419489995776e-196], "spearman": [0.8409716444051762, 1.0445447316609788e-201], "nsamples": 750}, "images": {"pearson": [0.9417118038457549, 0.0], "spearman": [0.9422634195319238, 0.0], "nsamples": 750}, "all": {"pearson": {"mean": 0.8181523720043519, "wmean": 0.8247674106734012}, "spearman": {"mean": 0.823308726567678, "wmean": 0.8290484142860528}}}, "STS16": {"answer-answer": {"pearson": [0.7857339418545352, 1.712051799078948e-54], "spearman": [0.7862469055447391, 1.3115704837126942e-54], "nsamples": 254}, "headlines": {"pearson": [0.7964234727788281, 7.085267360071595e-56], "spearman": [0.7994610919696054, 1.3583198614142261e-56], "nsamples": 249}, "plagiarism": {"pearson": [0.8501828342801111, 1.8567459915009644e-65], "spearman": [0.8589450265743486, 3.2698426961795455e-68], "nsamples": 230}, "postediting": {"pearson": [0.870500526869142, 1.8221065198502645e-76], "spearman": [0.8737408484461089, 1.0430631196855523e-77], "nsamples": 244}, "question-question": {"pearson": [0.7424901934889682, 7.0688742792265e-38], "spearman": [0.7496465342877026, 5.789291939121187e-39], "nsamples": 209}, "all": {"pearson": {"mean": 0.8090661938543169, "wmean": 0.8102955285267038}, "spearman": {"mean": 0.8136080813645009, "wmean": 0.8146701304450894}}}}