{"MR": {"devacc": 76.88, "acc": 76.81, "ndev": 10662, "ntest": 10662}, "CR": {"devacc": 88.05, "acc": 87.52, "ndev": 3775, "ntest": 3775}, "SUBJ": {"devacc": 90.84, "acc": 90.47, "ndev": 10000, "ntest": 10000}, "MPQA": {"devacc": 88.24, "acc": 88.24, "ndev": 10606, "ntest": 10606}, "SST5": {"devacc": 41.96, "acc": 39.59, "ndev": 1101, "ntest": 2210}, "TREC": {"devacc": 70.84, "acc": 79.2, "ndev": 5452, "ntest": 500}, "MRPC": {"devacc": 73.26, "acc": 70.67, "f1": 77.35, "ndev": 4076, "ntest": 1725}, "STS12": {"MSRpar": {"pearson": [0.6453861427088645, 1.4028791381163068e-89], "spearman": [0.6253749999579087, 1.2292229368534887e-82], "nsamples": 750}, "MSRvid": {"pearson": [0.9293691595079097, 0.0], "spearman": [0.9230558403856686, 1.387335514885e-312], "nsamples": 750}, "SMTeuroparl": {"pearson": [0.5641474016352287, 6.3081927380386405e-40], "spearman": [0.6152822924032858, 3.72292606074634e-49], "nsamples": 459}, "surprise.OnWN": {"pearson": [0.7301173757183889, 7.954809881392244e-126], "spearman": [0.6850746152402188, 5.172243299461145e-105], "nsamples": 750}, "surprise.SMTnews": {"pearson": [0.6660876495343422, 1.6805663296078786e-52], "spearman": [0.6540874912297845, 4.506646728916487e-50], "nsamples": 399}, "all": {"pearson": {"mean": 0.7070215458209468, "wmean": 0.7250216016622086}, "spearman": {"mean": 0.7005750478433732, "wmean": 0.7138109951420976}}}, "STS13": {"FNWN": {"pearson": [0.5686656770443106, 1.3902764721537672e-17], "spearman": [0.5865044697630017, 7.484666842196679e-19], "nsamples": 189}, "headlines": {"pearson": [0.7958850368929667, 3.605964809924184e-165], "spearman": [0.7921940102407434, 1.367044371310919e-162], "nsamples": 750}, "OnWN": {"pearson": [0.8104985040677605, 5.837226527005925e-132], "spearman": [0.806380047428608, 1.2641292654907094e-129], "nsamples": 561}, "all": {"pearson": {"mean": 0.7250164060016792, "wmean": 0.7727208342754088}, "spearman": {"mean": 0.7283595091441177, "wmean": 0.7715827060488094}}}, "STS14": {"deft-forum": {"pearson": [0.65222417555748, 7.225713530618674e-56], "spearman": [0.6410309885346553, 1.9351961143617146e-53], "nsamples": 450}, "deft-news": {"pearson": [0.7934097093756254, 3.2639704318591734e-66], "spearman": [0.7901216776982636, 2.621663241941172e-65], "nsamples": 300}, "headlines": {"pearson": [0.7829829908290207, 2.2307524413664848e-156], "spearman": [0.7616310255350596, 4.428646765592326e-143], "nsamples": 750}, "images": {"pearson": [0.9170386642219113, 7.342069698082499e-301], "spearman": [0.8759246731605863, 5.534900426659754e-239], "nsamples": 750}, "OnWN": {"pearson": [0.8611206719778445, 5.911785160718296e-222], "spearman": [0.8606728238313693, 1.802151797741083e-221], "nsamples": 750}, "tweet-news": {"pearson": [0.7712487214007359, 6.8512216394478395e-149], "spearman": [0.700961049122964, 6.613465432758589e-112], "nsamples": 750}, "all": {"pearson": {"mean": 0.7963374888937697, "wmean": 0.8082178875028502}, "spearman": {"mean": 0.7717237063138164, "wmean": 0.7799713671700156}}}, "STS15": {"answers-forums": {"pearson": [0.7454374694658451, 1.0921532090551424e-67], "spearman": [0.748413302270266, 1.66772566705185e-68], "nsamples": 375}, "answers-students": {"pearson": [0.7262561826072631, 7.036793373836097e-124], "spearman": [0.7222799676787766, 6.569121321524664e-122], "nsamples": 750}, "belief": {"pearson": [0.8187803146365046, 6.402907290136537e-92], "spearman": [0.8303566413288924, 9.279965594876413e-97], "nsamples": 375}, "headlines": {"pearson": [0.8299825168801023, 8.040253946628763e-192], "spearman": [0.8343730723825398, 1.1030431332927961e-195], "nsamples": 750}, "images": {"pearson": [0.9321185798929293, 0.0], "spearman": [0.9331872563165554, 0.0], "nsamples": 750}, "all": {"pearson": {"mean": 0.8105150126965288, "wmean": 0.8176165428578674}, "spearman": {"mean": 0.8137220479954059, "wmean": 0.8198063170443628}}}, "STS16": {"answer-answer": {"pearson": [0.7493666111329726, 5.089549259082947e-47], "spearman": [0.7393489373095835, 3.4896023362078227e-45], "nsamples": 254}, "headlines": {"pearson": [0.7946514255199396, 1.833287887182253e-55], "spearman": [0.7993752275235428, 1.423799421982608e-56], "nsamples": 249}, "plagiarism": {"pearson": [0.8403014361737651, 1.4823000445474096e-62], "spearman": [0.8477025097997387, 1.0388271206922282e-64], "nsamples": 230}, "postediting": {"pearson": [0.8749865824776192, 3.400704617920429e-78], "spearman": [0.8804981534437264, 2.059167525843803e-80], "nsamples": 244}, "question-question": {"pearson": [0.7222247066748697, 5.501200868091935e-35], "spearman": [0.7284354088027584, 7.624156088492199e-36], "nsamples": 209}, "all": {"pearson": {"mean": 0.7963061523958332, "wmean": 0.79757027345851}, "spearman": {"mean": 0.79907204737587, "wmean": 0.8000802604249426}}}}