{"MR": {"devacc": 75.8, "acc": 75.86, "ndev": 10662, "ntest": 10662}, "CR": {"devacc": 86.22, "acc": 85.25, "ndev": 3775, "ntest": 3775}, "SUBJ": {"devacc": 87.96, "acc": 87.52, "ndev": 10000, "ntest": 10000}, "MPQA": {"devacc": 85.72, "acc": 86.98, "ndev": 10606, "ntest": 10606}, "SST5": {"devacc": 41.24, "acc": 42.99, "ndev": 1101, "ntest": 2210}, "TREC": {"devacc": 67.33, "acc": 79.0, "ndev": 5452, "ntest": 500}, "MRPC": {"devacc": 72.67, "acc": 71.13, "f1": 79.44, "ndev": 4076, "ntest": 1725}, "STS12": {"MSRpar": {"pearson": [0.6034466646800956, 1.375279188147998e-75], "spearman": [0.5900216206754939, 1.5496320654128688e-71], "nsamples": 750}, "MSRvid": {"pearson": [0.9129349616582972, 2.300089370052727e-293], "spearman": [0.9100892237015344, 2.2146262127025546e-288], "nsamples": 750}, "SMTeuroparl": {"pearson": [0.5616573876923765, 1.618147090650562e-39], "spearman": [0.593802414669899, 4.458025167442526e-45], "nsamples": 459}, "surprise.OnWN": {"pearson": [0.6995442137780554, 2.8425199853742122e-111], "spearman": [0.6681148660975333, 3.9922809154403414e-98], "nsamples": 750}, "surprise.SMTnews": {"pearson": [0.6575282309807099, 9.310070366746487e-51], "spearman": [0.6291801354363267, 2.2728563886560973e-45], "nsamples": 399}, "all": {"pearson": {"mean": 0.6870222917579067, "wmean": 0.7020910184039383}, "spearman": {"mean": 0.6782416521161576, "wmean": 0.6916883736256434}}}, "STS13": {"FNWN": {"pearson": [0.48395653295200614, 1.7276829036473994e-12], "spearman": [0.4808005074715915, 2.5195288862401284e-12], "nsamples": 189}, "headlines": {"pearson": [0.7859341245890125, 2.4632939096013267e-158], "spearman": [0.7837873213015085, 6.578776849260923e-157], "nsamples": 750}, "OnWN": {"pearson": [0.7628374731797883, 6.1201247959943476e-108], "spearman": [0.7638759986474449, 2.113264807588791e-108], "nsamples": 561}, "all": {"pearson": {"mean": 0.6775760435736023, "wmean": 0.7392468004156999}, "spearman": {"mean": 0.6761546091401817, "wmean": 0.7381641480863192}}}, "STS14": {"deft-forum": {"pearson": [0.6319397339266933, 1.532876088362951e-51], "spearman": [0.6308923820287847, 2.5130311001933908e-51], "nsamples": 450}, "deft-news": {"pearson": [0.7866510862007068, 2.2708874599227693e-64], "spearman": [0.7741241424027201, 3.980278450129577e-61], "nsamples": 300}, "headlines": {"pearson": [0.7672217514227238, 2.0082959587981167e-146], "spearman": [0.7435944464341757, 6.7999751735710494e-133], "nsamples": 750}, "images": {"pearson": [0.8983843164366802, 1.6991388749259986e-269], "spearman": [0.8593152709391176, 5.162793405840352e-220], "nsamples": 750}, "OnWN": {"pearson": [0.8221046477142843, 3.6780781204576427e-185], "spearman": [0.8319300790820353, 1.6057748319432725e-193], "nsamples": 750}, "tweet-news": {"pearson": [0.7313866496304022, 1.7918236049945367e-126], "spearman": [0.6718451303786256, 1.335628694646127e-99], "nsamples": 750}, "all": {"pearson": {"mean": 0.7729480308885818, "wmean": 0.7825843280080779}, "spearman": {"mean": 0.7519502418775765, "wmean": 0.7589740026024626}}}, "STS15": {"answers-forums": {"pearson": [0.7174096035373122, 1.598736360400418e-60], "spearman": [0.7205035156611519, 2.8578808126598276e-61], "nsamples": 375}, "answers-students": {"pearson": [0.7088753126872601, 1.6328357702741626e-115], "spearman": [0.7120062256433275, 5.6503483747010474e-117], "nsamples": 750}, "belief": {"pearson": [0.7913897636054047, 9.834663548885754e-82], "spearman": [0.8086158640374523, 5.997772984833177e-88], "nsamples": 375}, "headlines": {"pearson": [0.8041438187997598, 3.8828446539560215e-171], "spearman": [0.8106807579659648, 4.5645437284294325e-176], "nsamples": 750}, "images": {"pearson": [0.9223120650590547, 4.3877116726325e-311], "spearman": [0.9266800152290083, 4.072e-320], "nsamples": 750}, "all": {"pearson": {"mean": 0.7888261127377583, "wmean": 0.7974327200293583}, "spearman": {"mean": 0.7956972757073809, "wmean": 0.8034816721719008}}}, "STS16": {"answer-answer": {"pearson": [0.7506983750374546, 2.8577240690174216e-47], "spearman": [0.7502518774110939, 3.469243438800821e-47], "nsamples": 254}, "headlines": {"pearson": [0.7722138427867551, 1.454145735314927e-50], "spearman": [0.7784437631643863, 7.244798709426895e-52], "nsamples": 249}, "plagiarism": {"pearson": [0.8350803747052716, 4.223568297598423e-61], "spearman": [0.8492047106776414, 3.674956812512103e-65], "nsamples": 230}, "postediting": {"pearson": [0.8557342274772699, 3.355564775363624e-71], "spearman": [0.8610302617966519, 5.098720431397406e-73], "nsamples": 244}, "question-question": {"pearson": [0.7243367223123653, 2.8263751468063655e-35], "spearman": [0.7310949998382845, 3.2163427934072424e-36], "nsamples": 209}, "all": {"pearson": {"mean": 0.7876127084638233, "wmean": 0.7885435470180153}, "spearman": {"mean": 0.7940051225776117, "wmean": 0.7947755448488973}}}}