{"MR": {"devacc": 77.66, "acc": 76.75, "ndev": 10662, "ntest": 10662}, "CR": {"devacc": 88.46, "acc": 86.78, "ndev": 3775, "ntest": 3775}, "SUBJ": {"devacc": 91.16, "acc": 90.35, "ndev": 10000, "ntest": 10000}, "MPQA": {"devacc": 88.62, "acc": 88.7, "ndev": 10606, "ntest": 10606}, "SST5": {"devacc": 41.6, "acc": 42.35, "ndev": 1101, "ntest": 2210}, "TREC": {"devacc": 75.93, "acc": 85.8, "ndev": 5452, "ntest": 500}, "MRPC": {"devacc": 74.02, "acc": 71.13, "f1": 78.46, "ndev": 4076, "ntest": 1725}, "STS12": {"MSRpar": {"pearson": [0.6444496851387368, 3.0446936677670783e-89], "spearman": [0.6265224055370924, 5.072446248005893e-83], "nsamples": 750}, "MSRvid": {"pearson": [0.9284695539800277, 1e-323], "spearman": [0.9222229380835888, 6.621928059694e-311], "nsamples": 750}, "SMTeuroparl": {"pearson": [0.5691388021986422, 9.317228306561713e-41], "spearman": [0.6206990781081619, 3.1058619188496445e-50], "nsamples": 459}, "surprise.OnWN": {"pearson": [0.7370750015997646, 2.0235567941044162e-129], "spearman": [0.6942916710338813, 5.87732023054997e-109], "nsamples": 750}, "surprise.SMTnews": {"pearson": [0.6769195720778269, 8.59604998277626e-55], "spearman": [0.6672015187956263, 9.869620458994434e-53], "nsamples": 399}, "all": {"pearson": {"mean": 0.7112105229989997, "wmean": 0.7283852316625246}, "spearman": {"mean": 0.70618752231167, "wmean": 0.7185946087007796}}}, "STS13": {"FNWN": {"pearson": [0.5470671613273314, 3.8057633840439504e-16], "spearman": [0.5461937024362152, 4.3292467289246243e-16], "nsamples": 189}, "headlines": {"pearson": [0.808278983038995, 3.109749642625406e-174], "spearman": [0.8060094902835189, 1.5899513344637852e-172], "nsamples": 750}, "OnWN": {"pearson": [0.783601425131699, 1.1879586059012177e-117], "spearman": [0.7850329200955072, 2.3214248435455574e-118], "nsamples": 561}, "all": {"pearson": {"mean": 0.7129825231660085, "wmean": 0.7661368868459968}, "spearman": {"mean": 0.7124120376050804, "wmean": 0.7654274637644423}}}, "STS14": {"deft-forum": {"pearson": [0.6541110378887525, 2.7506249368715475e-56], "spearman": [0.6395935610131073, 3.9013101885846257e-53], "nsamples": 450}, "deft-news": {"pearson": [0.8024650818698393, 8.596950718676626e-69], "spearman": [0.7898102980745005, 3.1873015792048806e-65], "nsamples": 300}, "headlines": {"pearson": [0.7851519005711789, 8.189059441369613e-158], "spearman": [0.7689621319921669, 1.748949545627474e-147], "nsamples": 750}, "images": {"pearson": [0.9165713946929693, 5.479263598923059e-300], "spearman": [0.8759716538963297, 4.848870206212291e-239], "nsamples": 750}, "OnWN": {"pearson": [0.8485738702430111, 5.345695154609384e-209], "spearman": [0.8514351806505415, 7.572386028993058e-212], "nsamples": 750}, "tweet-news": {"pearson": [0.7742048405598854, 9.823785286174826e-151], "spearman": [0.7138266595232862, 7.827533148988773e-118], "nsamples": 750}, "all": {"pearson": {"mean": 0.7968463543042729, "wmean": 0.8075909323096463}, "spearman": {"mean": 0.773266580858322, "wmean": 0.7819751763799977}}}, "STS15": {"answers-forums": {"pearson": [0.7504781600599228, 4.4569122261860064e-69], "spearman": [0.7543475327961388, 3.6291609740136357e-70], "nsamples": 375}, "answers-students": {"pearson": [0.7288483619439465, 3.500692627697003e-125], "spearman": [0.7292509372334022, 2.1897873738414787e-125], "nsamples": 750}, "belief": {"pearson": [0.8270219443445421, 2.5019552834536914e-95], "spearman": [0.8368223626314727, 1.2659060539094293e-99], "nsamples": 375}, "headlines": {"pearson": [0.8298854772027544, 9.758597726040853e-192], "spearman": [0.8362176408276446, 2.4311628379957072e-197], "nsamples": 750}, "images": {"pearson": [0.9389825017174417, 0.0], "spearman": [0.9395437416242665, 0.0], "nsamples": 750}, "all": {"pearson": {"mean": 0.8150432890537216, "wmean": 0.8216165982665937}, "spearman": {"mean": 0.8192364430225849, "wmean": 0.8251493168497797}}}, "STS16": {"answer-answer": {"pearson": [0.7597767887900598, 5.058494918629259e-49], "spearman": [0.755797573738245, 3.02974524529741e-48], "nsamples": 254}, "headlines": {"pearson": [0.8083837685521826, 8.961731365140885e-59], "spearman": [0.8111478321306062, 1.7927531858615854e-59], "nsamples": 249}, "plagiarism": {"pearson": [0.8576313365611636, 8.69257064934722e-68], "spearman": [0.8671674091419727, 5.6936885235140385e-71], "nsamples": 230}, "postediting": {"pearson": [0.8659802849461565, 8.682581077049218e-75], "spearman": [0.8681617184880487, 1.3695554194497178e-75], "nsamples": 244}, "question-question": {"pearson": [0.7188269795944842, 1.5855672050107302e-34], "spearman": [0.7302006596360537, 4.3043126269771486e-36], "nsamples": 209}, "all": {"pearson": {"mean": 0.8021198316888093, "wmean": 0.803591988527273}, "spearman": {"mean": 0.8064950386269853, "wmean": 0.8076225086068363}}}}