{"MR": {"devacc": 78.33, "acc": 77.08, "ndev": 10662, "ntest": 10662}, "CR": {"devacc": 88.36, "acc": 87.87, "ndev": 3775, "ntest": 3775}, "SUBJ": {"devacc": 91.63, "acc": 91.34, "ndev": 10000, "ntest": 10000}, "MPQA": {"devacc": 89.09, "acc": 88.75, "ndev": 10606, "ntest": 10606}, "SST5": {"devacc": 43.6, "acc": 43.53, "ndev": 1101, "ntest": 2210}, "TREC": {"devacc": 79.91, "acc": 83.8, "ndev": 5452, "ntest": 500}, "MRPC": {"devacc": 73.82, "acc": 71.36, "f1": 77.93, "ndev": 4076, "ntest": 1725}, "STS12": {"MSRpar": {"pearson": [0.6522686535005386, 4.335151575357331e-92], "spearman": [0.6329076781825225, 3.4375897508926e-85], "nsamples": 750}, "MSRvid": {"pearson": [0.9322141269025356, 0.0], "spearman": [0.9253194734895034, 3.034314e-317], "nsamples": 750}, "SMTeuroparl": {"pearson": [0.5814024985922401, 7.364737906318156e-43], "spearman": [0.6362043000651831, 1.9257306532894175e-53], "nsamples": 459}, "surprise.OnWN": {"pearson": [0.7376641910719312, 9.918900330407909e-130], "spearman": [0.6912028982497779, 1.2811135258613792e-107], "nsamples": 750}, "surprise.SMTnews": {"pearson": [0.6784290025684027, 4.04761840096707e-55], "spearman": [0.6651850315365316, 2.5824962862202918e-52], "nsamples": 399}, "all": {"pearson": {"mean": 0.7163956945271297, "wmean": 0.7333227630260247}, "spearman": {"mean": 0.7101638763047038, "wmean": 0.7221683200625315}}}, "STS13": {"FNWN": {"pearson": [0.5793758218140149, 2.457799015109543e-18], "spearman": [0.592372098141515, 2.7512683794285464e-19], "nsamples": 189}, "headlines": {"pearson": [0.8078582859952664, 6.4741379556909805e-174], "spearman": [0.8062534015176465, 1.044324075429712e-172], "nsamples": 750}, "OnWN": {"pearson": [0.7878815351873231, 8.678981389472777e-120], "spearman": [0.7864659833582449, 4.4715969650179413e-119], "nsamples": 561}, "all": {"pearson": {"mean": 0.7250385476655348, "wmean": 0.7715981907062578}, "spearman": {"mean": 0.7283638276724688, "wmean": 0.7719038629006377}}}, "STS14": {"deft-forum": {"pearson": [0.6694956310289975, 8.015470386519734e-60], "spearman": [0.6591784886399776, 1.985694483971993e-57], "nsamples": 450}, "deft-news": {"pearson": [0.8010585433825869, 2.2065514827645355e-68], "spearman": [0.7910157534299691, 1.493313923698643e-65], "nsamples": 300}, "headlines": {"pearson": [0.7894521930541996, 1.0414933998781993e-160], "spearman": [0.7709874871204638, 9.938988544004895e-149], "nsamples": 750}, "images": {"pearson": [0.9213071472098239, 4.419137540962936e-309], "spearman": [0.8828862012008188, 9.17057302817395e-248], "nsamples": 750}, "OnWN": {"pearson": [0.8539700797472453, 2.017695263728971e-214], "spearman": [0.8545074244700634, 5.660740429600696e-215], "nsamples": 750}, "tweet-news": {"pearson": [0.7794232852844847, 4.660778947900959e-154], "spearman": [0.714558420772301, 3.5209083039231347e-118], "nsamples": 750}, "all": {"pearson": {"mean": 0.8024511466178895, "wmean": 0.8132547002532374}, "spearman": {"mean": 0.7788556292722656, "wmean": 0.7869705856239243}}}, "STS15": {"answers-forums": {"pearson": [0.754853079793976, 2.6061271271162173e-70], "spearman": [0.7554982622177289, 1.705899833852189e-70], "nsamples": 375}, "answers-students": {"pearson": [0.7327287717116444, 3.6708670436248783e-127], "spearman": [0.7326174328752739, 4.188377847403437e-127], "nsamples": 750}, "belief": {"pearson": [0.841579297364154, 8.187734669017759e-102], "spearman": [0.8546286377440422, 3.2796040511460476e-108], "nsamples": 375}, "headlines": {"pearson": [0.8364848734625004, 1.393402040302407e-197], "spearman": [0.8402489550563195, 4.920200834427303e-201], "nsamples": 750}, "images": {"pearson": [0.9414224236086823, 0.0], "spearman": [0.9416838251912747, 0.0], "nsamples": 750}, "all": {"pearson": {"mean": 0.8214136891881914, "wmean": 0.827213064340473}, "spearman": {"mean": 0.8249354226169278, "wmean": 0.8299034157759384}}}, "STS16": {"answer-answer": {"pearson": [0.767241119066002, 1.6001140627110865e-50], "spearman": [0.7661847263289815, 2.629148247616212e-50], "nsamples": 254}, "headlines": {"pearson": [0.7985574498775364, 2.2268339248066017e-56], "spearman": [0.8019579739684848, 3.420087305368096e-57], "nsamples": 249}, "plagiarism": {"pearson": [0.8563157544296515, 2.291567370773757e-67], "spearman": [0.8667929611548048, 7.67392952833269e-71], "nsamples": 230}, "postediting": {"pearson": [0.8786318855574807, 1.1933126199168584e-79], "spearman": [0.8823102043870968, 3.634862738716804e-81], "nsamples": 244}, "question-question": {"pearson": [0.737235553429223, 4.213234365819734e-37], "spearman": [0.7404587953089466, 1.4167240769114975e-37], "nsamples": 209}, "all": {"pearson": {"mean": 0.8075963524719787, "wmean": 0.8087192947081145}, "spearman": {"mean": 0.811540932229663, "wmean": 0.8125635878257509}}}}