{"MR": {"devacc": 76.3, "acc": 75.99, "ndev": 10662, "ntest": 10662}, "CR": {"devacc": 86.26, "acc": 86.44, "ndev": 3775, "ntest": 3775}, "SUBJ": {"devacc": 88.77, "acc": 88.23, "ndev": 10000, "ntest": 10000}, "MPQA": {"devacc": 87.41, "acc": 87.01, "ndev": 10606, "ntest": 10606}, "SST5": {"devacc": 42.96, "acc": 43.85, "ndev": 1101, "ntest": 2210}, "TREC": {"devacc": 70.19, "acc": 78.2, "ndev": 5452, "ntest": 500}, "MRPC": {"devacc": 72.79, "acc": 72.52, "f1": 82.22, "ndev": 4076, "ntest": 1725}, "STS12": {"MSRpar": {"pearson": [0.5920950530480767, 3.774379229647604e-72], "spearman": [0.5807074260441999, 7.791775492087499e-69], "nsamples": 750}, "MSRvid": {"pearson": [0.916128712251934, 3.639024559484712e-299], "spearman": [0.9082883485459744, 2.5949039458563713e-285], "nsamples": 750}, "SMTeuroparl": {"pearson": [0.5627168952294457, 1.0848323171380429e-39], "spearman": [0.6316618304989259, 1.7507050908461608e-52], "nsamples": 459}, "surprise.OnWN": {"pearson": [0.7004996196976959, 1.0643447883952173e-111], "spearman": [0.6592791399501876, 1.0280705096715556e-94], "nsamples": 750}, "surprise.SMTnews": {"pearson": [0.6499463028067507, 2.926895814674036e-49], "spearman": [0.630062152835033, 1.5752020571938867e-45], "nsamples": 399}, "all": {"pearson": {"mean": 0.6842773166067806, "wmean": 0.6995360902440442}, "spearman": {"mean": 0.6819997795748641, "wmean": 0.6925784314946772}}}, "STS13": {"FNWN": {"pearson": [0.489416090381749, 8.912951061939874e-13], "spearman": [0.5051111769920322, 1.2436807119618908e-13], "nsamples": 189}, "headlines": {"pearson": [0.7910065508775004, 9.00080528429497e-162], "spearman": [0.7889980998361296, 2.1213561512282988e-160], "nsamples": 750}, "OnWN": {"pearson": [0.7256805627644647, 7.757996980170123e-93], "spearman": [0.7337304771494956, 6.8319200834680426e-96], "nsamples": 561}, "all": {"pearson": {"mean": 0.6687010680079046, "wmean": 0.7285742333007603}, "spearman": {"mean": 0.6759465846592191, "wmean": 0.7325582566729723}}}, "STS14": {"deft-forum": {"pearson": [0.6285361989722629, 7.588916976064405e-51], "spearman": [0.6121789270843289, 1.2635282770000097e-47], "nsamples": 450}, "deft-news": {"pearson": [0.7642054643172358, 1.0558064373205192e-58], "spearman": [0.7614046418177924, 4.8579915208395376e-58], "nsamples": 300}, "headlines": {"pearson": [0.7616150891584825, 4.52553052300862e-143], "spearman": [0.745532445194579, 6.018441938447926e-134], "nsamples": 750}, "images": {"pearson": [0.9097331913931461, 9.0594728193944e-288], "spearman": [0.8655715942949486, 7.356270720166731e-227], "nsamples": 750}, "OnWN": {"pearson": [0.7986895794762389, 3.645386224616954e-167], "spearman": [0.806255819451215, 1.039978481450263e-172], "nsamples": 750}, "tweet-news": {"pearson": [0.7335104816135143, 1.4514827234467255e-127], "spearman": [0.6804319239117526, 4.4210238283355767e-103], "nsamples": 750}, "all": {"pearson": {"mean": 0.7660483341551467, "wmean": 0.7772704493503267}, "spearman": {"mean": 0.7452292252924361, "wmean": 0.7539321991660419}}}, "STS15": {"answers-forums": {"pearson": [0.6805215626025211, 2.5426829947582967e-52], "spearman": [0.6812032574095543, 1.8394991258038043e-52], "nsamples": 375}, "answers-students": {"pearson": [0.6975185466819485, 2.2524009206848773e-110], "spearman": [0.7062040002090204, 2.7801601607848123e-114], "nsamples": 750}, "belief": {"pearson": [0.802848876108575, 8.452783582071455e-86], "spearman": [0.8082959934527969, 7.926731396830206e-88], "nsamples": 375}, "headlines": {"pearson": [0.8063480005700621, 8.870850144555119e-173], "spearman": [0.8097173327012771, 2.499989918056452e-175], "nsamples": 750}, "images": {"pearson": [0.9199433406190388, 2.096503783476546e-306], "spearman": [0.9223799588033756, 3.205766032235e-311], "nsamples": 750}, "all": {"pearson": {"mean": 0.7814360653164291, "wmean": 0.7913737768066494}, "spearman": {"mean": 0.7855601085152049, "wmean": 0.7957627292862123}}}, "STS16": {"answer-answer": {"pearson": [0.7550616714214221, 4.2027854972968433e-48], "spearman": [0.746372535631644, 1.8385860355850808e-46], "nsamples": 254}, "headlines": {"pearson": [0.7907387601407806, 1.4475274811871684e-54], "spearman": [0.7938972675620942, 2.739764444889229e-55], "nsamples": 249}, "plagiarism": {"pearson": [0.8390936147325528, 3.251524911360913e-62], "spearman": [0.8483458982967859, 6.665852777093174e-65], "nsamples": 230}, "postediting": {"pearson": [0.8490826525071086, 5.118014387002958e-69], "spearman": [0.852121162733596, 5.309327606464943e-70], "nsamples": 244}, "question-question": {"pearson": [0.7320210504564197, 2.375735590074035e-36], "spearman": [0.7318276338447501, 2.5311744547407598e-36], "nsamples": 209}, "all": {"pearson": {"mean": 0.7931995498516567, "wmean": 0.7941312933909855}, "spearman": {"mean": 0.794512899613774, "wmean": 0.7953188359715092}}}}