{"MR": {"devacc": 77.28, "acc": 77.46, "ndev": 10662, "ntest": 10662}, "CR": {"devacc": 88.02, "acc": 86.09, "ndev": 3775, "ntest": 3775}, "SUBJ": {"devacc": 90.89, "acc": 89.97, "ndev": 10000, "ntest": 10000}, "MPQA": {"devacc": 88.44, "acc": 88.12, "ndev": 10606, "ntest": 10606}, "SST5": {"devacc": 40.87, "acc": 44.57, "ndev": 1101, "ntest": 2210}, "TREC": {"devacc": 74.37, "acc": 85.0, "ndev": 5452, "ntest": 500}, "MRPC": {"devacc": 73.31, "acc": 63.94, "f1": 68.17, "ndev": 4076, "ntest": 1725}, "STS12": {"MSRpar": {"pearson": [0.6212913563721855, 2.784986438957308e-81], "spearman": [0.6154843679573416, 2.1764615517795937e-79], "nsamples": 750}, "MSRvid": {"pearson": [0.9290534096067254, 0.0], "spearman": [0.9235975991496691, 1.0964844868e-313], "nsamples": 750}, "SMTeuroparl": {"pearson": [0.5686685960125083, 1.117219964849135e-40], "spearman": [0.6288660839011977, 6.688262512690298e-52], "nsamples": 459}, "surprise.OnWN": {"pearson": [0.7291108936290948, 2.578236166294475e-125], "spearman": [0.6857785391914045, 2.6158364513435738e-105], "nsamples": 750}, "surprise.SMTnews": {"pearson": [0.6686097600201554, 5.019024855640025e-53], "spearman": [0.6513191803816379, 1.5792121348137332e-49], "nsamples": 399}, "all": {"pearson": {"mean": 0.7033468031281338, "wmean": 0.7198796410951697}, "spearman": {"mean": 0.7010091541162502, "wmean": 0.7133755679558349}}}, "STS13": {"FNWN": {"pearson": [0.543547125623061, 6.382837422357279e-16], "spearman": [0.5445731108752503, 5.493243458361815e-16], "nsamples": 189}, "headlines": {"pearson": [0.7996655957173597, 7.243024396966959e-168], "spearman": [0.8004229124072769, 2.054327553647841e-168], "nsamples": 750}, "OnWN": {"pearson": [0.8017731988882277, 4.45273382194701e-127], "spearman": [0.8009869840241307, 1.1927860856636117e-126], "nsamples": 561}, "all": {"pearson": {"mean": 0.7149953067428827, "wmean": 0.7681829120713828}, "spearman": {"mean": 0.7153276691022192, "wmean": 0.7683968001989449}}}, "STS14": {"deft-forum": {"pearson": [0.6712407943062426, 3.0860874584224394e-60], "spearman": [0.6634555855396178, 2.0750739615494657e-58], "nsamples": 450}, "deft-news": {"pearson": [0.8183899392105342, 1.1376483187554502e-73], "spearman": [0.8054801943294231, 1.1106043565002421e-69], "nsamples": 300}, "headlines": {"pearson": [0.7858971769581611, 2.6074048054483778e-158], "spearman": [0.7614475240564542, 5.681278424734071e-143], "nsamples": 750}, "images": {"pearson": [0.9184348101599025, 1.6853809258823254e-303], "spearman": [0.8788305607994344, 1.392372182261643e-242], "nsamples": 750}, "OnWN": {"pearson": [0.8570337184113971, 1.3415686522670543e-217], "spearman": [0.8613327631195723, 3.48241396741468e-222], "nsamples": 750}, "tweet-news": {"pearson": [0.7664441114506029, 5.9359222966060275e-146], "spearman": [0.6986676339684865, 6.97648668559113e-111], "nsamples": 750}, "all": {"pearson": {"mean": 0.8029067584161401, "wmean": 0.8115820538496046}, "spearman": {"mean": 0.7782023769688314, "wmean": 0.7841087821998975}}}, "STS15": {"answers-forums": {"pearson": [0.7497479762350922, 7.117615623686569e-69], "spearman": [0.7513153824894016, 2.6005241058793446e-69], "nsamples": 375}, "answers-students": {"pearson": [0.7267695711769532, 3.894594352709744e-124], "spearman": [0.7276682350794704, 1.3782639600157694e-124], "nsamples": 750}, "belief": {"pearson": [0.8199305760844748, 2.193988427926357e-92], "spearman": [0.8343223685232304, 1.678342514754302e-98], "nsamples": 375}, "headlines": {"pearson": [0.8244401977189758, 4.22548052805068e-187], "spearman": [0.8281002694923375, 3.3684042789804826e-190], "nsamples": 750}, "images": {"pearson": [0.9370794862291952, 0.0], "spearman": [0.938310767613943, 0.0], "nsamples": 750}, "all": {"pearson": {"mean": 0.8115935614889382, "wmean": 0.818282132821227}, "spearman": {"mean": 0.8159434046396765, "wmean": 0.8217245369230168}}}, "STS16": {"answer-answer": {"pearson": [0.7796822748353831, 3.7599012599956814e-53], "spearman": [0.7771204686511356, 1.35012879736489e-52], "nsamples": 254}, "headlines": {"pearson": [0.792166356011141, 6.845996951902954e-55], "spearman": [0.7979414682228211, 3.114619917636306e-56], "nsamples": 249}, "plagiarism": {"pearson": [0.8397800690460455, 2.0823055123736547e-62], "spearman": [0.8466334124609546, 2.1615371533938437e-64], "nsamples": 230}, "postediting": {"pearson": [0.8681393213141464, 1.3960058752204193e-75], "spearman": [0.8762352582509084, 1.0924926281204749e-78], "nsamples": 244}, "question-question": {"pearson": [0.7547350860147951, 9.273477236795808e-40], "spearman": [0.7648592714849125, 2.115016552258777e-41], "nsamples": 209}, "all": {"pearson": {"mean": 0.8069006214443023, "wmean": 0.8077603403990691}, "spearman": {"mean": 0.8125579758141465, "wmean": 0.8132029513022418}}}}