{"MR": {"devacc": 77.61, "acc": 76.62, "ndev": 10662, "ntest": 10662}, "CR": {"devacc": 88.23, "acc": 87.73, "ndev": 3775, "ntest": 3775}, "SUBJ": {"devacc": 91.6, "acc": 91.61, "ndev": 10000, "ntest": 10000}, "MPQA": {"devacc": 89.04, "acc": 89.14, "ndev": 10606, "ntest": 10606}, "SST5": {"devacc": 42.05, "acc": 43.76, "ndev": 1101, "ntest": 2210}, "TREC": {"devacc": 77.97, "acc": 79.6, "ndev": 5452, "ntest": 500}, "MRPC": {"devacc": 73.77, "acc": 65.04, "f1": 69.71, "ndev": 4076, "ntest": 1725}, "STS12": {"MSRpar": {"pearson": [0.6384403369184676, 4.1233697903517675e-87], "spearman": [0.6210384306995511, 3.3736506687809934e-81], "nsamples": 750}, "MSRvid": {"pearson": [0.9308937296687515, 0.0], "spearman": [0.9237064667279796, 6.5695249686e-314], "nsamples": 750}, "SMTeuroparl": {"pearson": [0.5712419569451457, 4.1213473712044377e-41], "spearman": [0.6395537662723597, 3.692982618822731e-54], "nsamples": 459}, "surprise.OnWN": {"pearson": [0.7355093517832655, 1.3332400928690214e-128], "spearman": [0.6889720837684413, 1.1581717289633666e-106], "nsamples": 750}, "surprise.SMTnews": {"pearson": [0.6816417436508917, 8.0244418301020685e-56], "spearman": [0.6642468519891438, 4.029812200184827e-52], "nsamples": 399}, "all": {"pearson": {"mean": 0.7115454237933043, "wmean": 0.7280590983694951}, "spearman": {"mean": 0.707503519891495, "wmean": 0.7187507749548457}}}, "STS13": {"FNWN": {"pearson": [0.5672736047915874, 1.7334935434486352e-17], "spearman": [0.5835457096893542, 1.2303504814746163e-18], "nsamples": 189}, "headlines": {"pearson": [0.8077097551683199, 8.383543373760207e-174], "spearman": [0.8058442071597447, 2.1131859051506283e-172], "nsamples": 750}, "OnWN": {"pearson": [0.8014729968609297, 6.490132507322153e-127], "spearman": [0.8007851424913819, 1.5350226954169934e-126], "nsamples": 561}, "all": {"pearson": {"mean": 0.7254854522736123, "wmean": 0.7750822526138875}, "spearman": {"mean": 0.7300583531134937, "wmean": 0.7759425062925077}}}, "STS14": {"deft-forum": {"pearson": [0.6719495340634665, 2.0905180525417403e-60], "spearman": [0.6612366235176083, 6.728667947443164e-58], "nsamples": 450}, "deft-news": {"pearson": [0.8033585562910315, 4.705220751908597e-69], "spearman": [0.7955054959392958, 8.479631568159839e-67], "nsamples": 300}, "headlines": {"pearson": [0.7908804333245355, 1.0987507380113727e-161], "spearman": [0.7711731064718207, 7.630591323533194e-149], "nsamples": 750}, "images": {"pearson": [0.9189789382233837, 1.532201177033452e-304], "spearman": [0.8815246494898232, 5.284741349741003e-246], "nsamples": 750}, "OnWN": {"pearson": [0.8591769914888948, 7.251783883441341e-220], "spearman": [0.8594503971605965, 3.702857942396779e-220], "nsamples": 750}, "tweet-news": {"pearson": [0.7792940177260463, 5.6479537519907306e-154], "spearman": [0.7199171219852069, 9.375859951869825e-121], "nsamples": 750}, "all": {"pearson": {"mean": 0.8039397451862266, "wmean": 0.8145687047434705}, "spearman": {"mean": 0.7814678990940586, "wmean": 0.7894018895187461}}}, "STS15": {"answers-forums": {"pearson": [0.7521988949245745, 1.469386796099585e-69], "spearman": [0.7531053138301939, 8.160046783114625e-70], "nsamples": 375}, "answers-students": {"pearson": [0.7261044235426789, 8.379279018572624e-124], "spearman": [0.7247275415556353, 4.063373470948585e-123], "nsamples": 750}, "belief": {"pearson": [0.8289184380299794, 3.876136743068901e-96], "spearman": [0.8434175629229855, 1.1160552154804495e-102], "nsamples": 375}, "headlines": {"pearson": [0.8342312964096844, 1.4760072467920254e-195], "spearman": [0.8384847335643059, 2.0942734813138047e-199], "nsamples": 750}, "images": {"pearson": [0.943399881143534, 0.0], "spearman": [0.9436628930993329, 0.0], "nsamples": 750}, "all": {"pearson": {"mean": 0.8169705868100902, "wmean": 0.8235735668932936}, "spearman": {"mean": 0.8206796089944908, "wmean": 0.826284151648966}}}, "STS16": {"answer-answer": {"pearson": [0.7813692597222367, 1.6050226825731345e-53], "spearman": [0.7833043683471557, 5.988767126945123e-54], "nsamples": 254}, "headlines": {"pearson": [0.8032792322638859, 1.6353509324862952e-57], "spearman": [0.8057021143577108, 4.165251742583385e-58], "nsamples": 249}, "plagiarism": {"pearson": [0.8490936071474324, 3.970069321843633e-65], "spearman": [0.8588368529836558, 3.5453054098210444e-68], "nsamples": 230}, "postediting": {"pearson": [0.8758976771221223, 1.4868518215974145e-78], "spearman": [0.8799223803323633, 3.551914884523725e-80], "nsamples": 244}, "question-question": {"pearson": [0.734484329845628, 1.0547685234943912e-36], "spearman": [0.7392183668697747, 2.159085233205546e-37], "nsamples": 209}, "all": {"pearson": {"mean": 0.8088248212202611, "wmean": 0.8102884558200668}, "spearman": {"mean": 0.813396816578132, "wmean": 0.8147633319547791}}}}