{"MR": {"devacc": 77.09, "acc": 76.84, "ndev": 10662, "ntest": 10662}, "CR": {"devacc": 87.54, "acc": 86.89, "ndev": 3775, "ntest": 3775}, "SUBJ": {"devacc": 90.35, "acc": 89.96, "ndev": 10000, "ntest": 10000}, "MPQA": {"devacc": 87.52, "acc": 87.63, "ndev": 10606, "ntest": 10606}, "SST5": {"devacc": 42.14, "acc": 41.49, "ndev": 1101, "ntest": 2210}, "TREC": {"devacc": 71.99, "acc": 79.8, "ndev": 5452, "ntest": 500}, "MRPC": {"devacc": 73.38, "acc": 69.51, "f1": 76.75, "ndev": 4076, "ntest": 1725}, "STS12": {"MSRpar": {"pearson": [0.6201978453651594, 6.372646143602001e-81], "spearman": [0.60525196915791, 3.7909024647263236e-76], "nsamples": 750}, "MSRvid": {"pearson": [0.922957976902727, 2.189858998373e-312], "spearman": [0.9164850757618904, 7.932568280523785e-300], "nsamples": 750}, "SMTeuroparl": {"pearson": [0.5602413815572755, 2.7550563322421714e-39], "spearman": [0.6106929798519407, 2.9412881115366625e-48], "nsamples": 459}, "surprise.OnWN": {"pearson": [0.7162981546084851, 5.215953133692804e-119], "spearman": [0.6729035009004232, 5.047685218575457e-100], "nsamples": 750}, "surprise.SMTnews": {"pearson": [0.6379181937939817, 5.702533568354201e-47], "spearman": [0.6233457437689374, 2.4951481919818555e-44], "nsamples": 399}, "all": {"pearson": {"mean": 0.6915227104455257, "wmean": 0.7098682870385673}, "spearman": {"mean": 0.6857358538882204, "wmean": 0.6998080562680227}}}, "STS13": {"FNWN": {"pearson": [0.5173447908279939, 2.4947136844157115e-14], "spearman": [0.5268631034683566, 6.831693974106663e-15], "nsamples": 189}, "headlines": {"pearson": [0.7965915841243744, 1.141068523287051e-165], "spearman": [0.7941054103705398, 6.4116301950425945e-164], "nsamples": 750}, "OnWN": {"pearson": [0.79527302339179, 1.3489130976870217e-123], "spearman": [0.7973713829519196, 1.0473130796718748e-124], "nsamples": 561}, "all": {"pearson": {"mean": 0.7030697994480528, "wmean": 0.7609133464550438}, "spearman": {"mean": 0.706113298930272, "wmean": 0.7616543534463007}}}, "STS14": {"deft-forum": {"pearson": [0.662768820093696, 2.9896634861831473e-58], "spearman": [0.6522245819935362, 7.2242158167568285e-56], "nsamples": 450}, "deft-news": {"pearson": [0.8018578035441979, 1.2926940543321873e-68], "spearman": [0.7866806991540344, 2.2298188101852793e-64], "nsamples": 300}, "headlines": {"pearson": [0.7823073293689768, 6.196894374766335e-156], "spearman": [0.7618897294843734, 3.1159987966508973e-143], "nsamples": 750}, "images": {"pearson": [0.9114378592037535, 1.0104143665112968e-290], "spearman": [0.8719133000872016, 3.6775705541425145e-234], "nsamples": 750}, "OnWN": {"pearson": [0.8473304118245536, 8.865123298162167e-208], "spearman": [0.8478979586695267, 2.4680107247822224e-208], "nsamples": 750}, "tweet-news": {"pearson": [0.7603616564810727, 2.469293266238873e-142], "spearman": [0.6937312666630613, 1.031030311013493e-108], "nsamples": 750}, "all": {"pearson": {"mean": 0.7943439800860417, "wmean": 0.8039683340704508}, "spearman": {"mean": 0.7690562560086223, "wmean": 0.7762878567523798}}}, "STS15": {"answers-forums": {"pearson": [0.739657587575165, 3.9033091195708126e-66], "spearman": [0.7430135821555213, 4.951124446524063e-67], "nsamples": 375}, "answers-students": {"pearson": [0.7155006691574013, 1.2539046389807663e-118], "spearman": [0.7161315509307542, 6.266471731913484e-119], "nsamples": 750}, "belief": {"pearson": [0.8100154483292968, 1.759554284162996e-88], "spearman": [0.8178043790284785, 1.579213662290338e-91], "nsamples": 375}, "headlines": {"pearson": [0.8290676726470619, 4.9679773112173665e-191], "spearman": [0.8350728324538979, 2.6090843151572054e-196], "nsamples": 750}, "images": {"pearson": [0.9376670438129542, 0.0], "spearman": [0.9397397490793429, 0.0], "nsamples": 750}, "all": {"pearson": {"mean": 0.8063816843043758, "wmean": 0.8142679758924121}, "spearman": {"mean": 0.8103524187295988, "wmean": 0.8178382782639988}}}, "STS16": {"answer-answer": {"pearson": [0.7632670907439187, 1.02231477839705e-49], "spearman": [0.7654101592556249, 3.7776507561691165e-50], "nsamples": 254}, "headlines": {"pearson": [0.7938355600025109, 2.8311160690492304e-55], "spearman": [0.7965152127183225, 6.743262806863516e-56], "nsamples": 249}, "plagiarism": {"pearson": [0.8393708368776726, 2.7166599349581792e-62], "spearman": [0.8512551888761463, 8.734679273750713e-66], "nsamples": 230}, "postediting": {"pearson": [0.86857103020805, 9.649113292746968e-76], "spearman": [0.8760876186837612, 1.2502734815881234e-78], "nsamples": 244}, "question-question": {"pearson": [0.7142312185899624, 6.476362981736977e-34], "spearman": [0.7251720042474625, 2.1682008028795823e-35], "nsamples": 209}, "all": {"pearson": {"mean": 0.795855147284423, "wmean": 0.7974669848461311}, "spearman": {"mean": 0.8028880367562635, "wmean": 0.8042676978970169}}}}