{"MR": {"devacc": 75.93, "acc": 75.06, "ndev": 10662, "ntest": 10662}, "CR": {"devacc": 87.96, "acc": 86.75, "ndev": 3775, "ntest": 3775}, "SUBJ": {"devacc": 88.08, "acc": 87.49, "ndev": 10000, "ntest": 10000}, "MPQA": {"devacc": 86.77, "acc": 87.2, "ndev": 10606, "ntest": 10606}, "SST5": {"devacc": 39.87, "acc": 39.46, "ndev": 1101, "ntest": 2210}, "TREC": {"devacc": 69.61, "acc": 75.6, "ndev": 5452, "ntest": 500}, "MRPC": {"devacc": 71.74, "acc": 71.94, "f1": 78.94, "ndev": 4076, "ntest": 1725}, "STS12": {"MSRpar": {"pearson": [0.6134329531241954, 9.932392633472637e-79], "spearman": [0.6003435353357742, 1.2360780895391606e-74], "nsamples": 750}, "MSRvid": {"pearson": [0.9134010771440884, 3.382114139396646e-294], "spearman": [0.9073625620800699, 9.271291676318869e-284], "nsamples": 750}, "SMTeuroparl": {"pearson": [0.5500893344482076, 1.16151922038215e-37], "spearman": [0.5963799965834885, 1.4994115595843828e-45], "nsamples": 459}, "surprise.OnWN": {"pearson": [0.7021317411991914, 1.9694209511722442e-112], "spearman": [0.6514171586186165, 8.934895167883508e-92], "nsamples": 750}, "surprise.SMTnews": {"pearson": [0.6396140450576179, 2.750605414531484e-47], "spearman": [0.627635476462015, 4.307306255752463e-45], "nsamples": 399}, "all": {"pearson": {"mean": 0.6837338301946602, "wmean": 0.701229516438328}, "spearman": {"mean": 0.6766277458159927, "wmean": 0.6896742006325647}}}, "STS13": {"FNWN": {"pearson": [0.5050469552736377, 1.2540027078530501e-13], "spearman": [0.5356917844202819, 1.980677383349163e-15], "nsamples": 189}, "headlines": {"pearson": [0.7930615053816789, 3.4232369862207286e-163], "spearman": [0.7917492128737945, 2.7733285750547013e-162], "nsamples": 750}, "OnWN": {"pearson": [0.7654665394010138, 4.102427737142832e-109], "spearman": [0.7651520590825134, 5.678685535254968e-109], "nsamples": 561}, "all": {"pearson": {"mean": 0.6878583333521101, "wmean": 0.746451154791297}, "spearman": {"mean": 0.6975310187921965, "wmean": 0.7495386413707127}}}, "STS14": {"deft-forum": {"pearson": [0.6634251062894964, 2.109020530028709e-58], "spearman": [0.6576906184928818, 4.318879613162249e-57], "nsamples": 450}, "deft-news": {"pearson": [0.7658945426053314, 4.162490970518846e-59], "spearman": [0.7667215837826096, 2.631352693735126e-59], "nsamples": 300}, "headlines": {"pearson": [0.7654687031421945, 2.2975140003509813e-145], "spearman": [0.7510888022609505, 5.088397213757918e-137], "nsamples": 750}, "images": {"pearson": [0.8998128398059232, 1.1274959033978024e-271], "spearman": [0.857415931062305, 5.321424163395773e-218], "nsamples": 750}, "OnWN": {"pearson": [0.8204232522219651, 8.800988106381457e-184], "spearman": [0.825002292131991, 1.4280300599787488e-187], "nsamples": 750}, "tweet-news": {"pearson": [0.7389586028551212, 2.056984726687715e-130], "spearman": [0.6752153840581158, 5.940674861963218e-101], "nsamples": 750}, "all": {"pearson": {"mean": 0.7756638411533386, "wmean": 0.7858152557682069}, "spearman": {"mean": 0.7555224352981423, "wmean": 0.762005082824427}}}, "STS15": {"answers-forums": {"pearson": [0.7155565746578784, 4.434348988124956e-60], "spearman": [0.7176619088959433, 1.390516143051793e-60], "nsamples": 375}, "answers-students": {"pearson": [0.6883093694741231, 2.2190170351505675e-106], "spearman": [0.6857591811647312, 2.6654084672010576e-105], "nsamples": 750}, "belief": {"pearson": [0.7988910500039922, 2.2962300668953065e-84], "spearman": [0.8013351542182835, 3.014999363816077e-85], "nsamples": 375}, "headlines": {"pearson": [0.8129345006861801, 8.223284735385951e-178], "spearman": [0.8182756272067915, 4.840857350820474e-182], "nsamples": 750}, "images": {"pearson": [0.9215508807922409, 1.452002308965386e-309], "spearman": [0.9248934419837486, 2.34572566e-316], "nsamples": 750}, "all": {"pearson": {"mean": 0.787448475122883, "wmean": 0.7950046408208699}, "spearman": {"mean": 0.7895850626938997, "wmean": 0.7971066954780961}}}, "STS16": {"answer-answer": {"pearson": [0.7379518631834917, 6.196318526759676e-45], "spearman": [0.7295002039166193, 1.8506556250160703e-43], "nsamples": 254}, "headlines": {"pearson": [0.7829853476558484, 7.646331101957472e-53], "spearman": [0.787569234063011, 7.475104574678253e-54], "nsamples": 249}, "plagiarism": {"pearson": [0.8237668951429888, 4.076428651357277e-58], "spearman": [0.8332698111296915, 1.313152485590022e-60], "nsamples": 230}, "postediting": {"pearson": [0.8503410661536065, 2.0146431956673736e-69], "spearman": [0.8573217703018324, 9.737079318008572e-72], "nsamples": 244}, "question-question": {"pearson": [0.6889289169491819, 9.369900645934303e-31], "spearman": [0.692329448632456, 3.6810414314818716e-31], "nsamples": 209}, "all": {"pearson": {"mean": 0.7767948178170234, "wmean": 0.778531934638836}, "spearman": {"mean": 0.779998093608722, "wmean": 0.7815625753407845}}}}