{"MR": {"devacc": 76.95, "acc": 76.91, "ndev": 10662, "ntest": 10662}, "CR": {"devacc": 87.84, "acc": 88.29, "ndev": 3775, "ntest": 3775}, "SUBJ": {"devacc": 90.87, "acc": 90.95, "ndev": 10000, "ntest": 10000}, "MPQA": {"devacc": 88.22, "acc": 87.39, "ndev": 10606, "ntest": 10606}, "SST5": {"devacc": 43.05, "acc": 43.76, "ndev": 1101, "ntest": 2210}, "TREC": {"devacc": 75.11, "acc": 82.8, "ndev": 5452, "ntest": 500}, "MRPC": {"devacc": 73.63, "acc": 71.59, "f1": 81.38, "ndev": 4076, "ntest": 1725}, "STS12": {"MSRpar": {"pearson": [0.6433800202951744, 7.35350592371425e-89], "spearman": [0.624909932167717, 1.7578602736682634e-82], "nsamples": 750}, "MSRvid": {"pearson": [0.9284272845733574, 1e-323], "spearman": [0.921539792739239, 1.527534598108e-309], "nsamples": 750}, "SMTeuroparl": {"pearson": [0.5556529031465678, 1.5186463769344737e-38], "spearman": [0.6186557857623036, 7.971830156895439e-50], "nsamples": 459}, "surprise.OnWN": {"pearson": [0.7356343026908312, 1.1475643389428546e-128], "spearman": [0.6895055403114868, 6.853455200337851e-107], "nsamples": 750}, "surprise.SMTnews": {"pearson": [0.6925272867593975, 2.848391618509544e-58], "spearman": [0.6737459474530112, 4.127603349633444e-54], "nsamples": 399}, "all": {"pearson": {"mean": 0.7111243594930656, "wmean": 0.7277812984655072}, "spearman": {"mean": 0.7056713996867515, "wmean": 0.7174240951134108}}}, "STS13": {"FNWN": {"pearson": [0.5159246132220354, 3.016147810460532e-14], "spearman": [0.5218010821241416, 1.3672842967530302e-14], "nsamples": 189}, "headlines": {"pearson": [0.7988052959577917, 3.011189111578823e-167], "spearman": [0.796700227956309, 9.556459521301049e-166], "nsamples": 750}, "OnWN": {"pearson": [0.8065414934508498, 1.0263524691106707e-129], "spearman": [0.806313640748266, 1.3771761188457435e-129], "nsamples": 561}, "all": {"pearson": {"mean": 0.707090467543559, "wmean": 0.7660556677954901}, "spearman": {"mean": 0.7082716502762388, "wmean": 0.7656583519656478}}}, "STS14": {"deft-forum": {"pearson": [0.6562263051953371, 9.238849939122138e-57], "spearman": [0.6465373943550213, 1.2738195411210043e-54], "nsamples": 450}, "deft-news": {"pearson": [0.8000933206472993, 4.1951107535821374e-68], "spearman": [0.7901005332634834, 2.6567030076301368e-65], "nsamples": 300}, "headlines": {"pearson": [0.7887736963644559, 3.013089474851255e-160], "spearman": [0.7709069999649287, 1.1145008872068277e-148], "nsamples": 750}, "images": {"pearson": [0.9149653461480913, 5.0164364848168954e-297], "spearman": [0.8752527952117825, 3.651195234412005e-238], "nsamples": 750}, "OnWN": {"pearson": [0.8590023348720536, 1.1132649264467752e-219], "spearman": [0.8589586312072535, 1.2391954964666872e-219], "nsamples": 750}, "tweet-news": {"pearson": [0.7714430268104899, 5.193378072955188e-149], "spearman": [0.7082921658300801, 3.0401071257587092e-115], "nsamples": 750}, "all": {"pearson": {"mean": 0.7984173383396213, "wmean": 0.8095915031142424}, "spearman": {"mean": 0.7750080866387582, "wmean": 0.7834746484264902}}}, "STS15": {"answers-forums": {"pearson": [0.7394707942187538, 4.3745894131692633e-66], "spearman": [0.7454731259370957, 1.0680011707957478e-67], "nsamples": 375}, "answers-students": {"pearson": [0.7133069381990137, 1.3784522517184454e-117], "spearman": [0.7115873269914459, 8.885164568701177e-117], "nsamples": 750}, "belief": {"pearson": [0.8228032509765124, 1.4618969768138388e-93], "spearman": [0.8320173550686695, 1.7511750761370074e-97], "nsamples": 375}, "headlines": {"pearson": [0.826309279693555, 1.128977260555694e-188], "spearman": [0.8316793309915661, 2.665192688616682e-193], "nsamples": 750}, "images": {"pearson": [0.9360676338882348, 0.0], "spearman": [0.9369885404964076, 0.0], "nsamples": 750}, "all": {"pearson": {"mean": 0.807591579395214, "wmean": 0.8142052185946091}, "spearman": {"mean": 0.811549135897037, "wmean": 0.8172501097455754}}}, "STS16": {"answer-answer": {"pearson": [0.7739359279907585, 6.461309123429314e-52], "spearman": [0.7743250699866455, 5.3435608170823e-52], "nsamples": 254}, "headlines": {"pearson": [0.7944424158693498, 2.0495591139553918e-55], "spearman": [0.7979032015907656, 3.180099972331554e-56], "nsamples": 249}, "plagiarism": {"pearson": [0.8468228422190754, 1.8991355999870986e-64], "spearman": [0.8572692777385499, 1.1361280045258184e-67], "nsamples": 230}, "postediting": {"pearson": [0.87039872049003, 1.990946583945419e-76], "spearman": [0.8747560637809949, 4.1882327460143534e-78], "nsamples": 244}, "question-question": {"pearson": [0.7297599174984405, 4.966826287185545e-36], "spearman": [0.7422206990606468, 7.754782722466749e-38], "nsamples": 209}, "all": {"pearson": {"mean": 0.8030719648135308, "wmean": 0.8044369743071244}, "spearman": {"mean": 0.8092948624315206, "wmean": 0.8103650965588642}}}}