{"MR": {"devacc": 76.32, "acc": 76.01, "ndev": 10662, "ntest": 10662}, "CR": {"devacc": 87.34, "acc": 85.46, "ndev": 3775, "ntest": 3775}, "SUBJ": {"devacc": 89.44, "acc": 88.98, "ndev": 10000, "ntest": 10000}, "MPQA": {"devacc": 87.63, "acc": 88.05, "ndev": 10606, "ntest": 10606}, "SST5": {"devacc": 38.15, "acc": 39.1, "ndev": 1101, "ntest": 2210}, "TREC": {"devacc": 74.23, "acc": 78.2, "ndev": 5452, "ntest": 500}, "MRPC": {"devacc": 72.47, "acc": 69.68, "f1": 75.89, "ndev": 4076, "ntest": 1725}, "STS12": {"MSRpar": {"pearson": [0.6209352417504568, 3.647990343007957e-81], "spearman": [0.6015006423844389, 5.465958575108495e-75], "nsamples": 750}, "MSRvid": {"pearson": [0.92537676791953, 2.3025396e-317], "spearman": [0.9207398814431667, 5.811748453043898e-308], "nsamples": 750}, "SMTeuroparl": {"pearson": [0.5710441862348974, 4.4510212255030263e-41], "spearman": [0.6169461472775879, 1.744928170324501e-49], "nsamples": 459}, "surprise.OnWN": {"pearson": [0.7094014203371404, 9.307332057236558e-116], "spearman": [0.6753822591868905, 5.086649662356563e-101], "nsamples": 750}, "surprise.SMTnews": {"pearson": [0.6642885824714019, 3.950973423941932e-52], "spearman": [0.6420343065336099, 9.639750063497413e-48], "nsamples": 399}, "all": {"pearson": {"mean": 0.6982092397426853, "wmean": 0.7139464280544572}, "spearman": {"mean": 0.6913206473651388, "wmean": 0.7038504044942714}}}, "STS13": {"FNWN": {"pearson": [0.5363934106637652, 1.7922773720772357e-15], "spearman": [0.5470748267098791, 3.801455152234638e-16], "nsamples": 189}, "headlines": {"pearson": [0.78201216692349, 9.671978557810512e-156], "spearman": [0.7830705061756452, 1.953715624830923e-156], "nsamples": 750}, "OnWN": {"pearson": [0.7635506180935541, 2.9505202704955653e-108], "spearman": [0.7618770521052171, 1.6282710163421538e-107], "nsamples": 561}, "all": {"pearson": {"mean": 0.6939853985602698, "wmean": 0.7441595843723686}, "spearman": {"mean": 0.6973407949969138, "wmean": 0.7454086987406185}}}, "STS14": {"deft-forum": {"pearson": [0.6414009479606183, 1.6147082450850712e-53], "spearman": [0.6283993709009771, 8.08958937574041e-51], "nsamples": 450}, "deft-news": {"pearson": [0.8017719039916208, 1.3693172640232156e-68], "spearman": [0.7890247435013865, 5.20998414444774e-65], "nsamples": 300}, "headlines": {"pearson": [0.7503276965432996, 1.3561413285951868e-136], "spearman": [0.7290820471130759, 2.6664018235146064e-125], "nsamples": 750}, "images": {"pearson": [0.9057654436775734, 4.05775946841936e-281], "spearman": [0.8679929249187379, 1.3299319992068439e-229], "nsamples": 750}, "OnWN": {"pearson": [0.8389459914704369, 7.888940523370115e-200], "spearman": [0.8444201915540974, 5.756418043887062e-205], "nsamples": 750}, "tweet-news": {"pearson": [0.7352895260633036, 1.7354164261728453e-128], "spearman": [0.6780124322257514, 4.346586795627742e-102], "nsamples": 750}, "all": {"pearson": {"mean": 0.7789169182844754, "wmean": 0.7871755976255265}, "spearman": {"mean": 0.7561552850356711, "wmean": 0.7624314231505607}}}, "STS15": {"answers-forums": {"pearson": [0.7027154953289266, 4.1924146703678746e-57], "spearman": [0.7103416275023092, 7.497338426675075e-59], "nsamples": 375}, "answers-students": {"pearson": [0.714771107150938, 2.7899883806589357e-118], "spearman": [0.7163886321034614, 4.7209852247829033e-119], "nsamples": 750}, "belief": {"pearson": [0.8119918198016053, 3.060180487581766e-89], "spearman": [0.8192562043413755, 4.1147062085748495e-92], "nsamples": 375}, "headlines": {"pearson": [0.8182782519309727, 4.817362805490313e-182], "spearman": [0.8230442768222513, 6.147095886132777e-186], "nsamples": 750}, "images": {"pearson": [0.9223619253903562, 3.4845650100355e-311], "spearman": [0.9251441690590632, 7.0499097e-317], "nsamples": 750}, "all": {"pearson": {"mean": 0.7940237199205598, "wmean": 0.8031912355093832}, "spearman": {"mean": 0.7988349819656921, "wmean": 0.8073439984766546}}}, "STS16": {"answer-answer": {"pearson": [0.7654599189531598, 3.690863355335037e-50], "spearman": [0.7622165104765299, 1.6590793557577667e-49], "nsamples": 254}, "headlines": {"pearson": [0.7914463006676338, 9.994828643065468e-55], "spearman": [0.7946345391080245, 1.849888359649167e-55], "nsamples": 249}, "plagiarism": {"pearson": [0.8347082342289185, 5.3385315657900373e-61], "spearman": [0.8425874752032125, 3.291523231184232e-63], "nsamples": 230}, "postediting": {"pearson": [0.8677857893439063, 1.8872048823873775e-75], "spearman": [0.8707424239576471, 1.4757014164197067e-76], "nsamples": 244}, "question-question": {"pearson": [0.7101016735312229, 2.240220970556491e-33], "spearman": [0.7190499951803443, 1.479850342389091e-34], "nsamples": 209}, "all": {"pearson": {"mean": 0.7939003833449683, "wmean": 0.7956415046550872}, "spearman": {"mean": 0.7978461887851517, "wmean": 0.7993294381399945}}}}