{"MR": {"devacc": 76.87, "acc": 76.37, "ndev": 10662, "ntest": 10662}, "CR": {"devacc": 87.14, "acc": 86.44, "ndev": 3775, "ntest": 3775}, "SUBJ": {"devacc": 90.05, "acc": 89.85, "ndev": 10000, "ntest": 10000}, "MPQA": {"devacc": 87.37, "acc": 87.61, "ndev": 10606, "ntest": 10606}, "SST5": {"devacc": 42.33, "acc": 42.81, "ndev": 1101, "ntest": 2210}, "TREC": {"devacc": 71.84, "acc": 75.4, "ndev": 5452, "ntest": 500}, "MRPC": {"devacc": 73.23, "acc": 71.01, "f1": 79.63, "ndev": 4076, "ntest": 1725}, "STS12": {"MSRpar": {"pearson": [0.6104293215583536, 8.988461310374766e-78], "spearman": [0.6051644789382684, 4.0359659984734957e-76], "nsamples": 750}, "MSRvid": {"pearson": [0.9194713517733373, 1.724187181468843e-305], "spearman": [0.9167710807883495, 2.3244362109288566e-300], "nsamples": 750}, "SMTeuroparl": {"pearson": [0.5767971994471692, 4.6447554178338316e-42], "spearman": [0.629221039776279, 5.6459600959630056e-52], "nsamples": 459}, "surprise.OnWN": {"pearson": [0.7209733170530097, 2.8669765912852213e-121], "spearman": [0.6807826145179194, 3.168480716211737e-103], "nsamples": 750}, "surprise.SMTnews": {"pearson": [0.666748634869654, 1.225760495956748e-52], "spearman": [0.6657675547362588, 1.957485472313223e-52], "nsamples": 399}, "all": {"pearson": {"mean": 0.6988839649403047, "wmean": 0.713944051688471}, "spearman": {"mean": 0.699541353751415, "wmean": 0.7099396210683663}}}, "STS13": {"FNWN": {"pearson": [0.5304843995348449, 4.1291708529120586e-15], "spearman": [0.5439385689218014, 6.02795545330667e-16], "nsamples": 189}, "headlines": {"pearson": [0.79415429214934, 5.926533876587678e-164], "spearman": [0.7903229768293796, 2.6487764446751414e-161], "nsamples": 750}, "OnWN": {"pearson": [0.7885032283142706, 4.207672090820663e-120], "spearman": [0.7809216698615132, 2.4417643292131639e-116], "nsamples": 561}, "all": {"pearson": {"mean": 0.7043806399994851, "wmean": 0.7588183878055976}, "spearman": {"mean": 0.705061071870898, "wmean": 0.7557624526270427}}}, "STS14": {"deft-forum": {"pearson": [0.6493916705713201, 3.040523508648782e-55], "spearman": [0.6437157445538284, 5.1717865258981555e-54], "nsamples": 450}, "deft-news": {"pearson": [0.7962383388029362, 5.273166031489292e-67], "spearman": [0.7895419627671748, 3.7707264441203812e-65], "nsamples": 300}, "headlines": {"pearson": [0.7677737160298289, 9.281910964679136e-147], "spearman": [0.7500587219008009, 1.9159626862424177e-136], "nsamples": 750}, "images": {"pearson": [0.9118139729110408, 2.2131122084879457e-291], "spearman": [0.8686115371610186, 2.5962747302851065e-230], "nsamples": 750}, "OnWN": {"pearson": [0.8498444694423364, 2.9533255163318202e-210], "spearman": [0.8553903517252524, 6.93500060517823e-216], "nsamples": 750}, "tweet-news": {"pearson": [0.7400874077133506, 5.177024860101949e-131], "spearman": [0.6706223740304337, 4.090097956685099e-99], "nsamples": 750}, "all": {"pearson": {"mean": 0.7858582625784688, "wmean": 0.7955299807921047}, "spearman": {"mean": 0.7629901153564181, "wmean": 0.7693458433313346}}}, "STS15": {"answers-forums": {"pearson": [0.7100594690561133, 8.721175832928938e-59], "spearman": [0.7166563866220461, 2.4226857383616645e-60], "nsamples": 375}, "answers-students": {"pearson": [0.7124706784903547, 3.417380218192945e-117], "spearman": [0.7090985988218299, 1.2864800987871332e-115], "nsamples": 750}, "belief": {"pearson": [0.811947225782201, 3.184099470695415e-89], "spearman": [0.8243334274916978, 3.38536682438207e-94], "nsamples": 375}, "headlines": {"pearson": [0.8274403802528693, 1.2343996366895569e-189], "spearman": [0.8319538602294263, 1.5303705284066149e-193], "nsamples": 750}, "images": {"pearson": [0.9314101037875328, 0.0], "spearman": [0.9332879924662755, 0.0], "nsamples": 750}, "all": {"pearson": {"mean": 0.7986655714738142, "wmean": 0.8080811274874785}, "spearman": {"mean": 0.8030660531262551, "wmean": 0.8112088396436009}}}, "STS16": {"answer-answer": {"pearson": [0.7528105473622141, 1.1355461185913398e-47], "spearman": [0.750995272687725, 2.5114413334821253e-47], "nsamples": 254}, "headlines": {"pearson": [0.7781785859210046, 8.247671279292016e-52], "spearman": [0.7842980013278112, 3.9518346231678432e-53], "nsamples": 249}, "plagiarism": {"pearson": [0.8383222175976764, 5.351754645628673e-62], "spearman": [0.8491475163235225, 3.824058193830531e-65], "nsamples": 230}, "postediting": {"pearson": [0.8561516162403747, 2.4272675388164127e-71], "spearman": [0.8592111485313051, 2.1897255451412733e-72], "nsamples": 244}, "question-question": {"pearson": [0.7086990833171621, 3.3978374897588e-33], "spearman": [0.7144251946616741, 6.106325757267061e-34], "nsamples": 209}, "all": {"pearson": {"mean": 0.7868324100876865, "wmean": 0.7882070486911774}, "spearman": {"mean": 0.7916154267064076, "wmean": 0.7928409074819947}}}}