{"MR": {"devacc": 78.16, "acc": 78.41, "ndev": 10662, "ntest": 10662}, "CR": {"devacc": 88.47, "acc": 88.1, "ndev": 3775, "ntest": 3775}, "SUBJ": {"devacc": 91.76, "acc": 91.38, "ndev": 10000, "ntest": 10000}, "MPQA": {"devacc": 89.17, "acc": 89.05, "ndev": 10606, "ntest": 10606}, "SST5": {"devacc": 43.51, "acc": 46.88, "ndev": 1101, "ntest": 2210}, "TREC": {"devacc": 77.58, "acc": 83.0, "ndev": 5452, "ntest": 500}, "MRPC": {"devacc": 73.97, "acc": 73.86, "f1": 81.88, "ndev": 4076, "ntest": 1725}, "STS12": {"MSRpar": {"pearson": [0.6402039912421204, 9.875722409698935e-88], "spearman": [0.6279644888710854, 1.6587882057049124e-83], "nsamples": 750}, "MSRvid": {"pearson": [0.9353885077154387, 0.0], "spearman": [0.9278896639686526, 1e-322], "nsamples": 750}, "SMTeuroparl": {"pearson": [0.5701083490829463, 6.401716943196853e-41], "spearman": [0.6268897281600931, 1.7109409526615815e-51], "nsamples": 459}, "surprise.OnWN": {"pearson": [0.7337484456784816, 1.093609542579287e-127], "spearman": [0.6869104630828836, 8.70477301658757e-106], "nsamples": 750}, "surprise.SMTnews": {"pearson": [0.6806517278257365, 1.3241596394190241e-55], "spearman": [0.6690725196685068, 4.0156987877378133e-53], "nsamples": 399}, "all": {"pearson": {"mean": 0.7120202043089447, "wmean": 0.72884989707483}, "spearman": {"mean": 0.7077453727502443, "wmean": 0.7196833277075878}}}, "STS13": {"FNWN": {"pearson": [0.5576786685538772, 7.713950614525457e-17], "spearman": [0.5712554070046302, 9.19676587530526e-18], "nsamples": 189}, "headlines": {"pearson": [0.806948376038419, 3.14246995950564e-173], "spearman": [0.8044959281643356, 2.1300314921041172e-171], "nsamples": 750}, "OnWN": {"pearson": [0.8107092149822265, 4.41747904674854e-132], "spearman": [0.8081045508968488, 1.3511949581926647e-130], "nsamples": 561}, "all": {"pearson": {"mean": 0.7251120865248408, "wmean": 0.7769469466603508}, "spearman": {"mean": 0.7279519620219381, "wmean": 0.7764572474001726}}}, "STS14": {"deft-forum": {"pearson": [0.6721470453740398, 1.8751249729377898e-60], "spearman": [0.6578565880755279, 3.96116793583416e-57], "nsamples": 450}, "deft-news": {"pearson": [0.8107813944868784, 2.78267055689554e-71], "spearman": [0.8020544838232158, 1.132893175543639e-68], "nsamples": 300}, "headlines": {"pearson": [0.7927745679948973, 5.415769927000607e-163], "spearman": [0.7725873882009533, 1.0102049531654217e-149], "nsamples": 750}, "images": {"pearson": [0.9187684585109794, 3.881579213107987e-304], "spearman": [0.8791033081383577, 6.326623148786706e-243], "nsamples": 750}, "OnWN": {"pearson": [0.861961063679658, 7.223685758188744e-223], "spearman": [0.8629867091418914, 5.449286138332916e-224], "nsamples": 750}, "tweet-news": {"pearson": [0.7766395332000473, 2.8362870648380694e-152], "spearman": [0.713954228336096, 6.811078276084917e-118], "nsamples": 750}, "all": {"pearson": {"mean": 0.8055120105410833, "wmean": 0.8155488816809514}, "spearman": {"mean": 0.781423784286007, "wmean": 0.7888334760383803}}}, "STS15": {"answers-forums": {"pearson": [0.7560162322291002, 1.2127850871777923e-70], "spearman": [0.7573523088900557, 5.0103404775996555e-71], "nsamples": 375}, "answers-students": {"pearson": [0.7314919902876453, 1.5827223411389824e-126], "spearman": [0.7314711287070608, 1.6221058874377045e-126], "nsamples": 750}, "belief": {"pearson": [0.8317813440041371, 2.2219485920799524e-97], "spearman": [0.8424288142802282, 3.2702532099983583e-102], "nsamples": 375}, "headlines": {"pearson": [0.833557183621525, 5.873720737528293e-195], "spearman": [0.8386653994213562, 1.4292704574429225e-199], "nsamples": 750}, "images": {"pearson": [0.9408173771984334, 0.0], "spearman": [0.9422709387221676, 0.0], "nsamples": 750}, "all": {"pearson": {"mean": 0.8187328254681681, "wmean": 0.8249413348060556}, "spearman": {"mean": 0.8224377180041736, "wmean": 0.8280745071089317}}}, "STS16": {"answer-answer": {"pearson": [0.7822596145342786, 1.0210205791540788e-53], "spearman": [0.7815582473727656, 1.4583454629475493e-53], "nsamples": 254}, "headlines": {"pearson": [0.7950323876862426, 1.4955909525573281e-55], "spearman": [0.7979596436136702, 3.083988192322159e-56], "nsamples": 249}, "plagiarism": {"pearson": [0.8512428687894811, 8.810980624309334e-66], "spearman": [0.8599234847211549, 1.5684125113056992e-68], "nsamples": 230}, "postediting": {"pearson": [0.8708816609724673, 1.3067833005674514e-76], "spearman": [0.8734719040525756, 1.3265283136116328e-77], "nsamples": 244}, "question-question": {"pearson": [0.7356667455419459, 7.12005113126508e-37], "spearman": [0.7442952202333365, 3.790245743836727e-38], "nsamples": 209}, "all": {"pearson": {"mean": 0.807016655504883, "wmean": 0.8083409287881201}, "spearman": {"mean": 0.8114416999987005, "wmean": 0.8125421527790453}}}}