{"MR": {"devacc": 76.95, "acc": 76.75, "ndev": 10662, "ntest": 10662}, "CR": {"devacc": 87.15, "acc": 85.69, "ndev": 3775, "ntest": 3775}, "SUBJ": {"devacc": 90.43, "acc": 89.99, "ndev": 10000, "ntest": 10000}, "MPQA": {"devacc": 87.79, "acc": 88.21, "ndev": 10606, "ntest": 10606}, "SST5": {"devacc": 41.87, "acc": 44.43, "ndev": 1101, "ntest": 2210}, "TREC": {"devacc": 71.59, "acc": 79.0, "ndev": 5452, "ntest": 500}, "MRPC": {"devacc": 72.55, "acc": 69.45, "f1": 76.16, "ndev": 4076, "ntest": 1725}, "STS12": {"MSRpar": {"pearson": [0.6411746320756709, 4.4795006284123803e-88], "spearman": [0.6188585801766378, 1.7485447950215737e-80], "nsamples": 750}, "MSRvid": {"pearson": [0.9218176614465033, 4.276512699744e-310], "spearman": [0.9138922223727175, 4.434267533266644e-295], "nsamples": 750}, "SMTeuroparl": {"pearson": [0.5529010768013984, 4.1740549593831016e-38], "spearman": [0.6091133805454367, 5.944483348181103e-48], "nsamples": 459}, "surprise.OnWN": {"pearson": [0.7275790303265295, 1.5282487745655784e-124], "spearman": [0.6869305818950637, 8.535801011940696e-106], "nsamples": 750}, "surprise.SMTnews": {"pearson": [0.6791278088846103, 2.85167804697504e-55], "spearman": [0.6653066813990716, 2.4374233954233937e-52], "nsamples": 399}, "all": {"pearson": {"mean": 0.7045200419069424, "wmean": 0.721583681751393}, "spearman": {"mean": 0.6988202892777855, "wmean": 0.7110043262168273}}}, "STS13": {"FNWN": {"pearson": [0.5547798446010141, 1.1997242158180728e-16], "spearman": [0.5655826969467406, 2.263123648064024e-17], "nsamples": 189}, "headlines": {"pearson": [0.791289921573398, 5.74702371519979e-162], "spearman": [0.7940017620983161, 7.575067622372249e-164], "nsamples": 750}, "OnWN": {"pearson": [0.7834774214521899, 1.367628273162006e-117], "spearman": [0.7787165477241307, 2.845922594598055e-115], "nsamples": 561}, "all": {"pearson": {"mean": 0.7098490625422006, "wmean": 0.7585677768295458}, "spearman": {"mean": 0.7127670022563958, "wmean": 0.7595042897132722}}}, "STS14": {"deft-forum": {"pearson": [0.6659011675557669, 5.608729834601489e-59], "spearman": [0.6594073287137692, 1.7613235867073984e-57], "nsamples": 450}, "deft-news": {"pearson": [0.7968524033786387, 3.53631832973722e-67], "spearman": [0.7916636401033634, 9.91471322603712e-66], "nsamples": 300}, "headlines": {"pearson": [0.7781579408925778, 3.038915921111979e-153], "spearman": [0.7609460152380564, 1.1209579189139112e-142], "nsamples": 750}, "images": {"pearson": [0.9084544918563827, 1.3604031208514307e-285], "spearman": [0.8664438334234731, 7.670243984415074e-228], "nsamples": 750}, "OnWN": {"pearson": [0.8333739556052462, 8.540517993342116e-195], "spearman": [0.836182781141223, 2.614061631474764e-197], "nsamples": 750}, "tweet-news": {"pearson": [0.7698581859814135, 4.9357442280707754e-148], "spearman": [0.695706362749233, 1.414099259965898e-109], "nsamples": 750}, "all": {"pearson": {"mean": 0.7920996908783376, "wmean": 0.8016252472441072}, "spearman": {"mean": 0.7683916602281863, "wmean": 0.7743177691643185}}}, "STS15": {"answers-forums": {"pearson": [0.7413395097558523, 1.3923887583559765e-66], "spearman": [0.7475016268722627, 2.9742596268775222e-68], "nsamples": 375}, "answers-students": {"pearson": [0.7074760556087292, 7.2369653678885e-115], "spearman": [0.7109404290103125, 1.7846982781876783e-116], "nsamples": 750}, "belief": {"pearson": [0.814653465360413, 2.8077985523666648e-90], "spearman": [0.8306338642999088, 7.033981414650531e-97], "nsamples": 375}, "headlines": {"pearson": [0.8207078766558714, 5.153822322557968e-184], "spearman": [0.8254622438299811, 5.860781611997418e-188], "nsamples": 750}, "images": {"pearson": [0.9356236029505471, 0.0], "spearman": [0.9361886196362214, 0.0], "nsamples": 750}, "all": {"pearson": {"mean": 0.8039601020662828, "wmean": 0.8104510056933202}, "spearman": {"mean": 0.8101453567297373, "wmean": 0.8154147595156502}}}, "STS16": {"answer-answer": {"pearson": [0.7667704052880521, 1.9970493350978407e-50], "spearman": [0.7706176732982345, 3.2143013594262876e-51], "nsamples": 254}, "headlines": {"pearson": [0.7884827666978995, 4.670611199330656e-54], "spearman": [0.7901567178269543, 1.9610188887880018e-54], "nsamples": 249}, "plagiarism": {"pearson": [0.8465884079361338, 2.228974277913484e-64], "spearman": [0.8610732402940271, 6.56793195311254e-69], "nsamples": 230}, "postediting": {"pearson": [0.8686978626592496, 8.654762895072228e-76], "spearman": [0.8729432314285277, 2.1244986303837097e-77], "nsamples": 244}, "question-question": {"pearson": [0.7424784035403449, 7.097588905576261e-38], "spearman": [0.7500823243113944, 4.957467774877594e-39], "nsamples": 209}, "all": {"pearson": {"mean": 0.8026035692243362, "wmean": 0.8034970408980118}, "spearman": {"mean": 0.8089746374318276, "wmean": 0.80969486616689}}}}