{"MR": {"devacc": 77.18, "acc": 76.77, "ndev": 10662, "ntest": 10662}, "CR": {"devacc": 87.36, "acc": 86.73, "ndev": 3775, "ntest": 3775}, "SUBJ": {"devacc": 89.98, "acc": 89.52, "ndev": 10000, "ntest": 10000}, "MPQA": {"devacc": 87.57, "acc": 87.57, "ndev": 10606, "ntest": 10606}, "SST5": {"devacc": 42.23, "acc": 44.12, "ndev": 1101, "ntest": 2210}, "TREC": {"devacc": 71.48, "acc": 80.2, "ndev": 5452, "ntest": 500}, "MRPC": {"devacc": 73.33, "acc": 72.17, "f1": 79.31, "ndev": 4076, "ntest": 1725}, "STS12": {"MSRpar": {"pearson": [0.6436955554638183, 5.671383799918472e-89], "spearman": [0.6288572770888431, 8.279051270386154e-84], "nsamples": 750}, "MSRvid": {"pearson": [0.9286020545245207, 0.0], "spearman": [0.9223125443796925, 4.3780045977294e-311], "nsamples": 750}, "SMTeuroparl": {"pearson": [0.5613278422523801, 1.8319085894333423e-39], "spearman": [0.6221879724679281, 1.5558652802431564e-50], "nsamples": 459}, "surprise.OnWN": {"pearson": [0.7274209359602564, 1.8350881312709596e-124], "spearman": [0.681868550490672, 1.1260980023442627e-103], "nsamples": 750}, "surprise.SMTnews": {"pearson": [0.675857319181329, 1.456543513830406e-54], "spearman": [0.647061722747901, 1.0591109853835053e-48], "nsamples": 399}, "all": {"pearson": {"mean": 0.7073807414764609, "wmean": 0.7246156561803858}, "spearman": {"mean": 0.7004576134350073, "wmean": 0.7138161794429204}}}, "STS13": {"FNWN": {"pearson": [0.5338069134507593, 2.5878001941408768e-15], "spearman": [0.5355480462724047, 2.0215951244437166e-15], "nsamples": 189}, "headlines": {"pearson": [0.7936726542636978, 1.2854496399923243e-163], "spearman": [0.7930446917909796, 3.51657199321834e-163], "nsamples": 750}, "OnWN": {"pearson": [0.7873799690356331, 1.5537086582421665e-119], "spearman": [0.7826683727296971, 3.4202252478522595e-117], "nsamples": 561}, "all": {"pearson": {"mean": 0.7049531789166967, "wmean": 0.7585761066459713}, "spearman": {"mean": 0.7037537035976937, "wmean": 0.7567193711267194}}}, "STS14": {"deft-forum": {"pearson": [0.640972587144301, 1.991258702040417e-53], "spearman": [0.6350781966485592, 3.445111872010378e-52], "nsamples": 450}, "deft-news": {"pearson": [0.7952302792911826, 1.0130634809622433e-66], "spearman": [0.7822646039397221, 3.2845969147089926e-63], "nsamples": 300}, "headlines": {"pearson": [0.7889642802453719, 2.236625600671082e-160], "spearman": [0.7712985348656346, 6.381662229620907e-149], "nsamples": 750}, "images": {"pearson": [0.911960412576825, 1.2230087709925796e-291], "spearman": [0.8709115231083628, 5.5528710341941435e-233], "nsamples": 750}, "OnWN": {"pearson": [0.8481035348610669, 1.5510737312804e-208], "spearman": [0.8481286370465847, 1.4654846730891115e-208], "nsamples": 750}, "tweet-news": {"pearson": [0.7531540885862882, 3.495696817669101e-138], "spearman": [0.6935232673017068, 1.2697714810041279e-108], "nsamples": 750}, "all": {"pearson": {"mean": 0.7897308637841727, "wmean": 0.8009715960545212}, "spearman": {"mean": 0.766867460485095, "wmean": 0.7755629443774626}}}, "STS15": {"answers-forums": {"pearson": [0.7335852979999531, 1.5109156467734667e-64], "spearman": [0.7317088568984397, 4.582509793664638e-64], "nsamples": 375}, "answers-students": {"pearson": [0.7281236403059042, 8.128822489251906e-125], "spearman": [0.7297999672710381, 1.15327532296928e-125], "nsamples": 750}, "belief": {"pearson": [0.8176095582763198, 1.8898383600788636e-91], "spearman": [0.829845172250076, 1.545283287592213e-96], "nsamples": 375}, "headlines": {"pearson": [0.8280498752619019, 3.720342571918417e-190], "spearman": [0.8328429399607292, 2.5206718457153247e-194], "nsamples": 750}, "images": {"pearson": [0.935752971987982, 0.0], "spearman": [0.9380934452486829, 0.0], "nsamples": 750}, "all": {"pearson": {"mean": 0.8086242687664121, "wmean": 0.8168809789234812}, "spearman": {"mean": 0.8124580763257931, "wmean": 0.8203783417636771}}}, "STS16": {"answer-answer": {"pearson": [0.7800651138512543, 3.10146086575412e-53], "spearman": [0.7810118876809066, 1.9234101920577395e-53], "nsamples": 254}, "headlines": {"pearson": [0.7907287111677572, 1.45514695839608e-54], "spearman": [0.7955606075749786, 1.126956805918077e-55], "nsamples": 249}, "plagiarism": {"pearson": [0.8368532071622925, 1.372410056316972e-61], "spearman": [0.8450262595730352, 6.435605272805683e-64], "nsamples": 230}, "postediting": {"pearson": [0.8536521188693806, 1.6627152392062294e-70], "spearman": [0.8563021923495384, 2.1590800888349054e-71], "nsamples": 244}, "question-question": {"pearson": [0.7175839650065666, 2.3263764727246233e-34], "spearman": [0.726994155467876, 1.2118978286831514e-35], "nsamples": 209}, "all": {"pearson": {"mean": 0.7957766232114502, "wmean": 0.7974455238927645}, "spearman": {"mean": 0.8009790205292671, "wmean": 0.8024512343043773}}}}