{"MR": {"devacc": 77.18, "acc": 77.62, "ndev": 10662, "ntest": 10662}, "CR": {"devacc": 87.75, "acc": 87.6, "ndev": 3775, "ntest": 3775}, "SUBJ": {"devacc": 91.02, "acc": 90.64, "ndev": 10000, "ntest": 10000}, "MPQA": {"devacc": 88.17, "acc": 88.1, "ndev": 10606, "ntest": 10606}, "SST5": {"devacc": 42.51, "acc": 43.26, "ndev": 1101, "ntest": 2210}, "TREC": {"devacc": 73.07, "acc": 82.4, "ndev": 5452, "ntest": 500}, "MRPC": {"devacc": 73.45, "acc": 72.81, "f1": 80.2, "ndev": 4076, "ntest": 1725}, "STS12": {"MSRpar": {"pearson": [0.6132136103347926, 1.167512453813297e-78], "spearman": [0.6015849131921879, 5.149921546003928e-75], "nsamples": 750}, "MSRvid": {"pearson": [0.9283930815895417, 1e-323], "spearman": [0.9208162191544755, 4.113519378997976e-308], "nsamples": 750}, "SMTeuroparl": {"pearson": [0.5765998178827008, 5.022957377264416e-42], "spearman": [0.6288178530105932, 6.84389411656549e-52], "nsamples": 459}, "surprise.OnWN": {"pearson": [0.7283966372041916, 5.920318323579491e-125], "spearman": [0.6815834381142932, 1.4781632711271867e-103], "nsamples": 750}, "surprise.SMTnews": {"pearson": [0.6973924464235127, 2.108943378020235e-59], "spearman": [0.6628585292753407, 7.761885187396536e-52], "nsamples": 399}, "all": {"pearson": {"mean": 0.7087991186869479, "wmean": 0.7224650577147798}, "spearman": {"mean": 0.699132190549378, "wmean": 0.7098122186481469}}}, "STS13": {"FNWN": {"pearson": [0.5300273525625648, 4.401541542223078e-15], "spearman": [0.5286275801108771, 5.349450888815331e-15], "nsamples": 189}, "headlines": {"pearson": [0.8034249685545614, 1.317852852749569e-170], "spearman": [0.8017527785558288, 2.217921914773902e-169], "nsamples": 750}, "OnWN": {"pearson": [0.8068354139626801, 7.0198264792012234e-130], "spearman": [0.7991229123130219, 1.2121051470482919e-125], "nsamples": 561}, "all": {"pearson": {"mean": 0.7134292450266021, "wmean": 0.7702523755222062}, "spearman": {"mean": 0.7098344236599093, "wmean": 0.7663554335769551}}}, "STS14": {"deft-forum": {"pearson": [0.6657989468299799, 5.9254435142323924e-59], "spearman": [0.6560580693489156, 1.0079572425168881e-56], "nsamples": 450}, "deft-news": {"pearson": [0.7903082070672798, 2.3317466742619935e-65], "spearman": [0.790498048637351, 2.06932546316336e-65], "nsamples": 300}, "headlines": {"pearson": [0.794477799297444, 3.5191647557353945e-164], "spearman": [0.7780740945500445, 3.4394130108800834e-153], "nsamples": 750}, "images": {"pearson": [0.9170121169906336, 8.232827387133465e-301], "spearman": [0.8776248424005315, 4.4498265818666006e-241], "nsamples": 750}, "OnWN": {"pearson": [0.8626133819623487, 1.3994060656252876e-223], "spearman": [0.8585038339278946, 3.771703801486811e-219], "nsamples": 750}, "tweet-news": {"pearson": [0.7770418712883385, 1.5720411917036191e-152], "spearman": [0.7176569991260181, 1.1620405525686235e-119], "nsamples": 750}, "all": {"pearson": {"mean": 0.8012087205726708, "wmean": 0.813349564092733}, "spearman": {"mean": 0.7797359813317924, "wmean": 0.7883387662137556}}}, "STS15": {"answers-forums": {"pearson": [0.749582588521837, 7.911968571045726e-69], "spearman": [0.7534185633099982, 6.65511507921867e-70], "nsamples": 375}, "answers-students": {"pearson": [0.7131325083413533, 1.6663008623356034e-117], "spearman": [0.7099041425589382, 5.433095807666798e-116], "nsamples": 750}, "belief": {"pearson": [0.8232415114626112, 9.629056807088578e-94], "spearman": [0.8378157967451446, 4.477852633514734e-100], "nsamples": 375}, "headlines": {"pearson": [0.8319400060611737, 1.573858675892438e-193], "spearman": [0.8368178480716609, 6.954356312799528e-198], "nsamples": 750}, "images": {"pearson": [0.9357568371716971, 0.0], "spearman": [0.9360635638486154, 0.0], "nsamples": 750}, "all": {"pearson": {"mean": 0.8107306903117344, "wmean": 0.8168103503916121}, "spearman": {"mean": 0.8148039829068715, "wmean": 0.8196006836266964}}}, "STS16": {"answer-answer": {"pearson": [0.762470918397483, 1.4758606414867087e-49], "spearman": [0.7640113209765329, 7.243656011755934e-50], "nsamples": 254}, "headlines": {"pearson": [0.7967342710570471, 5.991290560961282e-56], "spearman": [0.8009559098634719, 5.962681924531049e-57], "nsamples": 249}, "plagiarism": {"pearson": [0.8515091588573752, 7.299694522263271e-66], "spearman": [0.8607949060948938, 8.114348060118729e-69], "nsamples": 230}, "postediting": {"pearson": [0.8639045437370761, 4.884920777665519e-74], "spearman": [0.8696673043920335, 3.7549315540725636e-76], "nsamples": 244}, "question-question": {"pearson": [0.7434461216813323, 5.084888943581002e-38], "spearman": [0.7549757576035403, 8.494576957643823e-40], "nsamples": 209}, "all": {"pearson": {"mean": 0.8036130027460627, "wmean": 0.8044473030409838}, "spearman": {"mean": 0.8100810397860945, "wmean": 0.8106816872653166}}}}