{"MR": {"devacc": 77.03, "acc": 77.56, "ndev": 10662, "ntest": 10662}, "CR": {"devacc": 87.62, "acc": 86.83, "ndev": 3775, "ntest": 3775}, "SUBJ": {"devacc": 90.8, "acc": 90.75, "ndev": 10000, "ntest": 10000}, "MPQA": {"devacc": 88.38, "acc": 87.72, "ndev": 10606, "ntest": 10606}, "SST5": {"devacc": 42.6, "acc": 43.26, "ndev": 1101, "ntest": 2210}, "TREC": {"devacc": 72.19, "acc": 83.6, "ndev": 5452, "ntest": 500}, "MRPC": {"devacc": 73.67, "acc": 66.26, "f1": 70.78, "ndev": 4076, "ntest": 1725}, "STS12": {"MSRpar": {"pearson": [0.6394285066127959, 1.8534747459814434e-87], "spearman": [0.6171125881998261, 6.471228183164232e-80], "nsamples": 750}, "MSRvid": {"pearson": [0.9266965383357528, 3.755e-320], "spearman": [0.9206007137163748, 1.0903016768414278e-307], "nsamples": 750}, "SMTeuroparl": {"pearson": [0.5705990118503821, 5.291820405383449e-41], "spearman": [0.6259105323360142, 2.718040525668448e-51], "nsamples": 459}, "surprise.OnWN": {"pearson": [0.735103613685056, 2.1684328505111348e-128], "spearman": [0.6881923234702354, 2.4886045977537897e-106], "nsamples": 750}, "surprise.SMTnews": {"pearson": [0.6645384692581678, 3.509885462003409e-52], "spearman": [0.6613449149898053, 1.5798272802205406e-51], "nsamples": 399}, "all": {"pearson": {"mean": 0.707273227948431, "wmean": 0.7248961678405849}, "spearman": {"mean": 0.7026322145424512, "wmean": 0.7144783701618371}}}, "STS13": {"FNWN": {"pearson": [0.6039796049365583, 3.574252467400444e-20], "spearman": [0.6183550185835077, 2.5359047321435926e-21], "nsamples": 189}, "headlines": {"pearson": [0.8017869223311218, 2.0942525328204116e-169], "spearman": [0.7999113468050083, 4.814977709072524e-168], "nsamples": 750}, "OnWN": {"pearson": [0.7949888538832101, 1.902365665381152e-123], "spearman": [0.7921545894667166, 5.697284881273343e-122], "nsamples": 561}, "all": {"pearson": {"mean": 0.7335851270502967, "wmean": 0.7743207227398878}, "spearman": {"mean": 0.7368069849517441, "wmean": 0.7741342222045781}}}, "STS14": {"deft-forum": {"pearson": [0.6680653501238678, 1.7440396339977462e-59], "spearman": [0.6563210157004322, 8.796575280591238e-57], "nsamples": 450}, "deft-news": {"pearson": [0.7978718344387283, 1.816188274146502e-67], "spearman": [0.7861959351650738, 3.0051074251433823e-64], "nsamples": 300}, "headlines": {"pearson": [0.777828755646227, 4.939356157555303e-153], "spearman": [0.7566729828187041, 3.428418133849343e-140], "nsamples": 750}, "images": {"pearson": [0.9160026556481604, 6.227275918631519e-299], "spearman": [0.8766479485329518, 7.173974743538248e-240], "nsamples": 750}, "OnWN": {"pearson": [0.8470255216670824, 1.7582554621674174e-207], "spearman": [0.853588709360033, 4.95759733588485e-214], "nsamples": 750}, "tweet-news": {"pearson": [0.7690831292463646, 1.4747964458343833e-147], "spearman": [0.706840733355986, 1.418673228979324e-114], "nsamples": 750}, "all": {"pearson": {"mean": 0.7959795411284052, "wmean": 0.8059856012115293}, "spearman": {"mean": 0.7727112208221968, "wmean": 0.7804042715107927}}}, "STS15": {"answers-forums": {"pearson": [0.7465816006904253, 5.31915231480207e-68], "spearman": [0.7517457136634556, 1.9698591661002041e-69], "nsamples": 375}, "answers-students": {"pearson": [0.7062453951616389, 2.661326647437556e-114], "spearman": [0.7066820888576548, 1.677859601574493e-114], "nsamples": 750}, "belief": {"pearson": [0.8264541546829123, 4.353403031998831e-95], "spearman": [0.8396098749863199, 6.733020144603755e-101], "nsamples": 375}, "headlines": {"pearson": [0.8265850837766529, 6.590921026589793e-189], "spearman": [0.8326972870716436, 3.3896331222292025e-194], "nsamples": 750}, "images": {"pearson": [0.9392548087159672, 0.0], "spearman": [0.9407819988694622, 0.0], "nsamples": 750}, "all": {"pearson": {"mean": 0.8090242086055193, "wmean": 0.8146507913352319}, "spearman": {"mean": 0.8143033926897072, "wmean": 0.8189597922809121}}}, "STS16": {"answer-answer": {"pearson": [0.7559212717345533, 2.8672505943851365e-48], "spearman": [0.7573065671729029, 1.543032125223296e-48], "nsamples": 254}, "headlines": {"pearson": [0.8004236231928704, 8.000426469178182e-57], "spearman": [0.8024564848648494, 2.5907515473884856e-57], "nsamples": 249}, "plagiarism": {"pearson": [0.8443112087817126, 1.0415342449233454e-63], "spearman": [0.854075973342072, 1.1676054273105099e-66], "nsamples": 230}, "postediting": {"pearson": [0.8686869575940253, 8.736110936653829e-76], "spearman": [0.8733344994403034, 1.4995666432085203e-77], "nsamples": 244}, "question-question": {"pearson": [0.7364844214205131, 5.419007484002001e-37], "spearman": [0.74458967339172, 3.4221181359095586e-38], "nsamples": 209}, "all": {"pearson": {"mean": 0.8011654965447349, "wmean": 0.8021803751646075}, "spearman": {"mean": 0.8063526396423695, "wmean": 0.807182012027188}}}}