{"MR": {"devacc": 78.25, "acc": 78.14, "ndev": 10662, "ntest": 10662}, "CR": {"devacc": 88.08, "acc": 87.76, "ndev": 3775, "ntest": 3775}, "SUBJ": {"devacc": 91.65, "acc": 91.65, "ndev": 10000, "ntest": 10000}, "MPQA": {"devacc": 89.02, "acc": 88.63, "ndev": 10606, "ntest": 10606}, "SST5": {"devacc": 42.42, "acc": 43.67, "ndev": 1101, "ntest": 2210}, "TREC": {"devacc": 77.6, "acc": 84.4, "ndev": 5452, "ntest": 500}, "MRPC": {"devacc": 74.78, "acc": 72.81, "f1": 80.53, "ndev": 4076, "ntest": 1725}, "STS12": {"MSRpar": {"pearson": [0.6469738662850321, 3.7475702062776905e-90], "spearman": [0.6283947330470359, 1.187048144744386e-83], "nsamples": 750}, "MSRvid": {"pearson": [0.9342804981960197, 0.0], "spearman": [0.9274041276242905, 1.146e-321], "nsamples": 750}, "SMTeuroparl": {"pearson": [0.5963959910923783, 1.4892617529998902e-45], "spearman": [0.6520757884524436, 6.386556611694386e-57], "nsamples": 459}, "surprise.OnWN": {"pearson": [0.7325428210723332, 4.575231255577316e-127], "spearman": [0.689826641047273, 4.994755336539135e-107], "nsamples": 750}, "surprise.SMTnews": {"pearson": [0.6688367367080086, 4.499183196380308e-53], "spearman": [0.6605181773117859, 2.3250534539386658e-51], "nsamples": 399}, "all": {"pearson": {"mean": 0.7158059826707543, "wmean": 0.7322907036753332}, "spearman": {"mean": 0.7116438934965659, "wmean": 0.7229950662599818}}}, "STS13": {"FNWN": {"pearson": [0.5734979006623838, 6.411408832816712e-18], "spearman": [0.5867800261652047, 7.144259100041885e-19], "nsamples": 189}, "headlines": {"pearson": [0.8103759106119858, 7.826084454570666e-176], "spearman": [0.811283185821107, 1.568308377933292e-176], "nsamples": 750}, "OnWN": {"pearson": [0.807796265838078, 2.0185376132029757e-130], "spearman": [0.8045044611997946, 1.4024594454693835e-128], "nsamples": 561}, "all": {"pearson": {"mean": 0.7305566923708158, "wmean": 0.7795644942128944}, "spearman": {"mean": 0.7341892243953687, "wmean": 0.7804605446960926}}}, "STS14": {"deft-forum": {"pearson": [0.665316015416283, 7.678916153848144e-59], "spearman": [0.6526088576813992, 5.937578218322659e-56], "nsamples": 450}, "deft-news": {"pearson": [0.8021632431122474, 1.0531057686105582e-68], "spearman": [0.7938428756465797, 2.4735290680795244e-66], "nsamples": 300}, "headlines": {"pearson": [0.7951433402930993, 1.2007996237424607e-164], "spearman": [0.777260787491367, 1.1396997881297345e-152], "nsamples": 750}, "images": {"pearson": [0.9230474117261787, 1.442996071603e-312], "spearman": [0.8834874121359818, 1.506553204843696e-248], "nsamples": 750}, "OnWN": {"pearson": [0.8623949250133552, 2.426995395658773e-223], "spearman": [0.8600430185507261, 8.583931170283788e-221], "nsamples": 750}, "tweet-news": {"pearson": [0.7871025486401484, 4.056151751627803e-159], "spearman": [0.7207798774966647, 3.563260521566807e-121], "nsamples": 750}, "all": {"pearson": {"mean": 0.8058612473668854, "wmean": 0.8175486264334901}, "spearman": {"mean": 0.7813371381671197, "wmean": 0.7901347121084422}}}, "STS15": {"answers-forums": {"pearson": [0.7567365194877237, 7.53565700486357e-71], "spearman": [0.7614960803557406, 3.112719388296671e-72], "nsamples": 375}, "answers-students": {"pearson": [0.7220655011537186, 8.371279083354864e-122], "spearman": [0.7224644490316116, 5.331671685852572e-122], "nsamples": 750}, "belief": {"pearson": [0.8261417840098895, 5.8992158807740164e-95], "spearman": [0.8395531922162311, 7.150932091544104e-101], "nsamples": 375}, "headlines": {"pearson": [0.8370640121142114, 4.156113987280041e-198], "spearman": [0.8410778395181929, 8.312684144436867e-202], "nsamples": 750}, "images": {"pearson": [0.9416267991931638, 0.0], "spearman": [0.9418994229641654, 0.0], "nsamples": 750}, "all": {"pearson": {"mean": 0.8167269231917414, "wmean": 0.8230488660524751}, "spearman": {"mean": 0.8212981968171883, "wmean": 0.8264915869499888}}}, "STS16": {"answer-answer": {"pearson": [0.7722265166009266, 1.4816172057803922e-51], "spearman": [0.7733607635376379, 8.549518341454965e-52], "nsamples": 254}, "headlines": {"pearson": [0.8041714904011125, 9.904710377841245e-58], "spearman": [0.8069342362247784, 2.062361000918072e-58], "nsamples": 249}, "plagiarism": {"pearson": [0.8544638959959774, 8.824050470641203e-67], "spearman": [0.862985992702405, 1.5168669919058294e-69], "nsamples": 230}, "postediting": {"pearson": [0.8753746057336751, 2.392722327050171e-78], "spearman": [0.8796107064557454, 4.765660606521044e-80], "nsamples": 244}, "question-question": {"pearson": [0.7418846587849276, 8.702621162731081e-38], "spearman": [0.7544362080503981, 1.0339434623112178e-39], "nsamples": 209}, "all": {"pearson": {"mean": 0.8096242335033239, "wmean": 0.8107556744440587}, "spearman": {"mean": 0.8154655813941929, "wmean": 0.8163146854450406}}}}