{"MR": {"devacc": 76.71, "acc": 77.9, "ndev": 10662, "ntest": 10662}, "CR": {"devacc": 88.4, "acc": 87.84, "ndev": 3775, "ntest": 3775}, "SUBJ": {"devacc": 91.51, "acc": 91.4, "ndev": 10000, "ntest": 10000}, "MPQA": {"devacc": 88.82, "acc": 89.25, "ndev": 10606, "ntest": 10606}, "SST5": {"devacc": 41.87, "acc": 43.26, "ndev": 1101, "ntest": 2210}, "TREC": {"devacc": 77.35, "acc": 83.6, "ndev": 5452, "ntest": 500}, "MRPC": {"devacc": 73.87, "acc": 74.78, "f1": 82.49, "ndev": 4076, "ntest": 1725}, "STS12": {"MSRpar": {"pearson": [0.6493273401991897, 5.219969906169669e-91], "spearman": [0.6297660433331975, 4.071498252611688e-84], "nsamples": 750}, "MSRvid": {"pearson": [0.9306367023938302, 0.0], "spearman": [0.9243334834283053, 3.38658387e-315], "nsamples": 750}, "SMTeuroparl": {"pearson": [0.5924748854865446, 7.784038969889172e-45], "spearman": [0.6455269910291828, 1.8448669333218973e-55], "nsamples": 459}, "surprise.OnWN": {"pearson": [0.7326171128616913, 4.189965435047433e-127], "spearman": [0.6918753149778496, 6.5714403507201284e-108], "nsamples": 750}, "surprise.SMTnews": {"pearson": [0.6730427413891312, 5.828152228490144e-54], "spearman": [0.6611834270465416, 1.703855354272786e-51], "nsamples": 399}, "all": {"pearson": {"mean": 0.7156197564660773, "wmean": 0.731958137980573}, "spearman": {"mean": 0.7105370519630153, "wmean": 0.7221976214859972}}}, "STS13": {"FNWN": {"pearson": [0.5826039647736188, 1.4397094746127614e-18], "spearman": [0.5987707174877773, 9.023544269660758e-20], "nsamples": 189}, "headlines": {"pearson": [0.811241642029443, 1.6884197291191954e-176], "spearman": [0.8106882484118171, 4.50441874893634e-176], "nsamples": 750}, "OnWN": {"pearson": [0.7875167141354, 1.32582956903918e-119], "spearman": [0.7863064439101506, 5.37486141332182e-119], "nsamples": 561}, "all": {"pearson": {"mean": 0.7271207736461539, "wmean": 0.7735601716628371}, "spearman": {"mean": 0.731921803269915, "wmean": 0.7748678446317647}}}, "STS14": {"deft-forum": {"pearson": [0.6761960891088649, 1.9805980598073024e-61], "spearman": [0.6656043172737164, 6.578357879432102e-59], "nsamples": 450}, "deft-news": {"pearson": [0.7985718579552824, 1.1467748756678343e-67], "spearman": [0.7946686214679957, 1.455258277886591e-66], "nsamples": 300}, "headlines": {"pearson": [0.7944165644162557, 3.8843423096107705e-164], "spearman": [0.7748488479850464, 3.8631086531790584e-151], "nsamples": 750}, "images": {"pearson": [0.9172606628260765, 2.8138357068397658e-301], "spearman": [0.8772195614302664, 1.4142056651355228e-240], "nsamples": 750}, "OnWN": {"pearson": [0.8503551636449924, 9.15203131736951e-211], "spearman": [0.8533147420722251, 9.44173316883e-214], "nsamples": 750}, "tweet-news": {"pearson": [0.7738127730628691, 1.7313724081961085e-150], "spearman": [0.7106728081663835, 2.3802856654597072e-116], "nsamples": 750}, "all": {"pearson": {"mean": 0.8017688518357234, "wmean": 0.8121983121195253}, "spearman": {"mean": 0.7793881497326057, "wmean": 0.7866571997210698}}}, "STS15": {"answers-forums": {"pearson": [0.7467384302773522, 4.8181930564489176e-68], "spearman": [0.7478292764867263, 2.4165974095277386e-68], "nsamples": 375}, "answers-students": {"pearson": [0.7337731085175387, 1.0619695934762712e-127], "spearman": [0.7344002420495832, 5.028243011621983e-128], "nsamples": 750}, "belief": {"pearson": [0.8289795533128582, 3.6486699807246995e-96], "spearman": [0.8398679187259578, 5.117086620382811e-101], "nsamples": 375}, "headlines": {"pearson": [0.8333456953912847, 9.047753039514967e-195], "spearman": [0.8386815269645312, 1.3813168708228136e-199], "nsamples": 750}, "images": {"pearson": [0.9420304271856033, 0.0], "spearman": [0.9417379440244573, 0.0], "nsamples": 750}, "all": {"pearson": {"mean": 0.8169734429369274, "wmean": 0.824252055722383}, "spearman": {"mean": 0.8205033816502512, "wmean": 0.8271670776612284}}}, "STS16": {"answer-answer": {"pearson": [0.7696430714205177, 5.122802050765014e-51], "spearman": [0.7707694570961343, 2.9886259943040764e-51], "nsamples": 254}, "headlines": {"pearson": [0.8028496723370782, 2.079950553402371e-57], "spearman": [0.8028739457936428, 2.0519090341465605e-57], "nsamples": 249}, "plagiarism": {"pearson": [0.8485467555439511, 5.8012008836759285e-65], "spearman": [0.8582353842342394, 5.551806735308752e-68], "nsamples": 230}, "postediting": {"pearson": [0.871594725201666, 6.996225489486058e-77], "spearman": [0.8756971885049871, 1.7847419852061845e-78], "nsamples": 244}, "question-question": {"pearson": [0.723038797155027, 4.2588298723344893e-35], "spearman": [0.7278034797975893, 9.345462332122297e-36], "nsamples": 209}, "all": {"pearson": {"mean": 0.8031346043316481, "wmean": 0.8046786542010623}, "spearman": {"mean": 0.8070758910853186, "wmean": 0.8084875499593788}}}}