{"MR": {"devacc": 77.39, "acc": 77.78, "ndev": 10662, "ntest": 10662}, "CR": {"devacc": 88.06, "acc": 87.52, "ndev": 3775, "ntest": 3775}, "SUBJ": {"devacc": 91.54, "acc": 91.33, "ndev": 10000, "ntest": 10000}, "MPQA": {"devacc": 88.95, "acc": 87.79, "ndev": 10606, "ntest": 10606}, "SST5": {"devacc": 41.05, "acc": 44.39, "ndev": 1101, "ntest": 2210}, "TREC": {"devacc": 78.49, "acc": 85.4, "ndev": 5452, "ntest": 500}, "MRPC": {"devacc": 74.78, "acc": 72.93, "f1": 82.1, "ndev": 4076, "ntest": 1725}, "STS12": {"MSRpar": {"pearson": [0.6413777524427368, 3.795104624315703e-88], "spearman": [0.6188297428402736, 1.786867085510173e-80], "nsamples": 750}, "MSRvid": {"pearson": [0.9310181109002692, 0.0], "spearman": [0.9242395205868867, 5.289937906e-315], "nsamples": 750}, "SMTeuroparl": {"pearson": [0.5749218997287546, 9.750599219623733e-42], "spearman": [0.6376992992200595, 9.237856955247554e-54], "nsamples": 459}, "surprise.OnWN": {"pearson": [0.7261362411750626, 8.078152877856103e-124], "spearman": [0.6882435930154848, 2.366720878390806e-106], "nsamples": 750}, "surprise.SMTnews": {"pearson": [0.675656460060781, 1.608870831301708e-54], "spearman": [0.6680783615159231, 6.48080283716139e-53], "nsamples": 399}, "all": {"pearson": {"mean": 0.7098220928615209, "wmean": 0.7263111833746144}, "spearman": {"mean": 0.7074181034357256, "wmean": 0.7183886380047761}}}, "STS13": {"FNWN": {"pearson": [0.5958371213816287, 1.5089935796765029e-19], "spearman": [0.601181559029268, 5.890349407682371e-20], "nsamples": 189}, "headlines": {"pearson": [0.8117652709580242, 6.651876936166755e-177], "spearman": [0.8110826488096372, 2.2390423324697608e-176], "nsamples": 750}, "OnWN": {"pearson": [0.8011292385637997, 9.98334509557802e-127], "spearman": [0.798822119551086, 1.7580572404235926e-125], "nsamples": 561}, "all": {"pearson": {"mean": 0.7362438769678176, "wmean": 0.7805804479959584}, "spearman": {"mean": 0.7370287757966637, "wmean": 0.7800496735546126}}}, "STS14": {"deft-forum": {"pearson": [0.6680286249579658, 1.7791018168780203e-59], "spearman": [0.6587298807457604, 2.5110891895406036e-57], "nsamples": 450}, "deft-news": {"pearson": [0.8035687528037265, 4.081333394833622e-69], "spearman": [0.7953844162285546, 9.170255998858574e-67], "nsamples": 300}, "headlines": {"pearson": [0.7898767993182714, 5.3464938430232465e-161], "spearman": [0.7694692609164409, 8.553273553674e-148], "nsamples": 750}, "images": {"pearson": [0.9186191494226872, 7.494028591953056e-304], "spearman": [0.8790630592902645, 7.108508951634652e-243], "nsamples": 750}, "OnWN": {"pearson": [0.8533670162292071, 8.3504996367884e-214], "spearman": [0.85440739746641, 7.174529091563351e-215], "nsamples": 750}, "tweet-news": {"pearson": [0.7767026628613379, 2.58566660907232e-152], "spearman": [0.7139473233903894, 6.862565374697096e-118], "nsamples": 750}, "all": {"pearson": {"mean": 0.8016938342655325, "wmean": 0.8121620607855546}, "spearman": {"mean": 0.7785002230063034, "wmean": 0.7860557472004767}}}, "STS15": {"answers-forums": {"pearson": [0.7629368337380463, 1.168916825182663e-72], "spearman": [0.7643815505054486, 4.3471057529121916e-73], "nsamples": 375}, "answers-students": {"pearson": [0.7223572983656903, 6.018943056601227e-122], "spearman": [0.7222034088145485, 7.16312394718005e-122], "nsamples": 750}, "belief": {"pearson": [0.8331726713988785, 5.430153060925275e-98], "spearman": [0.8459132047237872, 7.15589631462668e-104], "nsamples": 375}, "headlines": {"pearson": [0.8340692950374784, 2.0581805794116425e-195], "spearman": [0.8402015456347232, 5.445262791725788e-201], "nsamples": 750}, "images": {"pearson": [0.9407862760366551, 0.0], "spearman": [0.9412947347648042, 0.0], "nsamples": 750}, "all": {"pearson": {"mean": 0.8186644749153498, "wmean": 0.8238169055020715}, "spearman": {"mean": 0.8227988888886623, "wmean": 0.8272117667071734}}}, "STS16": {"answer-answer": {"pearson": [0.7807088415120541, 2.241815288589188e-53], "spearman": [0.7815961580452618, 1.4305608790136616e-53], "nsamples": 254}, "headlines": {"pearson": [0.7992770827926516, 1.5024764796761492e-56], "spearman": [0.8018046289893935, 3.72450686318696e-57], "nsamples": 249}, "plagiarism": {"pearson": [0.8560671197404128, 2.749312022010446e-67], "spearman": [0.8687538079139432, 1.5915185578743422e-71], "nsamples": 230}, "postediting": {"pearson": [0.8690188596167772, 6.568950748661407e-76], "spearman": [0.8729122316074663, 2.183844157733537e-77], "nsamples": 244}, "question-question": {"pearson": [0.7444465398162379, 3.596433189856871e-38], "spearman": [0.7502242405710298, 4.71294169613005e-39], "nsamples": 209}, "all": {"pearson": {"mean": 0.8099036886956268, "wmean": 0.8109994987081065}, "spearman": {"mean": 0.815058213425419, "wmean": 0.815999665576416}}}}