{"MR": {"devacc": 77.42, "acc": 76.9, "ndev": 10662, "ntest": 10662}, "CR": {"devacc": 88.05, "acc": 87.05, "ndev": 3775, "ntest": 3775}, "SUBJ": {"devacc": 91.02, "acc": 91.17, "ndev": 10000, "ntest": 10000}, "MPQA": {"devacc": 88.71, "acc": 87.47, "ndev": 10606, "ntest": 10606}, "SST5": {"devacc": 43.05, "acc": 45.16, "ndev": 1101, "ntest": 2210}, "TREC": {"devacc": 74.29, "acc": 84.8, "ndev": 5452, "ntest": 500}, "MRPC": {"devacc": 72.99, "acc": 73.22, "f1": 81.72, "ndev": 4076, "ntest": 1725}, "STS12": {"MSRpar": {"pearson": [0.6328841224624575, 3.5022671857532783e-85], "spearman": [0.6157932497999486, 1.7300478636268598e-79], "nsamples": 750}, "MSRvid": {"pearson": [0.9308790342526214, 0.0], "spearman": [0.924336322379427, 3.34122644e-315], "nsamples": 750}, "SMTeuroparl": {"pearson": [0.5689786004534658, 9.912113033683757e-41], "spearman": [0.6234567058264272, 8.607435198466442e-51], "nsamples": 459}, "surprise.OnWN": {"pearson": [0.7258954640154831, 1.0654600094711924e-123], "spearman": [0.682215726195735, 8.082198275698183e-104], "nsamples": 750}, "surprise.SMTnews": {"pearson": [0.6679883983939768, 6.767050691136017e-53], "spearman": [0.6616334919727578, 1.3800801611972872e-51], "nsamples": 399}, "all": {"pearson": {"mean": 0.705325123915601, "wmean": 0.7223077587243433}, "spearman": {"mean": 0.7014870992348591, "wmean": 0.7132938754996119}}}, "STS13": {"FNWN": {"pearson": [0.5592326425363828, 6.076953557537721e-17], "spearman": [0.5748594518269448, 5.143259907474235e-18], "nsamples": 189}, "headlines": {"pearson": [0.8037071336823239, 8.162276535096989e-171], "spearman": [0.8013607143423013, 4.2826747648323546e-169], "nsamples": 750}, "OnWN": {"pearson": [0.7967045743752216, 2.3669798899677003e-124], "spearman": [0.79481079848539, 2.359003094116182e-123], "nsamples": 561}, "all": {"pearson": {"mean": 0.7198814501979761, "wmean": 0.7702843906170791}, "spearman": {"mean": 0.723676988218212, "wmean": 0.7703718867348817}}}, "STS14": {"deft-forum": {"pearson": [0.6687303242731484, 1.2156793404552563e-59], "spearman": [0.6572693399998827, 5.377388453487407e-57], "nsamples": 450}, "deft-news": {"pearson": [0.8018538321526026, 1.2961409505403936e-68], "spearman": [0.7909816529640378, 1.5257928491722262e-65], "nsamples": 300}, "headlines": {"pearson": [0.7871657229923423, 3.678039006965531e-159], "spearman": [0.7666509216808677, 4.451406160316813e-146], "nsamples": 750}, "images": {"pearson": [0.9166469978542229, 3.961284104231527e-300], "spearman": [0.8762406711413291, 2.270458427225473e-239], "nsamples": 750}, "OnWN": {"pearson": [0.8559290801995847, 1.9129214001230354e-216], "spearman": [0.8570448141236708, 1.3060845523304936e-217], "nsamples": 750}, "tweet-news": {"pearson": [0.7808095248525259, 5.890747247410075e-155], "spearman": [0.7178390858261335, 9.496089970077536e-120], "nsamples": 750}, "all": {"pearson": {"mean": 0.8018559137207378, "wmean": 0.8125062106647212}, "spearman": {"mean": 0.7776710809559869, "wmean": 0.7857059515915092}}}, "STS15": {"answers-forums": {"pearson": [0.7464498930881356, 5.779561249501352e-68], "spearman": [0.7474450109742602, 3.0828074092252575e-68], "nsamples": 375}, "answers-students": {"pearson": [0.7252229672894941, 2.304884665555153e-123], "spearman": [0.7263212866846345, 6.528712388313351e-124], "nsamples": 750}, "belief": {"pearson": [0.8335297330055081, 3.774506875912504e-98], "spearman": [0.8410617995709514, 1.428287609593223e-101], "nsamples": 375}, "headlines": {"pearson": [0.8308615683158787, 1.3830446212628147e-192], "spearman": [0.836470285809999, 1.4364272830574567e-197], "nsamples": 750}, "images": {"pearson": [0.9376637087443891, 0.0], "spearman": [0.9386958485757118, 0.0], "nsamples": 750}, "all": {"pearson": {"mean": 0.8147455740886811, "wmean": 0.8209345143491458}, "spearman": {"mean": 0.8179988463231114, "wmean": 0.8239352065857377}}}, "STS16": {"answer-answer": {"pearson": [0.7528302930586948, 1.125741403744757e-47], "spearman": [0.7460303721448015, 2.126822339773874e-46], "nsamples": 254}, "headlines": {"pearson": [0.7989040328587784, 1.8427943972157557e-56], "spearman": [0.8029896033008289, 1.9233526034385866e-57], "nsamples": 249}, "plagiarism": {"pearson": [0.8514088215363133, 7.836374035457748e-66], "spearman": [0.8612490852639959, 5.745301904805421e-69], "nsamples": 230}, "postediting": {"pearson": [0.864835228815843, 2.2596124038613264e-74], "spearman": [0.8684130683885471, 1.104697640676386e-75], "nsamples": 244}, "question-question": {"pearson": [0.73181106519913, 2.544947058931187e-36], "spearman": [0.7393120851544396, 2.091611997064162e-37], "nsamples": 209}, "all": {"pearson": {"mean": 0.7999578882937519, "wmean": 0.8009598111549581}, "spearman": {"mean": 0.8035988428505225, "wmean": 0.8043275125139026}}}}