{"MR": {"devacc": 76.78, "acc": 77.22, "ndev": 10662, "ntest": 10662}, "CR": {"devacc": 87.72, "acc": 87.02, "ndev": 3775, "ntest": 3775}, "SUBJ": {"devacc": 90.03, "acc": 89.9, "ndev": 10000, "ntest": 10000}, "MPQA": {"devacc": 87.73, "acc": 87.87, "ndev": 10606, "ntest": 10606}, "SST5": {"devacc": 42.78, "acc": 43.39, "ndev": 1101, "ntest": 2210}, "TREC": {"devacc": 71.85, "acc": 79.0, "ndev": 5452, "ntest": 500}, "MRPC": {"devacc": 73.09, "acc": 67.77, "f1": 74.43, "ndev": 4076, "ntest": 1725}, "STS12": {"MSRpar": {"pearson": [0.6349783312354665, 6.635817265777645e-86], "spearman": [0.6199227860262089, 7.843739066093658e-81], "nsamples": 750}, "MSRvid": {"pearson": [0.9269600625917166, 1.0277e-320], "spearman": [0.917938984597781, 1.4768216083537686e-302], "nsamples": 750}, "SMTeuroparl": {"pearson": [0.5529029115581133, 4.1712551295866353e-38], "spearman": [0.6066577500882253, 1.7610152335581e-47], "nsamples": 459}, "surprise.OnWN": {"pearson": [0.7300482960501046, 8.624915270921395e-126], "spearman": [0.6891957899020528, 9.295616002172334e-107], "nsamples": 750}, "surprise.SMTnews": {"pearson": [0.668335202463576, 5.728003502930425e-53], "spearman": [0.6631964667495794, 6.6192975256804165e-52], "nsamples": 399}, "all": {"pearson": {"mean": 0.7026449607797953, "wmean": 0.7205399612600085}, "spearman": {"mean": 0.6993823554727696, "wmean": 0.7121507297033813}}}, "STS13": {"FNWN": {"pearson": [0.5286090556509607, 5.363244051418748e-15], "spearman": [0.5427280063547673, 7.192775386360508e-16], "nsamples": 189}, "headlines": {"pearson": [0.7919970477791836, 1.8703210588933183e-162], "spearman": [0.7901657902076605, 3.3930393190220302e-161], "nsamples": 750}, "OnWN": {"pearson": [0.7863764339794814, 4.958171117541462e-119], "spearman": [0.7839860063035947, 7.670845534394385e-118], "nsamples": 561}, "all": {"pearson": {"mean": 0.7023275124698752, "wmean": 0.7567080512099389}, "spearman": {"mean": 0.7056266009553408, "wmean": 0.7566773902620753}}}, "STS14": {"deft-forum": {"pearson": [0.6420559994869766, 1.1711269604633358e-53], "spearman": [0.6365673075176773, 1.6864380657441912e-52], "nsamples": 450}, "deft-news": {"pearson": [0.7949958081267392, 1.1785954232391477e-66], "spearman": [0.7888683691482924, 5.743944386761814e-65], "nsamples": 300}, "headlines": {"pearson": [0.773151845531293, 4.4890186105318074e-150], "spearman": [0.749454506959881, 4.157449608355808e-136], "nsamples": 750}, "images": {"pearson": [0.9111074036183544, 3.815160080565057e-290], "spearman": [0.8723316236223105, 1.1757233036410342e-234], "nsamples": 750}, "OnWN": {"pearson": [0.8492715750381407, 1.0935128265883668e-209], "spearman": [0.8467232322914641, 3.461792231366918e-207], "nsamples": 750}, "tweet-news": {"pearson": [0.751751762551844, 2.160194129789273e-137], "spearman": [0.6926778372307388, 2.955220185446276e-108], "nsamples": 750}, "all": {"pearson": {"mean": 0.7870557323922247, "wmean": 0.7977029019365026}, "spearman": {"mean": 0.7644371461283942, "wmean": 0.7717349864548635}}}, "STS15": {"answers-forums": {"pearson": [0.7287876171930714, 2.530567965059819e-63], "spearman": [0.729996957370003, 1.2507621780949164e-63], "nsamples": 375}, "answers-students": {"pearson": [0.7185072102869, 4.521068416966963e-120], "spearman": [0.7191468015710671, 2.2172870232457832e-120], "nsamples": 750}, "belief": {"pearson": [0.8162783009914587, 6.409428238563471e-91], "spearman": [0.8312285290463631, 3.8753641940813676e-97], "nsamples": 375}, "headlines": {"pearson": [0.8249387527492955, 1.6146546124308307e-187], "spearman": [0.8304365570822319, 3.2432516146235314e-192], "nsamples": 750}, "images": {"pearson": [0.9323043917277729, 0.0], "spearman": [0.9347243036388555, 0.0], "nsamples": 750}, "all": {"pearson": {"mean": 0.8041632545896997, "wmean": 0.8120708284640585}, "spearman": {"mean": 0.8091066297417042, "wmean": 0.8162301013750843}}}, "STS16": {"answer-answer": {"pearson": [0.7566461034569573, 2.0744063930807164e-48], "spearman": [0.7536846112564638, 7.729496373277504e-48], "nsamples": 254}, "headlines": {"pearson": [0.790912086661998, 1.3221495145388762e-54], "spearman": [0.7971187375589104, 4.866812675115069e-56], "nsamples": 249}, "plagiarism": {"pearson": [0.8481049173365857, 7.872840075440026e-65], "spearman": [0.8539412488624752, 1.286633278906601e-66], "nsamples": 230}, "postediting": {"pearson": [0.8693165522216177, 5.083326057849431e-76], "spearman": [0.8751777320439573, 2.8603586123501925e-78], "nsamples": 244}, "question-question": {"pearson": [0.73536165529351, 7.881494622694147e-37], "spearman": [0.7423739953977059, 7.356950420581218e-38], "nsamples": 209}, "all": {"pearson": {"mean": 0.8000682629941338, "wmean": 0.8010060502046692}, "spearman": {"mean": 0.8044592650239025, "wmean": 0.8052482932601399}}}}