{"MR": {"devacc": 65.88, "acc": 63.49, "ndev": 10662, "ntest": 10662}, "CR": {"devacc": 75.44, "acc": 73.78, "ndev": 3775, "ntest": 3775}, "SUBJ": {"devacc": 87.55, "acc": 87.4, "ndev": 10000, "ntest": 10000}, "MPQA": {"devacc": 85.91, "acc": 86.27, "ndev": 10606, "ntest": 10606}, "SST5": {"devacc": 37.6, "acc": 35.97, "ndev": 1101, "ntest": 2210}, "TREC": {"devacc": 69.92, "acc": 81.2, "ndev": 5452, "ntest": 500}, "MRPC": {"devacc": 72.4, "acc": 72.0, "f1": 79.7, "ndev": 4076, "ntest": 1725}, "STS12": {"MSRpar": {"pearson": [0.3804600468404755, 3.0480382122061875e-27], "spearman": [0.39510760809672385, 1.976755485225109e-29], "nsamples": 750}, "MSRvid": {"pearson": [0.7337823076792527, 1.0504029405968177e-127], "spearman": [0.7448739122431512, 1.375224667407637e-133], "nsamples": 750}, "SMTeuroparl": {"pearson": [0.5927125317185901, 7.04619946315534e-45], "spearman": [0.6611013340459685, 5.391925651461488e-59], "nsamples": 459}, "surprise.OnWN": {"pearson": [0.6153892398327695, 2.3357787286103102e-79], "spearman": [0.6576827468345519, 4.130173678595982e-94], "nsamples": 750}, "surprise.SMTnews": {"pearson": [0.6325078569341537, 5.663707601975246e-46], "spearman": [0.5660119859767037, 3.575366473933394e-35], "nsamples": 399}, "all": {"pearson": {"mean": 0.5909703966010483, "wmean": 0.5861162750128487}, "spearman": {"mean": 0.6049555174394199, "wmean": 0.6040966843991713}}}, "STS13": {"FNWN": {"pearson": [0.25382709119313174, 0.0004246146244201458], "spearman": [0.2812773194494331, 8.828314515548383e-05], "nsamples": 189}, "headlines": {"pearson": [0.6949959781506009, 2.8947382526079593e-109], "spearman": [0.6910103557983907, 1.5504573559834895e-107], "nsamples": 750}, "OnWN": {"pearson": [0.47709640034529227, 3.129407126433138e-33], "spearman": [0.49763251996464525, 1.9502718863999516e-36], "nsamples": 561}, "all": {"pearson": {"mean": 0.47530648989634167, "wmean": 0.5579142562947744}, "spearman": {"mean": 0.4899733984041563, "wmean": 0.5670606826166013}}}, "STS14": {"deft-forum": {"pearson": [0.440640585993175, 8.458523082753448e-23], "spearman": [0.4389984045083214, 1.2679736464901039e-22], "nsamples": 450}, "deft-news": {"pearson": [0.7615975775868985, 4.376107302187566e-58], "spearman": [0.7404075503620684, 2.40060661035758e-53], "nsamples": 300}, "headlines": {"pearson": [0.672894523786412, 5.089605393717089e-100], "spearman": [0.6597294975888027, 6.93384332893304e-95], "nsamples": 750}, "images": {"pearson": [0.7077599791990479, 5.353801644362986e-115], "spearman": [0.7061125701941511, 3.0616895640210267e-114], "nsamples": 750}, "OnWN": {"pearson": [0.6088177356343609, 2.9023093720533327e-77], "spearman": [0.6633246942926508, 2.916135166522113e-96], "nsamples": 750}, "tweet-news": {"pearson": [0.7112163094517985, 1.325839107133167e-116], "spearman": [0.670306032509004, 5.458847896957121e-99], "nsamples": 750}, "all": {"pearson": {"mean": 0.6504877852752822, "wmean": 0.6539423861404569}, "spearman": {"mean": 0.646479791575833, "wmean": 0.6518069714868857}}}, "STS15": {"answers-forums": {"pearson": [0.6107637490921007, 1.033266587880121e-39], "spearman": [0.5977269206223648, 1.0804872074450366e-37], "nsamples": 375}, "answers-students": {"pearson": [0.7537089289852309, 1.6947778846342956e-138], "spearman": [0.7619631135213653, 2.820033580124032e-143], "nsamples": 750}, "belief": {"pearson": [0.7294622352214721, 1.7088312599222828e-63], "spearman": [0.7267369535900092, 8.287256810281909e-63], "nsamples": 375}, "headlines": {"pearson": [0.7075754621000178, 6.51247580510686e-115], "spearman": [0.7203517328300352, 5.761732457452529e-121], "nsamples": 750}, "images": {"pearson": [0.7771526074753419, 1.3360774727231403e-152], "spearman": [0.7860258988671687, 2.1387593993766473e-158], "nsamples": 750}, "all": {"pearson": {"mean": 0.7157325965748326, "wmean": 0.7271374976793443}, "spearman": {"mean": 0.7185609238861888, "wmean": 0.7326431705811889}}}, "STS16": {"answer-answer": {"pearson": [0.6605452687409402, 3.2272336671412096e-33], "spearman": [0.6655631114050277, 7.174293972951755e-34], "nsamples": 254}, "headlines": {"pearson": [0.7246663159421453, 7.927887578989346e-42], "spearman": [0.7295917583343998, 1.2051716946558792e-42], "nsamples": 249}, "plagiarism": {"pearson": [0.7752538871660061, 2.189834072253188e-47], "spearman": [0.8206674728783934, 2.4594871728615455e-57], "nsamples": 230}, "postediting": {"pearson": [0.8683384191075588, 1.177561893021352e-75], "spearman": [0.864662090040111, 2.609221684350877e-74], "nsamples": 244}, "question-question": {"pearson": [0.5282360503332915, 2.0399079967523673e-16], "spearman": [0.5067073191140601, 4.9565066602252115e-15], "nsamples": 209}, "all": {"pearson": {"mean": 0.7114079882579885, "wmean": 0.7156869424619533}, "spearman": {"mean": 0.7174383503543983, "wmean": 0.7220525097376043}}}}