{"MR": {"devacc": 66.9, "acc": 67.41, "ndev": 10662, "ntest": 10662}, "CR": {"devacc": 77.72, "acc": 74.97, "ndev": 3775, "ntest": 3775}, "SUBJ": {"devacc": 89.51, "acc": 88.02, "ndev": 10000, "ntest": 10000}, "MPQA": {"devacc": 86.92, "acc": 86.37, "ndev": 10606, "ntest": 10606}, "SST5": {"devacc": 37.33, "acc": 40.05, "ndev": 1101, "ntest": 2210}, "TREC": {"devacc": 76.82, "acc": 85.0, "ndev": 5452, "ntest": 500}, "MRPC": {"devacc": 72.94, "acc": 71.65, "f1": 77.68, "ndev": 4076, "ntest": 1725}, "STS12": {"MSRpar": {"pearson": [0.39910974537589317, 4.7720367412106745e-30], "spearman": [0.4107419322312134, 6.856953929219114e-32], "nsamples": 750}, "MSRvid": {"pearson": [0.7496297237453741, 3.321711532629243e-136], "spearman": [0.7609752818643282, 1.077421451167642e-142], "nsamples": 750}, "SMTeuroparl": {"pearson": [0.5792349445917548, 1.7586525266391922e-42], "spearman": [0.6630946313698626, 1.8367898096709272e-59], "nsamples": 459}, "surprise.OnWN": {"pearson": [0.6348566149061692, 7.312009223802399e-86], "spearman": [0.6660856648559401, 2.482592344504449e-97], "nsamples": 750}, "surprise.SMTnews": {"pearson": [0.6503756670166172, 2.4140734818377557e-49], "spearman": [0.5709804132603326, 6.761366471729117e-36], "nsamples": 399}, "all": {"pearson": {"mean": 0.6026413391271618, "wmean": 0.5994420185739456}, "spearman": {"mean": 0.6143755847163355, "wmean": 0.6147148583987294}}}, "STS13": {"FNWN": {"pearson": [0.20812747966715958, 0.004055191373524221], "spearman": [0.2299253255063521, 0.0014589263709244848], "nsamples": 189}, "headlines": {"pearson": [0.7152791660458501, 1.5989536178547936e-118], "spearman": [0.7184373477010766, 4.886374382465786e-120], "nsamples": 750}, "OnWN": {"pearson": [0.495366574349727, 4.513708258819414e-36], "spearman": [0.5163611613703296, 1.482486214149689e-39], "nsamples": 561}, "all": {"pearson": {"mean": 0.4729244066875789, "wmean": 0.569130744267785}, "spearman": {"mean": 0.48824127819258606, "wmean": 0.581308339216842}}}, "STS14": {"deft-forum": {"pearson": [0.45722438298949153, 1.2509079426442139e-24], "spearman": [0.45562893398604953, 1.8953005795334144e-24], "nsamples": 450}, "deft-news": {"pearson": [0.7611575658059616, 5.552566016769889e-58], "spearman": [0.7450557648457476, 2.4046260802680298e-54], "nsamples": 300}, "headlines": {"pearson": [0.6889013571810922, 1.2414989955770636e-106], "spearman": [0.6743651404210894, 1.3079027038018848e-100], "nsamples": 750}, "images": {"pearson": [0.7276932245488228, 1.3389422038481902e-124], "spearman": [0.7328860513514579, 3.046551232362866e-127], "nsamples": 750}, "OnWN": {"pearson": [0.6258743785942886, 8.366085921547437e-83], "spearman": [0.6793110751095598, 1.2780705319002041e-102], "nsamples": 750}, "tweet-news": {"pearson": [0.7180515523119346, 7.50157426565083e-120], "spearman": [0.6736240305945413, 2.596482201532895e-100], "nsamples": 750}, "all": {"pearson": {"mean": 0.6631504102385987, "wmean": 0.6678636337504436}, "spearman": {"mean": 0.6601451660514076, "wmean": 0.6663171927613154}}}, "STS15": {"answers-forums": {"pearson": [0.625631724352573, 3.922816954093991e-42], "spearman": [0.613881664254828, 3.2903682296463832e-40], "nsamples": 375}, "answers-students": {"pearson": [0.7481180455779533, 2.2886569863772462e-135], "spearman": [0.7538098805716753, 1.4853013047804548e-138], "nsamples": 750}, "belief": {"pearson": [0.7313922429603279, 5.520868672845945e-64], "spearman": [0.7362624011377005, 3.0523951536316575e-65], "nsamples": 375}, "headlines": {"pearson": [0.7273647237995085, 1.9583815765812496e-124], "spearman": [0.7414559611245951, 9.626606155485488e-132], "nsamples": 750}, "images": {"pearson": [0.799645617112616, 7.487295104606004e-168], "spearman": [0.808128763044264, 4.0413696525426464e-174], "nsamples": 750}, "all": {"pearson": {"mean": 0.7264304707605957, "wmean": 0.7384100925366319}, "spearman": {"mean": 0.7307077340266126, "wmean": 0.7446166593591996}}}, "STS16": {"answer-answer": {"pearson": [0.6817874113319754, 4.516045005199895e-36], "spearman": [0.6793087035710279, 1.0004613095536357e-35], "nsamples": 254}, "headlines": {"pearson": [0.7252704640183691, 6.30620294607986e-42], "spearman": [0.7349308441873874, 1.4915617188926591e-43], "nsamples": 249}, "plagiarism": {"pearson": [0.7918718956321238, 9.759371809639754e-51], "spearman": [0.831750920902179, 3.365464395186889e-60], "nsamples": 230}, "postediting": {"pearson": [0.8674619322178271, 2.485588839047958e-75], "spearman": [0.8669024554865524, 3.993181590104848e-75], "nsamples": 244}, "question-question": {"pearson": [0.4920532770938262, 3.837043898365015e-14], "spearman": [0.4716814490531899, 5.639615242768389e-13], "nsamples": 209}, "all": {"pearson": {"mean": 0.7116889960588244, "wmean": 0.7170292836324145}, "spearman": {"mean": 0.7169148746400673, "wmean": 0.7225552484890703}}}}