{"MR": {"devacc": 67.15, "acc": 67.09, "ndev": 10662, "ntest": 10662}, "CR": {"devacc": 76.68, "acc": 75.1, "ndev": 3775, "ntest": 3775}, "SUBJ": {"devacc": 88.61, "acc": 87.98, "ndev": 10000, "ntest": 10000}, "MPQA": {"devacc": 86.54, "acc": 86.77, "ndev": 10606, "ntest": 10606}, "SST5": {"devacc": 35.6, "acc": 36.56, "ndev": 1101, "ntest": 2210}, "TREC": {"devacc": 77.38, "acc": 86.6, "ndev": 5452, "ntest": 500}, "MRPC": {"devacc": 73.72, "acc": 72.17, "f1": 79.15, "ndev": 4076, "ntest": 1725}, "STS12": {"MSRpar": {"pearson": [0.3872629103324391, 3.0306591762651725e-28], "spearman": [0.40219718890157014, 1.5730020614787133e-30], "nsamples": 750}, "MSRvid": {"pearson": [0.7450994577780903, 1.0365249541236489e-133], "spearman": [0.7559737906178171, 8.64745819875467e-140], "nsamples": 750}, "SMTeuroparl": {"pearson": [0.5975179862199957, 9.2391319082439e-46], "spearman": [0.6729170702220515, 8.051477177629914e-62], "nsamples": 459}, "surprise.OnWN": {"pearson": [0.6335847223218912, 2.0103822180823027e-85], "spearman": [0.6662413688761096, 2.158869916024775e-97], "nsamples": 750}, "surprise.SMTnews": {"pearson": [0.6183753716765925, 1.846443411353434e-43], "spearman": [0.5357660699581075, 5.051610045877566e-31], "nsamples": 399}, "all": {"pearson": {"mean": 0.5963680896658017, "wmean": 0.5937750472323855}, "spearman": {"mean": 0.6066190977151311, "wmean": 0.6084134036170621}}}, "STS13": {"FNWN": {"pearson": [0.26126835063862186, 0.00028200149634399107], "spearman": [0.29994307744491344, 2.7512628744632415e-05], "nsamples": 189}, "headlines": {"pearson": [0.7168688284300838, 2.77929219846258e-119], "spearman": [0.7187289380252956, 3.5324180703804224e-120], "nsamples": 750}, "OnWN": {"pearson": [0.47669501402685954, 3.59727131474137e-33], "spearman": [0.49899599349732, 1.1735064019280018e-36], "nsamples": 561}, "all": {"pearson": {"mean": 0.4849440643651884, "wmean": 0.5696381616415537}, "spearman": {"mean": 0.5058893363225098, "wmean": 0.5837817983387046}}}, "STS14": {"deft-forum": {"pearson": [0.46100280174375213, 4.6351328558447685e-25], "spearman": [0.4595356392480789, 6.825294348072226e-25], "nsamples": 450}, "deft-news": {"pearson": [0.7669862187592922, 2.2712937584793547e-59], "spearman": [0.7408075140389104, 1.9732439378979262e-53], "nsamples": 300}, "headlines": {"pearson": [0.6816214483038795, 1.425539836411898e-103], "spearman": [0.6711811283912942, 2.4542406282401533e-99], "nsamples": 750}, "images": {"pearson": [0.7252990486235663, 2.1124537166427138e-123], "spearman": [0.7258154166534435, 1.1680946119370605e-123], "nsamples": 750}, "OnWN": {"pearson": [0.6158967457742661, 1.6018785728246744e-79], "spearman": [0.6678567570897657, 5.0410879420296285e-98], "nsamples": 750}, "tweet-news": {"pearson": [0.720093411413504, 7.696383491472394e-121], "spearman": [0.6757220680500663, 3.7071408598750556e-101], "nsamples": 750}, "all": {"pearson": {"mean": 0.6618166124363767, "wmean": 0.6652613645330369}, "spearman": {"mean": 0.6568197539119265, "wmean": 0.6625239518697962}}}, "STS15": {"answers-forums": {"pearson": [0.6448195196240502, 1.8601726266305114e-45], "spearman": [0.6509346743763839, 1.4435165552919628e-46], "nsamples": 375}, "answers-students": {"pearson": [0.7506297451596724, 9.19473152774411e-137], "spearman": [0.7589301497062003, 1.692913691389515e-141], "nsamples": 750}, "belief": {"pearson": [0.73606076093452, 3.4455077475413234e-65], "spearman": [0.7375435193390778, 1.4100494649563053e-65], "nsamples": 375}, "headlines": {"pearson": [0.7253989147463129, 1.8839496191864256e-123], "spearman": [0.7407122824541098, 2.4047087317716524e-131], "nsamples": 750}, "images": {"pearson": [0.8017742866509825, 2.1391970696100078e-169], "spearman": [0.8124780317210216, 1.8631551500116673e-177], "nsamples": 750}, "all": {"pearson": {"mean": 0.7317366454231077, "wmean": 0.7420607717090633}, "spearman": {"mean": 0.7401197315193586, "wmean": 0.7515898901847655}}}, "STS16": {"answer-answer": {"pearson": [0.6761313242734978, 2.742022619028888e-35], "spearman": [0.6736997199082, 5.881357110808536e-35], "nsamples": 254}, "headlines": {"pearson": [0.7274339651106515, 2.764770534969361e-42], "spearman": [0.7380657974684031, 4.270970870271421e-44], "nsamples": 249}, "plagiarism": {"pearson": [0.784595986703949, 3.1128711813282455e-49], "spearman": [0.8171532798812844, 1.8106491637018167e-56], "nsamples": 230}, "postediting": {"pearson": [0.8717220081492053, 6.255450116265069e-77], "spearman": [0.8652267894832306, 1.6308707808915848e-74], "nsamples": 244}, "question-question": {"pearson": [0.48503160005733337, 9.887398256664771e-14], "spearman": [0.4601440587946211, 2.392387419200384e-12], "nsamples": 209}, "all": {"pearson": {"mean": 0.7089829768589274, "wmean": 0.7145002234572662}, "spearman": {"mean": 0.7108579291071478, "wmean": 0.7168033825640764}}}}