{"MR": {"devacc": 63.65, "acc": 63.02, "ndev": 10662, "ntest": 10662}, "CR": {"devacc": 72.07, "acc": 68.95, "ndev": 3775, "ntest": 3775}, "SUBJ": {"devacc": 82.19, "acc": 81.8, "ndev": 10000, "ntest": 10000}, "MPQA": {"devacc": 81.37, "acc": 82.08, "ndev": 10606, "ntest": 10606}, "SST5": {"devacc": 33.15, "acc": 30.0, "ndev": 1101, "ntest": 2210}, "TREC": {"devacc": 62.78, "acc": 75.8, "ndev": 5452, "ntest": 500}, "MRPC": {"devacc": 71.76, "acc": 69.8, "f1": 78.71, "ndev": 4076, "ntest": 1725}, "STS12": {"MSRpar": {"pearson": [0.4083543622863316, 1.6606959453856917e-31], "spearman": [0.43757233361975373, 1.9944782068049598e-36], "nsamples": 750}, "MSRvid": {"pearson": [0.6742325811635446, 1.4787931863385192e-100], "spearman": [0.6852795899383443, 4.2418369591045805e-105], "nsamples": 750}, "SMTeuroparl": {"pearson": [0.5535510387275914, 3.2901330444661074e-38], "spearman": [0.6212373164070948, 2.420148698110204e-50], "nsamples": 459}, "surprise.OnWN": {"pearson": [0.6203977161487967, 5.47920547247403e-81], "spearman": [0.6562367467717621, 1.444905655662321e-93], "nsamples": 750}, "surprise.SMTnews": {"pearson": [0.5937217169793023, 2.2755013861262576e-39], "spearman": [0.49722475634640895, 2.628153297808764e-26], "nsamples": 399}, "all": {"pearson": {"mean": 0.5700514830611134, "wmean": 0.5689232260455955}, "spearman": {"mean": 0.5795101486166727, "wmean": 0.5848961096397904}}}, "STS13": {"FNWN": {"pearson": [0.30428886508680575, 2.0726803658271697e-05], "spearman": [0.33483806479630085, 2.484696720020098e-06], "nsamples": 189}, "headlines": {"pearson": [0.6425483821177503, 1.456037067455945e-88], "spearman": [0.6450513270847426, 1.851290596305088e-89], "nsamples": 750}, "OnWN": {"pearson": [0.4355413643028904, 2.25337463170337e-27], "spearman": [0.46748149096916813, 8.378211943392457e-32], "nsamples": 561}, "all": {"pearson": {"mean": 0.4607928705024822, "wmean": 0.5225070583090937}, "spearman": {"mean": 0.48245696095007046, "wmean": 0.5395533373291741}}}, "STS14": {"deft-forum": {"pearson": [0.4205060433971753, 1.0425840398629134e-20], "spearman": [0.4168777771269263, 2.39982906373128e-20], "nsamples": 450}, "deft-news": {"pearson": [0.6817268167882196, 2.4208877159539893e-42], "spearman": [0.6650524172103485, 1.1326974170478884e-39], "nsamples": 300}, "headlines": {"pearson": [0.6545400647459948, 6.225575594256795e-93], "spearman": [0.636976994427396, 1.3402047862263252e-86], "nsamples": 750}, "images": {"pearson": [0.6662827734901372, 2.0801019711316517e-97], "spearman": [0.6631194945167092, 3.498393371122726e-96], "nsamples": 750}, "OnWN": {"pearson": [0.5771836952579475, 7.782093401058719e-68], "spearman": [0.636003053054765, 2.9265014919502082e-86], "nsamples": 750}, "tweet-news": {"pearson": [0.6544831601364994, 6.537074852825184e-93], "spearman": [0.610974492846222, 6.036922660009398e-78], "nsamples": 750}, "all": {"pearson": {"mean": 0.6091204256359956, "wmean": 0.6154968092768344}, "spearman": {"mean": 0.604834038197061, "wmean": 0.6126443336010775}}}, "STS15": {"answers-forums": {"pearson": [0.4859673432238665, 1.2735450567664596e-23], "spearman": [0.4593577638107978, 5.666249943855859e-21], "nsamples": 375}, "answers-students": {"pearson": [0.7007569384109389, 8.16375703764088e-112], "spearman": [0.7034736553115655, 4.8766666120792726e-113], "nsamples": 750}, "belief": {"pearson": [0.6787924774372837, 5.7569202107367366e-52], "spearman": [0.6714177742032461, 1.7655340346486276e-50], "nsamples": 375}, "headlines": {"pearson": [0.6802968662248973, 5.025562613617816e-103], "spearman": [0.6906196024643378, 2.2826736573618277e-107], "nsamples": 750}, "images": {"pearson": [0.7527510323875941, 5.907662927071463e-138], "spearman": [0.761997834044892, 2.6899346677766596e-143], "nsamples": 750}, "all": {"pearson": {"mean": 0.6597129315369161, "wmean": 0.6790461868385013}, "spearman": {"mean": 0.6573733259669678, "wmean": 0.6803697152069542}}}, "STS16": {"answer-answer": {"pearson": [0.6425474168174772, 5.640087892320658e-31], "spearman": [0.6349936832947599, 4.4505975876751256e-30], "nsamples": 254}, "headlines": {"pearson": [0.684859436525658, 8.193955778774023e-36], "spearman": [0.6780156145229083, 7.108709135088011e-35], "nsamples": 249}, "plagiarism": {"pearson": [0.7536014041416234, 1.9897961806472194e-43], "spearman": [0.7774282795251597, 8.288664583393534e-48], "nsamples": 230}, "postediting": {"pearson": [0.8487604639932022, 6.488946756948179e-69], "spearman": [0.8456989271856249, 6.02238468412606e-68], "nsamples": 244}, "question-question": {"pearson": [0.4442816928331113, 1.6000340656714142e-11], "spearman": [0.4316552717814043, 6.780339483774161e-11], "nsamples": 209}, "all": {"pearson": {"mean": 0.6748100828622144, "wmean": 0.6804534515476922}, "spearman": {"mean": 0.6735583552619714, "wmean": 0.6791646525290607}}}}