{"MR": {"devacc": 63.83, "acc": 63.81, "ndev": 10662, "ntest": 10662}, "CR": {"devacc": 72.76, "acc": 72.21, "ndev": 3775, "ntest": 3775}, "SUBJ": {"devacc": 83.5, "acc": 82.27, "ndev": 10000, "ntest": 10000}, "MPQA": {"devacc": 83.95, "acc": 84.27, "ndev": 10606, "ntest": 10606}, "SST5": {"devacc": 35.06, "acc": 33.57, "ndev": 1101, "ntest": 2210}, "TREC": {"devacc": 64.2, "acc": 80.0, "ndev": 5452, "ntest": 500}, "MRPC": {"devacc": 71.42, "acc": 71.42, "f1": 79.14, "ndev": 4076, "ntest": 1725}, "STS12": {"MSRpar": {"pearson": [0.3494375686910615, 5.816087823508586e-23], "spearman": [0.35074466934355164, 3.923057913680286e-23], "nsamples": 750}, "MSRvid": {"pearson": [0.6844292464787859, 9.646760695435459e-105], "spearman": [0.6927858462547508, 2.6533312408203664e-108], "nsamples": 750}, "SMTeuroparl": {"pearson": [0.5538165006590802, 2.984966158981234e-38], "spearman": [0.6217002245517539, 1.9520733677681295e-50], "nsamples": 459}, "surprise.OnWN": {"pearson": [0.6061511275541446, 1.989119534741641e-76], "spearman": [0.6479617728425265, 1.641801828740711e-90], "nsamples": 750}, "surprise.SMTnews": {"pearson": [0.6175832995533705, 2.531766134209691e-43], "spearman": [0.5516303410378682, 3.796893049584279e-33], "nsamples": 399}, "all": {"pearson": {"mean": 0.5622835485872886, "wmean": 0.5568310705815015}, "spearman": {"mean": 0.5729645708060902, "wmean": 0.5708108511821062}}}, "STS13": {"FNWN": {"pearson": [0.25911086471292916, 0.00031792621131975207], "spearman": [0.2633922453547006, 0.0002503532671278391], "nsamples": 189}, "headlines": {"pearson": [0.6632793950307718, 3.035752099726575e-96], "spearman": [0.6684911158916805, 2.8403174869328394e-98], "nsamples": 750}, "OnWN": {"pearson": [0.4942103398606934, 6.909481542082296e-36], "spearman": [0.5114890656941458, 1.002557752487126e-38], "nsamples": 561}, "all": {"pearson": {"mean": 0.4722001998681315, "wmean": 0.5491223335771144}, "spearman": {"mean": 0.48112414231350903, "wmean": 0.5587298914301431}}}, "STS14": {"deft-forum": {"pearson": [0.43736440691665246, 1.8927892449581108e-22], "spearman": [0.43881898337017766, 1.325139299344039e-22], "nsamples": 450}, "deft-news": {"pearson": [0.7505265179292114, 1.5022965384213667e-55], "spearman": [0.7200882598784808, 3.2281436369751528e-49], "nsamples": 300}, "headlines": {"pearson": [0.6428564791778514, 1.1307578949994568e-88], "spearman": [0.6297165687174131, 4.232149341572017e-84], "nsamples": 750}, "images": {"pearson": [0.6825899280087763, 5.649951098205506e-104], "spearman": [0.6827253952485045, 4.962483105169734e-104], "nsamples": 750}, "OnWN": {"pearson": [0.5941549060179958, 9.184519017636535e-73], "spearman": [0.6482660360432245, 1.2725067114643831e-90], "nsamples": 750}, "tweet-news": {"pearson": [0.6638284639946883, 1.8639957658774004e-96], "spearman": [0.6166789430989144, 8.945033820510011e-80], "nsamples": 750}, "all": {"pearson": {"mean": 0.6285534503408625, "wmean": 0.6292118057041974}, "spearman": {"mean": 0.6227156977261191, "wmean": 0.625742727416311}}}, "STS15": {"answers-forums": {"pearson": [0.5533981591461644, 1.7971574656098946e-31], "spearman": [0.5497407175541665, 5.334613046255193e-31], "nsamples": 375}, "answers-students": {"pearson": [0.7435727559119725, 6.986169409666794e-133], "spearman": [0.752068942572626, 1.4323766673193347e-137], "nsamples": 750}, "belief": {"pearson": [0.6895768776360596, 3.206014578134616e-54], "spearman": [0.681847102197126, 1.3538209812078682e-52], "nsamples": 375}, "headlines": {"pearson": [0.6812912955813925, 1.952728970469595e-103], "spearman": [0.6877339114937616, 3.8971938384963854e-106], "nsamples": 750}, "images": {"pearson": [0.7695603649634727, 7.520408658936796e-148], "spearman": [0.7774094676861085, 9.158794851277405e-153], "nsamples": 750}, "all": {"pearson": {"mean": 0.6874798906478123, "wmean": 0.7039779837119874}, "spearman": {"mean": 0.6897600283007577, "wmean": 0.7082515579070356}}}, "STS16": {"answer-answer": {"pearson": [0.6305383313870463, 1.4655286708917905e-29], "spearman": [0.6308500594547735, 1.3491330582528097e-29], "nsamples": 254}, "headlines": {"pearson": [0.7043404160388388, 1.2463238985245637e-38], "spearman": [0.7107877026173788, 1.2933331240958318e-39], "nsamples": 249}, "plagiarism": {"pearson": [0.7696394254580905, 2.5604369762692006e-46], "spearman": [0.7991917354511712, 2.598443242768201e-52], "nsamples": 230}, "postediting": {"pearson": [0.8585129313446549, 3.810367188274012e-72], "spearman": [0.8591323281662496, 2.3313785768227145e-72], "nsamples": 244}, "question-question": {"pearson": [0.501238135447958, 1.0761693890700921e-14], "spearman": [0.4979761072261402, 1.697702711429927e-14], "nsamples": 209}, "all": {"pearson": {"mean": 0.6928538479353177, "wmean": 0.6971252050405231}, "spearman": {"mean": 0.6995875865831427, "wmean": 0.7038292130605711}}}}