{"MR": {"devacc": 74.91, "acc": 74.08, "ndev": 10662, "ntest": 10662}, "CR": {"devacc": 81.89, "acc": 79.73, "ndev": 3775, "ntest": 3775}, "SUBJ": {"devacc": 92.18, "acc": 91.48, "ndev": 10000, "ntest": 10000}, "MPQA": {"devacc": 88.55, "acc": 88.38, "ndev": 10606, "ntest": 10606}, "SST5": {"devacc": 43.87, "acc": 44.25, "ndev": 1101, "ntest": 2210}, "TREC": {"devacc": 83.68, "acc": 89.2, "ndev": 5452, "ntest": 500}, "MRPC": {"devacc": 77.04, "acc": 75.19, "f1": 81.52, "ndev": 4076, "ntest": 1725}, "STS12": {"MSRpar": {"pearson": [0.4074255010222318, 2.3383276600889715e-31], "spearman": [0.43442194028661646, 7.142670614199188e-36], "nsamples": 750}, "MSRvid": {"pearson": [0.7647421751553901, 6.2689808784835904e-145], "spearman": [0.7679917759094067, 6.838482471658855e-147], "nsamples": 750}, "SMTeuroparl": {"pearson": [0.5890798398863774, 3.2002297278694757e-44], "spearman": [0.6659045230214342, 3.9685653682397663e-60], "nsamples": 459}, "surprise.OnWN": {"pearson": [0.6517256779958656, 6.877096429185628e-92], "spearman": [0.6789009373948426, 1.882521337556661e-102], "nsamples": 750}, "surprise.SMTnews": {"pearson": [0.7321334820682256, 3.4431187501063694e-68], "spearman": [0.5676842035376007, 2.0476349485924548e-35], "nsamples": 399}, "all": {"pearson": {"mean": 0.629021335225618, "wmean": 0.6211161266033413}, "spearman": {"mean": 0.6229806760299802, "wmean": 0.6252066163035683}}}, "STS13": {"FNWN": {"pearson": [0.2428975275867275, 0.0007579399613442124], "spearman": [0.287864814777512, 5.904724735698019e-05], "nsamples": 189}, "headlines": {"pearson": [0.7340490216644678, 7.644921790448728e-128], "spearman": [0.7289537358002678, 3.0964029590947185e-125], "nsamples": 750}, "OnWN": {"pearson": [0.4837886551324472, 2.9831308263652155e-34], "spearman": [0.5314424819931693, 3.269752679378394e-42], "nsamples": 561}, "all": {"pearson": {"mean": 0.4869117347945475, "wmean": 0.5785665563276968}, "spearman": {"mean": 0.516087010856983, "wmean": 0.5995073228275457}}}, "STS14": {"deft-forum": {"pearson": [0.4610705596532988, 4.552826086010422e-25], "spearman": [0.4654878051948965, 1.4036207397590683e-25], "nsamples": 450}, "deft-news": {"pearson": [0.7789997761991502, 2.305259177499926e-62], "spearman": [0.7501871853074039, 1.787981649549602e-55], "nsamples": 300}, "headlines": {"pearson": [0.7103237910233482, 3.463512396118912e-116], "spearman": [0.6876868524880543, 4.0806431096090823e-106], "nsamples": 750}, "images": {"pearson": [0.7477479332849878, 3.663480193586912e-135], "spearman": [0.7387751383602439, 2.5722724520309493e-130], "nsamples": 750}, "OnWN": {"pearson": [0.6168488786353306, 7.879743794783696e-80], "spearman": [0.6896742920758577, 5.803968068685792e-107], "nsamples": 750}, "tweet-news": {"pearson": [0.7550064067547291, 3.0942967988330544e-139], "spearman": [0.6905990070797268, 2.329648004788212e-107], "nsamples": 750}, "all": {"pearson": {"mean": 0.6783328909251408, "wmean": 0.683633851194007}, "spearman": {"mean": 0.6704017134176973, "wmean": 0.6772205694487563}}}, "STS15": {"answers-forums": {"pearson": [0.6785822852181248, 6.355743845102451e-52], "spearman": [0.6726783937940596, 9.903640843276646e-51], "nsamples": 375}, "answers-students": {"pearson": [0.7700141341843394, 3.958003778746767e-148], "spearman": [0.7758901197824313, 8.485847993041493e-152], "nsamples": 750}, "belief": {"pearson": [0.7398460376488125, 3.478935337661694e-66], "spearman": [0.7490714784229546, 1.0966292581427152e-68], "nsamples": 375}, "headlines": {"pearson": [0.748733582457926, 1.0447028572271827e-135], "spearman": [0.7507744435630798, 7.631405802847766e-137], "nsamples": 750}, "images": {"pearson": [0.8141881018857788, 8.600176360413113e-179], "spearman": [0.8204955756316452, 7.682753525649755e-184], "nsamples": 750}, "all": {"pearson": {"mean": 0.7502728282789963, "wmean": 0.7605374949903784}, "spearman": {"mean": 0.7537820022388342, "wmean": 0.7645087687714158}}}, "STS16": {"answer-answer": {"pearson": [0.6811455584055476, 5.553115283355697e-36], "spearman": [0.6849826675546463, 1.6009648075755768e-36], "nsamples": 254}, "headlines": {"pearson": [0.735079106223034, 1.4064677621995953e-43], "spearman": [0.7450680245488167, 2.4479262150743955e-45], "nsamples": 249}, "plagiarism": {"pearson": [0.8268372797196879, 6.634271147121411e-59], "spearman": [0.8403586026351475, 1.4279697448608514e-62], "nsamples": 230}, "postediting": {"pearson": [0.8559888423110916, 2.754359080493801e-71], "spearman": [0.8715750501368155, 7.118236890864415e-77], "nsamples": 244}, "question-question": {"pearson": [0.4901094525699012, 4.997354061200554e-14], "spearman": [0.4739989683496892, 4.1910668567003614e-13], "nsamples": 209}, "all": {"pearson": {"mean": 0.7178320478458524, "wmean": 0.7230290023027728}, "spearman": {"mean": 0.723196662645023, "wmean": 0.7289376989005796}}}}