{"MR": {"devacc": 65.7, "acc": 67.58, "ndev": 10662, "ntest": 10662}, "CR": {"devacc": 75.35, "acc": 75.68, "ndev": 3775, "ntest": 3775}, "SUBJ": {"devacc": 86.5, "acc": 85.93, "ndev": 10000, "ntest": 10000}, "MPQA": {"devacc": 85.46, "acc": 83.81, "ndev": 10606, "ntest": 10606}, "SST5": {"devacc": 38.15, "acc": 36.56, "ndev": 1101, "ntest": 2210}, "TREC": {"devacc": 73.18, "acc": 83.0, "ndev": 5452, "ntest": 500}, "MRPC": {"devacc": 72.72, "acc": 72.35, "f1": 79.97, "ndev": 4076, "ntest": 1725}, "STS12": {"MSRpar": {"pearson": [0.38714249148288266, 3.158551565478154e-28], "spearman": [0.39409966684492265, 2.8188975018879957e-29], "nsamples": 750}, "MSRvid": {"pearson": [0.7070045006185518, 1.1929016691572288e-114], "spearman": [0.7188494355987655, 3.088786236277349e-120], "nsamples": 750}, "SMTeuroparl": {"pearson": [0.5742852410385406, 1.252857304738598e-41], "spearman": [0.6517660763331413, 7.501767136648472e-57], "nsamples": 459}, "surprise.OnWN": {"pearson": [0.615551324170592, 2.070856499894143e-79], "spearman": [0.6502952936767699, 2.3086627616068642e-91], "nsamples": 750}, "surprise.SMTnews": {"pearson": [0.6162334639209386, 4.326617339662373e-43], "spearman": [0.5691506049733412, 1.2526775123594287e-35], "nsamples": 399}, "all": {"pearson": {"mean": 0.5800434042463012, "wmean": 0.5764954359540426}, "spearman": {"mean": 0.5968322154853881, "wmean": 0.5948149991993624}}}, "STS13": {"FNWN": {"pearson": [0.21308042152723128, 0.0032418687301031006], "spearman": [0.22937226528147198, 0.0014990614549950222], "nsamples": 189}, "headlines": {"pearson": [0.6959026002351499, 1.1597712050146495e-109], "spearman": [0.696824994486487, 4.55718012907193e-110], "nsamples": 750}, "OnWN": {"pearson": [0.5157531988872881, 1.8849978933882162e-39], "spearman": [0.5300168767767334, 5.907136324338454e-42], "nsamples": 561}, "all": {"pearson": {"mean": 0.4749120735498898, "wmean": 0.5676911296138519}, "spearman": {"mean": 0.48540471218156417, "wmean": 0.5755397145832073}}}, "STS14": {"deft-forum": {"pearson": [0.4514007149109162, 5.640778222377265e-24], "spearman": [0.443970909944701, 3.6965137209762863e-23], "nsamples": 450}, "deft-news": {"pearson": [0.7636642834512152, 1.4203101224651714e-58], "spearman": [0.7406601127344644, 2.1211743310833486e-53], "nsamples": 300}, "headlines": {"pearson": [0.6719029861073176, 1.2665726775429825e-99], "spearman": [0.6621043447808764, 8.591572645471487e-96], "nsamples": 750}, "images": {"pearson": [0.6942882715037902, 5.897416004184836e-109], "spearman": [0.695490097336306, 1.7591175223226137e-109], "nsamples": 750}, "OnWN": {"pearson": [0.6236919231501, 4.473122449284213e-82], "spearman": [0.6801843463844731, 5.591585747870628e-103], "nsamples": 750}, "tweet-news": {"pearson": [0.710453830231533, 3.0120023613720455e-116], "spearman": [0.662159220048413, 8.185001336430167e-96], "nsamples": 750}, "all": {"pearson": {"mean": 0.6525670015591454, "wmean": 0.6553286306639554}, "spearman": {"mean": 0.647428171871539, "wmean": 0.652516919922135}}}, "STS15": {"answers-forums": {"pearson": [0.6085796453563009, 2.2859375769941625e-39], "spearman": [0.6030068135547092, 1.6863745503736805e-38], "nsamples": 375}, "answers-students": {"pearson": [0.752508798101983, 8.093931612552215e-138], "spearman": [0.755808564317743, 1.0755680828448902e-139], "nsamples": 750}, "belief": {"pearson": [0.71710440576908, 1.8923142892945038e-60], "spearman": [0.7071246422030969, 4.158742367721567e-58], "nsamples": 375}, "headlines": {"pearson": [0.7241612327903174, 7.757007908993445e-123], "spearman": [0.7377819012140348, 8.600030891456625e-130], "nsamples": 750}, "images": {"pearson": [0.7703321534756226, 2.5218752320673895e-148], "spearman": [0.781190394480899, 3.328237423135055e-155], "nsamples": 750}, "all": {"pearson": {"mean": 0.7145372470986608, "wmean": 0.7274610524826534}, "spearman": {"mean": 0.7169824631540965, "wmean": 0.7324616469728948}}}, "STS16": {"answer-answer": {"pearson": [0.6632172572810215, 1.4542947572313806e-33], "spearman": [0.651342268383675, 4.7260172200935035e-32], "nsamples": 254}, "headlines": {"pearson": [0.6993487484119888, 6.907613119862074e-38], "spearman": [0.7105202357048618, 1.4225414003102797e-39], "nsamples": 249}, "plagiarism": {"pearson": [0.7847846645052008, 2.850405553197261e-49], "spearman": [0.8199723109069064, 3.6630920722306034e-57], "nsamples": 230}, "postediting": {"pearson": [0.8641228352823127, 4.078945172353196e-74], "spearman": [0.8581996424159649, 4.880838060417236e-72], "nsamples": 244}, "question-question": {"pearson": [0.4247855966378479, 1.4512338245402037e-10], "spearman": [0.3892737504373752, 5.700176259490341e-09], "nsamples": 209}, "all": {"pearson": {"mean": 0.6872518204236744, "wmean": 0.6936944823325087}, "spearman": {"mean": 0.6858616415697566, "wmean": 0.6928440412811631}}}}