{"MR": {"devacc": 64.35, "acc": 65.24, "ndev": 10662, "ntest": 10662}, "CR": {"devacc": 72.69, "acc": 71.55, "ndev": 3775, "ntest": 3775}, "SUBJ": {"devacc": 83.43, "acc": 82.8, "ndev": 10000, "ntest": 10000}, "MPQA": {"devacc": 83.53, "acc": 84.71, "ndev": 10606, "ntest": 10606}, "SST5": {"devacc": 35.06, "acc": 35.11, "ndev": 1101, "ntest": 2210}, "TREC": {"devacc": 66.49, "acc": 79.6, "ndev": 5452, "ntest": 500}, "MRPC": {"devacc": 71.3, "acc": 70.72, "f1": 80.22, "ndev": 4076, "ntest": 1725}, "STS12": {"MSRpar": {"pearson": [0.37967431541487784, 3.965450377011045e-27], "spearman": [0.3867231545295328, 3.647039643965874e-28], "nsamples": 750}, "MSRvid": {"pearson": [0.7163824692176158, 4.7531622093479297e-119], "spearman": [0.7236943963750619, 1.3202308518479914e-122], "nsamples": 750}, "SMTeuroparl": {"pearson": [0.573589904113886, 1.6463968989558788e-41], "spearman": [0.6487449635702034, 3.570290641249961e-56], "nsamples": 459}, "surprise.OnWN": {"pearson": [0.6289660921537262, 7.605500331558072e-84], "spearman": [0.6606778737371056, 3.01859284272952e-95], "nsamples": 750}, "surprise.SMTnews": {"pearson": [0.5743674447904131, 2.1373432826268414e-36], "spearman": [0.4945724339168061, 5.280280125186336e-26], "nsamples": 399}, "all": {"pearson": {"mean": 0.5745960451381038, "wmean": 0.5747160662964329}, "spearman": {"mean": 0.582882564425742, "wmean": 0.5866891595536693}}}, "STS13": {"FNWN": {"pearson": [0.15659423906490189, 0.03141103825232001], "spearman": [0.16074028531679652, 0.027137005643606667], "nsamples": 189}, "headlines": {"pearson": [0.6648589913515487, 7.441616422226767e-97], "spearman": [0.6669356076806208, 1.1567224585776714e-97], "nsamples": 750}, "OnWN": {"pearson": [0.49355395565814536, 8.792342455326987e-36], "spearman": [0.5145508709674209, 3.026909788143303e-39], "nsamples": 561}, "all": {"pearson": {"mean": 0.438335728691532, "wmean": 0.5367495492140983}, "spearman": {"mean": 0.44740892132161275, "wmean": 0.5461631055320422}}}, "STS14": {"deft-forum": {"pearson": [0.44868205369369, 1.1282846414636985e-23], "spearman": [0.44945555971415274, 9.26896878082388e-24], "nsamples": 450}, "deft-news": {"pearson": [0.683925991602681, 1.0434757223147501e-42], "spearman": [0.6648763636632793, 1.2061139043783208e-39], "nsamples": 300}, "headlines": {"pearson": [0.6391396427231418, 2.342243225000109e-87], "spearman": [0.6252685825704155, 1.3341421242045387e-82], "nsamples": 750}, "images": {"pearson": [0.6868997491537959, 8.796111187911613e-106], "spearman": [0.6857415532513637, 2.71136332632854e-105], "nsamples": 750}, "OnWN": {"pearson": [0.5869761810055832, 1.211011688384178e-70], "spearman": [0.6401566593156768, 1.0263125023184693e-87], "nsamples": 750}, "tweet-news": {"pearson": [0.6654762045605207, 4.2861121992281217e-97], "spearman": [0.6283202651432086, 1.2578751985196641e-83], "nsamples": 750}, "all": {"pearson": {"mean": 0.6185166371232355, "wmean": 0.6242542812600657}, "spearman": {"mean": 0.6156364972763494, "wmean": 0.6230221883148936}}}, "STS15": {"answers-forums": {"pearson": [0.5802110866990322, 4.032713911222558e-35], "spearman": [0.5598233991057847, 2.571796707192955e-32], "nsamples": 375}, "answers-students": {"pearson": [0.730609038435304, 4.47011095405775e-126], "spearman": [0.7330142307353942, 2.616888033197471e-127], "nsamples": 750}, "belief": {"pearson": [0.7158007156928726, 3.8784606087031117e-60], "spearman": [0.7144360580135402, 8.185148051750701e-60], "nsamples": 375}, "headlines": {"pearson": [0.6788436809193715, 1.9869969703489727e-102], "spearman": [0.6890035474946165, 1.1229155590722775e-106], "nsamples": 750}, "images": {"pearson": [0.7676728287809929, 1.0689872924297929e-146], "spearman": [0.7723643464258896, 1.3909819379938018e-149], "nsamples": 750}, "all": {"pearson": {"mean": 0.6946274701055147, "wmean": 0.706282862332905}, "spearman": {"mean": 0.6937283163550451, "wmean": 0.7078779633038907}}}, "STS16": {"answer-answer": {"pearson": [0.6789331867842098, 1.1278138353253878e-35], "spearman": [0.6716748408439304, 1.104195690157302e-34], "nsamples": 254}, "headlines": {"pearson": [0.692111122272589, 7.775442210457752e-37], "spearman": [0.7020763411865641, 2.721878989976434e-38], "nsamples": 249}, "plagiarism": {"pearson": [0.7621429009863463, 6.135268427414643e-45], "spearman": [0.8006958840501557, 1.21069580146493e-52], "nsamples": 230}, "postediting": {"pearson": [0.857120045251371, 1.140424738798076e-71], "spearman": [0.8540209494572033, 1.254535552952428e-70], "nsamples": 244}, "question-question": {"pearson": [0.41383897836932304, 4.712063535478455e-10], "spearman": [0.3996128888825066, 2.0461283073736337e-09], "nsamples": 209}, "all": {"pearson": {"mean": 0.6808292467327678, "wmean": 0.6877801042465824}, "spearman": {"mean": 0.685616180884072, "wmean": 0.6926498122304807}}}}