{"MR": {"devacc": 64.84, "acc": 64.26, "ndev": 10662, "ntest": 10662}, "CR": {"devacc": 71.5, "acc": 70.54, "ndev": 3775, "ntest": 3775}, "SUBJ": {"devacc": 83.55, "acc": 82.57, "ndev": 10000, "ntest": 10000}, "MPQA": {"devacc": 83.53, "acc": 84.54, "ndev": 10606, "ntest": 10606}, "SST5": {"devacc": 34.15, "acc": 35.07, "ndev": 1101, "ntest": 2210}, "TREC": {"devacc": 64.25, "acc": 79.8, "ndev": 5452, "ntest": 500}, "MRPC": {"devacc": 72.45, "acc": 70.14, "f1": 78.3, "ndev": 4076, "ntest": 1725}, "STS12": {"MSRpar": {"pearson": [0.4052496951176251, 5.190384011892199e-31], "spearman": [0.4274919176274425, 1.127817545958998e-34], "nsamples": 750}, "MSRvid": {"pearson": [0.7234280746984196, 1.7872808534460673e-122], "spearman": [0.7304977242982157, 5.093755931873166e-126], "nsamples": 750}, "SMTeuroparl": {"pearson": [0.5479288955113081, 2.5333153264747633e-37], "spearman": [0.6364844739854477, 1.6785804931278757e-53], "nsamples": 459}, "surprise.OnWN": {"pearson": [0.6255342137972842, 1.0873905091487955e-82], "spearman": [0.6693452556954097, 1.3089094038134098e-98], "nsamples": 750}, "surprise.SMTnews": {"pearson": [0.5943715630014664, 1.79371242158818e-39], "spearman": [0.5336459582725016, 9.524375900748645e-31], "nsamples": 399}, "all": {"pearson": {"mean": 0.5793024884252207, "wmean": 0.5805381609997659}, "spearman": {"mean": 0.5994930659758034, "wmean": 0.6034659858834781}}}, "STS13": {"FNWN": {"pearson": [0.21172903106519322, 0.003447719193503325], "spearman": [0.19071484986609227, 0.008571845798434116], "nsamples": 189}, "headlines": {"pearson": [0.6672126198137577, 9.013479298425637e-98], "spearman": [0.6661460898902557, 2.351590610530674e-97], "nsamples": 750}, "OnWN": {"pearson": [0.39851155897523394, 8.536521903658577e-23], "spearman": [0.43395992641634, 3.632430225616871e-27], "nsamples": 561}, "all": {"pearson": {"mean": 0.4258177366180616, "wmean": 0.5093274908778307}, "spearman": {"mean": 0.4302736220575627, "wmean": 0.5194041285079667}}}, "STS14": {"deft-forum": {"pearson": [0.4403779098611849, 9.025714014842642e-23], "spearman": [0.43544005011411624, 3.025566345588266e-22], "nsamples": 450}, "deft-news": {"pearson": [0.711454900466364, 1.4263110001430572e-47], "spearman": [0.6993852871374141, 2.2660153416614627e-45], "nsamples": 300}, "headlines": {"pearson": [0.6494957428282861, 4.530220572500568e-91], "spearman": [0.6390667261375711, 2.4846922785201133e-87], "nsamples": 750}, "images": {"pearson": [0.677409685062106, 7.655059925438645e-102], "spearman": [0.6734679335527175, 2.9991692831901434e-100], "nsamples": 750}, "OnWN": {"pearson": [0.5453834834017304, 2.430284403266859e-59], "spearman": [0.6026898884348847, 2.3546693171146163e-75], "nsamples": 750}, "tweet-news": {"pearson": [0.6870303169764496, 7.745182728556443e-106], "spearman": [0.6412702059716651, 4.143387947315745e-88], "nsamples": 750}, "all": {"pearson": {"mean": 0.6185253397660201, "wmean": 0.6216255868743656}, "spearman": {"mean": 0.6152200152247281, "wmean": 0.6195025798040548}}}, "STS15": {"answers-forums": {"pearson": [0.577765638063993, 8.96247452546171e-35], "spearman": [0.5680616536881145, 1.9970284807337975e-33], "nsamples": 375}, "answers-students": {"pearson": [0.7284942040596812, 5.285641173859142e-125], "spearman": [0.7301165798811033, 7.962226487591664e-126], "nsamples": 750}, "belief": {"pearson": [0.6765783238665081, 1.6259388918379986e-51], "spearman": [0.6652685298248363, 2.8449448088822094e-49], "nsamples": 375}, "headlines": {"pearson": [0.6858999392635811, 2.3252247731407092e-105], "spearman": [0.695358114666353, 2.0096345121157088e-109], "nsamples": 750}, "images": {"pearson": [0.778042182897981, 3.605298086771551e-153], "spearman": [0.788043579339563, 9.409578696533006e-160], "nsamples": 750}, "all": {"pearson": {"mean": 0.6893560576303488, "wmean": 0.7049020767966234}, "spearman": {"mean": 0.689369691479994, "wmean": 0.7075458414108737}}}, "STS16": {"answer-answer": {"pearson": [0.6340650561888844, 5.714712788516336e-30], "spearman": [0.6256137397758974, 5.350301617791173e-29], "nsamples": 254}, "headlines": {"pearson": [0.7028957938768714, 2.0533200260277742e-38], "spearman": [0.7099804334730586, 1.7233896830610108e-39], "nsamples": 249}, "plagiarism": {"pearson": [0.7276266230844575, 3.443366942973971e-39], "spearman": [0.7499529189279208, 8.423547047807546e-43], "nsamples": 230}, "postediting": {"pearson": [0.8433207063805102, 3.288398199952287e-67], "spearman": [0.842547487961271, 5.675802161262341e-67], "nsamples": 244}, "question-question": {"pearson": [0.4948162242071081, 2.6281250761705582e-14], "spearman": [0.4764776661399305, 3.0433688007049887e-13], "nsamples": 209}, "all": {"pearson": {"mean": 0.6805448807475664, "wmean": 0.685172464985559}, "spearman": {"mean": 0.6809144492556156, "wmean": 0.6857888772993987}}}}