{"MR": {"devacc": 65.98, "acc": 67.1, "ndev": 10662, "ntest": 10662}, "CR": {"devacc": 74.27, "acc": 74.62, "ndev": 3775, "ntest": 3775}, "SUBJ": {"devacc": 87.24, "acc": 87.46, "ndev": 10000, "ntest": 10000}, "MPQA": {"devacc": 86.53, "acc": 86.54, "ndev": 10606, "ntest": 10606}, "SST5": {"devacc": 36.15, "acc": 36.83, "ndev": 1101, "ntest": 2210}, "TREC": {"devacc": 73.33, "acc": 83.8, "ndev": 5452, "ntest": 500}, "MRPC": {"devacc": 73.65, "acc": 70.55, "f1": 77.86, "ndev": 4076, "ntest": 1725}, "STS12": {"MSRpar": {"pearson": [0.4060070838353792, 3.935013463836013e-31], "spearman": [0.41450444416434534, 1.6765204466226886e-32], "nsamples": 750}, "MSRvid": {"pearson": [0.7421262323740889, 4.2068123388579207e-132], "spearman": [0.7507682272424148, 7.692768885258758e-137], "nsamples": 750}, "SMTeuroparl": {"pearson": [0.5700649448481623, 6.510355460865724e-41], "spearman": [0.649145640147731, 2.905949832763439e-56], "nsamples": 459}, "surprise.OnWN": {"pearson": [0.6388019029384798, 3.078488122663284e-87], "spearman": [0.6761679147073117, 2.4462014330800405e-101], "nsamples": 750}, "surprise.SMTnews": {"pearson": [0.6160692090332246, 4.617328122032713e-43], "spearman": [0.5579628840098042, 5.005362600793366e-34], "nsamples": 399}, "all": {"pearson": {"mean": 0.5946138746058669, "wmean": 0.5944893302607864}, "spearman": {"mean": 0.6097098220543213, "wmean": 0.6118614797726107}}}, "STS13": {"FNWN": {"pearson": [0.23877789582063821, 0.0009367313595203449], "spearman": [0.2626088886806252, 0.00026162024115903795], "nsamples": 189}, "headlines": {"pearson": [0.7012082422691439, 5.123404844002068e-112], "spearman": [0.702621957393262, 1.1837950676904241e-112], "nsamples": 750}, "OnWN": {"pearson": [0.47555243634172106, 5.342994919958388e-33], "spearman": [0.5010543452081141, 5.426948363927615e-37], "nsamples": 561}, "all": {"pearson": {"mean": 0.4718461914771677, "wmean": 0.558546747199776}, "spearman": {"mean": 0.4887617304273338, "wmean": 0.5717940237782244}}}, "STS14": {"deft-forum": {"pearson": [0.4425800237983127, 5.2289939735781275e-23], "spearman": [0.42743959227529527, 2.0600428790914294e-21], "nsamples": 450}, "deft-news": {"pearson": [0.7619345154015418, 3.6454711095789435e-58], "spearman": [0.7375307943669739, 9.729740096624885e-53], "nsamples": 300}, "headlines": {"pearson": [0.6879801799170593, 3.063010889042499e-106], "spearman": [0.6721859711509686, 9.767522990555115e-100], "nsamples": 750}, "images": {"pearson": [0.7148391794026961, 2.589644019366678e-118], "spearman": [0.71974073383021, 1.1421350185569212e-120], "nsamples": 750}, "OnWN": {"pearson": [0.6043479467474185, 7.235015077717e-76], "spearman": [0.6595584839572188, 8.053061409551215e-95], "nsamples": 750}, "tweet-news": {"pearson": [0.713761112705987, 8.4071948290287e-118], "spearman": [0.6628338021217381, 4.506486469180167e-96], "nsamples": 750}, "all": {"pearson": {"mean": 0.6542404929955026, "wmean": 0.658250047842553}, "spearman": {"mean": 0.6465482296170674, "wmean": 0.6531590128344205}}}, "STS15": {"answers-forums": {"pearson": [0.6319881008013689, 3.2985007212748545e-43], "spearman": [0.6283881865696214, 1.3500807311185323e-42], "nsamples": 375}, "answers-students": {"pearson": [0.7569132015275232, 2.4930774207834736e-140], "spearman": [0.7659032485625267, 1.2582312866127123e-145], "nsamples": 750}, "belief": {"pearson": [0.7109109202222504, 5.522968727610636e-59], "spearman": [0.7142148859859647, 9.234594941788336e-60], "nsamples": 375}, "headlines": {"pearson": [0.7151174011888564, 1.9092876473653588e-118], "spearman": [0.7257736582341588, 1.2254861196995978e-123], "nsamples": 750}, "images": {"pearson": [0.7877455486075926, 1.495837454159137e-159], "spearman": [0.7969682766595, 6.16713517470317e-166], "nsamples": 750}, "all": {"pearson": {"mean": 0.7205350344695182, "wmean": 0.7328064154589454}, "spearman": {"mean": 0.7262496512023543, "wmean": 0.7399866799334947}}}, "STS16": {"answer-answer": {"pearson": [0.6835314635219856, 2.5682993908697542e-36], "spearman": [0.6828332202658463, 3.22094542103624e-36], "nsamples": 254}, "headlines": {"pearson": [0.707990255170172, 3.4827611722303805e-39], "spearman": [0.7093548136848215, 2.1513407820287314e-39], "nsamples": 249}, "plagiarism": {"pearson": [0.7768562469550029, 1.0713834222447956e-47], "spearman": [0.8150484495645209, 5.864494637270758e-56], "nsamples": 230}, "postediting": {"pearson": [0.8635290157466059, 6.656658623690276e-74], "spearman": [0.8599678893311462, 1.1972358810252282e-72], "nsamples": 244}, "question-question": {"pearson": [0.46029686223786465, 2.347861626241576e-12], "spearman": [0.432112250435029, 6.44172998799918e-11], "nsamples": 209}, "all": {"pearson": {"mean": 0.6984407687263262, "wmean": 0.7044575262407196}, "spearman": {"mean": 0.6998633246562728, "wmean": 0.706301648644693}}}}