{"MR": {"devacc": 67.72, "acc": 67.91, "ndev": 10662, "ntest": 10662}, "CR": {"devacc": 77.66, "acc": 77.83, "ndev": 3775, "ntest": 3775}, "SUBJ": {"devacc": 89.41, "acc": 88.75, "ndev": 10000, "ntest": 10000}, "MPQA": {"devacc": 87.02, "acc": 87.31, "ndev": 10606, "ntest": 10606}, "SST5": {"devacc": 38.87, "acc": 37.56, "ndev": 1101, "ntest": 2210}, "TREC": {"devacc": 78.58, "acc": 85.4, "ndev": 5452, "ntest": 500}, "MRPC": {"devacc": 73.99, "acc": 71.59, "f1": 78.93, "ndev": 4076, "ntest": 1725}, "STS12": {"MSRpar": {"pearson": [0.41211718048178125, 4.1062044159108205e-32], "spearman": [0.4239984187528702, 4.424733737271317e-34], "nsamples": 750}, "MSRvid": {"pearson": [0.741694629375575, 7.171078895296997e-132], "spearman": [0.7535552277026812, 2.0715591438160315e-138], "nsamples": 750}, "SMTeuroparl": {"pearson": [0.5719955872766918, 3.072406992928336e-41], "spearman": [0.653963534757567, 2.3848187715155266e-57], "nsamples": 459}, "surprise.OnWN": {"pearson": [0.6365843685595594, 1.836755011757926e-86], "spearman": [0.6710592765310421, 2.743669794988528e-99], "nsamples": 750}, "surprise.SMTnews": {"pearson": [0.6291828304451931, 2.2703155886949593e-45], "spearman": [0.5680427484817165, 1.8162270594766786e-35], "nsamples": 399}, "all": {"pearson": {"mean": 0.5983149192277601, "wmean": 0.5972931331146462}, "spearman": {"mean": 0.6141238412451754, "wmean": 0.6155978157457764}}}, "STS13": {"FNWN": {"pearson": [0.2680260179550105, 0.00019242362292854303], "spearman": [0.29668051213636254, 3.393053463032775e-05], "nsamples": 189}, "headlines": {"pearson": [0.7222764751360891, 6.595118674695562e-122], "spearman": [0.7252953905488483, 2.121328571080629e-123], "nsamples": 750}, "OnWN": {"pearson": [0.49595643605853573, 3.630169261853449e-36], "spearman": [0.5192903833403261, 4.628109345370521e-40], "nsamples": 561}, "all": {"pearson": {"mean": 0.49541964304987846, "wmean": 0.5803972229162683}, "spearman": {"mean": 0.513755428675179, "wmean": 0.5942440431728878}}}, "STS14": {"deft-forum": {"pearson": [0.4490007384281972, 1.0405561865432637e-23], "spearman": [0.44723582605568307, 1.6273580711596097e-23], "nsamples": 450}, "deft-news": {"pearson": [0.7726336807818736, 9.374455306968314e-61], "spearman": [0.7514284749155, 9.44483730273325e-56], "nsamples": 300}, "headlines": {"pearson": [0.6872146246111677, 6.4711140987616825e-106], "spearman": [0.6743355113246832, 1.3443068389207412e-100], "nsamples": 750}, "images": {"pearson": [0.7322972096752031, 6.11816279457901e-127], "spearman": [0.733180330984476, 2.1486828135478233e-127], "nsamples": 750}, "OnWN": {"pearson": [0.6304146644676869, 2.449812278062395e-84], "spearman": [0.682123188866033, 8.829655633826086e-104], "nsamples": 750}, "tweet-news": {"pearson": [0.7220809635314034, 8.226298206324756e-122], "spearman": [0.6740156176304288, 1.8077454356045567e-100], "nsamples": 750}, "all": {"pearson": {"mean": 0.6656069802492554, "wmean": 0.6700922755310259}, "spearman": {"mean": 0.6603864916294674, "wmean": 0.6665135068810462}}}, "STS15": {"answers-forums": {"pearson": [0.6352379352066718, 9.095219086270531e-44], "spearman": [0.6263686395512841, 2.9526379146440436e-42], "nsamples": 375}, "answers-students": {"pearson": [0.7651111347381835, 3.767103997798921e-145], "spearman": [0.7727318977548365, 8.209622293247716e-150], "nsamples": 750}, "belief": {"pearson": [0.73159483474349, 4.900638239900584e-64], "spearman": [0.729008876928259, 2.2250936054910812e-63], "nsamples": 375}, "headlines": {"pearson": [0.7286566152721066, 4.375947573059843e-125], "spearman": [0.7417302796014765, 6.86229561010592e-132], "nsamples": 750}, "images": {"pearson": [0.8034914487454742, 1.1772752222436013e-170], "spearman": [0.8161222928677527, 2.5523384311849577e-180], "nsamples": 750}, "all": {"pearson": {"mean": 0.7328183937411852, "wmean": 0.7451688959327113}, "spearman": {"mean": 0.7371923973407217, "wmean": 0.7520683071159594}}}, "STS16": {"answer-answer": {"pearson": [0.6783430808805164, 1.360989286241587e-35], "spearman": [0.6716626412710803, 1.1083774688348072e-34], "nsamples": 254}, "headlines": {"pearson": [0.7251336368370763, 6.642030576682781e-42], "spearman": [0.7316053797235909, 5.512912002526276e-43], "nsamples": 249}, "plagiarism": {"pearson": [0.7717146541390582, 1.0402867136699851e-46], "spearman": [0.8088683254917741, 1.6980206244529324e-54], "nsamples": 230}, "postediting": {"pearson": [0.8697184297643294, 3.5924944563193146e-76], "spearman": [0.8678492067784291, 1.7879691783398474e-75], "nsamples": 244}, "question-question": {"pearson": [0.479633802813084, 2.0173240872088499e-13], "spearman": [0.4558979510829818, 4.017362723496307e-12], "nsamples": 209}, "all": {"pearson": {"mean": 0.704908720886813, "wmean": 0.7106294689869287}, "spearman": {"mean": 0.7071767008695712, "wmean": 0.7131953149472314}}}}