{"MR": {"devacc": 63.98, "acc": 65.14, "ndev": 10662, "ntest": 10662}, "CR": {"devacc": 72.97, "acc": 71.95, "ndev": 3775, "ntest": 3775}, "SUBJ": {"devacc": 86.16, "acc": 85.22, "ndev": 10000, "ntest": 10000}, "MPQA": {"devacc": 84.12, "acc": 84.59, "ndev": 10606, "ntest": 10606}, "SST5": {"devacc": 35.33, "acc": 36.56, "ndev": 1101, "ntest": 2210}, "TREC": {"devacc": 70.38, "acc": 76.4, "ndev": 5452, "ntest": 500}, "MRPC": {"devacc": 72.25, "acc": 69.57, "f1": 78.13, "ndev": 4076, "ntest": 1725}, "STS12": {"MSRpar": {"pearson": [0.41188564732728, 4.4771820997055577e-32], "spearman": [0.41500541134897967, 1.3879425416413082e-32], "nsamples": 750}, "MSRvid": {"pearson": [0.7094004269795933, 9.317226388493999e-116], "spearman": [0.7173877400688532, 1.565831341396611e-119], "nsamples": 750}, "SMTeuroparl": {"pearson": [0.5704861849914472, 5.528815439024871e-41], "spearman": [0.6330998760244669, 8.739107356004631e-53], "nsamples": 459}, "surprise.OnWN": {"pearson": [0.6202943451203092, 5.924507764747572e-81], "spearman": [0.6481639514774175, 1.3861250930210614e-90], "nsamples": 750}, "surprise.SMTnews": {"pearson": [0.6274283568335908, 4.691527080876292e-45], "spearman": [0.5413046759313445, 9.433746152395391e-32], "nsamples": 399}, "all": {"pearson": {"mean": 0.5878989922504441, "wmean": 0.5850651183584504}, "spearman": {"mean": 0.5909923309702123, "wmean": 0.5926612728324565}}}, "STS13": {"FNWN": {"pearson": [0.24247183285394264, 0.0007748393616159496], "spearman": [0.24681658136982648, 0.0006175631258991549], "nsamples": 189}, "headlines": {"pearson": [0.6686714062128448, 2.412356703018321e-98], "spearman": [0.6660499112874985, 2.5635018872371343e-97], "nsamples": 750}, "OnWN": {"pearson": [0.5572138057508057, 4.496691115501382e-47], "spearman": [0.5727154860800778, 3.2937755660687965e-50], "nsamples": 561}, "all": {"pearson": {"mean": 0.4894523482725311, "wmean": 0.5732851173968204}, "spearman": {"mean": 0.4951939929124676, "wmean": 0.5783194366902965}}}, "STS14": {"deft-forum": {"pearson": [0.427887954930642, 1.85256510537886e-21], "spearman": [0.42614423206292434, 2.79695263870373e-21], "nsamples": 450}, "deft-news": {"pearson": [0.7230595969015613, 8.4778992894590205e-50], "spearman": [0.7075077134016988, 7.69822246359701e-47], "nsamples": 300}, "headlines": {"pearson": [0.6607679420006349, 2.7889153222902412e-95], "spearman": [0.6393512989901158, 1.9731729310506876e-87], "nsamples": 750}, "images": {"pearson": [0.6889341684094883, 1.2021246661971948e-106], "spearman": [0.6932252613574843, 1.7107515333124298e-108], "nsamples": 750}, "OnWN": {"pearson": [0.6365929641130964, 1.8241339199307946e-86], "spearman": [0.6833659333607652, 2.684484901195807e-104], "nsamples": 750}, "tweet-news": {"pearson": [0.6941211301058166, 6.974617789335536e-109], "spearman": [0.6404641265464868, 7.992348042226536e-88], "nsamples": 750}, "all": {"pearson": {"mean": 0.6385606260768734, "wmean": 0.6452745632696092}, "spearman": {"mean": 0.6316764276199126, "wmean": 0.6390192489706573}}}, "STS15": {"answers-forums": {"pearson": [0.5760964971783842, 1.5398827522493812e-34], "spearman": [0.5691552308037326, 1.414832945854918e-33], "nsamples": 375}, "answers-students": {"pearson": [0.7465519569346836, 1.6659977215484248e-134], "spearman": [0.7582158706065654, 4.401685772600658e-141], "nsamples": 750}, "belief": {"pearson": [0.6789749007041983, 5.282780950763232e-52], "spearman": [0.67225272077813, 1.2042489107463604e-50], "nsamples": 375}, "headlines": {"pearson": [0.696951596711214, 4.0076956315131384e-110], "spearman": [0.7036536577967433, 4.0415340881837824e-113], "nsamples": 750}, "images": {"pearson": [0.7670118084102444, 2.692001272283097e-146], "spearman": [0.7789824875665035, 8.968678559851154e-154], "nsamples": 750}, "all": {"pearson": {"mean": 0.6931173519877449, "wmean": 0.7095127652493584}, "spearman": {"mean": 0.696451993510335, "wmean": 0.7153889979401857}}}, "STS16": {"answer-answer": {"pearson": [0.6519359956054581, 3.98578694025809e-32], "spearman": [0.6510310586213582, 5.166630438396867e-32], "nsamples": 254}, "headlines": {"pearson": [0.6986218060910953, 8.837949582599297e-38], "spearman": [0.7074302552314626, 4.240665283874956e-39], "nsamples": 249}, "plagiarism": {"pearson": [0.7375261035773798, 9.575025827330406e-41], "spearman": [0.7647567881534659, 2.0543122438427792e-45], "nsamples": 230}, "postediting": {"pearson": [0.8547506687295781, 7.168881873269926e-71], "spearman": [0.8508480077400827, 1.3804897495710434e-69], "nsamples": 244}, "question-question": {"pearson": [0.5239316512598902, 3.9312203414162023e-16], "spearman": [0.5065566968825093, 5.064416003468387e-15], "nsamples": 209}, "all": {"pearson": {"mean": 0.6933532450526803, "wmean": 0.697504599246712}, "spearman": {"mean": 0.6961245613257757, "wmean": 0.7005761781237613}}}}