{"MR": {"devacc": 64.61, "acc": 65.88, "ndev": 10662, "ntest": 10662}, "CR": {"devacc": 73.36, "acc": 73.46, "ndev": 3775, "ntest": 3775}, "SUBJ": {"devacc": 84.78, "acc": 84.59, "ndev": 10000, "ntest": 10000}, "MPQA": {"devacc": 84.66, "acc": 84.89, "ndev": 10606, "ntest": 10606}, "SST5": {"devacc": 35.97, "acc": 38.37, "ndev": 1101, "ntest": 2210}, "TREC": {"devacc": 68.31, "acc": 80.6, "ndev": 5452, "ntest": 500}, "MRPC": {"devacc": 73.09, "acc": 69.8, "f1": 77.71, "ndev": 4076, "ntest": 1725}, "STS12": {"MSRpar": {"pearson": [0.38333658037680224, 1.1561305435877847e-27], "spearman": [0.39222366873235875, 5.439102756397752e-29], "nsamples": 750}, "MSRvid": {"pearson": [0.7149944493458995, 2.1846777222267857e-118], "spearman": [0.7279730185875615, 9.680994879605857e-125], "nsamples": 750}, "SMTeuroparl": {"pearson": [0.5704150384717791, 5.683637711175694e-41], "spearman": [0.6499759438658528, 1.8948118998048923e-56], "nsamples": 459}, "surprise.OnWN": {"pearson": [0.6142385204691188, 5.479386765654738e-79], "spearman": [0.6446506006921363, 2.5789476821482912e-89], "nsamples": 750}, "surprise.SMTnews": {"pearson": [0.6200849787514603, 9.313448669846388e-44], "spearman": [0.529994228043541, 2.809726487938777e-30], "nsamples": 399}, "all": {"pearson": {"mean": 0.580613913483012, "wmean": 0.5771111878456385}, "spearman": {"mean": 0.5889634919842901, "wmean": 0.5899105924172592}}}, "STS13": {"FNWN": {"pearson": [0.19242658141447527, 0.007984696416864742], "spearman": [0.24127814465055908, 0.0008240947712388095], "nsamples": 189}, "headlines": {"pearson": [0.6900669404707955, 3.940716476011942e-107], "spearman": [0.6891981562355247, 9.274010416398482e-107], "nsamples": 750}, "OnWN": {"pearson": [0.519746976130991, 3.8561243899311486e-40], "spearman": [0.5280990085682944, 1.303201640649041e-41], "nsamples": 561}, "all": {"pearson": {"mean": 0.4674134993387539, "wmean": 0.5636645885666123}, "spearman": {"mean": 0.4861917698181261, "wmean": 0.5725091535482749}}}, "STS14": {"deft-forum": {"pearson": [0.4428484748165433, 4.8910293048109657e-23], "spearman": [0.4413435333320668, 7.10791920267891e-23], "nsamples": 450}, "deft-news": {"pearson": [0.7386493359765742, 5.658968050328191e-53], "spearman": [0.7207626075512561, 2.386887920886321e-49], "nsamples": 300}, "headlines": {"pearson": [0.678622103886279, 2.448636387622229e-102], "spearman": [0.6679878363476368, 4.478068668467583e-98], "nsamples": 750}, "images": {"pearson": [0.6973480549345781, 2.6789322000734256e-110], "spearman": [0.6971299429810126, 3.343773435709479e-110], "nsamples": 750}, "OnWN": {"pearson": [0.6070887725595894, 1.0130615719613593e-76], "spearman": [0.6642371114617527, 1.2956964818641002e-96], "nsamples": 750}, "tweet-news": {"pearson": [0.7007809199721128, 7.964308851765295e-112], "spearman": [0.6624163556213148, 6.520854425953372e-96], "nsamples": 750}, "all": {"pearson": {"mean": 0.6442229436909461, "wmean": 0.649001734126623}, "spearman": {"mean": 0.6423128978825067, "wmean": 0.6489764818862919}}}, "STS15": {"answers-forums": {"pearson": [0.5517469527775566, 2.9419255138119558e-31], "spearman": [0.5441884728758024, 2.7126951609550002e-30], "nsamples": 375}, "answers-students": {"pearson": [0.7452519871757476, 8.559817552982228e-134], "spearman": [0.7553961403959014, 1.852733683089727e-139], "nsamples": 750}, "belief": {"pearson": [0.6734190827084867, 7.041890233369259e-51], "spearman": [0.6620698759460893, 1.1768682708107589e-48], "nsamples": 375}, "headlines": {"pearson": [0.7263854486593153, 6.063760527367374e-124], "spearman": [0.736710559382903, 3.1421891993912503e-129], "nsamples": 750}, "images": {"pearson": [0.7682252849548937, 4.9285628021590427e-147], "spearman": [0.7753585633575774, 1.8414607441162274e-151], "nsamples": 750}, "all": {"pearson": {"mean": 0.6930057512551999, "wmean": 0.7131114346332446}, "spearman": {"mean": 0.6947447223916547, "wmean": 0.717648609386832}}}, "STS16": {"answer-answer": {"pearson": [0.6587683611139372, 5.458687615171691e-33], "spearman": [0.6683172691264484, 3.1040070270586443e-34], "nsamples": 254}, "headlines": {"pearson": [0.7180619904484346, 9.303262894423988e-41], "spearman": [0.7258082265688752, 5.141338122228816e-42], "nsamples": 249}, "plagiarism": {"pearson": [0.7696005507413821, 2.6037688166895716e-46], "spearman": [0.8009126122879712, 1.0839527773790584e-52], "nsamples": 230}, "postediting": {"pearson": [0.8605991474093589, 7.215553533344087e-73], "spearman": [0.8565432462296048, 1.7895549601604162e-71], "nsamples": 244}, "question-question": {"pearson": [0.4031546825494129, 1.4287533787378504e-09], "spearman": [0.36439354593169704, 5.827049293578335e-08], "nsamples": 209}, "all": {"pearson": {"mean": 0.6820369464525051, "wmean": 0.6891890781077816}, "spearman": {"mean": 0.6831949800289193, "wmean": 0.6912677392746622}}}}