{"MR": {"devacc": 68.29, "acc": 66.19, "ndev": 10662, "ntest": 10662}, "CR": {"devacc": 76.77, "acc": 75.42, "ndev": 3775, "ntest": 3775}, "SUBJ": {"devacc": 89.1, "acc": 88.4, "ndev": 10000, "ntest": 10000}, "MPQA": {"devacc": 86.64, "acc": 87.04, "ndev": 10606, "ntest": 10606}, "SST5": {"devacc": 38.42, "acc": 39.37, "ndev": 1101, "ntest": 2210}, "TREC": {"devacc": 75.31, "acc": 82.2, "ndev": 5452, "ntest": 500}, "MRPC": {"devacc": 72.96, "acc": 70.61, "f1": 76.56, "ndev": 4076, "ntest": 1725}, "STS12": {"MSRpar": {"pearson": [0.3902586611335797, 1.0778377477749118e-28], "spearman": [0.401098041026104, 2.3382825460263083e-30], "nsamples": 750}, "MSRvid": {"pearson": [0.7431794241836247, 1.1396600383332416e-132], "spearman": [0.7510562555288097, 5.30661564490747e-137], "nsamples": 750}, "SMTeuroparl": {"pearson": [0.5919129468787409, 9.847624472998032e-45], "spearman": [0.6704607801911163, 3.192163553033469e-61], "nsamples": 459}, "surprise.OnWN": {"pearson": [0.6427507243601789, 1.233314582824176e-88], "spearman": [0.6767143338918576, 1.4681918616547562e-101], "nsamples": 750}, "surprise.SMTnews": {"pearson": [0.6326239103937157, 5.394135274050852e-46], "spearman": [0.5464227532937642, 1.946036470806557e-32], "nsamples": 399}, "all": {"pearson": {"mean": 0.600145133389968, "wmean": 0.597247937619843}, "spearman": {"mean": 0.6091504327863305, "wmean": 0.6104940957229771}}}, "STS13": {"FNWN": {"pearson": [0.23856028362810242, 0.0009471755728542126], "spearman": [0.271389839986217, 0.00015848476202002634], "nsamples": 189}, "headlines": {"pearson": [0.7125337252550057, 3.1916531028904014e-117], "spearman": [0.7151463394211229, 1.8496705404408548e-118], "nsamples": 750}, "OnWN": {"pearson": [0.4846570746092086, 2.1905327423001195e-34], "spearman": [0.5054909446347742, 1.011216747102516e-37], "nsamples": 561}, "all": {"pearson": {"mean": 0.4785836944974389, "wmean": 0.5675872042684877}, "spearman": {"mean": 0.4973423746807047, "wmean": 0.5808219028422303}}}, "STS14": {"deft-forum": {"pearson": [0.456658354413454, 1.4499551469415301e-24], "spearman": [0.4510139502573158, 6.2278286523502045e-24], "nsamples": 450}, "deft-news": {"pearson": [0.7604225370574036, 8.25529008746347e-58], "spearman": [0.7367613595139725, 1.4102891511814421e-52], "nsamples": 300}, "headlines": {"pearson": [0.6803082189930737, 4.971723701459545e-103], "spearman": [0.6676479944717305, 6.08674798608433e-98], "nsamples": 750}, "images": {"pearson": [0.7218347187089592, 1.086363755445279e-121], "spearman": [0.727139500825012, 2.540832305833765e-124], "nsamples": 750}, "OnWN": {"pearson": [0.6048090101285181, 5.204666035321434e-76], "spearman": [0.6611629870232917, 1.9703753047609662e-95], "nsamples": 750}, "tweet-news": {"pearson": [0.7292724656683359, 2.1354804122592192e-125], "spearman": [0.6844294681339734, 9.644698411647574e-105], "nsamples": 750}, "all": {"pearson": {"mean": 0.6588842174949574, "wmean": 0.6628776881939842}, "spearman": {"mean": 0.6546925433708827, "wmean": 0.6611385728827971}}}, "STS15": {"answers-forums": {"pearson": [0.6602217143189371, 2.652025239909143e-48], "spearman": [0.6503745695433354, 1.8288070022252476e-46], "nsamples": 375}, "answers-students": {"pearson": [0.7637876488643259, 2.331027004067352e-144], "spearman": [0.7737282933035178, 1.9559411697564996e-150], "nsamples": 750}, "belief": {"pearson": [0.7351366581839411, 5.994531345246192e-65], "spearman": [0.7355683076491312, 4.6295883566416135e-65], "nsamples": 375}, "headlines": {"pearson": [0.7319674004163582, 9.033877369479041e-127], "spearman": [0.7451062535634503, 1.0277273511201974e-133], "nsamples": 750}, "images": {"pearson": [0.8049506519933584, 9.791276064616911e-172], "spearman": [0.8134362466646068, 3.337961995202244e-178], "nsamples": 750}, "all": {"pearson": {"mean": 0.739212814755384, "wmean": 0.7495962218813705}, "spearman": {"mean": 0.7436427341448083, "wmean": 0.7563105580319519}}}, "STS16": {"answer-answer": {"pearson": [0.6545364504998559, 1.8815801400076445e-32], "spearman": [0.6500858935217683, 6.768631044067431e-32], "nsamples": 254}, "headlines": {"pearson": [0.7393136283372108, 2.583284699941907e-44], "spearman": [0.7468625815322063, 1.1587850060537114e-45], "nsamples": 249}, "plagiarism": {"pearson": [0.7917788121214898, 1.0210288829541876e-50], "spearman": [0.8415704800777524, 6.447909148725127e-63], "nsamples": 230}, "postediting": {"pearson": [0.864815448178455, 2.297080222005596e-74], "spearman": [0.8624979673968209, 1.5495693506480006e-73], "nsamples": 244}, "question-question": {"pearson": [0.45711836210664786, 3.4638433066840113e-12], "spearman": [0.4429521088891633, 1.868054404119659e-11], "nsamples": 209}, "all": {"pearson": {"mean": 0.7015125402487319, "wmean": 0.7074225849129038}, "spearman": {"mean": 0.7087938062835422, "wmean": 0.7147371880072437}}}}