{"MR": {"devacc": 68.37, "acc": 67.59, "ndev": 10662, "ntest": 10662}, "CR": {"devacc": 76.82, "acc": 77.93, "ndev": 3775, "ntest": 3775}, "SUBJ": {"devacc": 89.21, "acc": 88.65, "ndev": 10000, "ntest": 10000}, "MPQA": {"devacc": 87.12, "acc": 87.14, "ndev": 10606, "ntest": 10606}, "SST5": {"devacc": 37.06, "acc": 35.84, "ndev": 1101, "ntest": 2210}, "TREC": {"devacc": 78.91, "acc": 87.0, "ndev": 5452, "ntest": 500}, "MRPC": {"devacc": 73.8, "acc": 72.35, "f1": 79.68, "ndev": 4076, "ntest": 1725}, "STS12": {"MSRpar": {"pearson": [0.4075553150836868, 2.2292748430684716e-31], "spearman": [0.4154085647457701, 1.1919308781708954e-32], "nsamples": 750}, "MSRvid": {"pearson": [0.7485588265108959, 1.3055375608534653e-135], "spearman": [0.7590095610459879, 1.5219787883698193e-141], "nsamples": 750}, "SMTeuroparl": {"pearson": [0.587684959211479, 5.692998850513351e-44], "spearman": [0.6624184535942137, 2.6491887730180754e-59], "nsamples": 459}, "surprise.OnWN": {"pearson": [0.6447077624190798, 2.4599110698623257e-89], "spearman": [0.681188497531841, 2.153560531953472e-103], "nsamples": 750}, "surprise.SMTnews": {"pearson": [0.6508628502319355, 1.9393848885829748e-49], "spearman": [0.5849269039781715, 5.403373866541188e-38], "nsamples": 399}, "all": {"pearson": {"mean": 0.6078739426914155, "wmean": 0.6049092990768526}, "spearman": {"mean": 0.6205903961791968, "wmean": 0.6207016963898758}}}, "STS13": {"FNWN": {"pearson": [0.27197084862432785, 0.00015322182171864562], "spearman": [0.30511578475825213, 1.9629332621983272e-05], "nsamples": 189}, "headlines": {"pearson": [0.7206900970061274, 3.9413485537752555e-121], "spearman": [0.7212433177161544, 2.1158998318788703e-121], "nsamples": 750}, "OnWN": {"pearson": [0.48894858643838085, 4.699776953934822e-35], "spearman": [0.509666785919369, 2.033124998485707e-38], "nsamples": 561}, "all": {"pearson": {"mean": 0.49386984402294537, "wmean": 0.5774801467576834}, "spearman": {"mean": 0.5120086294645918, "wmean": 0.589681625671461}}}, "STS14": {"deft-forum": {"pearson": [0.4667710865657119, 9.940021528537963e-26], "spearman": [0.464403516704923, 1.876639410681863e-25], "nsamples": 450}, "deft-news": {"pearson": [0.7764321991618078, 1.0426565885781339e-61], "spearman": [0.7491324951092606, 3.0660901604829828e-55], "nsamples": 300}, "headlines": {"pearson": [0.6917157776953408, 7.700531107134006e-108], "spearman": [0.6796255845735931, 9.492871283027016e-103], "nsamples": 750}, "images": {"pearson": [0.7170175212012111, 2.3582347735727943e-119], "spearman": [0.7216641187673188, 1.3169505505606057e-121], "nsamples": 750}, "OnWN": {"pearson": [0.6223505881589009, 1.2451895796373143e-81], "spearman": [0.6800652436055193, 6.259999743775823e-103], "nsamples": 750}, "tweet-news": {"pearson": [0.728491822267132, 5.300296378981829e-125], "spearman": [0.6777726799811135, 5.444898952647754e-102], "nsamples": 750}, "all": {"pearson": {"mean": 0.6671298325083508, "wmean": 0.670042248185347}, "spearman": {"mean": 0.6621106064569546, "wmean": 0.6674845469988406}}}, "STS15": {"answers-forums": {"pearson": [0.6383768129865701, 2.582357047874942e-44], "spearman": [0.6337309701418331, 1.6561086489600566e-43], "nsamples": 375}, "answers-students": {"pearson": [0.7645968736886688, 7.659365183228155e-145], "spearman": [0.7702612389245747, 2.7886982012269252e-148], "nsamples": 750}, "belief": {"pearson": [0.740616311436373, 2.17109209401594e-66], "spearman": [0.7337066065787942, 1.4058784557964016e-64], "nsamples": 375}, "headlines": {"pearson": [0.7222771973892019, 6.589734065102e-122], "spearman": [0.7361331049803912, 6.300914222197831e-129], "nsamples": 750}, "images": {"pearson": [0.7993982250400804, 1.1286637740638274e-167], "spearman": [0.8102711528452313, 9.416919205241376e-176], "nsamples": 750}, "all": {"pearson": {"mean": 0.7330530841081788, "wmean": 0.7439422145823557}, "spearman": {"mean": 0.7368206146941649, "wmean": 0.7500960712776278}}}, "STS16": {"answer-answer": {"pearson": [0.6863795013038275, 1.013152790456463e-36], "spearman": [0.6939559162739412, 8.092877737679491e-38], "nsamples": 254}, "headlines": {"pearson": [0.7259254659973948, 4.917135171601325e-42], "spearman": [0.7360377122282585, 9.610968435710657e-44], "nsamples": 249}, "plagiarism": {"pearson": [0.7875821035648234, 7.641204359362327e-50], "spearman": [0.8322266494940297, 2.508814075078935e-60], "nsamples": 230}, "postediting": {"pearson": [0.869013577569771, 6.598864646622057e-76], "spearman": [0.8669761847906985, 3.751802053856804e-75], "nsamples": 244}, "question-question": {"pearson": [0.4689471698833554, 7.982076904746216e-13], "spearman": [0.451468423299927, 6.846770322275879e-12], "nsamples": 209}, "all": {"pearson": {"mean": 0.7075695636638344, "wmean": 0.7135657585304201}, "spearman": {"mean": 0.7161329772173709, "wmean": 0.7224699932720569}}}}