{"MR": {"devacc": 66.21, "acc": 67.49, "ndev": 10662, "ntest": 10662}, "CR": {"devacc": 76.43, "acc": 72.98, "ndev": 3775, "ntest": 3775}, "SUBJ": {"devacc": 88.29, "acc": 88.49, "ndev": 10000, "ntest": 10000}, "MPQA": {"devacc": 86.72, "acc": 86.17, "ndev": 10606, "ntest": 10606}, "SST5": {"devacc": 37.33, "acc": 37.92, "ndev": 1101, "ntest": 2210}, "TREC": {"devacc": 73.81, "acc": 85.0, "ndev": 5452, "ntest": 500}, "MRPC": {"devacc": 73.8, "acc": 68.41, "f1": 73.14, "ndev": 4076, "ntest": 1725}, "STS12": {"MSRpar": {"pearson": [0.39202180643716356, 5.836235746769913e-29], "spearman": [0.4063818152684902, 3.430317265562208e-31], "nsamples": 750}, "MSRvid": {"pearson": [0.7466948384336022, 1.3908657149119061e-134], "spearman": [0.7579652894066738, 6.149785304994825e-141], "nsamples": 750}, "SMTeuroparl": {"pearson": [0.5773506434108981, 3.7283394648664675e-42], "spearman": [0.6582591538102754, 2.468495327530904e-58], "nsamples": 459}, "surprise.OnWN": {"pearson": [0.6377550742835432, 7.166753578040564e-87], "spearman": [0.6685571803757984, 2.6753661437927177e-98], "nsamples": 750}, "surprise.SMTnews": {"pearson": [0.6344668123613371, 2.4796553831592264e-46], "spearman": [0.5748269161776725, 1.8263174583513193e-36], "nsamples": 399}, "all": {"pearson": {"mean": 0.5976578349853089, "wmean": 0.5954021855931492}, "spearman": {"mean": 0.6131980710077821, "wmean": 0.6133124533275514}}}, "STS13": {"FNWN": {"pearson": [0.26551546987481883, 0.00022204409383025147], "spearman": [0.29167262584489223, 4.65843984780639e-05], "nsamples": 189}, "headlines": {"pearson": [0.7006045210537365, 9.552932970009596e-112], "spearman": [0.702254085826907, 1.7346424868532928e-112], "nsamples": 750}, "OnWN": {"pearson": [0.4667266736332719, 1.0797555960030423e-31], "spearman": [0.49321255222172095, 9.964397998215072e-36], "nsamples": 561}, "all": {"pearson": {"mean": 0.47761555485394247, "wmean": 0.5583129856699391}, "spearman": {"mean": 0.4957130879645067, "wmean": 0.5723392883008336}}}, "STS14": {"deft-forum": {"pearson": [0.4531991971398292, 3.5536450845647745e-24], "spearman": [0.4528142832520909, 3.923927337234497e-24], "nsamples": 450}, "deft-news": {"pearson": [0.764910085323397, 7.167495882205171e-59], "spearman": [0.7413450278283228, 1.5153477908037674e-53], "nsamples": 300}, "headlines": {"pearson": [0.6826333673361163, 5.4197600917289565e-104], "spearman": [0.6707915005149527, 3.5046486069243657e-99], "nsamples": 750}, "images": {"pearson": [0.7131616265564363, 1.6143911685554894e-117], "spearman": [0.7225648982641408, 4.7585790214406773e-122], "nsamples": 750}, "OnWN": {"pearson": [0.6105350023417939, 8.321489626454262e-78], "spearman": [0.6660399688319589, 2.5864643684576214e-97], "nsamples": 750}, "tweet-news": {"pearson": [0.725101710557099, 2.6482953881281037e-123], "spearman": [0.6860674427046989, 1.976308888093797e-105], "nsamples": 750}, "all": {"pearson": {"mean": 0.6582568315424453, "wmean": 0.6618630518409404}, "spearman": {"mean": 0.6566038535660276, "wmean": 0.662738078279667}}}, "STS15": {"answers-forums": {"pearson": [0.6418960117994778, 6.185343928266712e-45], "spearman": [0.6335668028716227, 1.7674858919997707e-43], "nsamples": 375}, "answers-students": {"pearson": [0.7517457150037338, 2.1771698605776674e-137], "spearman": [0.7577708745108394, 7.969366070310463e-141], "nsamples": 750}, "belief": {"pearson": [0.73907589857103, 5.564848806128821e-66], "spearman": [0.7390727390992523, 5.575564109174277e-66], "nsamples": 375}, "headlines": {"pearson": [0.7201776650577055, 7.0031473482171e-121], "spearman": [0.7326221875235785, 4.16486050411666e-127], "nsamples": 750}, "images": {"pearson": [0.7910997672619726, 7.766433474147452e-162], "spearman": [0.8026119623118023, 5.217356616945979e-170], "nsamples": 750}, "all": {"pearson": {"mean": 0.7287990115387839, "wmean": 0.7383772756271665}, "spearman": {"mean": 0.7331289132634191, "wmean": 0.7448311988329145}}}, "STS16": {"answer-answer": {"pearson": [0.6803096429626069, 7.262993806080961e-36], "spearman": [0.6744465974604377, 4.6560946682197707e-35], "nsamples": 254}, "headlines": {"pearson": [0.7242853179735805, 9.15588000805893e-42], "spearman": [0.7340095917037465, 2.1467298200421167e-43], "nsamples": 249}, "plagiarism": {"pearson": [0.7673979079805371, 6.702457770465617e-46], "spearman": [0.8049353078441654, 1.357407858263621e-53], "nsamples": 230}, "postediting": {"pearson": [0.8722783996117147, 3.8298273985184966e-77], "spearman": [0.872500017770649, 3.1479539050392404e-77], "nsamples": 244}, "question-question": {"pearson": [0.4557124376965103, 4.108709706914048e-12], "spearman": [0.4377380251801995, 3.40691502438592e-11], "nsamples": 209}, "all": {"pearson": {"mean": 0.69999674124499, "wmean": 0.7063465778307557}, "spearman": {"mean": 0.7047259079918397, "wmean": 0.7112902162664774}}}}