{"MR": {"devacc": 64.05, "acc": 66.41, "ndev": 10662, "ntest": 10662}, "CR": {"devacc": 74.22, "acc": 73.49, "ndev": 3775, "ntest": 3775}, "SUBJ": {"devacc": 85.98, "acc": 85.73, "ndev": 10000, "ntest": 10000}, "MPQA": {"devacc": 84.55, "acc": 84.85, "ndev": 10606, "ntest": 10606}, "SST5": {"devacc": 35.79, "acc": 34.34, "ndev": 1101, "ntest": 2210}, "TREC": {"devacc": 69.26, "acc": 83.2, "ndev": 5452, "ntest": 500}, "MRPC": {"devacc": 72.35, "acc": 71.19, "f1": 80.43, "ndev": 4076, "ntest": 1725}, "STS12": {"MSRpar": {"pearson": [0.32929099732731304, 1.996627893935483e-20], "spearman": [0.34659996240676033, 1.358665991461107e-22], "nsamples": 750}, "MSRvid": {"pearson": [0.7395223262015607, 1.0337269229721484e-130], "spearman": [0.7516639427414805, 2.420190927178083e-137], "nsamples": 750}, "SMTeuroparl": {"pearson": [0.575265749806163, 8.51398677201136e-42], "spearman": [0.6567280506324602, 5.563912149670777e-58], "nsamples": 459}, "surprise.OnWN": {"pearson": [0.6173447146237901, 5.4404772720162605e-80], "spearman": [0.648442494570892, 1.097548896281781e-90], "nsamples": 750}, "surprise.SMTnews": {"pearson": [0.6112503904632698, 3.0591225114281874e-42], "spearman": [0.5318787195404657, 1.610353398521602e-30], "nsamples": 399}, "all": {"pearson": {"mean": 0.5745348356844193, "wmean": 0.5703199528862198}, "spearman": {"mean": 0.5870626339784117, "wmean": 0.5867720669647024}}}, "STS13": {"FNWN": {"pearson": [0.24150753543570994, 0.0008144113413149815], "spearman": [0.2421226341797002, 0.0007889602991217637], "nsamples": 189}, "headlines": {"pearson": [0.6720256695329674, 1.1316787864556642e-99], "spearman": [0.6693107427847981, 1.3505991725266386e-98], "nsamples": 750}, "OnWN": {"pearson": [0.512666559598035, 6.334505870269785e-39], "spearman": [0.5221798920240072, 1.4515308667928672e-40], "nsamples": 561}, "all": {"pearson": {"mean": 0.47539992152223737, "wmean": 0.5581800775210483}, "spearman": {"mean": 0.47787108966283515, "wmean": 0.5604581029160199}}}, "STS14": {"deft-forum": {"pearson": [0.47005746245949875, 4.080388139551633e-26], "spearman": [0.46363861909386844, 2.301906747433842e-25], "nsamples": 450}, "deft-news": {"pearson": [0.7289981625264546, 5.55548884409916e-51], "spearman": [0.6989522711298483, 2.70508470569135e-45], "nsamples": 300}, "headlines": {"pearson": [0.6663376351142116, 1.9801243907289333e-97], "spearman": [0.6491153882085615, 6.23846424377746e-91], "nsamples": 750}, "images": {"pearson": [0.6925055080253757, 3.509248450538837e-108], "spearman": [0.6936737042589544, 1.0922240432374158e-108], "nsamples": 750}, "OnWN": {"pearson": [0.6145609972158846, 4.316319536612101e-79], "spearman": [0.6641692317782528, 1.3764359007857885e-96], "nsamples": 750}, "tweet-news": {"pearson": [0.6877967055157268, 3.6651345990143163e-106], "spearman": [0.6497355246252328, 3.701818254440161e-91], "nsamples": 750}, "all": {"pearson": {"mean": 0.643376078476192, "wmean": 0.646966917671496}, "spearman": {"mean": 0.6365474565157864, "wmean": 0.6428915857558525}}}, "STS15": {"answers-forums": {"pearson": [0.5808505399248853, 3.269059835009911e-35], "spearman": [0.5743496593662445, 2.7042755840479802e-34], "nsamples": 375}, "answers-students": {"pearson": [0.7534127226458698, 2.4950167496926726e-138], "spearman": [0.7620304104317639, 2.5733136274982134e-143], "nsamples": 750}, "belief": {"pearson": [0.6906729593757943, 1.8677297569438914e-54], "spearman": [0.6855860285303496, 2.24685988126721e-53], "nsamples": 375}, "headlines": {"pearson": [0.6899469772837493, 4.4358556085024694e-107], "spearman": [0.6991646010035093, 4.195106482798669e-111], "nsamples": 750}, "images": {"pearson": [0.7790376627703328, 8.26384184537973e-154], "spearman": [0.7879929983443399, 1.0180277502974032e-159], "nsamples": 750}, "all": {"pearson": {"mean": 0.6987841724001264, "wmean": 0.714539778087573}, "spearman": {"mean": 0.7018247395352415, "wmean": 0.7197889634319775}}}, "STS16": {"answer-answer": {"pearson": [0.6407603705112014, 9.242643892824483e-31], "spearman": [0.6470252663686878, 1.612403060810738e-31], "nsamples": 254}, "headlines": {"pearson": [0.6908193535157789, 1.1888360039196737e-36], "spearman": [0.699388859933168, 6.814174189975821e-38], "nsamples": 249}, "plagiarism": {"pearson": [0.752246623869735, 3.4102644325098897e-43], "spearman": [0.7783984332353382, 5.354151873035237e-48], "nsamples": 230}, "postediting": {"pearson": [0.8622294690980121, 1.928774768551547e-73], "spearman": [0.8556310881152079, 3.634564231924438e-71], "nsamples": 244}, "question-question": {"pearson": [0.5043550709456724, 6.929897736298633e-15], "spearman": [0.47913071385141176, 2.1545871098741534e-13], "nsamples": 209}, "all": {"pearson": {"mean": 0.6900821775880799, "wmean": 0.6944165909889323}, "spearman": {"mean": 0.6919148723007627, "wmean": 0.6968264655313569}}}}