{"MR": {"devacc": 63.59, "acc": 62.5, "ndev": 10662, "ntest": 10662}, "CR": {"devacc": 71.34, "acc": 70.73, "ndev": 3775, "ntest": 3775}, "SUBJ": {"devacc": 81.86, "acc": 81.83, "ndev": 10000, "ntest": 10000}, "MPQA": {"devacc": 81.53, "acc": 82.16, "ndev": 10606, "ntest": 10606}, "SST5": {"devacc": 33.33, "acc": 34.21, "ndev": 1101, "ntest": 2210}, "TREC": {"devacc": 63.98, "acc": 72.8, "ndev": 5452, "ntest": 500}, "MRPC": {"devacc": 72.47, "acc": 69.86, "f1": 79.37, "ndev": 4076, "ntest": 1725}, "STS12": {"MSRpar": {"pearson": [0.31276079286951164, 1.7547867259622897e-18], "spearman": [0.32977873939871144, 1.7421910025582558e-20], "nsamples": 750}, "MSRvid": {"pearson": [0.7121168711678489, 5.01291172494808e-117], "spearman": [0.7186407260978313, 3.896911039620448e-120], "nsamples": 750}, "SMTeuroparl": {"pearson": [0.577191291076357, 3.972062927750897e-42], "spearman": [0.6348991049609688, 3.6448546475311098e-53], "nsamples": 459}, "surprise.OnWN": {"pearson": [0.5892318534181088, 2.646666235264076e-71], "spearman": [0.6204592946308479, 5.22993803597324e-81], "nsamples": 750}, "surprise.SMTnews": {"pearson": [0.608299222250623, 9.585073504630061e-42], "spearman": [0.5219750901881968, 2.8879476275288167e-29], "nsamples": 399}, "all": {"pearson": {"mean": 0.5599200061564898, "wmean": 0.5528392311369525}, "spearman": {"mean": 0.5651505910553112, "wmean": 0.563496081164002}}}, "STS13": {"FNWN": {"pearson": [0.09300045913444778, 0.20308068871032822], "spearman": [0.09024416460586489, 0.21685166443485293], "nsamples": 189}, "headlines": {"pearson": [0.6298705152693693, 3.751929686314952e-84], "spearman": [0.6266819973769764, 4.483551529475337e-83], "nsamples": 750}, "OnWN": {"pearson": [0.476436744978517, 3.9342891847801155e-33], "spearman": [0.49572198415353186, 3.9586961626054034e-36], "nsamples": 561}, "all": {"pearson": {"mean": 0.39976923979411133, "wmean": 0.5048406581075904}, "spearman": {"mean": 0.4042160487121244, "wmean": 0.510111785502248}}}, "STS14": {"deft-forum": {"pearson": [0.3891705364946209, 1.0092314609226755e-17], "spearman": [0.3877627320434898, 1.3515619847781816e-17], "nsamples": 450}, "deft-news": {"pearson": [0.6686489497694, 3.1105944732885244e-40], "spearman": [0.6452026750049644, 1.038786707904453e-36], "nsamples": 300}, "headlines": {"pearson": [0.6149037917387634, 3.348382445015512e-79], "spearman": [0.5940109067821177, 1.0141661126723646e-72], "nsamples": 750}, "images": {"pearson": [0.6499841985130191, 3.0017494092170156e-91], "spearman": [0.6513735323423989, 9.271591915134587e-92], "nsamples": 750}, "OnWN": {"pearson": [0.598941031975572, 3.3086065204391526e-74], "spearman": [0.6576995922445905, 4.0701897135461027e-94], "nsamples": 750}, "tweet-news": {"pearson": [0.6395711270569471, 1.65105365266774e-87], "spearman": [0.5896767792717472, 1.957999724021207e-71], "nsamples": 750}, "all": {"pearson": {"mean": 0.5935366059247205, "wmean": 0.6008724102177668}, "spearman": {"mean": 0.5876210362815515, "wmean": 0.5966999039737868}}}, "STS15": {"answers-forums": {"pearson": [0.4987603694722962, 5.58464227965045e-25], "spearman": [0.48984806777446527, 5.001288168424024e-24], "nsamples": 375}, "answers-students": {"pearson": [0.715395473915481, 1.4073903642185558e-118], "spearman": [0.7240594853823448, 8.711076246919394e-123], "nsamples": 750}, "belief": {"pearson": [0.6410361274188086, 8.785454017612164e-45], "spearman": [0.6230171642559357, 1.0683715112431623e-41], "nsamples": 375}, "headlines": {"pearson": [0.6720134943292623, 1.1443998543128283e-99], "spearman": [0.6798504801110773, 7.672590753782787e-103], "nsamples": 750}, "images": {"pearson": [0.7363870565929515, 4.641021516968078e-129], "spearman": [0.7457814593603115, 4.400341670072224e-134], "nsamples": 750}, "all": {"pearson": {"mean": 0.6527185043457598, "wmean": 0.6734235683208118}, "spearman": {"mean": 0.6525113313768269, "wmean": 0.6765310102172334}}}, "STS16": {"answer-answer": {"pearson": [0.6092187053372271, 3.391086288906841e-27], "spearman": [0.6181103259573943, 3.6831676378843587e-28], "nsamples": 254}, "headlines": {"pearson": [0.6468156445029739, 6.695992797424971e-31], "spearman": [0.6420181679269608, 2.4897821575240268e-30], "nsamples": 249}, "plagiarism": {"pearson": [0.7059330822150612, 5.228566095796289e-36], "spearman": [0.7202914111703917, 4.429410626337528e-38], "nsamples": 230}, "postediting": {"pearson": [0.8316145737511222, 9.432807198544919e-64], "spearman": [0.8348299858813876, 1.1271619707337156e-64], "nsamples": 244}, "question-question": {"pearson": [0.3631117295526092, 6.534181775272388e-08], "spearman": [0.33259122606311997, 8.646936824480658e-07], "nsamples": 209}, "all": {"pearson": {"mean": 0.6313387470717988, "wmean": 0.6382525826459776}, "spearman": {"mean": 0.6295682233998509, "wmean": 0.6372172461875482}}}}