{"MR": {"devacc": 66.66, "acc": 66.11, "ndev": 10662, "ntest": 10662}, "CR": {"devacc": 76.0, "acc": 74.44, "ndev": 3775, "ntest": 3775}, "SUBJ": {"devacc": 87.51, "acc": 86.31, "ndev": 10000, "ntest": 10000}, "MPQA": {"devacc": 86.03, "acc": 85.97, "ndev": 10606, "ntest": 10606}, "SST5": {"devacc": 36.42, "acc": 36.06, "ndev": 1101, "ntest": 2210}, "TREC": {"devacc": 72.65, "acc": 83.2, "ndev": 5452, "ntest": 500}, "MRPC": {"devacc": 72.94, "acc": 69.97, "f1": 76.43, "ndev": 4076, "ntest": 1725}, "STS12": {"MSRpar": {"pearson": [0.4069081701648584, 2.827964987142158e-31], "spearman": [0.4309971497652011, 2.8155822364547196e-35], "nsamples": 750}, "MSRvid": {"pearson": [0.7251974363355999, 2.373295728286029e-123], "spearman": [0.7340801643861304, 7.366321251589823e-128], "nsamples": 750}, "SMTeuroparl": {"pearson": [0.581016013416349, 8.605337829454246e-43], "spearman": [0.6635499987125473, 1.4345373185201142e-59], "nsamples": 459}, "surprise.OnWN": {"pearson": [0.6307613127586564, 1.8664174039439597e-84], "spearman": [0.6656545326456117, 3.6536686975421234e-97], "nsamples": 750}, "surprise.SMTnews": {"pearson": [0.6511568086506161, 1.6990481620826215e-49], "spearman": [0.5511379008319289, 4.436851933264737e-33], "nsamples": 399}, "all": {"pearson": {"mean": 0.599007948265216, "wmean": 0.5948031229903591}, "spearman": {"mean": 0.6090839492682838, "wmean": 0.6105284288734576}}}, "STS13": {"FNWN": {"pearson": [0.25947517324720953, 0.0003115761265653416], "spearman": [0.2594906531317645, 0.0003113089310563668], "nsamples": 189}, "headlines": {"pearson": [0.6912633813394972, 1.2065397312080955e-107], "spearman": [0.6900868270338194, 3.864129767156362e-107], "nsamples": 750}, "OnWN": {"pearson": [0.5417095334908437, 4.246234791094624e-44], "spearman": [0.5634954074739497, 2.525678966339308e-48], "nsamples": 561}, "all": {"pearson": {"mean": 0.4974826960258501, "wmean": 0.5809249280244725}, "spearman": {"mean": 0.5043576292131778, "wmean": 0.5884865182067691}}}, "STS14": {"deft-forum": {"pearson": [0.45482370611315825, 2.3355709727816155e-24], "spearman": [0.45366242730828443, 3.1535233492230657e-24], "nsamples": 450}, "deft-news": {"pearson": [0.7592644950433234, 1.5375839145237577e-57], "spearman": [0.7371932330407759, 1.145235100184235e-52], "nsamples": 300}, "headlines": {"pearson": [0.684455138224338, 9.408809111382421e-105], "spearman": [0.6691398612684517, 1.577320101738079e-98], "nsamples": 750}, "images": {"pearson": [0.7213278617222826, 1.9237679076456328e-121], "spearman": [0.7172825131618544, 1.759227132219488e-119], "nsamples": 750}, "OnWN": {"pearson": [0.6394374110061791, 1.840143382746366e-87], "spearman": [0.6900415910047377, 4.0405371527116766e-107], "nsamples": 750}, "tweet-news": {"pearson": [0.7086147425306613, 2.155989107166524e-115], "spearman": [0.6653270428732129, 4.89802597886468e-97], "nsamples": 750}, "all": {"pearson": {"mean": 0.6613205591066571, "wmean": 0.6660870350337371}, "spearman": {"mean": 0.6554411114428862, "wmean": 0.6617731515819076}}}, "STS15": {"answers-forums": {"pearson": [0.6491268705920428, 3.0922036620606937e-46], "spearman": [0.6391524332993324, 1.8876508762906545e-44], "nsamples": 375}, "answers-students": {"pearson": [0.7510268043164116, 5.512103122391783e-137], "spearman": [0.7591868806215193, 1.1998420075434331e-141], "nsamples": 750}, "belief": {"pearson": [0.7334612857268396, 1.6263437424293884e-64], "spearman": [0.739298243278314, 4.859921925459091e-66], "nsamples": 375}, "headlines": {"pearson": [0.72681561180909, 3.6931220430181554e-124], "spearman": [0.7405968152603742, 2.771223094193268e-131], "nsamples": 750}, "images": {"pearson": [0.7796159469970929, 3.4994882085078216e-154], "spearman": [0.7897633162299524, 6.39045604449404e-161], "nsamples": 750}, "all": {"pearson": {"mean": 0.7280093038882954, "wmean": 0.737188110320509}, "spearman": {"mean": 0.7335995377378985, "wmean": 0.7446930876001673}}}, "STS16": {"answer-answer": {"pearson": [0.6673067867887794, 4.2254277325311875e-34], "spearman": [0.6641418328596748, 1.1016290063265003e-33], "nsamples": 254}, "headlines": {"pearson": [0.7317245531661883, 5.2623765684583914e-43], "spearman": [0.7448764419129398, 2.6504024939341694e-45], "nsamples": 249}, "plagiarism": {"pearson": [0.7864716889516993, 1.2916332417981749e-49], "spearman": [0.8192832573455625, 5.427446560019729e-57], "nsamples": 230}, "postediting": {"pearson": [0.8627303360263692, 1.2816541088049369e-73], "spearman": [0.8581739112752489, 4.980975516166836e-72], "nsamples": 244}, "question-question": {"pearson": [0.47574627041493184, 3.3456252417737624e-13], "spearman": [0.4569087697247248, 3.553313003395208e-12], "nsamples": 209}, "all": {"pearson": {"mean": 0.7047959270695936, "wmean": 0.7103887002940781}, "spearman": {"mean": 0.7086768426236302, "wmean": 0.7145782259660935}}}}