{"MR": {"devacc": 63.83, "acc": 61.68, "ndev": 10662, "ntest": 10662}, "CR": {"devacc": 72.61, "acc": 71.1, "ndev": 3775, "ntest": 3775}, "SUBJ": {"devacc": 81.15, "acc": 80.86, "ndev": 10000, "ntest": 10000}, "MPQA": {"devacc": 82.42, "acc": 83.39, "ndev": 10606, "ntest": 10606}, "SST5": {"devacc": 33.24, "acc": 35.61, "ndev": 1101, "ntest": 2210}, "TREC": {"devacc": 61.02, "acc": 70.2, "ndev": 5452, "ntest": 500}, "MRPC": {"devacc": 71.37, "acc": 69.86, "f1": 77.25, "ndev": 4076, "ntest": 1725}, "STS12": {"MSRpar": {"pearson": [0.3573979930494631, 5.136348865750399e-24], "spearman": [0.3713137617820826, 6.237769604171661e-26], "nsamples": 750}, "MSRvid": {"pearson": [0.6756600790247773, 3.927502706558634e-101], "spearman": [0.6813155725372673, 1.9080905343438455e-103], "nsamples": 750}, "SMTeuroparl": {"pearson": [0.5476448458519917, 2.8056464639355157e-37], "spearman": [0.6292817800296515, 5.48451153920818e-52], "nsamples": 459}, "surprise.OnWN": {"pearson": [0.60518926341766, 3.9649861828810196e-76], "spearman": [0.6396900122133788, 1.4992498220857842e-87], "nsamples": 750}, "surprise.SMTnews": {"pearson": [0.5656991015572654, 3.9669831305475577e-35], "spearman": [0.49377899594705893, 6.498122883008815e-26], "nsamples": 399}, "all": {"pearson": {"mean": 0.5503182565802314, "wmean": 0.5488315403430947}, "spearman": {"mean": 0.5630760245018879, "wmean": 0.5647032388404225}}}, "STS13": {"FNWN": {"pearson": [0.2418813844162547, 0.0007988539582531903], "spearman": [0.23114931837816188, 0.0013735720259235148], "nsamples": 189}, "headlines": {"pearson": [0.663735692081554, 2.024260203123133e-96], "spearman": [0.6666941931684742, 1.437304423423835e-97], "nsamples": 750}, "OnWN": {"pearson": [0.38301841802350783, 4.8186334300260996e-21], "spearman": [0.4116798936703115, 2.333826282207355e-24], "nsamples": 561}, "all": {"pearson": {"mean": 0.42954516484043886, "wmean": 0.505593788818017}, "spearman": {"mean": 0.4365078017389825, "wmean": 0.516440190932582}}}, "STS14": {"deft-forum": {"pearson": [0.3846073881042851, 2.5877797022626863e-17], "spearman": [0.3665388593773236, 9.343889260024412e-16], "nsamples": 450}, "deft-news": {"pearson": [0.7137006747018633, 5.396430245854452e-48], "spearman": [0.6958584555726883, 9.500684357025742e-45], "nsamples": 300}, "headlines": {"pearson": [0.6112480681648863, 4.9424228476678075e-78], "spearman": [0.6046968091123319, 5.63929979960879e-76], "nsamples": 750}, "images": {"pearson": [0.6757792479468865, 3.5148090834059255e-101], "spearman": [0.682097211824435, 9.051589318087298e-104], "nsamples": 750}, "OnWN": {"pearson": [0.5587992510995922, 8.19986541339197e-63], "spearman": [0.6078267982704266, 5.947105384311734e-77], "nsamples": 750}, "tweet-news": {"pearson": [0.6480514985919958, 1.5230025553759652e-90], "spearman": [0.6016505225670733, 4.916515518669237e-75], "nsamples": 750}, "all": {"pearson": {"mean": 0.5986976881015849, "wmean": 0.6020245537093354}, "spearman": {"mean": 0.5931114427873797, "wmean": 0.5989076079259473}}}, "STS15": {"answers-forums": {"pearson": [0.5109659869584287, 2.4941316065560744e-26], "spearman": [0.4979457685480999, 6.8419753817467005e-25], "nsamples": 375}, "answers-students": {"pearson": [0.6947717983247752, 3.6274808315346317e-109], "spearman": [0.6984870639856832, 8.390431691425588e-111], "nsamples": 750}, "belief": {"pearson": [0.6656951977558497, 2.350934701816009e-49], "spearman": [0.6535205411488214, 4.811018671137872e-47], "nsamples": 375}, "headlines": {"pearson": [0.6713549527985947, 2.0932081037690293e-99], "spearman": [0.6815202774043395, 1.5699180828080238e-103], "nsamples": 750}, "images": {"pearson": [0.731499499012418, 1.5687813499045918e-126], "spearman": [0.7413352007474937, 1.1171922316316061e-131], "nsamples": 750}, "all": {"pearson": {"mean": 0.6548574869700132, "wmean": 0.6714892106232317}, "spearman": {"mean": 0.6545617703668876, "wmean": 0.6742689242464942}}}, "STS16": {"answer-answer": {"pearson": [0.6087811885493505, 3.775686765385721e-27], "spearman": [0.6112405007450982, 2.059633873798296e-27], "nsamples": 254}, "headlines": {"pearson": [0.6844805051022337, 9.249522317871468e-36], "spearman": [0.693917576965765, 4.277824482500285e-37], "nsamples": 249}, "plagiarism": {"pearson": [0.7362175364459791, 1.5517283685171694e-40], "spearman": [0.7552080489787338, 1.0455686161991795e-43], "nsamples": 230}, "postediting": {"pearson": [0.8438158964261359, 2.314725919619841e-67], "spearman": [0.8384980958931771, 9.437865181607825e-66], "nsamples": 244}, "question-question": {"pearson": [0.4020959518309171, 1.5913816437133197e-09], "spearman": [0.38760075113343245, 6.705883484643933e-09], "nsamples": 209}, "all": {"pearson": {"mean": 0.6550782156709233, "wmean": 0.6613197586047262}, "spearman": {"mean": 0.6572929947432413, "wmean": 0.6638621479794787}}}}