{"MR": {"devacc": 66.84, "acc": 68.94, "ndev": 10662, "ntest": 10662}, "CR": {"devacc": 76.5, "acc": 76.16, "ndev": 3775, "ntest": 3775}, "SUBJ": {"devacc": 88.24, "acc": 87.77, "ndev": 10000, "ntest": 10000}, "MPQA": {"devacc": 86.84, "acc": 86.73, "ndev": 10606, "ntest": 10606}, "SST5": {"devacc": 39.42, "acc": 40.9, "ndev": 1101, "ntest": 2210}, "TREC": {"devacc": 77.15, "acc": 86.2, "ndev": 5452, "ntest": 500}, "MRPC": {"devacc": 73.99, "acc": 71.13, "f1": 78.08, "ndev": 4076, "ntest": 1725}, "STS12": {"MSRpar": {"pearson": [0.39677588091618016, 1.0956755468959199e-29], "spearman": [0.413443099243727, 2.4989331831934706e-32], "nsamples": 750}, "MSRvid": {"pearson": [0.7492775312479328, 5.214206356888018e-136], "spearman": [0.7593759795466795, 9.308495577130402e-142], "nsamples": 750}, "SMTeuroparl": {"pearson": [0.57352351303325, 1.6898449940740998e-41], "spearman": [0.6531324908580167, 3.682719142102249e-57], "nsamples": 459}, "surprise.OnWN": {"pearson": [0.6446694717832466, 2.539028726950562e-89], "spearman": [0.6766472779887885, 1.5632073307287873e-101], "nsamples": 750}, "surprise.SMTnews": {"pearson": [0.6383210802804987, 4.797591172545463e-47], "spearman": [0.548096332455829, 1.1545670959695075e-32], "nsamples": 399}, "all": {"pearson": {"mean": 0.6005134954522217, "wmean": 0.5987707742840092}, "spearman": {"mean": 0.6101390360186082, "wmean": 0.6131203402632246}}}, "STS13": {"FNWN": {"pearson": [0.24218372050492737, 0.0007864731097388161], "spearman": [0.2769180261521258, 0.00011457709499335045], "nsamples": 189}, "headlines": {"pearson": [0.7150757071703668, 1.9985642951176745e-118], "spearman": [0.7184644948686789, 4.741056023038147e-120], "nsamples": 750}, "OnWN": {"pearson": [0.4928062181910225, 1.1562553122140768e-35], "spearman": [0.5204481514967582, 2.9121310751205473e-40], "nsamples": 561}, "all": {"pearson": {"mean": 0.4833552152887722, "wmean": 0.5723625279722466}, "spearman": {"mean": 0.5052768908391876, "wmean": 0.588771527389295}}}, "STS14": {"deft-forum": {"pearson": [0.44793193759888383, 1.3646324340227422e-23], "spearman": [0.45017493098447864, 7.716564299553974e-24], "nsamples": 450}, "deft-news": {"pearson": [0.760123464198114, 9.696971983505155e-58], "spearman": [0.7347252320817067, 3.742711174569594e-52], "nsamples": 300}, "headlines": {"pearson": [0.6918317918233746, 6.861999208209851e-108], "spearman": [0.6813145740439487, 1.909906282117318e-103], "nsamples": 750}, "images": {"pearson": [0.7255498535474914, 1.5844672263226848e-123], "spearman": [0.7255994568303771, 1.496799934505798e-123], "nsamples": 750}, "OnWN": {"pearson": [0.625733989048721, 9.322490703999536e-83], "spearman": [0.6755776120025156, 4.241003702546075e-101], "nsamples": 750}, "tweet-news": {"pearson": [0.7205460614671573, 4.633116019372886e-121], "spearman": [0.6767177051142149, 1.4635698311654784e-101], "nsamples": 750}, "all": {"pearson": {"mean": 0.661952849613957, "wmean": 0.667294048825064}, "spearman": {"mean": 0.657351585176207, "wmean": 0.6646408798828852}}}, "STS15": {"answers-forums": {"pearson": [0.6413879678801443, 7.611411114217794e-45], "spearman": [0.6451441558879016, 1.6265128091704244e-45], "nsamples": 375}, "answers-students": {"pearson": [0.7485588342497549, 1.305524680486658e-135], "spearman": [0.7511772601245703, 4.539435710497963e-137], "nsamples": 750}, "belief": {"pearson": [0.7290008740609871, 2.2354761044229714e-63], "spearman": [0.7279227619143008, 4.1789930663310946e-63], "nsamples": 375}, "headlines": {"pearson": [0.7285813334816704, 4.776397746094545e-125], "spearman": [0.7417500371078339, 6.696909088552728e-132], "nsamples": 750}, "images": {"pearson": [0.8041352455472668, 3.9399665622044426e-171], "spearman": [0.8148440102399779, 2.6212029195464277e-179], "nsamples": 750}, "all": {"pearson": {"mean": 0.7303328510439646, "wmean": 0.7416174585623143}, "spearman": {"mean": 0.7361676450549168, "wmean": 0.7485761915933709}}}, "STS16": {"answer-answer": {"pearson": [0.695052231676235, 5.577728442392803e-38], "spearman": [0.6994099084790611, 1.2493471821020544e-38], "nsamples": 254}, "headlines": {"pearson": [0.7262180332310877, 4.3989193892189894e-42], "spearman": [0.7344797331915062, 1.7830292351558218e-43], "nsamples": 249}, "plagiarism": {"pearson": [0.7819008627408309, 1.08499045844161e-48], "spearman": [0.8165407790780665, 2.552908097403561e-56], "nsamples": 230}, "postediting": {"pearson": [0.869400897413616, 4.7266124329220905e-76], "spearman": [0.8678626121064558, 1.767663715692043e-75], "nsamples": 244}, "question-question": {"pearson": [0.47181204914169733, 5.546383594346792e-13], "spearman": [0.458612584965388, 2.886568297915313e-12], "nsamples": 209}, "all": {"pearson": {"mean": 0.7088768148406934, "wmean": 0.7149673632295386}, "spearman": {"mean": 0.7153811235640956, "wmean": 0.7217103348381646}}}}