{"MR": {"devacc": 60.02, "acc": 58.98, "ndev": 10662, "ntest": 10662}, "CR": {"devacc": 71.38, "acc": 68.98, "ndev": 3775, "ntest": 3775}, "SUBJ": {"devacc": 81.26, "acc": 79.97, "ndev": 10000, "ntest": 10000}, "MPQA": {"devacc": 86.8, "acc": 85.77, "ndev": 10606, "ntest": 10606}, "SST5": {"devacc": 32.52, "acc": 33.48, "ndev": 1101, "ntest": 2210}, "TREC": {"devacc": 66.93, "acc": 80.4, "ndev": 5452, "ntest": 500}, "MRPC": {"devacc": 71.47, "acc": 71.19, "f1": 81.22, "ndev": 4076, "ntest": 1725}, "STS12": {"MSRpar": {"pearson": [0.27617302968119284, 1.3504821597686301e-14], "spearman": [0.29847874317166756, 6.731363070293009e-17], "nsamples": 750}, "MSRvid": {"pearson": [0.6432155346069188, 8.418721423078052e-89], "spearman": [0.6546966031787824, 5.442845764128487e-93], "nsamples": 750}, "SMTeuroparl": {"pearson": [0.521392270907323, 2.341854701059997e-33], "spearman": [0.6239536793957227, 6.820928467317069e-51], "nsamples": 459}, "surprise.OnWN": {"pearson": [0.45777521691000395, 4.030759057064934e-40], "spearman": [0.5395817501548006, 6.90342346811023e-58], "nsamples": 750}, "surprise.SMTnews": {"pearson": [0.5197566908985782, 5.442554543708288e-29], "spearman": [0.45831613851399094, 4.075903872426295e-22], "nsamples": 399}, "all": {"pearson": {"mean": 0.4836625486008034, "wmean": 0.476053670499865}, "spearman": {"mean": 0.5150053828829928, "wmean": 0.5112067890890144}}}, "STS13": {"FNWN": {"pearson": [0.06329918501704199, 0.3868658775147343], "spearman": [0.08038187597853186, 0.2715424917556154], "nsamples": 189}, "headlines": {"pearson": [0.6014536408683834, 5.650533237302915e-75], "spearman": [0.6023756786321549, 2.9424595464819597e-75], "nsamples": 750}, "OnWN": {"pearson": [0.3984645308360573, 8.644492070906826e-23], "spearman": [0.5204585689022155, 2.8999940271812414e-40], "nsamples": 561}, "all": {"pearson": {"mean": 0.35440578557382757, "wmean": 0.4577282522790245}, "spearman": {"mean": 0.40107204117096745, "wmean": 0.5059674604588011}}}, "STS14": {"deft-forum": {"pearson": [0.3456314096921186, 4.5110576291180166e-14], "spearman": [0.37532159643438645, 1.68098731235147e-16], "nsamples": 450}, "deft-news": {"pearson": [0.6912236943010042, 6.056043359067605e-44], "spearman": [0.6483422330261366, 3.6531009004318295e-37], "nsamples": 300}, "headlines": {"pearson": [0.5801573743160943, 1.1180322766318945e-68], "spearman": [0.5833897561236729, 1.326227706634984e-69], "nsamples": 750}, "images": {"pearson": [0.5688505194130615, 1.610541037833928e-65], "spearman": [0.5757860574897478, 1.9238129373866316e-67], "nsamples": 750}, "OnWN": {"pearson": [0.48741942561790075, 5.203001832373137e-46], "spearman": [0.6326154640205429, 4.3313931333382645e-85], "nsamples": 750}, "tweet-news": {"pearson": [0.5629459540953626, 6.431666840331147e-64], "spearman": [0.5067094943917355, 3.6466826238959636e-50], "nsamples": 750}, "all": {"pearson": {"mean": 0.539371396239257, "wmean": 0.5366483193956184}, "spearman": {"mean": 0.5536941002477037, "wmean": 0.5566061246193572}}}, "STS15": {"answers-forums": {"pearson": [0.42688808154053853, 4.850690386009682e-18], "spearman": [0.4079656496890725, 1.7974990117172417e-16], "nsamples": 375}, "answers-students": {"pearson": [0.6515456182513414, 8.012542315000385e-92], "spearman": [0.679068986026844, 1.6064287827207446e-102], "nsamples": 750}, "belief": {"pearson": [0.407120697441952, 2.1010428483435863e-16], "spearman": [0.4665660515005678, 1.1444824249725002e-21], "nsamples": 375}, "headlines": {"pearson": [0.6220173316874453, 1.6046037993637085e-81], "spearman": [0.6436176671224924, 6.047096385784993e-89], "nsamples": 750}, "images": {"pearson": [0.6747801019897911, 8.901129654984451e-101], "spearman": [0.6866316977038979, 1.1419424411498595e-105], "nsamples": 750}, "all": {"pearson": {"mean": 0.5564703661822137, "wmean": 0.5913368603549558}, "spearman": {"mean": 0.5767700104085749, "wmean": 0.6116460503620136}}}, "STS16": {"answer-answer": {"pearson": [0.36222876111276225, 2.7192166624878884e-09], "spearman": [0.37287562276335784, 8.459132953730364e-10], "nsamples": 254}, "headlines": {"pearson": [0.6173508652874287, 1.4963983591834736e-27], "spearman": [0.6351718302142118, 1.5585156139822977e-29], "nsamples": 249}, "plagiarism": {"pearson": [0.5975309235743749, 1.1899354194704186e-23], "spearman": [0.5869955588966215, 1.0834524899878844e-22], "nsamples": 230}, "postediting": {"pearson": [0.779476451681159, 4.5714277840640804e-51], "spearman": [0.8205401285066435, 1.0207163044289488e-60], "nsamples": 244}, "question-question": {"pearson": [0.32348032414414757, 1.7746205956614914e-06], "spearman": [0.35728902820310005, 1.092502978255919e-07], "nsamples": 209}, "all": {"pearson": {"mean": 0.5360134651599744, "wmean": 0.5404369520722152}, "spearman": {"mean": 0.5545744337167868, "wmean": 0.5588215604565965}}}}