{"MR": {"devacc": 64.07, "acc": 62.61, "ndev": 10662, "ntest": 10662}, "CR": {"devacc": 71.67, "acc": 71.57, "ndev": 3775, "ntest": 3775}, "SUBJ": {"devacc": 81.23, "acc": 80.2, "ndev": 10000, "ntest": 10000}, "MPQA": {"devacc": 82.11, "acc": 82.26, "ndev": 10606, "ntest": 10606}, "SST5": {"devacc": 31.79, "acc": 34.98, "ndev": 1101, "ntest": 2210}, "TREC": {"devacc": 63.04, "acc": 76.2, "ndev": 5452, "ntest": 500}, "MRPC": {"devacc": 71.44, "acc": 68.87, "f1": 79.51, "ndev": 4076, "ntest": 1725}, "STS12": {"MSRpar": {"pearson": [0.38329240340105863, 1.1735577325992198e-27], "spearman": [0.38469368958633704, 7.293189068643376e-28], "nsamples": 750}, "MSRvid": {"pearson": [0.6492460040958489, 5.589605009989713e-91], "spearman": [0.6543071014654978, 7.6025242883206195e-93], "nsamples": 750}, "SMTeuroparl": {"pearson": [0.5541241032054655, 2.666288574743192e-38], "spearman": [0.616628132633925, 2.0175870484020537e-49], "nsamples": 459}, "surprise.OnWN": {"pearson": [0.5851310118885192, 4.16447429336896e-70], "spearman": [0.6245031839499734, 2.40237744028284e-82], "nsamples": 750}, "surprise.SMTnews": {"pearson": [0.5599225623143328, 2.6501597019510844e-34], "spearman": [0.475009584109963, 7.546302943876477e-24], "nsamples": 399}, "all": {"pearson": {"mean": 0.5463432169810449, "wmean": 0.5440811229967174}, "spearman": {"mean": 0.5510283383491392, "wmean": 0.5534714022491001}}}, "STS13": {"FNWN": {"pearson": [0.2041790010354712, 0.004830493287191123], "spearman": [0.21482775176015295, 0.0029921909974747747], "nsamples": 189}, "headlines": {"pearson": [0.6258347518404349, 8.625689719796184e-83], "spearman": [0.6238723127396913, 3.8962782859403144e-82], "nsamples": 750}, "OnWN": {"pearson": [0.4383832371405456, 9.493845892377433e-28], "spearman": [0.4547038941995875, 5.644766017224497e-30], "nsamples": 561}, "all": {"pearson": {"mean": 0.4227989966721506, "wmean": 0.5025992607412508}, "spearman": {"mean": 0.4311346528998106, "wmean": 0.5090637095222706}}}, "STS14": {"deft-forum": {"pearson": [0.3934733102565013, 4.097369339510627e-18], "spearman": [0.3833595580417632, 3.339224964175098e-17], "nsamples": 450}, "deft-news": {"pearson": [0.6989163983869706, 2.7450285635193922e-45], "spearman": [0.6838900449916187, 1.0579920943532573e-42], "nsamples": 300}, "headlines": {"pearson": [0.6201296234375688, 6.709666960352494e-81], "spearman": [0.6149560362089326, 3.221186340034001e-79], "nsamples": 750}, "images": {"pearson": [0.6493420683384294, 5.15568821006764e-91], "spearman": [0.6489329467109489, 7.272100966864721e-91], "nsamples": 750}, "OnWN": {"pearson": [0.5591717991277972, 6.533178567312166e-63], "spearman": [0.615975202228993, 1.511055354045588e-79], "nsamples": 750}, "tweet-news": {"pearson": [0.6540612881308874, 9.385109109951686e-93], "spearman": [0.5992855272133185, 2.599024363266861e-74], "nsamples": 750}, "all": {"pearson": {"mean": 0.5958490812796925, "wmean": 0.5996710649086743}, "spearman": {"mean": 0.5910665525659291, "wmean": 0.5965442930367797}}}, "STS15": {"answers-forums": {"pearson": [0.4948448450709121, 1.4747674146728443e-24], "spearman": [0.4779250241974449, 8.510619969602817e-23], "nsamples": 375}, "answers-students": {"pearson": [0.7039825241772933, 2.86645508936219e-113], "spearman": [0.7104007646977335, 3.188700210653256e-116], "nsamples": 750}, "belief": {"pearson": [0.6779988554628118, 8.361176313911311e-52], "spearman": [0.6650491843956419, 3.1376486515570655e-49], "nsamples": 375}, "headlines": {"pearson": [0.677608338258692, 6.353351293929996e-102], "spearman": [0.6835178192868464, 2.319994170198017e-104], "nsamples": 750}, "images": {"pearson": [0.7155123893308982, 1.237871891500803e-118], "spearman": [0.7256206899137257, 1.4607661967113687e-123], "nsamples": 750}, "all": {"pearson": {"mean": 0.6539893904601215, "wmean": 0.6708812755084363}, "spearman": {"mean": 0.6525026964982785, "wmean": 0.6727565945487123}}}, "STS16": {"answer-answer": {"pearson": [0.6176189245775887, 4.1716426841328045e-28], "spearman": [0.6108332963500932, 2.277873746510709e-27], "nsamples": 254}, "headlines": {"pearson": [0.6548919526610342, 6.953348405474346e-32], "spearman": [0.6610801795950602, 1.169212069303918e-32], "nsamples": 249}, "plagiarism": {"pearson": [0.7227922575592445, 1.8712679134405893e-38], "spearman": [0.7370828361492912, 1.1279926584445129e-40], "nsamples": 230}, "postediting": {"pearson": [0.8460839424799428, 4.56296389606936e-68], "spearman": [0.8401947810077963, 2.9342055817015136e-66], "nsamples": 244}, "question-question": {"pearson": [0.41345162654555595, 4.908794297195707e-10], "spearman": [0.3957426571621746, 3.0150085030283622e-09], "nsamples": 209}, "all": {"pearson": {"mean": 0.6509677407646732, "wmean": 0.6568645819621067}, "spearman": {"mean": 0.6489867500528831, "wmean": 0.655149592090411}}}}