{"MR": {"devacc": 64.67, "acc": 65.03, "ndev": 10662, "ntest": 10662}, "CR": {"devacc": 75.09, "acc": 74.01, "ndev": 3775, "ntest": 3775}, "SUBJ": {"devacc": 85.21, "acc": 85.03, "ndev": 10000, "ntest": 10000}, "MPQA": {"devacc": 84.12, "acc": 84.37, "ndev": 10606, "ntest": 10606}, "SST5": {"devacc": 35.33, "acc": 38.51, "ndev": 1101, "ntest": 2210}, "TREC": {"devacc": 66.91, "acc": 81.6, "ndev": 5452, "ntest": 500}, "MRPC": {"devacc": 72.3, "acc": 71.42, "f1": 79.97, "ndev": 4076, "ntest": 1725}, "STS12": {"MSRpar": {"pearson": [0.41369775796710123, 2.2710085962581587e-32], "spearman": [0.42657459025146494, 1.6173126898280697e-34], "nsamples": 750}, "MSRvid": {"pearson": [0.7132405697926142, 1.4816192483503055e-117], "spearman": [0.7258220197358594, 1.159267999660614e-123], "nsamples": 750}, "SMTeuroparl": {"pearson": [0.5893615947121991, 2.847759218030765e-44], "spearman": [0.6654055542671884, 5.21586550221602e-60], "nsamples": 459}, "surprise.OnWN": {"pearson": [0.6172163180560408, 5.988570012810503e-80], "spearman": [0.6487234169602291, 8.671045558600096e-91], "nsamples": 750}, "surprise.SMTnews": {"pearson": [0.6311679485030983, 9.930553477517132e-46], "spearman": [0.5363904495708952, 4.18744938267919e-31], "nsamples": 399}, "all": {"pearson": {"mean": 0.5929368378062108, "wmean": 0.5889539793395923}, "spearman": {"mean": 0.6005832061571273, "wmean": 0.6017635003211362}}}, "STS13": {"FNWN": {"pearson": [0.2697008449793746, 0.00017475825240755879], "spearman": [0.29272569853596464, 4.3602089179779616e-05], "nsamples": 189}, "headlines": {"pearson": [0.6883323254261791, 2.1696597611470375e-106], "spearman": [0.6893919587603763, 7.664200230733176e-107], "nsamples": 750}, "OnWN": {"pearson": [0.5177851373600372, 8.429952034899862e-40], "spearman": [0.5442100493157679, 1.4408894505283167e-44], "nsamples": 561}, "all": {"pearson": {"mean": 0.49193943592186357, "wmean": 0.5718001105531446}, "spearman": {"mean": 0.5087759022040362, "wmean": 0.5851139758398168}}}, "STS14": {"deft-forum": {"pearson": [0.4337220105554865, 4.587488292312958e-22], "spearman": [0.42657249457231067, 2.5283677520505137e-21], "nsamples": 450}, "deft-news": {"pearson": [0.7127982238875451, 7.983914846731222e-48], "spearman": [0.6905737209292024, 7.830486455447413e-44], "nsamples": 300}, "headlines": {"pearson": [0.6739911442776354, 1.8491496474756607e-100], "spearman": [0.6622043199477662, 7.865240468352958e-96], "nsamples": 750}, "images": {"pearson": [0.6859395383682535, 2.2375692174990177e-105], "spearman": [0.6850926584888442, 5.082770557484196e-105], "nsamples": 750}, "OnWN": {"pearson": [0.6041180767782262, 8.524522803280296e-76], "spearman": [0.6623601987967145, 6.852853585404085e-96], "nsamples": 750}, "tweet-news": {"pearson": [0.6902308181766875, 3.352090324797423e-107], "spearman": [0.6542619869975399, 7.902308147328052e-93], "nsamples": 750}, "all": {"pearson": {"mean": 0.633466635340639, "wmean": 0.6399264146978225}, "spearman": {"mean": 0.6301775632887296, "wmean": 0.6392184298691865}}}, "STS15": {"answers-forums": {"pearson": [0.5919803949881666, 7.84806386357316e-37], "spearman": [0.5825730780641409, 1.8527506597421602e-35], "nsamples": 375}, "answers-students": {"pearson": [0.7503255569812732, 1.3598767209143357e-136], "spearman": [0.7590840384881441, 1.3773304054013337e-141], "nsamples": 750}, "belief": {"pearson": [0.6957787238606292, 1.4598481658394338e-55], "spearman": [0.6918715525602791, 1.0316077589315364e-54], "nsamples": 375}, "headlines": {"pearson": [0.7156859340120413, 1.0230270946539784e-118], "spearman": [0.724978820845112, 3.048336450379779e-123], "nsamples": 750}, "images": {"pearson": [0.7637385889127282, 2.493380652518071e-144], "spearman": [0.7724812684508886, 1.1763089665006828e-149], "nsamples": 750}, "all": {"pearson": {"mean": 0.7035018397509676, "wmean": 0.71840740983261}, "spearman": {"mean": 0.706197751681713, "wmean": 0.7234416107740886}}}, "STS16": {"answer-answer": {"pearson": [0.6586431406743255, 5.6638976046098255e-33], "spearman": [0.6573415024157213, 8.303502748931527e-33], "nsamples": 254}, "headlines": {"pearson": [0.7167292442456796, 1.5161739846682802e-40], "spearman": [0.718551905347406, 7.768806013678114e-41], "nsamples": 249}, "plagiarism": {"pearson": [0.7479103807006404, 1.869054662631895e-42], "spearman": [0.7695969122142838, 2.607861413800981e-46], "nsamples": 230}, "postediting": {"pearson": [0.8675201663487176, 2.365619854488926e-75], "spearman": [0.8630090455278342, 1.0202110932008488e-73], "nsamples": 244}, "question-question": {"pearson": [0.48454034416085, 1.0555838592717257e-13], "spearman": [0.45466153914172414, 4.665604999312898e-12], "nsamples": 209}, "all": {"pearson": {"mean": 0.6950686552260427, "wmean": 0.7004419727051475}, "spearman": {"mean": 0.692632180929394, "wmean": 0.6985581152139921}}}}