{"MR": {"devacc": 64.4, "acc": 63.9, "ndev": 10662, "ntest": 10662}, "CR": {"devacc": 73.15, "acc": 71.42, "ndev": 3775, "ntest": 3775}, "SUBJ": {"devacc": 81.9, "acc": 81.24, "ndev": 10000, "ntest": 10000}, "MPQA": {"devacc": 81.69, "acc": 82.84, "ndev": 10606, "ntest": 10606}, "SST5": {"devacc": 33.42, "acc": 35.34, "ndev": 1101, "ntest": 2210}, "TREC": {"devacc": 62.86, "acc": 73.2, "ndev": 5452, "ntest": 500}, "MRPC": {"devacc": 71.74, "acc": 69.74, "f1": 79.17, "ndev": 4076, "ntest": 1725}, "STS12": {"MSRpar": {"pearson": [0.3877784724988377, 2.5386203628889487e-28], "spearman": [0.3962249349135401, 1.3319170807257195e-29], "nsamples": 750}, "MSRvid": {"pearson": [0.6819652714998925, 1.0267525983592705e-103], "spearman": [0.6885053851408348, 1.8311167071744093e-106], "nsamples": 750}, "SMTeuroparl": {"pearson": [0.5434521322466807, 1.2521781306279764e-36], "spearman": [0.6114238379207522, 2.1211348391578667e-48], "nsamples": 459}, "surprise.OnWN": {"pearson": [0.6033141773255511, 1.511197820080647e-75], "spearman": [0.6353091822637766, 5.0962042487192955e-86], "nsamples": 750}, "surprise.SMTnews": {"pearson": [0.5493081728805189, 7.896677717978473e-33], "spearman": [0.4424618409052527, 1.4782597893669358e-20], "nsamples": 399}, "all": {"pearson": {"mean": 0.5531636452902962, "wmean": 0.5545083432026269}, "spearman": {"mean": 0.5547850362288314, "wmean": 0.5621671309090845}}}, "STS13": {"FNWN": {"pearson": [0.2173487515354464, 0.0026625696097841603], "spearman": [0.20984791852408433, 0.003753912088978149], "nsamples": 189}, "headlines": {"pearson": [0.6539271281376593, 1.0527663908608397e-92], "spearman": [0.6499931455229758, 2.9791837970834506e-91], "nsamples": 750}, "OnWN": {"pearson": [0.3510456471262448, 1.0314749235018689e-17], "spearman": [0.3768826989254438, 2.2450926223841345e-20], "nsamples": 561}, "all": {"pearson": {"mean": 0.40744050893311684, "wmean": 0.48564057878751143}, "spearman": {"mean": 0.41224125432416797, "wmean": 0.4923915398936385}}}, "STS14": {"deft-forum": {"pearson": [0.41512886670124577, 3.5738913542262455e-20], "spearman": [0.41564004454123443, 3.1819436373930776e-20], "nsamples": 450}, "deft-news": {"pearson": [0.689441154323808, 1.2233360635818464e-43], "spearman": [0.6663885984442256, 7.0227061966328745e-40], "nsamples": 300}, "headlines": {"pearson": [0.6199976446537816, 7.412808547055116e-81], "spearman": [0.6011120979588959, 7.191589576490653e-75], "nsamples": 750}, "images": {"pearson": [0.6852529337837969, 4.3526947904765045e-105], "spearman": [0.6846945272243801, 7.467816544333793e-105], "nsamples": 750}, "OnWN": {"pearson": [0.5106647029094321, 4.751076278662138e-51], "spearman": [0.566086621957996, 9.132305415783136e-65], "nsamples": 750}, "tweet-news": {"pearson": [0.6318538903758206, 7.901624909485033e-85], "spearman": [0.5895861229957463, 2.082082945466531e-71], "nsamples": 750}, "all": {"pearson": {"mean": 0.5920565321246475, "wmean": 0.5945245906946205}, "spearman": {"mean": 0.5872513355204131, "wmean": 0.5914837672478898}}}, "STS15": {"answers-forums": {"pearson": [0.4737970474365721, 2.2131127708499334e-22], "spearman": [0.4681591258588155, 7.995507768958431e-22], "nsamples": 375}, "answers-students": {"pearson": [0.7114306474305454, 1.052216356416993e-116], "spearman": [0.711840872491615, 6.756441784517298e-117], "nsamples": 750}, "belief": {"pearson": [0.6606411830548502, 2.2065441975301194e-48], "spearman": [0.6455330575571768, 1.3846122025592448e-45], "nsamples": 375}, "headlines": {"pearson": [0.698373983052246, 9.417717516206728e-111], "spearman": [0.7040579661330976, 2.649044850922446e-113], "nsamples": 750}, "images": {"pearson": [0.7382021313639292, 5.1643356232221354e-130], "spearman": [0.7452895599591292, 8.16547560875667e-134], "nsamples": 750}, "all": {"pearson": {"mean": 0.6564889984676285, "wmean": 0.678806469273108}, "spearman": {"mean": 0.6549761163999668, "wmean": 0.6795086225729594}}}, "STS16": {"answer-answer": {"pearson": [0.6251181940092028, 6.0871543317011e-29], "spearman": [0.6208305728425478, 1.8411457458272321e-28], "nsamples": 254}, "headlines": {"pearson": [0.6749657314586439, 1.827226068818558e-34], "spearman": [0.6892844428847367, 1.963230668273997e-36], "nsamples": 249}, "plagiarism": {"pearson": [0.7450732081715088, 5.58364937770337e-42], "spearman": [0.7584770285772758, 2.779822989983168e-44], "nsamples": 230}, "postediting": {"pearson": [0.8413484440531321, 1.3155108435087727e-66], "spearman": [0.845932299444355, 5.090439991228643e-68], "nsamples": 244}, "question-question": {"pearson": [0.46948760740888734, 7.454232440833893e-13], "spearman": [0.48192767563582545, 1.4922121577648234e-13], "nsamples": 209}, "all": {"pearson": {"mean": 0.6711986370202749, "wmean": 0.6759066244421658}, "spearman": {"mean": 0.6792904038769481, "wmean": 0.6837292357718299}}}}