{"MR": {"devacc": 64.58, "acc": 63.89, "ndev": 10662, "ntest": 10662}, "CR": {"devacc": 73.76, "acc": 71.89, "ndev": 3775, "ntest": 3775}, "SUBJ": {"devacc": 83.24, "acc": 82.62, "ndev": 10000, "ntest": 10000}, "MPQA": {"devacc": 83.69, "acc": 84.33, "ndev": 10606, "ntest": 10606}, "SST5": {"devacc": 34.6, "acc": 35.61, "ndev": 1101, "ntest": 2210}, "TREC": {"devacc": 67.08, "acc": 81.0, "ndev": 5452, "ntest": 500}, "MRPC": {"devacc": 72.67, "acc": 69.51, "f1": 76.28, "ndev": 4076, "ntest": 1725}, "STS12": {"MSRpar": {"pearson": [0.38190702923021164, 1.8739706158675792e-27], "spearman": [0.40103406437659855, 2.3927552421080267e-30], "nsamples": 750}, "MSRvid": {"pearson": [0.7104986106756197, 2.870503446856494e-116], "spearman": [0.7180600192133804, 7.431390123074948e-120], "nsamples": 750}, "SMTeuroparl": {"pearson": [0.5555818218238133, 1.5590153086835844e-38], "spearman": [0.6240775656081338, 6.436209374339293e-51], "nsamples": 459}, "surprise.OnWN": {"pearson": [0.6206341996696558, 4.581808420715484e-81], "spearman": [0.6557512908127399, 2.196629768936133e-93], "nsamples": 750}, "surprise.SMTnews": {"pearson": [0.6295153373831848, 1.9775000407580258e-45], "spearman": [0.5283560643807049, 4.545477566302098e-30], "nsamples": 399}, "all": {"pearson": {"mean": 0.579627399756497, "wmean": 0.5762447089815433}, "spearman": {"mean": 0.5854558008783115, "wmean": 0.5882881927619285}}}, "STS13": {"FNWN": {"pearson": [0.2560144112721097, 0.00037695732551348073], "spearman": [0.2819276246738751, 8.488415015847796e-05], "nsamples": 189}, "headlines": {"pearson": [0.65922134564468, 1.0813148244327586e-94], "spearman": [0.6518032805374095, 6.438562493175853e-92], "nsamples": 750}, "OnWN": {"pearson": [0.404514165494193, 1.68792419152347e-23], "spearman": [0.4391025152233981, 7.618448604635347e-28], "nsamples": 561}, "all": {"pearson": {"mean": 0.43991664080366094, "wmean": 0.513156786537454}, "spearman": {"mean": 0.4576111401448943, "wmean": 0.5256488616711639}}}, "STS14": {"deft-forum": {"pearson": [0.4306599915933472, 9.576489960426272e-22], "spearman": [0.4197539721957476, 1.24028846587403e-20], "nsamples": 450}, "deft-news": {"pearson": [0.7050255011914583, 2.1907726942979055e-46], "spearman": [0.6833012932634498, 1.3262691508170927e-42], "nsamples": 300}, "headlines": {"pearson": [0.6477612184384471, 1.9417491376304938e-90], "spearman": [0.6333487851854753, 2.423997353279658e-85], "nsamples": 750}, "images": {"pearson": [0.6968900715903944, 4.2659555279561104e-110], "spearman": [0.6878067720197726, 3.6292350898072986e-106], "nsamples": 750}, "OnWN": {"pearson": [0.5383640650308756, 1.3820614640370085e-57], "spearman": [0.6032795365492839, 1.5488880201143247e-75], "nsamples": 750}, "tweet-news": {"pearson": [0.6704754992360998, 4.676921137025643e-99], "spearman": [0.6330699691937572, 3.02316288494171e-85], "nsamples": 750}, "all": {"pearson": {"mean": 0.614862724513437, "wmean": 0.6187794099456817}, "spearman": {"mean": 0.6100933880679144, "wmean": 0.6165355927142234}}}, "STS15": {"answers-forums": {"pearson": [0.594993312308701, 2.788830185414275e-37], "spearman": [0.5684718202191912, 1.7551318179107023e-33], "nsamples": 375}, "answers-students": {"pearson": [0.7413219249686374, 1.1356212418239079e-131], "spearman": [0.7432052416583241, 1.1036638869219182e-132], "nsamples": 750}, "belief": {"pearson": [0.6830309139120588, 7.68897516314917e-53], "spearman": [0.669543337085304, 4.148862965012797e-50], "nsamples": 375}, "headlines": {"pearson": [0.6920881689881234, 5.317624415051519e-108], "spearman": [0.7049315578492384, 1.0607808523157027e-113], "nsamples": 750}, "images": {"pearson": [0.7687275685537157, 2.4332749953326373e-147], "spearman": [0.7773943114359229, 9.365284727427116e-153], "nsamples": 750}, "all": {"pearson": {"mean": 0.6960323777462473, "wmean": 0.7102874439052141}, "spearman": {"mean": 0.6927092536495961, "wmean": 0.7111346723989331}}}, "STS16": {"answer-answer": {"pearson": [0.6589573591307104, 5.162779579688246e-33], "spearman": [0.6463873054139525, 1.929776968876138e-31], "nsamples": 254}, "headlines": {"pearson": [0.7025837760638756, 2.2862100452591643e-38], "spearman": [0.707696479801117, 3.861957969054535e-39], "nsamples": 249}, "plagiarism": {"pearson": [0.7660493013641677, 1.1896454357307188e-45], "spearman": [0.7977438943861487, 5.3866587590882646e-52], "nsamples": 230}, "postediting": {"pearson": [0.856440707289629, 1.9383920362478097e-71], "spearman": [0.8474619724491502, 1.6794132860258093e-68], "nsamples": 244}, "question-question": {"pearson": [0.43617432305388015, 4.071601897007098e-11], "spearman": [0.4167029561871616, 3.476688279923437e-10], "nsamples": 209}, "all": {"pearson": {"mean": 0.6840410933804526, "wmean": 0.6902544982038739}, "spearman": {"mean": 0.6831985216475059, "wmean": 0.6895038228289593}}}}