{"MR": {"devacc": 64.89, "acc": 65.56, "ndev": 10662, "ntest": 10662}, "CR": {"devacc": 74.36, "acc": 72.87, "ndev": 3775, "ntest": 3775}, "SUBJ": {"devacc": 85.99, "acc": 84.84, "ndev": 10000, "ntest": 10000}, "MPQA": {"devacc": 85.5, "acc": 85.42, "ndev": 10606, "ntest": 10606}, "SST5": {"devacc": 37.42, "acc": 39.1, "ndev": 1101, "ntest": 2210}, "TREC": {"devacc": 70.29, "acc": 82.6, "ndev": 5452, "ntest": 500}, "MRPC": {"devacc": 72.72, "acc": 73.04, "f1": 80.14, "ndev": 4076, "ntest": 1725}, "STS12": {"MSRpar": {"pearson": [0.40378567444464014, 8.846498777117369e-31], "spearman": [0.4172978476776395, 5.823608324426864e-33], "nsamples": 750}, "MSRvid": {"pearson": [0.7291034163546233, 2.600806726513597e-125], "spearman": [0.7412733857640058, 1.205617224759601e-131], "nsamples": 750}, "SMTeuroparl": {"pearson": [0.5549298824271341, 1.9825445905622895e-38], "spearman": [0.6470963742609644, 8.302124994602484e-56], "nsamples": 459}, "surprise.OnWN": {"pearson": [0.6335508230062211, 2.0651777545710007e-85], "spearman": [0.6676930320530381, 5.844274337275936e-98], "nsamples": 750}, "surprise.SMTnews": {"pearson": [0.6209670470840583, 6.53190140845651e-44], "spearman": [0.5441113011713369, 3.983017709997653e-32], "nsamples": 399}, "all": {"pearson": {"mean": 0.5884673686633354, "wmean": 0.5879371310085931}, "spearman": {"mean": 0.6034943881853969, "wmean": 0.6061183539492144}}}, "STS13": {"FNWN": {"pearson": [0.22395532677377603, 0.001948987414167201], "spearman": [0.24217564420758703, 0.0007868015294319425], "nsamples": 189}, "headlines": {"pearson": [0.6942603063194104, 6.065345766330038e-109], "spearman": [0.6955622317799224, 1.635607575998856e-109], "nsamples": 750}, "OnWN": {"pearson": [0.5275850745314873, 1.609618966118552e-41], "spearman": [0.5432003637153339, 2.2316915895888872e-44], "nsamples": 561}, "all": {"pearson": {"mean": 0.48193356920822455, "wmean": 0.5726653422079772}, "spearman": {"mean": 0.49364607990094783, "wmean": 0.5814521830896521}}}, "STS14": {"deft-forum": {"pearson": [0.45701198177778285, 1.3222201201012713e-24], "spearman": [0.45667889711352655, 1.4422124473265503e-24], "nsamples": 450}, "deft-news": {"pearson": [0.7494277389783306, 2.6371581998906916e-55], "spearman": [0.7237037498711577, 6.330020320685546e-50], "nsamples": 300}, "headlines": {"pearson": [0.6794241477477984, 1.1485205815601959e-102], "spearman": [0.6678990390362187, 4.852173795881089e-98], "nsamples": 750}, "images": {"pearson": [0.6943385210870407, 5.607220842218025e-109], "spearman": [0.6940796800752286, 7.27078259077029e-109], "nsamples": 750}, "OnWN": {"pearson": [0.6381191239465264, 5.343918345443138e-87], "spearman": [0.6914708671687481, 9.82070192999779e-108], "nsamples": 750}, "tweet-news": {"pearson": [0.7088040923773485, 1.761761888276621e-115], "spearman": [0.6594443427811207, 8.898403813226049e-95], "nsamples": 750}, "all": {"pearson": {"mean": 0.6545209343191379, "wmean": 0.6589328339633432}, "spearman": {"mean": 0.6488794293410001, "wmean": 0.655276553455579}}}, "STS15": {"answers-forums": {"pearson": [0.6286030071071202, 1.2418302479769256e-42], "spearman": [0.6203077960032852, 2.9874522243979877e-41], "nsamples": 375}, "answers-students": {"pearson": [0.7314024627144435, 1.7587624130197982e-126], "spearman": [0.740144272102425, 4.828530345976401e-131], "nsamples": 750}, "belief": {"pearson": [0.6956300064766048, 1.5735510728437045e-55], "spearman": [0.6905271043067139, 2.0072404558151295e-54], "nsamples": 375}, "headlines": {"pearson": [0.7078371314976628, 4.932491505751643e-115], "spearman": [0.7177015848917564, 1.1060104557042265e-119], "nsamples": 750}, "images": {"pearson": [0.7745102119204275, 6.313122361487092e-151], "spearman": [0.7819040596543185, 1.1382916098193819e-155], "nsamples": 750}, "all": {"pearson": {"mean": 0.7075965639432518, "wmean": 0.7189665782310991}, "spearman": {"mean": 0.7101169633916997, "wmean": 0.723791841700875}}}, "STS16": {"answer-answer": {"pearson": [0.6693006020035533, 2.296506395449392e-34], "spearman": [0.6716729223809302, 1.1048522685513313e-34], "nsamples": 254}, "headlines": {"pearson": [0.6924427524768045, 6.969937621334342e-37], "spearman": [0.6934047084870465, 5.070990424043763e-37], "nsamples": 249}, "plagiarism": {"pearson": [0.7666284660527626, 9.302736481930408e-46], "spearman": [0.7891044973067315, 3.7014345934597102e-50], "nsamples": 230}, "postediting": {"pearson": [0.8633177713069836, 7.919235066425841e-74], "spearman": [0.860056522029981, 1.1152390061283198e-72], "nsamples": 244}, "question-question": {"pearson": [0.49857794734372646, 1.561322637516351e-14], "spearman": [0.48660222929480423, 8.015727594458772e-14], "nsamples": 209}, "all": {"pearson": {"mean": 0.6980535078367661, "wmean": 0.7028646481125674}, "spearman": {"mean": 0.7001681758998985, "wmean": 0.7051520964388773}}}}