{"MR": {"devacc": 64.75, "acc": 64.58, "ndev": 10662, "ntest": 10662}, "CR": {"devacc": 72.92, "acc": 70.81, "ndev": 3775, "ntest": 3775}, "SUBJ": {"devacc": 81.09, "acc": 80.42, "ndev": 10000, "ntest": 10000}, "MPQA": {"devacc": 81.31, "acc": 81.74, "ndev": 10606, "ntest": 10606}, "SST5": {"devacc": 35.06, "acc": 36.11, "ndev": 1101, "ntest": 2210}, "TREC": {"devacc": 61.81, "acc": 70.6, "ndev": 5452, "ntest": 500}, "MRPC": {"devacc": 71.64, "acc": 66.78, "f1": 72.86, "ndev": 4076, "ntest": 1725}, "STS12": {"MSRpar": {"pearson": [0.35490205800716534, 1.1075338925433116e-23], "spearman": [0.36292134116950386, 9.153222600952892e-25], "nsamples": 750}, "MSRvid": {"pearson": [0.6854762438715435, 3.5063735650603694e-105], "spearman": [0.6885219380239009, 1.8016331224182568e-106], "nsamples": 750}, "SMTeuroparl": {"pearson": [0.5623568929270331, 1.242904789204396e-39], "spearman": [0.6422605044367647, 9.577194674515575e-55], "nsamples": 459}, "surprise.OnWN": {"pearson": [0.5806712816286707, 7.979032747505328e-69], "spearman": [0.6209897235287231, 3.500486684489287e-81], "nsamples": 750}, "surprise.SMTnews": {"pearson": [0.6009237058253651, 1.5802303912115938e-40], "spearman": [0.5096917958003752, 9.10689596213321e-28], "nsamples": 399}, "all": {"pearson": {"mean": 0.5568660364519555, "wmean": 0.5513763063411723}, "spearman": {"mean": 0.5648770605918535, "wmean": 0.563864012259466}}}, "STS13": {"FNWN": {"pearson": [0.09395747079570277, 0.19845028461816894], "spearman": [0.0732706798761106, 0.3163579061523977], "nsamples": 189}, "headlines": {"pearson": [0.6428545020455355, 1.1325950585804825e-88], "spearman": [0.640898025589388, 5.613045263644387e-88], "nsamples": 750}, "OnWN": {"pearson": [0.4507564295541407, 2.0002735022525514e-29], "spearman": [0.4753030046893716, 5.823796745216123e-33], "nsamples": 561}, "all": {"pearson": {"mean": 0.395856134131793, "wmean": 0.5018487969962749}, "spearman": {"mean": 0.3964905700516234, "wmean": 0.5074444422129089}}}, "STS14": {"deft-forum": {"pearson": [0.41406748389084774, 4.545848248412009e-20], "spearman": [0.4094281743179517, 1.2880255629799758e-19], "nsamples": 450}, "deft-news": {"pearson": [0.6749710455265323, 3.0686204808703733e-41], "spearman": [0.6513811894965345, 1.3128468817921712e-37], "nsamples": 300}, "headlines": {"pearson": [0.6164646591955637, 1.0494833316596481e-79], "spearman": [0.6002811812847525, 1.291521307693639e-74], "nsamples": 750}, "images": {"pearson": [0.6638661820660625, 1.8025088649904584e-96], "spearman": [0.6753209871493718, 5.3850024724763257e-101], "nsamples": 750}, "OnWN": {"pearson": [0.5839639187125704, 9.05890074913048e-70], "spearman": [0.6326289685725317, 4.2853989758509615e-85], "nsamples": 750}, "tweet-news": {"pearson": [0.6514491097918741, 8.696052338136006e-92], "spearman": [0.6057880661802546, 2.5814263380908908e-76], "nsamples": 750}, "all": {"pearson": {"mean": 0.6007970665305752, "wmean": 0.6068345556622384}, "spearman": {"mean": 0.5958047611668995, "wmean": 0.6040457167152591}}}, "STS15": {"answers-forums": {"pearson": [0.5296758162920508, 1.654817341368386e-28], "spearman": [0.5174482840750334, 4.544526776548735e-27], "nsamples": 375}, "answers-students": {"pearson": [0.708164553741064, 3.4823552075092066e-115], "spearman": [0.7182460966153503, 6.043855542986069e-120], "nsamples": 750}, "belief": {"pearson": [0.6861125670818302, 1.740959876709918e-53], "spearman": [0.6803942499709877, 2.700889470321529e-52], "nsamples": 375}, "headlines": {"pearson": [0.668614623299868, 2.5397153416581483e-98], "spearman": [0.6755658000424346, 4.2879022320487255e-101], "nsamples": 750}, "images": {"pearson": [0.7286020354719642, 4.662772340120721e-125], "spearman": [0.7330817805947792, 2.415326093139197e-127], "nsamples": 750}, "all": {"pearson": {"mean": 0.6642339191773555, "wmean": 0.6783188510499593}, "spearman": {"mean": 0.6649472422597171, "wmean": 0.6814537360688937}}}, "STS16": {"answer-answer": {"pearson": [0.5980170464308594, 5.040757390341256e-26], "spearman": [0.5784610573356228, 4.3874954341858834e-24], "nsamples": 254}, "headlines": {"pearson": [0.6544903122841355, 7.795102774918518e-32], "spearman": [0.6646029709664367, 4.157592884058737e-33], "nsamples": 249}, "plagiarism": {"pearson": [0.7601338805216683, 1.40897429078274e-44], "spearman": [0.7882886465825044, 5.462477926114944e-50], "nsamples": 230}, "postediting": {"pearson": [0.8480337016040748, 1.1061043337788682e-68], "spearman": [0.8439416053545996, 2.1169239739077077e-67], "nsamples": 244}, "question-question": {"pearson": [0.44742861001587775, 1.1060355407690768e-11], "spearman": [0.4311903615367212, 7.14253604650849e-11], "nsamples": 209}, "all": {"pearson": {"mean": 0.6616207101713232, "wmean": 0.6662124896769682}, "spearman": {"mean": 0.6612969283551771, "wmean": 0.6659040255611839}}}}