{"MR": {"devacc": 66.14, "acc": 66.28, "ndev": 10662, "ntest": 10662}, "CR": {"devacc": 75.72, "acc": 73.99, "ndev": 3775, "ntest": 3775}, "SUBJ": {"devacc": 86.14, "acc": 85.04, "ndev": 10000, "ntest": 10000}, "MPQA": {"devacc": 85.55, "acc": 85.77, "ndev": 10606, "ntest": 10606}, "SST5": {"devacc": 37.69, "acc": 35.57, "ndev": 1101, "ntest": 2210}, "TREC": {"devacc": 72.25, "acc": 77.2, "ndev": 5452, "ntest": 500}, "MRPC": {"devacc": 71.71, "acc": 72.29, "f1": 80.96, "ndev": 4076, "ntest": 1725}, "STS12": {"MSRpar": {"pearson": [0.41195453265486576, 4.3634680660163725e-32], "spearman": [0.41661073132813964, 7.560510388377382e-33], "nsamples": 750}, "MSRvid": {"pearson": [0.7305059227886787, 5.0450047620092207e-126], "spearman": [0.7395698665382404, 9.753703926687407e-131], "nsamples": 750}, "SMTeuroparl": {"pearson": [0.5637210247180708, 7.41660947979803e-40], "spearman": [0.6301481513318313, 3.623384649246214e-52], "nsamples": 459}, "surprise.OnWN": {"pearson": [0.6453551765151929, 1.439352291703831e-89], "spearman": [0.6662334805559523, 2.1742100102207835e-97], "nsamples": 750}, "surprise.SMTnews": {"pearson": [0.6382733124870799, 4.896961251123325e-47], "spearman": [0.5366836564013976, 3.833787489329436e-31], "nsamples": 399}, "all": {"pearson": {"mean": 0.5979619938327776, "wmean": 0.5966154202049525}, "spearman": {"mean": 0.5978491772311123, "wmean": 0.6017327346146131}}}, "STS13": {"FNWN": {"pearson": [0.25232076170617057, 0.00046061588718815605], "spearman": [0.2519071042769352, 0.00047098549815140055], "nsamples": 189}, "headlines": {"pearson": [0.6917723131298406, 7.279872514833671e-108], "spearman": [0.6985184991569549, 8.12523359369506e-111], "nsamples": 750}, "OnWN": {"pearson": [0.5052968361102118, 1.0889172313927848e-37], "spearman": [0.5163109951453106, 1.5121910062118276e-39], "nsamples": 561}, "all": {"pearson": {"mean": 0.48312997031540766, "wmean": 0.5666595892451171}, "spearman": {"mean": 0.48891219952640025, "wmean": 0.5740998569017174}}}, "STS14": {"deft-forum": {"pearson": [0.4437725202238243, 3.8843587850595384e-23], "spearman": [0.43984514200629876, 1.0293808447045706e-22], "nsamples": 450}, "deft-news": {"pearson": [0.7601338888410457, 9.642757841048317e-58], "spearman": [0.7522649042408048, 6.130568588664977e-56], "nsamples": 300}, "headlines": {"pearson": [0.673404620764058, 3.179705007881236e-100], "spearman": [0.6627347475405712, 4.919693774688959e-96], "nsamples": 750}, "images": {"pearson": [0.7103791333227726, 3.2636566850713343e-116], "spearman": [0.7120973247041303, 5.120064920650174e-117], "nsamples": 750}, "OnWN": {"pearson": [0.6300195159906673, 3.338879327538333e-84], "spearman": [0.6750133302419404, 7.16786066767005e-101], "nsamples": 750}, "tweet-news": {"pearson": [0.6999381744410088, 1.896672798192169e-111], "spearman": [0.6434940302476382, 6.695001496126184e-89], "nsamples": 750}, "all": {"pearson": {"mean": 0.6529413089305628, "wmean": 0.656811702437844}, "spearman": {"mean": 0.6475749131635639, "wmean": 0.6516304959268763}}}, "STS15": {"answers-forums": {"pearson": [0.627000560689441, 2.3128033018826583e-42], "spearman": [0.6239787922105585, 7.398849395958181e-42], "nsamples": 375}, "answers-students": {"pearson": [0.7559447440916811, 8.98567628569843e-140], "spearman": [0.7604812502197459, 2.101157234803524e-142], "nsamples": 750}, "belief": {"pearson": [0.7233070104428971, 5.884557626670618e-62], "spearman": [0.7196134058850312, 4.70108553305476e-61], "nsamples": 375}, "headlines": {"pearson": [0.7282414217736576, 7.09000628846804e-125], "spearman": [0.7452065501516837, 9.062122904270782e-134], "nsamples": 750}, "images": {"pearson": [0.7798201440984923, 2.582031125584302e-154], "spearman": [0.7887263602417822, 3.244408383505535e-160], "nsamples": 750}, "all": {"pearson": {"mean": 0.7228627762192337, "wmean": 0.7347900238825}, "spearman": {"mean": 0.7276012717417604, "wmean": 0.7415525649152517}}}, "STS16": {"answer-answer": {"pearson": [0.6564831901507283, 1.0675040605894688e-32], "spearman": [0.6432240617999313, 4.674031351943195e-31], "nsamples": 254}, "headlines": {"pearson": [0.713509284180378, 4.877729004200974e-40], "spearman": [0.7244102129222901, 8.733927296924418e-42], "nsamples": 249}, "plagiarism": {"pearson": [0.7923052422561538, 7.906192624475888e-51], "spearman": [0.8280591312740749, 3.18918967996448e-59], "nsamples": 230}, "postediting": {"pearson": [0.8681153365307674, 1.424892411705682e-75], "spearman": [0.8669141851485758, 3.953776347667255e-75], "nsamples": 244}, "question-question": {"pearson": [0.47763451523506495, 2.6188515939086283e-13], "spearman": [0.455384508766282, 4.275150874289909e-12], "nsamples": 209}, "all": {"pearson": {"mean": 0.7016095136706185, "wmean": 0.7068182998109194}, "spearman": {"mean": 0.7035984199822309, "wmean": 0.7090329497607719}}}}