{"MR": {"devacc": 65.62, "acc": 65.53, "ndev": 10662, "ntest": 10662}, "CR": {"devacc": 76.81, "acc": 74.28, "ndev": 3775, "ntest": 3775}, "SUBJ": {"devacc": 88.95, "acc": 87.6, "ndev": 10000, "ntest": 10000}, "MPQA": {"devacc": 87.01, "acc": 86.93, "ndev": 10606, "ntest": 10606}, "SST5": {"devacc": 36.42, "acc": 38.69, "ndev": 1101, "ntest": 2210}, "TREC": {"devacc": 74.01, "acc": 87.2, "ndev": 5452, "ntest": 500}, "MRPC": {"devacc": 74.24, "acc": 71.42, "f1": 77.58, "ndev": 4076, "ntest": 1725}, "STS12": {"MSRpar": {"pearson": [0.4142093849006951, 1.873536910272602e-32], "spearman": [0.4330196628618303, 1.2548666746553015e-35], "nsamples": 750}, "MSRvid": {"pearson": [0.7523769145657451, 9.60599730800443e-138], "spearman": [0.7618675182935527, 3.2115363140078896e-143], "nsamples": 750}, "SMTeuroparl": {"pearson": [0.581639442560806, 6.693639613930947e-43], "spearman": [0.6594339439682408, 1.3189116767712058e-58], "nsamples": 459}, "surprise.OnWN": {"pearson": [0.6331019587056996, 2.947543615212368e-85], "spearman": [0.6696475800875297, 9.943755805702944e-99], "nsamples": 750}, "surprise.SMTnews": {"pearson": [0.6197612910732447, 1.0605379116080059e-43], "spearman": [0.5465819736046394, 1.851974850521498e-32], "nsamples": 399}, "all": {"pearson": {"mean": 0.6002177983612381, "wmean": 0.5997501457216021}, "spearman": {"mean": 0.6141101357631585, "wmean": 0.6174927473236351}}}, "STS13": {"FNWN": {"pearson": [0.2305283972709132, 0.0014162834231196812], "spearman": [0.24926729515371393, 0.0005424151423720355], "nsamples": 189}, "headlines": {"pearson": [0.7111888227006014, 1.3657073993082534e-116], "spearman": [0.7122387182326579, 4.3935287899798406e-117], "nsamples": 750}, "OnWN": {"pearson": [0.519829771703666, 3.730499638087998e-40], "spearman": [0.5381878333025779, 1.916100078941619e-43], "nsamples": 561}, "all": {"pearson": {"mean": 0.4871823305583935, "wmean": 0.5790573240236068}, "spearman": {"mean": 0.4998979488963166, "wmean": 0.5888092879608611}}}, "STS14": {"deft-forum": {"pearson": [0.4536252812815193, 3.1838971430881347e-24], "spearman": [0.4551620048057162, 2.1394913649329987e-24], "nsamples": 450}, "deft-news": {"pearson": [0.7702664642229847, 3.6060576317679667e-60], "spearman": [0.7523352373080736, 5.91131223938428e-56], "nsamples": 300}, "headlines": {"pearson": [0.6749970258893625, 7.277254156518102e-101], "spearman": [0.6611960893905797, 1.9137939094345495e-95], "nsamples": 750}, "images": {"pearson": [0.7245984342297032, 4.709418359470025e-123], "spearman": [0.7269946904561557, 3.003458820013409e-124], "nsamples": 750}, "OnWN": {"pearson": [0.6251469786941186, 1.4649842398177112e-82], "spearman": [0.6774749969962767, 7.200171178316662e-102], "nsamples": 750}, "tweet-news": {"pearson": [0.7208377135047978, 3.3390624226661493e-121], "spearman": [0.6752017479724554, 6.016469032038272e-101], "nsamples": 750}, "all": {"pearson": {"mean": 0.661578649637081, "wmean": 0.6651723813552174}, "spearman": {"mean": 0.6580607944882096, "wmean": 0.6629797645244253}}}, "STS15": {"answers-forums": {"pearson": [0.6315924099413989, 3.8546542250716946e-43], "spearman": [0.6247804004549182, 5.441663376507749e-42], "nsamples": 375}, "answers-students": {"pearson": [0.7580161438591947, 5.746431666085964e-141], "spearman": [0.766753967502718, 3.856296794104669e-146], "nsamples": 750}, "belief": {"pearson": [0.7293071342748647, 1.8704607296107876e-63], "spearman": [0.7351128874123675, 6.080346898215232e-65], "nsamples": 375}, "headlines": {"pearson": [0.7146413996249115, 3.215440895575712e-118], "spearman": [0.7297342365230205, 1.2453971800975926e-125], "nsamples": 750}, "images": {"pearson": [0.800377803731123, 2.2147878463006887e-168], "spearman": [0.8095097095516524, 3.6020099111239896e-175], "nsamples": 750}, "all": {"pearson": {"mean": 0.7267869782862986, "wmean": 0.7383712798308402}, "spearman": {"mean": 0.7331782402889353, "wmean": 0.7464861393777585}}}, "STS16": {"answer-answer": {"pearson": [0.662880459103184, 1.6087309414591362e-33], "spearman": [0.6584477985200289, 5.9993228512571345e-33], "nsamples": 254}, "headlines": {"pearson": [0.7170725367186922, 1.3373008308622695e-40], "spearman": [0.7267239312832713, 3.6271433347804463e-42], "nsamples": 249}, "plagiarism": {"pearson": [0.78138119987647, 1.3775123971402035e-48], "spearman": [0.822689642394906, 7.643673632330798e-58], "nsamples": 230}, "postediting": {"pearson": [0.8620989713486504, 2.1449439874707023e-73], "spearman": [0.8587310702213534, 3.205855106895419e-72], "nsamples": 244}, "question-question": {"pearson": [0.5183538219577108, 9.073697532895794e-16], "spearman": [0.5093414723294629, 3.395059218851272e-15], "nsamples": 209}, "all": {"pearson": {"mean": 0.7083573978009415, "wmean": 0.7127558786045392}, "spearman": {"mean": 0.7151867829498044, "wmean": 0.7195627034699142}}}}