{"MR": {"devacc": 68.62, "acc": 69.41, "ndev": 10662, "ntest": 10662}, "CR": {"devacc": 77.3, "acc": 77.75, "ndev": 3775, "ntest": 3775}, "SUBJ": {"devacc": 89.36, "acc": 89.33, "ndev": 10000, "ntest": 10000}, "MPQA": {"devacc": 86.9, "acc": 87.09, "ndev": 10606, "ntest": 10606}, "SST5": {"devacc": 37.42, "acc": 36.97, "ndev": 1101, "ntest": 2210}, "TREC": {"devacc": 74.56, "acc": 81.2, "ndev": 5452, "ntest": 500}, "MRPC": {"devacc": 73.63, "acc": 67.65, "f1": 73.15, "ndev": 4076, "ntest": 1725}, "STS12": {"MSRpar": {"pearson": [0.41034387230224373, 7.950508706602405e-32], "spearman": [0.4222763166334107, 8.629205370706255e-34], "nsamples": 750}, "MSRvid": {"pearson": [0.7392790931914419, 1.3913515636226905e-130], "spearman": [0.7483304562634321, 1.7464736775995755e-135], "nsamples": 750}, "SMTeuroparl": {"pearson": [0.5821101030455402, 5.535243718194148e-43], "spearman": [0.6543326627088076, 1.9653625522265993e-57], "nsamples": 459}, "surprise.OnWN": {"pearson": [0.638876739131572, 2.8976613441652846e-87], "spearman": [0.6732302968680262, 3.73465855526065e-100], "nsamples": 750}, "surprise.SMTnews": {"pearson": [0.6589920415138921, 4.7297129069601163e-51], "spearman": [0.5898702150308816, 9.218719552368499e-39], "nsamples": 399}, "all": {"pearson": {"mean": 0.605920369836938, "wmean": 0.6021560940575577}, "spearman": {"mean": 0.6176079895009116, "wmean": 0.617302030342444}}}, "STS13": {"FNWN": {"pearson": [0.2599621503500665, 0.00030327173273634055], "spearman": [0.2891833829524588, 5.4414267304761046e-05], "nsamples": 189}, "headlines": {"pearson": [0.7014224884252941, 4.1055646991597165e-112], "spearman": [0.7016780132609625, 3.1516820044710448e-112], "nsamples": 750}, "OnWN": {"pearson": [0.5099292658842121, 1.8367512293334155e-38], "spearman": [0.5314791154643921, 3.2203142063143704e-42], "nsamples": 561}, "all": {"pearson": {"mean": 0.4904379682198576, "wmean": 0.5741800205974508}, "spearman": {"mean": 0.5074468372259378, "wmean": 0.5860493020661737}}}, "STS14": {"deft-forum": {"pearson": [0.4597547388850131, 6.44281652645657e-25], "spearman": [0.4613384530557739, 4.241309049640361e-25], "nsamples": 450}, "deft-news": {"pearson": [0.7697331203956077, 4.874008195571384e-60], "spearman": [0.749699082723478, 2.295645174029091e-55], "nsamples": 300}, "headlines": {"pearson": [0.6788708343313392, 1.9367494516353837e-102], "spearman": [0.6643740983964045, 1.14683796264436e-96], "nsamples": 750}, "images": {"pearson": [0.7240884553004604, 8.428114369108606e-123], "spearman": [0.730120107748688, 7.929401733660857e-126], "nsamples": 750}, "OnWN": {"pearson": [0.6268353817007337, 3.981824449832062e-83], "spearman": [0.6803259048272295, 4.888993208700179e-103], "nsamples": 750}, "tweet-news": {"pearson": [0.729828157301284, 1.115877335210257e-125], "spearman": [0.6887192649740422, 1.4845359937622042e-106], "nsamples": 750}, "all": {"pearson": {"mean": 0.664851781319073, "wmean": 0.6686737840246136}, "spearman": {"mean": 0.6624294852876026, "wmean": 0.668044416173844}}}, "STS15": {"answers-forums": {"pearson": [0.6597633438253969, 3.241175481188152e-48], "spearman": [0.6493053012935602, 2.868888390530521e-46], "nsamples": 375}, "answers-students": {"pearson": [0.7684982357432766, 3.359253657443946e-147], "spearman": [0.7779185135730279, 4.32699857014837e-153], "nsamples": 750}, "belief": {"pearson": [0.7356452710433902, 4.420909103702882e-65], "spearman": [0.7282417167758284, 3.4739694836227323e-63], "nsamples": 375}, "headlines": {"pearson": [0.725818103876274, 1.1644944407201158e-123], "spearman": [0.7393575269022074, 1.2642847613652072e-130], "nsamples": 750}, "images": {"pearson": [0.8008275755507108, 1.0454031633285352e-168], "spearman": [0.8104921722961186, 6.372302510632752e-176], "nsamples": 750}, "all": {"pearson": {"mean": 0.7381105060078097, "wmean": 0.7482120556511636}, "spearman": {"mean": 0.7410630461681486, "wmean": 0.754135430451512}}}, "STS16": {"answer-answer": {"pearson": [0.6822873070691826, 3.843054001593725e-36], "spearman": [0.6811756183548426, 5.499677397704925e-36], "nsamples": 254}, "headlines": {"pearson": [0.7258642669560352, 5.0329362389208395e-42], "spearman": [0.7345858621826481, 1.7097629888581723e-43], "nsamples": 249}, "plagiarism": {"pearson": [0.7858050674251198, 1.7674589273334664e-49], "spearman": [0.8300002818400668, 9.842295665137392e-60], "nsamples": 230}, "postediting": {"pearson": [0.8719264085154012, 5.225115589294896e-77], "spearman": [0.8703350572943572, 2.1043095965427105e-76], "nsamples": 244}, "question-question": {"pearson": [0.4881431059039172, 6.517434911524163e-14], "spearman": [0.4667578920266872, 1.0518382478344507e-12], "nsamples": 209}, "all": {"pearson": {"mean": 0.7108052311739311, "wmean": 0.7163139096012473}, "spearman": {"mean": 0.7165709423397203, "wmean": 0.7223817074049119}}}}