{"MR": {"devacc": 63.37, "acc": 63.36, "ndev": 10662, "ntest": 10662}, "CR": {"devacc": 72.22, "acc": 70.49, "ndev": 3775, "ntest": 3775}, "SUBJ": {"devacc": 85.01, "acc": 83.71, "ndev": 10000, "ntest": 10000}, "MPQA": {"devacc": 84.64, "acc": 84.11, "ndev": 10606, "ntest": 10606}, "SST5": {"devacc": 38.06, "acc": 35.7, "ndev": 1101, "ntest": 2210}, "TREC": {"devacc": 69.41, "acc": 79.4, "ndev": 5452, "ntest": 500}, "MRPC": {"devacc": 71.66, "acc": 66.67, "f1": 72.45, "ndev": 4076, "ntest": 1725}, "STS12": {"MSRpar": {"pearson": [0.32655112037921163, 4.2744066735607897e-20], "spearman": [0.34053103522838796, 8.102544754074922e-22], "nsamples": 750}, "MSRvid": {"pearson": [0.7288253255994055, 3.595854148620353e-125], "spearman": [0.7383731875545342, 4.1950343234046675e-130], "nsamples": 750}, "SMTeuroparl": {"pearson": [0.5979317863132858, 7.743838301446086e-46], "spearman": [0.6741708361562466, 3.965505566303594e-62], "nsamples": 459}, "surprise.OnWN": {"pearson": [0.6014050026122605, 5.848066012044591e-75], "spearman": [0.641527895504265, 3.3570917760704224e-88], "nsamples": 750}, "surprise.SMTnews": {"pearson": [0.5952393087175689, 1.3044163174138536e-39], "spearman": [0.5213309870806523, 3.4730021370222955e-29], "nsamples": 399}, "all": {"pearson": {"mean": 0.5699905087243465, "wmean": 0.564522928101437}, "spearman": {"mean": 0.5831867883048172, "wmean": 0.5816536571287928}}}, "STS13": {"FNWN": {"pearson": [0.13809796042962835, 0.0580886790462879], "spearman": [0.151652335073563, 0.03724141146959058], "nsamples": 189}, "headlines": {"pearson": [0.68295170112528, 3.9948639644525193e-104], "spearman": [0.6813345792516333, 1.873853003240669e-103], "nsamples": 750}, "OnWN": {"pearson": [0.4342052734686525, 3.373634456988272e-27], "spearman": [0.457561746479459, 2.235431553681357e-30], "nsamples": 561}, "all": {"pearson": {"mean": 0.4184183116745203, "wmean": 0.5212689658540492}, "spearman": {"mean": 0.4301828869348851, "wmean": 0.5309035770284033}}}, "STS14": {"deft-forum": {"pearson": [0.4392056778167851, 1.2049577247721124e-22], "spearman": [0.44176271129500055, 6.406279166652318e-23], "nsamples": 450}, "deft-news": {"pearson": [0.7408992821965692, 1.886357139857601e-53], "spearman": [0.7051600580571256, 2.0706038449875272e-46], "nsamples": 300}, "headlines": {"pearson": [0.6687130041517008, 2.323111212033037e-98], "spearman": [0.6567375697708925, 9.371512665613494e-94], "nsamples": 750}, "images": {"pearson": [0.6968990011699924, 4.2274687095978593e-110], "spearman": [0.6957909917330042, 1.2982366579931535e-109], "nsamples": 750}, "OnWN": {"pearson": [0.5936485842839422, 1.3011867285842247e-72], "spearman": [0.6506789070434948, 1.669492201568046e-91], "nsamples": 750}, "tweet-news": {"pearson": [0.6730475478491995, 4.420180773317209e-100], "spearman": [0.6029679404160442, 1.932843021427652e-75], "nsamples": 750}, "all": {"pearson": {"mean": 0.6354021829113647, "wmean": 0.6384382514047068}, "spearman": {"mean": 0.6255163630525936, "wmean": 0.6306594117926573}}}, "STS15": {"answers-forums": {"pearson": [0.532541872754107, 7.464181394654335e-29], "spearman": [0.5295092378009237, 1.7327874080387768e-28], "nsamples": 375}, "answers-students": {"pearson": [0.751475480627781, 3.088161212298641e-137], "spearman": [0.7580268764413736, 5.664734559233891e-141], "nsamples": 750}, "belief": {"pearson": [0.692115413443202, 9.139221852280865e-55], "spearman": [0.6834822725958098, 6.192763538399669e-53], "nsamples": 375}, "headlines": {"pearson": [0.6993446181142522, 3.488314602488105e-111], "spearman": [0.7060400691369338, 3.3049746552474584e-114], "nsamples": 750}, "images": {"pearson": [0.7712191767630537, 7.145822964867826e-149], "spearman": [0.7810428760951791, 4.15252058233395e-155], "nsamples": 750}, "all": {"pearson": {"mean": 0.6893393123404793, "wmean": 0.7085919796509353}, "spearman": {"mean": 0.6916202664140441, "wmean": 0.7129013942179633}}}, "STS16": {"answer-answer": {"pearson": [0.6571824015633101, 8.699876293180023e-33], "spearman": [0.6454874842873203, 2.4845896672308855e-31], "nsamples": 254}, "headlines": {"pearson": [0.697867403477999, 1.1404546041371045e-37], "spearman": [0.6994336496444292, 6.711312428195834e-38], "nsamples": 249}, "plagiarism": {"pearson": [0.7849639372952039, 2.6213395953580007e-49], "spearman": [0.8173544734869314, 1.6169729510771056e-56], "nsamples": 230}, "postediting": {"pearson": [0.8608443289633491, 5.923312939361137e-73], "spearman": [0.8618322461292683, 2.664178872272869e-73], "nsamples": 244}, "question-question": {"pearson": [0.4290192224515827, 9.097995793867047e-11], "spearman": [0.415712493256919, 3.8634249130697257e-10], "nsamples": 209}, "all": {"pearson": {"mean": 0.685975458750289, "wmean": 0.6921973463747364}, "spearman": {"mean": 0.6879640693609737, "wmean": 0.6941613050747674}}}}