{"MR": {"devacc": 63.63, "acc": 61.82, "ndev": 10662, "ntest": 10662}, "CR": {"devacc": 73.14, "acc": 68.77, "ndev": 3775, "ntest": 3775}, "SUBJ": {"devacc": 83.82, "acc": 82.8, "ndev": 10000, "ntest": 10000}, "MPQA": {"devacc": 82.69, "acc": 84.11, "ndev": 10606, "ntest": 10606}, "SST5": {"devacc": 34.24, "acc": 34.75, "ndev": 1101, "ntest": 2210}, "TREC": {"devacc": 66.58, "acc": 74.0, "ndev": 5452, "ntest": 500}, "MRPC": {"devacc": 71.84, "acc": 71.36, "f1": 79.12, "ndev": 4076, "ntest": 1725}, "STS12": {"MSRpar": {"pearson": [0.36966964451897233, 1.0623844373606744e-25], "spearman": [0.3922715435175332, 5.348913379838386e-29], "nsamples": 750}, "MSRvid": {"pearson": [0.6881046839644265, 2.7115971657913997e-106], "spearman": [0.6938740186760768, 8.936081633422766e-109], "nsamples": 750}, "SMTeuroparl": {"pearson": [0.5673804783204945, 1.834442304563481e-40], "spearman": [0.6450400928093152, 2.361226139418136e-55], "nsamples": 459}, "surprise.OnWN": {"pearson": [0.6203429688303234, 5.710730180184011e-81], "spearman": [0.6508138658066384, 1.4893934518814393e-91], "nsamples": 750}, "surprise.SMTnews": {"pearson": [0.5870420918101451, 2.544844469693225e-38], "spearman": [0.5170436433436381, 1.17393413724943e-28], "nsamples": 399}, "all": {"pearson": {"mean": 0.5665079734888724, "wmean": 0.5641072738631424}, "spearman": {"mean": 0.5798086328306403, "wmean": 0.5807893781511497}}}, "STS13": {"FNWN": {"pearson": [0.21005563870913427, 0.003718936598006204], "spearman": [0.21267463904662307, 0.003302480867589822], "nsamples": 189}, "headlines": {"pearson": [0.6822409541001195, 7.8895888958794e-104], "spearman": [0.6828088656216029, 4.5810547637308794e-104], "nsamples": 750}, "OnWN": {"pearson": [0.45176896425802493, 1.448237361125093e-29], "spearman": [0.4871212395718636, 9.075569773356278e-35], "nsamples": 561}, "all": {"pearson": {"mean": 0.44802185235575953, "wmean": 0.536549080159912}, "spearman": {"mean": 0.4608682480800299, "wmean": 0.550384780930553}}}, "STS14": {"deft-forum": {"pearson": [0.4360877748526962, 2.584558831105152e-22], "spearman": [0.4276252103213871, 1.971507716772356e-21], "nsamples": 450}, "deft-news": {"pearson": [0.730078134373759, 3.358171331116038e-51], "spearman": [0.7052069096991676, 2.030312785777121e-46], "nsamples": 300}, "headlines": {"pearson": [0.6552598867410413, 3.353978384739121e-93], "spearman": [0.6420597792829049, 2.17293573310557e-88], "nsamples": 750}, "images": {"pearson": [0.6680835966961413, 4.106758884476212e-98], "spearman": [0.663267764718922, 3.0672432160563418e-96], "nsamples": 750}, "OnWN": {"pearson": [0.5948542091626603, 5.671138829964283e-73], "spearman": [0.6445973775693432, 2.6949307124096255e-89], "nsamples": 750}, "tweet-news": {"pearson": [0.6821249751023879, 8.814595656974356e-104], "spearman": [0.6391481546621943, 2.3261535188697557e-87], "nsamples": 750}, "all": {"pearson": {"mean": 0.627748096154781, "wmean": 0.6308013172726705}, "spearman": {"mean": 0.6203175327089865, "wmean": 0.6255461932611727}}}, "STS15": {"answers-forums": {"pearson": [0.49991828778744807, 4.180566293341397e-25], "spearman": [0.4950846494877671, 1.3901154455196794e-24], "nsamples": 375}, "answers-students": {"pearson": [0.7349941080158134, 2.4722396954257153e-128], "spearman": [0.7392129403118513, 1.508359538942243e-130], "nsamples": 750}, "belief": {"pearson": [0.7040602530139584, 2.081479007790295e-57], "spearman": [0.7027238078916861, 4.174358608944793e-57], "nsamples": 375}, "headlines": {"pearson": [0.7128260510589285, 2.3243737294837804e-117], "spearman": [0.7235871340783187, 1.4915849611004397e-122], "nsamples": 750}, "images": {"pearson": [0.7463074050771653, 2.2684063739821043e-134], "spearman": [0.7549517050667193, 3.325008036036326e-139], "nsamples": 750}, "all": {"pearson": {"mean": 0.6796212209906628, "wmean": 0.6990292086381527}, "spearman": {"mean": 0.6831120473672685, "wmean": 0.704164002036654}}}, "STS16": {"answer-answer": {"pearson": [0.65221131468021, 3.6825761330789324e-32], "spearman": [0.6543130532928745, 2.0074918487553532e-32], "nsamples": 254}, "headlines": {"pearson": [0.7302731750521719, 9.256504961500577e-43], "spearman": [0.7383091829643532, 3.872891022215287e-44], "nsamples": 249}, "plagiarism": {"pearson": [0.7591475824254524, 2.1128438268121396e-44], "spearman": [0.7862649825998969, 1.4237295482987743e-49], "nsamples": 230}, "postediting": {"pearson": [0.8565144597760473, 1.8301570997548147e-71], "spearman": [0.8518211513744287, 6.655501199523583e-70], "nsamples": 244}, "question-question": {"pearson": [0.4541933281229132, 4.936758430577303e-12], "spearman": [0.43805212538599225, 3.2867410509326397e-11], "nsamples": 209}, "all": {"pearson": {"mean": 0.690467972011359, "wmean": 0.6964751873842011}, "spearman": {"mean": 0.6937520991235091, "wmean": 0.7000613012087044}}}}