{"MR": {"devacc": 66.12, "acc": 65.27, "ndev": 10662, "ntest": 10662}, "CR": {"devacc": 76.65, "acc": 74.62, "ndev": 3775, "ntest": 3775}, "SUBJ": {"devacc": 87.44, "acc": 86.29, "ndev": 10000, "ntest": 10000}, "MPQA": {"devacc": 86.58, "acc": 86.41, "ndev": 10606, "ntest": 10606}, "SST5": {"devacc": 39.69, "acc": 38.87, "ndev": 1101, "ntest": 2210}, "TREC": {"devacc": 73.79, "acc": 83.2, "ndev": 5452, "ntest": 500}, "MRPC": {"devacc": 72.72, "acc": 72.99, "f1": 80.05, "ndev": 4076, "ntest": 1725}, "STS12": {"MSRpar": {"pearson": [0.4295201818330105, 5.062591172889184e-35], "spearman": [0.4387652702267235, 1.2260634632141102e-36], "nsamples": 750}, "MSRvid": {"pearson": [0.7432498438758733, 1.0441256798397824e-132], "spearman": [0.7524984480837071, 8.203490682884971e-138], "nsamples": 750}, "SMTeuroparl": {"pearson": [0.5771088003779051, 4.1043676756342685e-42], "spearman": [0.65083772117384, 1.213913250506467e-56], "nsamples": 459}, "surprise.OnWN": {"pearson": [0.6439414609331332, 4.6311005496990276e-89], "spearman": [0.6702634297941085, 5.675089739008928e-99], "nsamples": 750}, "surprise.SMTnews": {"pearson": [0.6246094657369129, 1.4913804062353006e-44], "spearman": [0.5425347809462319, 6.471302617749186e-32], "nsamples": 399}, "all": {"pearson": {"mean": 0.6036859505513671, "wmean": 0.6038113678198197}, "spearman": {"mean": 0.6109799300449222, "wmean": 0.6149778805324143}}}, "STS13": {"FNWN": {"pearson": [0.24277444946884388, 0.0007627907425970024], "spearman": [0.27283491943200333, 0.00014569588150292916], "nsamples": 189}, "headlines": {"pearson": [0.7044946643550966, 1.6771990410179433e-113], "spearman": [0.7043672832012567, 1.9165688290339973e-113], "nsamples": 750}, "OnWN": {"pearson": [0.5134175491296754, 4.7220774911968055e-39], "spearman": [0.5307386775786981, 4.380033875715907e-42], "nsamples": 561}, "all": {"pearson": {"mean": 0.48689555431787196, "wmean": 0.5748550761851212}, "spearman": {"mean": 0.5026469600706527, "wmean": 0.5850571068634938}}}, "STS14": {"deft-forum": {"pearson": [0.4600077108149586, 6.027478006343406e-25], "spearman": [0.45204882649040135, 4.777091173632383e-24], "nsamples": 450}, "deft-news": {"pearson": [0.7649973445809167, 6.831162914329573e-59], "spearman": [0.7438819148559506, 4.3195997328482186e-54], "nsamples": 300}, "headlines": {"pearson": [0.6846034104212311, 8.154495228289339e-105], "spearman": [0.6710499981096786, 2.7670527337272067e-99], "nsamples": 750}, "images": {"pearson": [0.7214526417490138, 1.6715009014601893e-121], "spearman": [0.7256371016047255, 1.4335078395001801e-123], "nsamples": 750}, "OnWN": {"pearson": [0.6269044222585999, 3.7746244439503224e-83], "spearman": [0.6732005702187037, 3.838483798442164e-100], "nsamples": 750}, "tweet-news": {"pearson": [0.7084154167744148, 2.6661841090306573e-115], "spearman": [0.6636212668075916, 2.2409435268626253e-96], "nsamples": 750}, "all": {"pearson": {"mean": 0.6610634910998558, "wmean": 0.6646758911049202}, "spearman": {"mean": 0.6549066130145086, "wmean": 0.660458199715464}}}, "STS15": {"answers-forums": {"pearson": [0.6052223378939869, 7.655379623542432e-39], "spearman": [0.5887595507350256, 2.34380339516722e-36], "nsamples": 375}, "answers-students": {"pearson": [0.7568094026444513, 2.861147804498524e-140], "spearman": [0.76507889126724, 3.938706716453554e-145], "nsamples": 750}, "belief": {"pearson": [0.7189062836650046, 6.971375354439247e-61], "spearman": [0.7133257892593962, 1.4980471951117396e-59], "nsamples": 375}, "headlines": {"pearson": [0.7193435775173267, 1.7801337439519096e-120], "spearman": [0.730858464999823, 3.3351895053861815e-126], "nsamples": 750}, "images": {"pearson": [0.7839001914240084, 5.54046540264985e-157], "spearman": [0.7950149168457422, 1.4781285712464566e-164], "nsamples": 750}, "all": {"pearson": {"mean": 0.7168363586289555, "wmean": 0.7305293705913205}, "spearman": {"mean": 0.7186075226214454, "wmean": 0.7354987357775041}}}, "STS16": {"answer-answer": {"pearson": [0.6779870538109267, 1.5240682353560592e-35], "spearman": [0.6768541114413383, 2.1824665761595828e-35], "nsamples": 254}, "headlines": {"pearson": [0.7164553798444891, 1.675655726644031e-40], "spearman": [0.7276918411338678, 2.5046381729992946e-42], "nsamples": 249}, "plagiarism": {"pearson": [0.7793871008650763, 3.422032071316032e-48], "spearman": [0.8231207857500082, 5.946403845668961e-58], "nsamples": 230}, "postediting": {"pearson": [0.8672188074631093, 3.055029100946096e-75], "spearman": [0.8616215940770837, 3.1606702019022233e-73], "nsamples": 244}, "question-question": {"pearson": [0.487635534977203, 6.977964801965265e-14], "spearman": [0.4726815570338283, 4.962859293958825e-13], "nsamples": 209}, "all": {"pearson": {"mean": 0.7057367753921608, "wmean": 0.7111149665088152}, "spearman": {"mean": 0.7123939778872254, "wmean": 0.7179258919441934}}}}