{"MR": {"devacc": 63.61, "acc": 61.88, "ndev": 10662, "ntest": 10662}, "CR": {"devacc": 71.24, "acc": 71.29, "ndev": 3775, "ntest": 3775}, "SUBJ": {"devacc": 80.98, "acc": 80.91, "ndev": 10000, "ntest": 10000}, "MPQA": {"devacc": 81.86, "acc": 82.65, "ndev": 10606, "ntest": 10606}, "SST5": {"devacc": 36.51, "acc": 35.57, "ndev": 1101, "ntest": 2210}, "TREC": {"devacc": 62.12, "acc": 77.2, "ndev": 5452, "ntest": 500}, "MRPC": {"devacc": 71.91, "acc": 70.84, "f1": 78.96, "ndev": 4076, "ntest": 1725}, "STS12": {"MSRpar": {"pearson": [0.3468451730992039, 1.263045948440255e-22], "spearman": [0.35045745906251324, 4.278277612303915e-23], "nsamples": 750}, "MSRvid": {"pearson": [0.7078817914126462, 4.703879363876202e-115], "spearman": [0.7154036255089987, 1.3948556081137984e-118], "nsamples": 750}, "SMTeuroparl": {"pearson": [0.609578028385915, 4.8351008941904136e-48], "spearman": [0.6801962458084861, 1.2550855153672848e-63], "nsamples": 459}, "surprise.OnWN": {"pearson": [0.6214858558218443, 2.4028754885054214e-81], "spearman": [0.6466890635959915, 4.751533331490227e-90], "nsamples": 750}, "surprise.SMTnews": {"pearson": [0.5626975311285295, 1.0692116134253307e-34], "spearman": [0.49718950046800126, 2.652746607662491e-26], "nsamples": 399}, "all": {"pearson": {"mean": 0.5696976759696277, "wmean": 0.5667542616472616}, "spearman": {"mean": 0.5779871788887981, "wmean": 0.5775422453791684}}}, "STS13": {"FNWN": {"pearson": [0.15436458073806875, 0.03393760500930505], "spearman": [0.14841840981659024, 0.041531735011008486], "nsamples": 189}, "headlines": {"pearson": [0.6647441014186771, 8.245263605629419e-97], "spearman": [0.6627847799978347, 4.7064731807878966e-96], "nsamples": 750}, "OnWN": {"pearson": [0.5339618852647314, 1.141755953740322e-42], "spearman": [0.5534733352566831, 2.426433083750895e-46], "nsamples": 561}, "all": {"pearson": {"mean": 0.45102352247382577, "wmean": 0.5515237329713447}, "spearman": {"mean": 0.4548921750237027, "wmean": 0.5570921370218072}}}, "STS14": {"deft-forum": {"pearson": [0.42649801778824475, 2.57317639836366e-21], "spearman": [0.4183779349734063, 1.7021998021238428e-20], "nsamples": 450}, "deft-news": {"pearson": [0.7071899726573156, 8.80639079488731e-47], "spearman": [0.6967086324462046, 6.737913116915121e-45], "nsamples": 300}, "headlines": {"pearson": [0.645265852714039, 1.5499353450942434e-89], "spearman": [0.6383216563665143, 4.538096464591492e-87], "nsamples": 750}, "images": {"pearson": [0.6690184368336064, 1.7610863087747207e-98], "spearman": [0.6755472125787122, 4.362750257616831e-101], "nsamples": 750}, "OnWN": {"pearson": [0.6289943690282997, 7.439585811443362e-84], "spearman": [0.6734756345619933, 2.977918145810455e-100], "nsamples": 750}, "tweet-news": {"pearson": [0.6757941967949059, 3.466186728437699e-101], "spearman": [0.6105484601939568, 8.240169297205893e-78], "nsamples": 750}, "all": {"pearson": {"mean": 0.625460140969402, "wmean": 0.6315695310213449}, "spearman": {"mean": 0.6188299218534646, "wmean": 0.6255206355327405}}}, "STS15": {"answers-forums": {"pearson": [0.5103299778111283, 2.941840002270266e-26], "spearman": [0.4923372137041491, 2.72880722181622e-24], "nsamples": 375}, "answers-students": {"pearson": [0.7167260177915361, 3.253985790184794e-119], "spearman": [0.7225549422150057, 4.8125269705399575e-122], "nsamples": 750}, "belief": {"pearson": [0.6675535134392299, 1.0206204488401133e-49], "spearman": [0.6637727011766743, 5.538549554659861e-49], "nsamples": 375}, "headlines": {"pearson": [0.6804393067969267, 4.3901489323335086e-103], "spearman": [0.6874109126842468, 5.343043699964119e-106], "nsamples": 750}, "images": {"pearson": [0.7644996935592333, 8.756729706204486e-145], "spearman": [0.7747680249336008, 4.3439151743331894e-151], "nsamples": 750}, "all": {"pearson": {"mean": 0.6679097018796109, "wmean": 0.6876516909432188}, "spearman": {"mean": 0.6681687589427353, "wmean": 0.6906972093183162}}}, "STS16": {"answer-answer": {"pearson": [0.6257788147942265, 5.124946369190673e-29], "spearman": [0.6168026331187224, 5.127919567297236e-28], "nsamples": 254}, "headlines": {"pearson": [0.6644756386792896, 4.3169733289074646e-33], "spearman": [0.6680239415706438, 1.5027569881912577e-33], "nsamples": 249}, "plagiarism": {"pearson": [0.7189614958736121, 6.977317936347663e-38], "spearman": [0.7239854817943968, 1.236343879735211e-38], "nsamples": 230}, "postediting": {"pearson": [0.8445166539036377, 1.4054138767600506e-67], "spearman": [0.8364253687764163, 3.861827222310004e-65], "nsamples": 244}, "question-question": {"pearson": [0.3960560738894545, 2.922370870958223e-09], "spearman": [0.412230657451899, 5.582381957254003e-10], "nsamples": 209}, "all": {"pearson": {"mean": 0.649957735428044, "wmean": 0.6564934064377664}, "spearman": {"mean": 0.6514936165424157, "wmean": 0.6574759599197719}}}}