{"MR": {"devacc": 65.06, "acc": 66.64, "ndev": 10662, "ntest": 10662}, "CR": {"devacc": 75.07, "acc": 72.98, "ndev": 3775, "ntest": 3775}, "SUBJ": {"devacc": 86.33, "acc": 85.96, "ndev": 10000, "ntest": 10000}, "MPQA": {"devacc": 85.63, "acc": 86.45, "ndev": 10606, "ntest": 10606}, "SST5": {"devacc": 35.88, "acc": 35.97, "ndev": 1101, "ntest": 2210}, "TREC": {"devacc": 69.3, "acc": 79.2, "ndev": 5452, "ntest": 500}, "MRPC": {"devacc": 72.42, "acc": 71.19, "f1": 81.12, "ndev": 4076, "ntest": 1725}, "STS12": {"MSRpar": {"pearson": [0.41983398332894767, 2.210579579575045e-33], "spearman": [0.4345941216392021, 6.663938598120575e-36], "nsamples": 750}, "MSRvid": {"pearson": [0.737135338794409, 1.8812358131796128e-129], "spearman": [0.7470731153666941, 8.61977530265776e-135], "nsamples": 750}, "SMTeuroparl": {"pearson": [0.5822578776404842, 5.214326861662731e-43], "spearman": [0.6564715501521838, 6.372455537767222e-58], "nsamples": 459}, "surprise.OnWN": {"pearson": [0.6319363444535564, 7.40430196450118e-85], "spearman": [0.665884980598908, 2.972071900284774e-97], "nsamples": 750}, "surprise.SMTnews": {"pearson": [0.5812276896663859, 1.9899042950580513e-37], "spearman": [0.5148910172366062, 2.149807405358873e-28], "nsamples": 399}, "all": {"pearson": {"mean": 0.5904782467767566, "wmean": 0.5922926203174244}, "spearman": {"mean": 0.6037829569987189, "wmean": 0.6088887131920403}}}, "STS13": {"FNWN": {"pearson": [0.2560792132864821, 0.00037562418278154085], "spearman": [0.2662555607408076, 0.00021289819292840976], "nsamples": 189}, "headlines": {"pearson": [0.6994230007283926, 3.2189041057743337e-111], "spearman": [0.7017781772241107, 2.8411629661938797e-112], "nsamples": 750}, "OnWN": {"pearson": [0.48273605500988875, 4.332375915346751e-34], "spearman": [0.5108678182027674, 1.2764334066551727e-38], "nsamples": 561}, "all": {"pearson": {"mean": 0.4794127563415878, "wmean": 0.5625207658119915}, "spearman": {"mean": 0.49296718538922857, "wmean": 0.5755018532732321}}}, "STS14": {"deft-forum": {"pearson": [0.42109265207028046, 9.10246318966069e-21], "spearman": [0.42449961898882105, 4.116020433506533e-21], "nsamples": 450}, "deft-news": {"pearson": [0.7311328508244455, 2.0491447499710844e-51], "spearman": [0.7014630626649171, 9.643841773489395e-46], "nsamples": 300}, "headlines": {"pearson": [0.6927897275341652, 2.64307444701512e-108], "spearman": [0.6814681848345399, 1.64984570073441e-103], "nsamples": 750}, "images": {"pearson": [0.6949129400168496, 3.1471565532032085e-109], "spearman": [0.6921981731991725, 4.766170922287864e-108], "nsamples": 750}, "OnWN": {"pearson": [0.596772951071205, 1.501449382681744e-73], "spearman": [0.6504568976563491, 2.0140996461931152e-91], "nsamples": 750}, "tweet-news": {"pearson": [0.6975220517905031, 2.2443817559140466e-110], "spearman": [0.6483387369271318, 1.1972916449682136e-90], "nsamples": 750}, "all": {"pearson": {"mean": 0.6390371955512415, "wmean": 0.6454212803969339}, "spearman": {"mean": 0.6330707790451552, "wmean": 0.6415493978152905}}}, "STS15": {"answers-forums": {"pearson": [0.5948528766133137, 2.9273297324465096e-37], "spearman": [0.5820717214789968, 2.1864756655167225e-35], "nsamples": 375}, "answers-students": {"pearson": [0.7455246394534345, 6.077774294096618e-134], "spearman": [0.7481255538831305, 2.266899133923958e-135], "nsamples": 750}, "belief": {"pearson": [0.702697545362851, 4.23166922634687e-57], "spearman": [0.7009684304180499, 1.035105525201865e-56], "nsamples": 375}, "headlines": {"pearson": [0.7171810534464294, 1.9681866608726057e-119], "spearman": [0.7265014006977271, 5.305601860367102e-124], "nsamples": 750}, "images": {"pearson": [0.7835684885401674, 9.175922574868435e-157], "spearman": [0.7939425492690734, 8.331807907920634e-164], "nsamples": 750}, "all": {"pearson": {"mean": 0.7087649206832392, "wmean": 0.7237623481070284}, "spearman": {"mean": 0.7103219311493956, "wmean": 0.7275223949496137}}}, "STS16": {"answer-answer": {"pearson": [0.6445274481526283, 3.2504282194378817e-31], "spearman": [0.6416300726546259, 7.270731640481482e-31], "nsamples": 254}, "headlines": {"pearson": [0.7205076063244591, 3.768741453691344e-41], "spearman": [0.7307163644775946, 7.793324513984697e-43], "nsamples": 249}, "plagiarism": {"pearson": [0.7658468486546843, 1.2962240393303415e-45], "spearman": [0.7963372422045156, 1.0875746856782537e-51], "nsamples": 230}, "postediting": {"pearson": [0.8589158921964873, 2.768731302227535e-72], "spearman": [0.8573235107785631, 9.723800565804937e-72], "nsamples": 244}, "question-question": {"pearson": [0.41699021801831065, 3.3717284236284103e-10], "spearman": [0.3816221939881306, 1.1896691633587639e-08], "nsamples": 209}, "all": {"pearson": {"mean": 0.681357602669314, "wmean": 0.6880165044333096}, "spearman": {"mean": 0.6815258768206859, "wmean": 0.6888920354888056}}}}