{"MR": {"devacc": 65.47, "acc": 64.42, "ndev": 10662, "ntest": 10662}, "CR": {"devacc": 73.83, "acc": 73.09, "ndev": 3775, "ntest": 3775}, "SUBJ": {"devacc": 83.48, "acc": 83.24, "ndev": 10000, "ntest": 10000}, "MPQA": {"devacc": 83.46, "acc": 84.38, "ndev": 10606, "ntest": 10606}, "SST5": {"devacc": 35.24, "acc": 35.07, "ndev": 1101, "ntest": 2210}, "TREC": {"devacc": 67.63, "acc": 77.2, "ndev": 5452, "ntest": 500}, "MRPC": {"devacc": 72.77, "acc": 70.55, "f1": 78.53, "ndev": 4076, "ntest": 1725}, "STS12": {"MSRpar": {"pearson": [0.3782366687505937, 6.405740279378166e-27], "spearman": [0.38989586268763093, 1.222289459554165e-28], "nsamples": 750}, "MSRvid": {"pearson": [0.7087712806561888, 1.8245230665372586e-115], "spearman": [0.7155922488798305, 1.1339315641207272e-118], "nsamples": 750}, "SMTeuroparl": {"pearson": [0.5803806209603465, 1.1110299221480667e-42], "spearman": [0.6589967999182421, 1.66591083126557e-58], "nsamples": 459}, "surprise.OnWN": {"pearson": [0.6059029718717398, 2.3771090342284522e-76], "spearman": [0.6404920907270496, 7.812509545651608e-88], "nsamples": 750}, "surprise.SMTnews": {"pearson": [0.6112364526066396, 3.0757544449238914e-42], "spearman": [0.5119679519812578, 4.855293824892262e-28], "nsamples": 399}, "all": {"pearson": {"mean": 0.5769055989691017, "wmean": 0.5727031018564157}, "spearman": {"mean": 0.5833889908388021, "wmean": 0.5843757708249286}}}, "STS13": {"FNWN": {"pearson": [0.2035078870321502, 0.004974762139344532], "spearman": [0.19769176702452873, 0.006396216571095076], "nsamples": 189}, "headlines": {"pearson": [0.640996136197988, 5.18156705245933e-88], "spearman": [0.6419064487498696, 2.463461723823917e-88], "nsamples": 750}, "OnWN": {"pearson": [0.47296317108103414, 1.3024123433315872e-32], "spearman": [0.4930454707836885, 1.0593163710623261e-35], "nsamples": 561}, "all": {"pearson": {"mean": 0.4391557314370574, "wmean": 0.5230282878493517}, "spearman": {"mean": 0.44421456218602895, "wmean": 0.5302613930931249}}}, "STS14": {"deft-forum": {"pearson": [0.4174923888572805, 2.0852413762135154e-20], "spearman": [0.42551232978491954, 3.2453692107402596e-21], "nsamples": 450}, "deft-news": {"pearson": [0.7106642460493239, 2.0038313397071136e-47], "spearman": [0.6969087062836377, 6.213422058978258e-45], "nsamples": 300}, "headlines": {"pearson": [0.6376713392155339, 7.666829872838836e-87], "spearman": [0.6256849466450425, 9.681623947346422e-83], "nsamples": 750}, "images": {"pearson": [0.6747263092724374, 9.356775067801122e-101], "spearman": [0.672479212350708, 7.45961479447529e-100], "nsamples": 750}, "OnWN": {"pearson": [0.5978813685435533, 6.939351886791295e-74], "spearman": [0.6492555858571583, 5.544740857406419e-91], "nsamples": 750}, "tweet-news": {"pearson": [0.6721556545017356, 1.004337751175844e-99], "spearman": [0.6408935663648803, 5.633484361000249e-88], "nsamples": 750}, "all": {"pearson": {"mean": 0.6184318844066441, "wmean": 0.6234391606534716}, "spearman": {"mean": 0.6184557245477245, "wmean": 0.6244768383204391}}}, "STS15": {"answers-forums": {"pearson": [0.5423910249268573, 4.562986421187076e-30], "spearman": [0.5272941835538352, 3.1884459059037e-28], "nsamples": 375}, "answers-students": {"pearson": [0.7251921072204494, 2.3878284467314046e-123], "spearman": [0.7251302566289283, 2.5631236205045577e-123], "nsamples": 750}, "belief": {"pearson": [0.7062868105119354, 6.472696035770759e-58], "spearman": [0.7070082144114409, 4.4228353995557856e-58], "nsamples": 375}, "headlines": {"pearson": [0.6938101897938982, 9.52641174341155e-109], "spearman": [0.7023363784139001, 1.5926230327465546e-112], "nsamples": 750}, "images": {"pearson": [0.7565982243402617, 3.785465271669556e-140], "spearman": [0.7665499986151728, 5.122816790787577e-146], "nsamples": 750}, "all": {"pearson": {"mean": 0.6848556713586803, "wmean": 0.6999848597685013}, "spearman": {"mean": 0.6856638063246554, "wmean": 0.7027919581601598}}}, "STS16": {"answer-answer": {"pearson": [0.6382734487603425, 1.8279473601846385e-30], "spearman": [0.6296363602028041, 1.8610320597880198e-29], "nsamples": 254}, "headlines": {"pearson": [0.6715733886388989, 5.1533353132508115e-34], "spearman": [0.6729951744345569, 3.3426508354348337e-34], "nsamples": 249}, "plagiarism": {"pearson": [0.7700166499178593, 2.1752872131431704e-46], "spearman": [0.8097234014957739, 1.0737368763943084e-54], "nsamples": 230}, "postediting": {"pearson": [0.8607353565392951, 6.46661472190072e-73], "spearman": [0.8615243423739822, 3.419802707728703e-73], "nsamples": 244}, "question-question": {"pearson": [0.39158698254936, 4.546352657664603e-09], "spearman": [0.38427333517043816, 9.239283627274544e-09], "nsamples": 209}, "all": {"pearson": {"mean": 0.6664371652811512, "wmean": 0.6731097517586212}, "spearman": {"mean": 0.671630522735511, "wmean": 0.6781322789710101}}}}