{"MR": {"devacc": 67.92, "acc": 69.29, "ndev": 10662, "ntest": 10662}, "CR": {"devacc": 76.77, "acc": 77.54, "ndev": 3775, "ntest": 3775}, "SUBJ": {"devacc": 88.7, "acc": 88.44, "ndev": 10000, "ntest": 10000}, "MPQA": {"devacc": 86.55, "acc": 86.81, "ndev": 10606, "ntest": 10606}, "SST5": {"devacc": 40.15, "acc": 38.82, "ndev": 1101, "ntest": 2210}, "TREC": {"devacc": 75.46, "acc": 84.8, "ndev": 5452, "ntest": 500}, "MRPC": {"devacc": 73.36, "acc": 72.0, "f1": 80.34, "ndev": 4076, "ntest": 1725}, "STS12": {"MSRpar": {"pearson": [0.4206020373474411, 1.6458620370575076e-33], "spearman": [0.4302875867136563, 3.7336910728877027e-35], "nsamples": 750}, "MSRvid": {"pearson": [0.7416687844357702, 7.403552585578979e-132], "spearman": [0.7530797392728721, 3.8512606938575244e-138], "nsamples": 750}, "SMTeuroparl": {"pearson": [0.5806299447870473, 1.0051147485306522e-42], "spearman": [0.6624285097361291, 2.634817227965072e-59], "nsamples": 459}, "surprise.OnWN": {"pearson": [0.639587964552113, 1.628658027581732e-87], "spearman": [0.6744489113232813, 1.2102019588967249e-100], "nsamples": 750}, "surprise.SMTnews": {"pearson": [0.637665417242973, 6.354696240043241e-47], "spearman": [0.5726735397170731, 3.80835141514608e-36], "nsamples": 399}, "all": {"pearson": {"mean": 0.604030829673069, "wmean": 0.6024233384455258}, "spearman": {"mean": 0.6185836573526025, "wmean": 0.6196633224898174}}}, "STS13": {"FNWN": {"pearson": [0.23923210301986306, 0.0009152720158307325], "spearman": [0.2700035615536378, 0.00017173143096378302], "nsamples": 189}, "headlines": {"pearson": [0.7097136386707282, 6.663388860507951e-116], "spearman": [0.7123123377452564, 4.0568849348307225e-117], "nsamples": 750}, "OnWN": {"pearson": [0.4373709707904109, 1.2928929278767213e-27], "spearman": [0.46197432156644436, 5.256689617261809e-31], "nsamples": 561}, "all": {"pearson": {"mean": 0.4621055708270007, "wmean": 0.5485768073914805}, "spearman": {"mean": 0.48143007362177953, "wmean": 0.5629550138942366}}}, "STS14": {"deft-forum": {"pearson": [0.4637569674599771, 2.230371545780892e-25], "spearman": [0.46805498382281563, 7.027772264483007e-26], "nsamples": 450}, "deft-news": {"pearson": [0.747731765416293, 6.249601425355422e-55], "spearman": [0.7261784586199873, 2.0444587740358342e-50], "nsamples": 300}, "headlines": {"pearson": [0.6884780812847046, 1.8808032344525817e-106], "spearman": [0.6774558637126025, 7.330570245619225e-102], "nsamples": 750}, "images": {"pearson": [0.7081763125470125, 3.4390565094348625e-115], "spearman": [0.7122053524587215, 4.555129013646938e-117], "nsamples": 750}, "OnWN": {"pearson": [0.6033220195665918, 1.502792721588089e-75], "spearman": [0.6599164988586625, 5.8865747714883756e-95], "nsamples": 750}, "tweet-news": {"pearson": [0.7240919184141509, 8.394907256082575e-123], "spearman": [0.683518853443838, 2.317689542271195e-104], "nsamples": 750}, "all": {"pearson": {"mean": 0.6559261774481217, "wmean": 0.6602830436909926}, "spearman": {"mean": 0.6545550018194379, "wmean": 0.6608801884431018}}}, "STS15": {"answers-forums": {"pearson": [0.6547865403559069, 2.7983639708325386e-47], "spearman": [0.6520334468402504, 9.062111338120598e-47], "nsamples": 375}, "answers-students": {"pearson": [0.7579488365774563, 6.286227177055935e-141], "spearman": [0.7635832060930072, 3.085706609452977e-144], "nsamples": 750}, "belief": {"pearson": [0.7269216129958179, 7.450936178963705e-63], "spearman": [0.7174538199742044, 1.5601320889094101e-60], "nsamples": 375}, "headlines": {"pearson": [0.7207142958278083, 3.8356742930008713e-121], "spearman": [0.7334177132431685, 1.6207157628252913e-127], "nsamples": 750}, "images": {"pearson": [0.7971643076196161, 4.475009062660998e-166], "spearman": [0.808007937949982, 4.988727506006691e-174], "nsamples": 750}, "all": {"pearson": {"mean": 0.731507118675321, "wmean": 0.7416703791751857}, "spearman": {"mean": 0.7348992248201225, "wmean": 0.7474381226733464}}}, "STS16": {"answer-answer": {"pearson": [0.6658449213516724, 6.587593467448921e-34], "spearman": [0.6525827944808896, 3.309260809129865e-32], "nsamples": 254}, "headlines": {"pearson": [0.7297189236587587, 1.147330493879715e-42], "spearman": [0.7343947280651145, 1.8439438362056776e-43], "nsamples": 249}, "plagiarism": {"pearson": [0.7911246577468961, 1.4015562301944536e-50], "spearman": [0.8340509335978659, 8.063229784178256e-61], "nsamples": 230}, "postediting": {"pearson": [0.8699712474359302, 2.886038979742994e-76], "spearman": [0.8630861261639868, 9.577439926577683e-74], "nsamples": 244}, "question-question": {"pearson": [0.46451020933231396, 1.3934625237749637e-12], "spearman": [0.4307606988868973, 7.493925984581775e-11], "nsamples": 209}, "all": {"pearson": {"mean": 0.7042339919051143, "wmean": 0.7100665357680964}, "spearman": {"mean": 0.7029750562389507, "wmean": 0.7091686616064443}}}}