{"MR": {"devacc": 64.64, "acc": 64.46, "ndev": 10662, "ntest": 10662}, "CR": {"devacc": 74.41, "acc": 73.22, "ndev": 3775, "ntest": 3775}, "SUBJ": {"devacc": 84.94, "acc": 84.75, "ndev": 10000, "ntest": 10000}, "MPQA": {"devacc": 83.74, "acc": 84.11, "ndev": 10606, "ntest": 10606}, "SST5": {"devacc": 37.24, "acc": 36.24, "ndev": 1101, "ntest": 2210}, "TREC": {"devacc": 66.21, "acc": 80.4, "ndev": 5452, "ntest": 500}, "MRPC": {"devacc": 72.87, "acc": 71.65, "f1": 80.6, "ndev": 4076, "ntest": 1725}, "STS12": {"MSRpar": {"pearson": [0.40818909397776987, 1.7650900004458002e-31], "spearman": [0.422028503128778, 9.496779341052037e-34], "nsamples": 750}, "MSRvid": {"pearson": [0.720241501011352, 6.519645073145417e-121], "spearman": [0.72966348782676, 1.3527565115923547e-125], "nsamples": 750}, "SMTeuroparl": {"pearson": [0.5817895745534901, 6.300177313652501e-43], "spearman": [0.6716203417796187, 1.668788744999592e-61], "nsamples": 459}, "surprise.OnWN": {"pearson": [0.6248341749596792, 1.863227065929185e-82], "spearman": [0.6565542366993631, 1.0982022259261698e-93], "nsamples": 750}, "surprise.SMTnews": {"pearson": [0.6368440972544802, 9.027996723222784e-47], "spearman": [0.5387869513204608, 2.0306195939409844e-31], "nsamples": 399}, "all": {"pearson": {"mean": 0.5943796883513542, "wmean": 0.5907628014756082}, "spearman": {"mean": 0.6037307041509962, "wmean": 0.6047086232930774}}}, "STS13": {"FNWN": {"pearson": [0.32100171418198403, 6.683470038584228e-06], "spearman": [0.3467991752971022, 1.0153220163836228e-06], "nsamples": 189}, "headlines": {"pearson": [0.648572463229407, 9.842015493281803e-91], "spearman": [0.6450033270241963, 1.926330748872498e-89], "nsamples": 750}, "OnWN": {"pearson": [0.43450807691261856, 3.0792534888207352e-27], "spearman": [0.4533053440315471, 8.853815367365608e-30], "nsamples": 561}, "all": {"pearson": {"mean": 0.46802741810800325, "wmean": 0.5272384683669529}, "spearman": {"mean": 0.4817026154509485, "wmean": 0.5357345582673316}}}, "STS14": {"deft-forum": {"pearson": [0.42476938723369556, 3.863824126660634e-21], "spearman": [0.4224496713284297, 6.642622054704351e-21], "nsamples": 450}, "deft-news": {"pearson": [0.7290473924353938, 5.429746855010371e-51], "spearman": [0.7009962936916344, 1.1691683335181101e-45], "nsamples": 300}, "headlines": {"pearson": [0.6336605647613572, 1.892973499482275e-85], "spearman": [0.6180644864722085, 3.1739001598141027e-80], "nsamples": 750}, "images": {"pearson": [0.6715942691634773, 1.6811011615191153e-99], "spearman": [0.6754873384672954, 4.6128095487150476e-101], "nsamples": 750}, "OnWN": {"pearson": [0.5970485590752233, 1.2396164730924624e-73], "spearman": [0.6484486703308036, 1.0918800757285797e-90], "nsamples": 750}, "tweet-news": {"pearson": [0.6773042806610174, 8.450298864361021e-102], "spearman": [0.6224054915653576, 1.1942042067838433e-81], "nsamples": 750}, "all": {"pearson": {"mean": 0.6222374088883608, "wmean": 0.62521765259509}, "spearman": {"mean": 0.6146419919759548, "wmean": 0.6196548614218753}}}, "STS15": {"answers-forums": {"pearson": [0.5498985853887344, 5.091284625100138e-31], "spearman": [0.5433779272784682, 3.430946154636088e-30], "nsamples": 375}, "answers-students": {"pearson": [0.7354371183336899, 1.4539300633343858e-128], "spearman": [0.7395250961677254, 1.0302332764366802e-130], "nsamples": 750}, "belief": {"pearson": [0.6860448965483282, 1.799037725178985e-53], "spearman": [0.68068447647468, 2.353572892851455e-52], "nsamples": 375}, "headlines": {"pearson": [0.6967326285261709, 5.0048282387253533e-110], "spearman": [0.7018810707929792, 2.5538928379719224e-112], "nsamples": 750}, "images": {"pearson": [0.7652476197257098, 3.1194808509895104e-145], "spearman": [0.7720180976012333, 2.283777873982528e-149], "nsamples": 750}, "all": {"pearson": {"mean": 0.6866721697045267, "wmean": 0.7038472768885256}, "spearman": {"mean": 0.6874973336630172, "wmean": 0.7063638666096279}}}, "STS16": {"answer-answer": {"pearson": [0.6541315418616609, 2.1158891319124384e-32], "spearman": [0.6412925738119952, 7.981071015780591e-31], "nsamples": 254}, "headlines": {"pearson": [0.6868773336162013, 4.28445515999491e-36], "spearman": [0.692065081356601, 7.894307120809743e-37], "nsamples": 249}, "plagiarism": {"pearson": [0.7515890453752653, 4.423961385258635e-43], "spearman": [0.7746683043275606, 2.839433917744766e-47], "nsamples": 230}, "postediting": {"pearson": [0.8629682165750425, 1.0549170664478808e-73], "spearman": [0.859621686702119, 1.5788071745709696e-72], "nsamples": 244}, "question-question": {"pearson": [0.4296446920315068, 8.48685106903317e-11], "spearman": [0.4143996308128729, 4.4407857631020337e-10], "nsamples": 209}, "all": {"pearson": {"mean": 0.6770421658919354, "wmean": 0.6833114111454488}, "spearman": {"mean": 0.6764094554022297, "wmean": 0.6827516386143229}}}}