{"MR": {"devacc": 65.72, "acc": 66.9, "ndev": 10662, "ntest": 10662}, "CR": {"devacc": 75.79, "acc": 73.91, "ndev": 3775, "ntest": 3775}, "SUBJ": {"devacc": 86.14, "acc": 86.73, "ndev": 10000, "ntest": 10000}, "MPQA": {"devacc": 85.89, "acc": 85.2, "ndev": 10606, "ntest": 10606}, "SST5": {"devacc": 35.33, "acc": 37.1, "ndev": 1101, "ntest": 2210}, "TREC": {"devacc": 73.2, "acc": 82.4, "ndev": 5452, "ntest": 500}, "MRPC": {"devacc": 72.89, "acc": 68.58, "f1": 73.61, "ndev": 4076, "ntest": 1725}, "STS12": {"MSRpar": {"pearson": [0.3517028809843348, 2.9359731704933954e-23], "spearman": [0.3635167966258432, 7.584704187301437e-25], "nsamples": 750}, "MSRvid": {"pearson": [0.7308977475639136, 3.1847469729703607e-126], "spearman": [0.7365225956905809, 3.941647746646958e-129], "nsamples": 750}, "SMTeuroparl": {"pearson": [0.5811189407811631, 8.256023454214574e-43], "spearman": [0.6594918918205569, 1.27866440630771e-58], "nsamples": 459}, "surprise.OnWN": {"pearson": [0.6282171339386112, 1.3629605763963135e-83], "spearman": [0.6591165255931897, 1.184983416191026e-94], "nsamples": 750}, "surprise.SMTnews": {"pearson": [0.6330663295377773, 4.4781685625530706e-46], "spearman": [0.5796185103651481, 3.490355377014976e-37], "nsamples": 399}, "all": {"pearson": {"mean": 0.58500060656116, "wmean": 0.5799357725769858}, "spearman": {"mean": 0.5996532640190638, "wmean": 0.5963132247147811}}}, "STS13": {"FNWN": {"pearson": [0.2370570736586003, 0.0010222947273498743], "spearman": [0.25390099317932097, 0.00042291729840239066], "nsamples": 189}, "headlines": {"pearson": [0.6924954808244269, 3.544496941232282e-108], "spearman": [0.6958501141122353, 1.222952757950376e-109], "nsamples": 750}, "OnWN": {"pearson": [0.5096910631237334, 2.0141209064745266e-38], "spearman": [0.5255112156904922, 3.7602005498145675e-41], "nsamples": 561}, "all": {"pearson": {"mean": 0.4797478725355869, "wmean": 0.5667413893014733}, "spearman": {"mean": 0.49175410766068284, "wmean": 0.5764577768649561}}}, "STS14": {"deft-forum": {"pearson": [0.44886199743828037, 1.0778893521614381e-23], "spearman": [0.44222653232768844, 5.709381130531573e-23], "nsamples": 450}, "deft-news": {"pearson": [0.7395312925914157, 3.6838513199083387e-53], "spearman": [0.7195506798948866, 4.103972480236456e-49], "nsamples": 300}, "headlines": {"pearson": [0.665389125973967, 4.633428333431137e-97], "spearman": [0.6523029313247771, 4.21055367445607e-92], "nsamples": 750}, "images": {"pearson": [0.714282542247657, 4.7598483906324175e-118], "spearman": [0.7149413968997296, 2.315404345416145e-118], "nsamples": 750}, "OnWN": {"pearson": [0.6371904874406799, 1.1289068661775166e-86], "spearman": [0.6877702585249308, 3.7611446623293302e-106], "nsamples": 750}, "tweet-news": {"pearson": [0.7086102530392355, 2.1663322266561365e-115], "spearman": [0.665987220665813, 2.7117575028662423e-97], "nsamples": 750}, "all": {"pearson": {"mean": 0.6523109497885392, "wmean": 0.6581204248402147}, "spearman": {"mean": 0.6471298366063043, "wmean": 0.6548315997539637}}}, "STS15": {"answers-forums": {"pearson": [0.6008740083815485, 3.586007623268732e-38], "spearman": [0.5908789289178764, 1.1425031597006214e-36], "nsamples": 375}, "answers-students": {"pearson": [0.7414732657570859, 9.423351625811192e-132], "spearman": [0.7510272320943902, 5.509062416213012e-137], "nsamples": 750}, "belief": {"pearson": [0.6917797972332675, 1.0796783383516392e-54], "spearman": [0.6729647210966498, 8.68146365021942e-51], "nsamples": 375}, "headlines": {"pearson": [0.714735165758497, 2.901920491443931e-118], "spearman": [0.7284498785714757, 5.565111391431515e-125], "nsamples": 750}, "images": {"pearson": [0.7830851124452118, 1.9109397329159886e-156], "spearman": [0.7917523623602271, 2.759488823251042e-162], "nsamples": 750}, "all": {"pearson": {"mean": 0.7063894699151222, "wmean": 0.7214051116920508}, "spearman": {"mean": 0.7070146246081238, "wmean": 0.725787824508339}}}, "STS16": {"answer-answer": {"pearson": [0.6699997388726641, 1.8523638901675691e-34], "spearman": [0.6695136264831018, 2.1510663670315497e-34], "nsamples": 254}, "headlines": {"pearson": [0.7183739193065399, 8.294935475163329e-41], "spearman": [0.7317547503659521, 5.2007020167097935e-43], "nsamples": 249}, "plagiarism": {"pearson": [0.775498228818266, 1.9644213091779902e-47], "spearman": [0.8035994891693777, 2.7205503496777954e-53], "nsamples": 230}, "postediting": {"pearson": [0.858396202802215, 4.178888884539558e-72], "spearman": [0.8535214246170257, 1.8369033455118735e-70], "nsamples": 244}, "question-question": {"pearson": [0.4872261332746532, 7.372422117823983e-14], "spearman": [0.45753229702522796, 3.293540522215539e-12], "nsamples": 209}, "all": {"pearson": {"mean": 0.7018988446148676, "wmean": 0.7071657399218628}, "spearman": {"mean": 0.7031843175321371, "wmean": 0.70908495291873}}}}