{"MR": {"devacc": 64.6, "acc": 62.89, "ndev": 10662, "ntest": 10662}, "CR": {"devacc": 71.87, "acc": 71.47, "ndev": 3775, "ntest": 3775}, "SUBJ": {"devacc": 80.75, "acc": 80.58, "ndev": 10000, "ntest": 10000}, "MPQA": {"devacc": 81.16, "acc": 81.95, "ndev": 10606, "ntest": 10606}, "SST5": {"devacc": 35.06, "acc": 34.21, "ndev": 1101, "ntest": 2210}, "TREC": {"devacc": 64.18, "acc": 69.6, "ndev": 5452, "ntest": 500}, "MRPC": {"devacc": 70.81, "acc": 71.65, "f1": 80.18, "ndev": 4076, "ntest": 1725}, "STS12": {"MSRpar": {"pearson": [0.3242165500159774, 8.12654727201804e-20], "spearman": [0.331136261816862, 1.1905789532294377e-20], "nsamples": 750}, "MSRvid": {"pearson": [0.6820416339766032, 9.545246935653755e-104], "spearman": [0.6916801172549313, 7.978227846205611e-108], "nsamples": 750}, "SMTeuroparl": {"pearson": [0.5992939877265423, 4.322734019810625e-46], "spearman": [0.6832903326974545, 2.0630755468273325e-64], "nsamples": 459}, "surprise.OnWN": {"pearson": [0.5869411830050685, 1.239808844544329e-70], "spearman": [0.6240717977722846, 3.344229708935393e-82], "nsamples": 750}, "surprise.SMTnews": {"pearson": [0.5917509807416383, 4.6664872316566733e-39], "spearman": [0.4925972725716179, 8.842820322351462e-26], "nsamples": 399}, "all": {"pearson": {"mean": 0.556848867093166, "wmean": 0.5489331103380416}, "spearman": {"mean": 0.5645551564226301, "wmean": 0.5615645775731227}}}, "STS13": {"FNWN": {"pearson": [0.14336121759989798, 0.04906877104645004], "spearman": [0.14895354303993136, 0.040794386834959284], "nsamples": 189}, "headlines": {"pearson": [0.6709239350171722, 3.1051257166884424e-99], "spearman": [0.6675712792179568, 6.523047727169945e-98], "nsamples": 750}, "OnWN": {"pearson": [0.399521721507906, 6.513599320992958e-23], "spearman": [0.42850958212967, 1.8473446992753984e-26], "nsamples": 561}, "all": {"pearson": {"mean": 0.40460229137499204, "wmean": 0.5029466047701301}, "spearman": {"mean": 0.41501146812918605, "wmean": 0.5128163697485064}}}, "STS14": {"deft-forum": {"pearson": [0.43559322015262136, 2.915012011017802e-22], "spearman": [0.42360022084064614, 5.0798448694617225e-21], "nsamples": 450}, "deft-news": {"pearson": [0.6936436536378334, 2.312452822147544e-44], "spearman": [0.6724133245633663, 7.886815483292675e-41], "nsamples": 300}, "headlines": {"pearson": [0.6268482156469802, 3.942469573598595e-83], "spearman": [0.6135494459738706, 9.11473774408593e-79], "nsamples": 750}, "images": {"pearson": [0.6727667363475655, 5.72531779970409e-100], "spearman": [0.6707689407997961, 3.577635219906749e-99], "nsamples": 750}, "OnWN": {"pearson": [0.569495903720401, 1.0714475624628667e-65], "spearman": [0.614087856139628, 6.124947743691827e-79], "nsamples": 750}, "tweet-news": {"pearson": [0.6307630427012533, 1.8638840958905119e-84], "spearman": [0.5947224760598079, 6.210881441808622e-73], "nsamples": 750}, "all": {"pearson": {"mean": 0.6048517953677758, "wmean": 0.6077374583925812}, "spearman": {"mean": 0.5981903773961859, "wmean": 0.6032508362605674}}}, "STS15": {"answers-forums": {"pearson": [0.5122060806147846, 1.8058648671395545e-26], "spearman": [0.4976648121854117, 7.337399630385054e-25], "nsamples": 375}, "answers-students": {"pearson": [0.7195448935341112, 1.421667919241877e-120], "spearman": [0.724287655675676, 6.715334735699606e-123], "nsamples": 750}, "belief": {"pearson": [0.6740123106204489, 5.354981321682122e-51], "spearman": [0.6685595212330236, 6.480305353399593e-50], "nsamples": 375}, "headlines": {"pearson": [0.6778268790341084, 5.1746343722128276e-102], "spearman": [0.6862987808660976, 1.5785447858204123e-105], "nsamples": 750}, "images": {"pearson": [0.7341154574584433, 7.062799817444948e-128], "spearman": [0.7408748103369114, 1.9691910575690083e-131], "nsamples": 750}, "all": {"pearson": {"mean": 0.6635411242523792, "wmean": 0.68114910641107}, "spearman": {"mean": 0.6635371160594239, "wmean": 0.6836433533969757}}}, "STS16": {"answer-answer": {"pearson": [0.6359696750046018, 3.419042222463914e-30], "spearman": [0.6297781983329429, 1.7925030559735194e-29], "nsamples": 254}, "headlines": {"pearson": [0.665331053257038, 3.351743423123185e-33], "spearman": [0.6686921117274869, 1.229934357596941e-33], "nsamples": 249}, "plagiarism": {"pearson": [0.7178293505026297, 1.0251519608713558e-37], "spearman": [0.7247027457720776, 9.626869742847786e-39], "nsamples": 230}, "postediting": {"pearson": [0.8432246436346037, 3.519685597314934e-67], "spearman": [0.8407262429366997, 2.0292651536585098e-66], "nsamples": 244}, "question-question": {"pearson": [0.484635930319545, 1.0422413029605344e-13], "spearman": [0.4565765660883539, 3.699748749193144e-12], "nsamples": 209}, "all": {"pearson": {"mean": 0.6693981305436836, "wmean": 0.6739799349168671}, "spearman": {"mean": 0.6640951729715122, "wmean": 0.6692338409049834}}}}