{"MR": {"devacc": 66.99, "acc": 66.37, "ndev": 10662, "ntest": 10662}, "CR": {"devacc": 75.4, "acc": 74.6, "ndev": 3775, "ntest": 3775}, "SUBJ": {"devacc": 87.5, "acc": 86.11, "ndev": 10000, "ntest": 10000}, "MPQA": {"devacc": 86.21, "acc": 86.4, "ndev": 10606, "ntest": 10606}, "SST5": {"devacc": 36.97, "acc": 37.15, "ndev": 1101, "ntest": 2210}, "TREC": {"devacc": 73.68, "acc": 82.2, "ndev": 5452, "ntest": 500}, "MRPC": {"devacc": 73.68, "acc": 69.1, "f1": 74.82, "ndev": 4076, "ntest": 1725}, "STS12": {"MSRpar": {"pearson": [0.43517430520705047, 5.273248705112497e-36], "spearman": [0.4356965050212159, 4.269884569589907e-36], "nsamples": 750}, "MSRvid": {"pearson": [0.7320487484835511, 8.206368118447114e-127], "spearman": [0.7407778007749497, 2.21865461989277e-131], "nsamples": 750}, "SMTeuroparl": {"pearson": [0.5862102036405411, 1.0435425262272302e-43], "spearman": [0.6605757126802161, 7.152746956793073e-59], "nsamples": 459}, "surprise.OnWN": {"pearson": [0.6316999450207541, 8.920812809083554e-85], "spearman": [0.6695207728509959, 1.1159166291845791e-98], "nsamples": 750}, "surprise.SMTnews": {"pearson": [0.6275116224528331, 4.533142323504802e-45], "spearman": [0.5375017929403612, 2.9957157854617434e-31], "nsamples": 399}, "all": {"pearson": {"mean": 0.602528964960946, "wmean": 0.6012354793639657}, "spearman": {"mean": 0.6088145168535477, "wmean": 0.6120218071070767}}}, "STS13": {"FNWN": {"pearson": [0.19022262397135833, 0.008747627852889909], "spearman": [0.2037713475713934, 0.004917671663256081], "nsamples": 189}, "headlines": {"pearson": [0.7217100912778321, 1.2504002165866427e-121], "spearman": [0.7234814241553231, 1.682110619597574e-122], "nsamples": 750}, "OnWN": {"pearson": [0.483158530391503, 3.7303641684943887e-34], "spearman": [0.5144393510525047, 3.1625414714072666e-39], "nsamples": 561}, "all": {"pearson": {"mean": 0.4650304152135645, "wmean": 0.5655243866257293}, "spearman": {"mean": 0.4805640409264071, "wmean": 0.5798162191652939}}}, "STS14": {"deft-forum": {"pearson": [0.4380501595028956, 1.600281757812986e-22], "spearman": [0.42872173866947777, 1.520045596360405e-21], "nsamples": 450}, "deft-news": {"pearson": [0.7329435659139525, 8.727524441035882e-52], "spearman": [0.7112382138911683, 1.565769611653516e-47], "nsamples": 300}, "headlines": {"pearson": [0.6919727067711197, 5.9648817795614736e-108], "spearman": [0.6806734959382186, 3.5146972635555585e-103], "nsamples": 750}, "images": {"pearson": [0.7204936369709996, 4.9138640003751805e-121], "spearman": [0.7234417817646085, 1.7596500766282298e-122], "nsamples": 750}, "OnWN": {"pearson": [0.6146833953661751, 3.942331490154179e-79], "spearman": [0.6722717265716878, 9.027407438999002e-100], "nsamples": 750}, "tweet-news": {"pearson": [0.7141773499669577, 5.33923274660526e-118], "spearman": [0.681002178090731, 2.571404105342452e-103], "nsamples": 750}, "all": {"pearson": {"mean": 0.6520534690820167, "wmean": 0.659466922228514}, "spearman": {"mean": 0.6495581891543153, "wmean": 0.65982350222468}}}, "STS15": {"answers-forums": {"pearson": [0.6286813649697244, 1.204523527267674e-42], "spearman": [0.6233444518219691, 9.429300740648513e-42], "nsamples": 375}, "answers-students": {"pearson": [0.7494696055308389, 4.0778527770917404e-136], "spearman": [0.7548326932507304, 3.887866976355026e-139], "nsamples": 750}, "belief": {"pearson": [0.7306030785972722, 8.773260764383313e-64], "spearman": [0.7279749877730318, 4.0545250790891177e-63], "nsamples": 375}, "headlines": {"pearson": [0.7182198987807683, 6.222361169448428e-120], "spearman": [0.7304932137052418, 5.1207773644802215e-126], "nsamples": 750}, "images": {"pearson": [0.795462586677585, 7.15911781785163e-165], "spearman": [0.8062040675304064, 1.1370483074582861e-172], "nsamples": 750}, "all": {"pearson": {"mean": 0.7244873069112377, "wmean": 0.7356985781931725}, "spearman": {"mean": 0.728569882816276, "wmean": 0.7417974235709699}}}, "STS16": {"answer-answer": {"pearson": [0.658398074619051, 6.087789162730588e-33], "spearman": [0.6609907869633616, 2.8271979936161463e-33], "nsamples": 254}, "headlines": {"pearson": [0.7244947562587587, 8.459268620441528e-42], "spearman": [0.735979030047037, 9.838088846668814e-44], "nsamples": 249}, "plagiarism": {"pearson": [0.7664829197108145, 9.896480994658883e-46], "spearman": [0.8080983148967826, 2.5605260987605633e-54], "nsamples": 230}, "postediting": {"pearson": [0.8639823299456936, 4.581083379158e-74], "spearman": [0.8593854177956505, 1.9060814060793807e-72], "nsamples": 244}, "question-question": {"pearson": [0.45280867199561775, 5.8314773157572815e-12], "spearman": [0.4400187265791518, 2.6227385049072246e-11], "nsamples": 209}, "all": {"pearson": {"mean": 0.6932333505059871, "wmean": 0.6993019205303461}, "spearman": {"mean": 0.7008944552563967, "wmean": 0.7071391286626032}}}}