{"MR": {"devacc": 64.31, "acc": 62.35, "ndev": 10662, "ntest": 10662}, "CR": {"devacc": 72.71, "acc": 72.13, "ndev": 3775, "ntest": 3775}, "SUBJ": {"devacc": 82.7, "acc": 81.41, "ndev": 10000, "ntest": 10000}, "MPQA": {"devacc": 83.9, "acc": 84.39, "ndev": 10606, "ntest": 10606}, "SST5": {"devacc": 34.97, "acc": 35.43, "ndev": 1101, "ntest": 2210}, "TREC": {"devacc": 67.66, "acc": 78.2, "ndev": 5452, "ntest": 500}, "MRPC": {"devacc": 73.11, "acc": 71.36, "f1": 79.43, "ndev": 4076, "ntest": 1725}, "STS12": {"MSRpar": {"pearson": [0.40369516302170083, 9.142190841595248e-31], "spearman": [0.41634762590292423, 8.353878808399581e-33], "nsamples": 750}, "MSRvid": {"pearson": [0.7245122602835375, 5.196585582779425e-123], "spearman": [0.7285949817353558, 4.701181946296906e-125], "nsamples": 750}, "SMTeuroparl": {"pearson": [0.5958746900776587, 1.857923607273285e-45], "spearman": [0.6657082648960018, 4.419224896121714e-60], "nsamples": 459}, "surprise.OnWN": {"pearson": [0.6336911707935822, 1.8475496266997257e-85], "spearman": [0.6643189300592385, 1.2046210991745256e-96], "nsamples": 750}, "surprise.SMTnews": {"pearson": [0.5792274905912063, 3.999124798434974e-37], "spearman": [0.5338016544552302, 9.092377910127411e-31], "nsamples": 399}, "all": {"pearson": {"mean": 0.587400154953537, "wmean": 0.587529664435538}, "spearman": {"mean": 0.60175429140975, "wmean": 0.6034405106139127}}}, "STS13": {"FNWN": {"pearson": [0.29532732525384087, 3.698602454143656e-05], "spearman": [0.30051113047182554, 2.6519512259831502e-05], "nsamples": 189}, "headlines": {"pearson": [0.6672428085045189, 8.77160171159184e-98], "spearman": [0.6710745833189485, 2.705523776724754e-99], "nsamples": 750}, "OnWN": {"pearson": [0.5149752799594028, 2.5614581898075866e-39], "spearman": [0.5395795307541291, 1.0585993925721438e-43], "nsamples": 561}, "all": {"pearson": {"mean": 0.4925151379059209, "wmean": 0.56343340193906}, "spearman": {"mean": 0.5037217481816344, "wmean": 0.5752044386009686}}}, "STS14": {"deft-forum": {"pearson": [0.4267142743007651, 2.4451823611735337e-21], "spearman": [0.425093614972571, 3.580807228038446e-21], "nsamples": 450}, "deft-news": {"pearson": [0.7150225826211598, 3.0320601788015224e-48], "spearman": [0.699668022090936, 2.0182042567845324e-45], "nsamples": 300}, "headlines": {"pearson": [0.6444825166267362, 2.963229724209938e-89], "spearman": [0.6363453840400708, 2.2246946071671676e-86], "nsamples": 750}, "images": {"pearson": [0.6855357658967246, 3.3099038508210985e-105], "spearman": [0.68967105937684, 5.822483769510542e-107], "nsamples": 750}, "OnWN": {"pearson": [0.6000456283332745, 1.5242272885950778e-74], "spearman": [0.6491193998447117, 6.217461781653335e-91], "nsamples": 750}, "tweet-news": {"pearson": [0.6610729355374145, 2.1328685008361905e-95], "spearman": [0.6152315177656148, 2.625893273255569e-79], "nsamples": 750}, "all": {"pearson": {"mean": 0.6221456172193457, "wmean": 0.6266348888046146}, "spearman": {"mean": 0.6191881663484574, "wmean": 0.6250581477694308}}}, "STS15": {"answers-forums": {"pearson": [0.5683310363439673, 1.834701296948161e-33], "spearman": [0.5623929065101025, 1.1678879829095382e-32], "nsamples": 375}, "answers-students": {"pearson": [0.7273242331649061, 2.0522723474628315e-124], "spearman": [0.7339829708268621, 8.271030271696089e-128], "nsamples": 750}, "belief": {"pearson": [0.6686887715457399, 6.1121586465577775e-50], "spearman": [0.6648951584106129, 3.360840819588367e-49], "nsamples": 375}, "headlines": {"pearson": [0.6957129720433463, 1.4046913875267774e-109], "spearman": [0.7048711379883824, 1.1302183891592274e-113], "nsamples": 750}, "images": {"pearson": [0.7575420656572305, 1.0808483006813649e-140], "spearman": [0.7668111954096045, 3.560758345120522e-146], "nsamples": 750}, "all": {"pearson": {"mean": 0.683519815751038, "wmean": 0.6997722937025841}, "spearman": {"mean": 0.686590673829113, "wmean": 0.7048273341713017}}}, "STS16": {"answer-answer": {"pearson": [0.6506465925593445, 5.767257970792482e-32], "spearman": [0.6531733703548217, 2.791241281356113e-32], "nsamples": 254}, "headlines": {"pearson": [0.7043543007575774, 1.240339490284455e-38], "spearman": [0.7025823617418582, 2.287322960454615e-38], "nsamples": 249}, "plagiarism": {"pearson": [0.7718835771182906, 9.663417169115877e-47], "spearman": [0.7992774035557105, 2.4882759271004372e-52], "nsamples": 230}, "postediting": {"pearson": [0.8530359500659277, 2.657311765323779e-70], "spearman": [0.8502787675824548, 2.1102338980955865e-69], "nsamples": 244}, "question-question": {"pearson": [0.424041020417347, 1.574391876109287e-10], "spearman": [0.4179895143626608, 3.029996014044082e-10], "nsamples": 209}, "all": {"pearson": {"mean": 0.6807922881836974, "wmean": 0.6871391426806316}, "spearman": {"mean": 0.6846602835195013, "wmean": 0.6909870782070623}}}}