{"MR": {"devacc": 67.33, "acc": 68.2, "ndev": 10662, "ntest": 10662}, "CR": {"devacc": 76.85, "acc": 76.05, "ndev": 3775, "ntest": 3775}, "SUBJ": {"devacc": 89.14, "acc": 88.66, "ndev": 10000, "ntest": 10000}, "MPQA": {"devacc": 86.97, "acc": 87.38, "ndev": 10606, "ntest": 10606}, "SST5": {"devacc": 37.15, "acc": 37.1, "ndev": 1101, "ntest": 2210}, "TREC": {"devacc": 76.84, "acc": 84.4, "ndev": 5452, "ntest": 500}, "MRPC": {"devacc": 74.48, "acc": 71.71, "f1": 80.62, "ndev": 4076, "ntest": 1725}, "STS12": {"MSRpar": {"pearson": [0.4065323246407066, 3.2461608388500354e-31], "spearman": [0.42145055725771896, 1.1870619803073951e-33], "nsamples": 750}, "MSRvid": {"pearson": [0.7519525351409669, 1.6656197583613815e-137], "spearman": [0.76431406157146, 1.1306791490524914e-144], "nsamples": 750}, "SMTeuroparl": {"pearson": [0.5808248748450159, 9.293340066037909e-43], "spearman": [0.6592843147136551, 1.4287466030330033e-58], "nsamples": 459}, "surprise.OnWN": {"pearson": [0.6292704813436029, 5.997375229014979e-84], "spearman": [0.6670904959486578, 1.0061629092621238e-97], "nsamples": 750}, "surprise.SMTnews": {"pearson": [0.6281940962613027, 3.4196459704688664e-45], "spearman": [0.566720277305942, 2.8246042229273024e-35], "nsamples": 399}, "all": {"pearson": {"mean": 0.599354862446319, "wmean": 0.5978328725244786}, "spearman": {"mean": 0.6157719413594867, "wmean": 0.6172375248333385}}}, "STS13": {"FNWN": {"pearson": [0.2366835052579951, 0.0010417926501720043], "spearman": [0.25736579833632656, 0.00035004426385056584], "nsamples": 189}, "headlines": {"pearson": [0.7125782775242394, 3.0411582707065675e-117], "spearman": [0.712316997988435, 4.0364610505210776e-117], "nsamples": 750}, "OnWN": {"pearson": [0.5114322621340751, 1.0249645437325018e-38], "spearman": [0.5376986685837539, 2.3588850433669066e-43], "nsamples": 561}, "all": {"pearson": {"mean": 0.48689801497210317, "wmean": 0.5773869264627712}, "spearman": {"mean": 0.5024604883028384, "wmean": 0.5896858916349187}}}, "STS14": {"deft-forum": {"pearson": [0.46851629891550856, 6.202418468706527e-26], "spearman": [0.46877988049900987, 5.774620381610549e-26], "nsamples": 450}, "deft-news": {"pearson": [0.7657315021987593, 4.555340229451054e-59], "spearman": [0.7436729188111232, 4.79281987781043e-54], "nsamples": 300}, "headlines": {"pearson": [0.6863665045695807, 1.4779783395439374e-105], "spearman": [0.6735893038732945, 2.6811351487904514e-100], "nsamples": 750}, "images": {"pearson": [0.7239969854048306, 9.354182224259666e-123], "spearman": [0.7258530226131081, 1.1187053477566047e-123], "nsamples": 750}, "OnWN": {"pearson": [0.6284923518176132, 1.1001807045509874e-83], "spearman": [0.6836483328570507, 2.0464421298091825e-104], "nsamples": 750}, "tweet-news": {"pearson": [0.7221368752546857, 7.722613906399306e-122], "spearman": [0.6682129841789421, 3.653294896221741e-98], "nsamples": 750}, "all": {"pearson": {"mean": 0.6658734196934963, "wmean": 0.6696790194551039}, "spearman": {"mean": 0.6606260738054214, "wmean": 0.6660081478692501}}}, "STS15": {"answers-forums": {"pearson": [0.6564137392277586, 1.3891870790638706e-47], "spearman": [0.6505860353373728, 1.6726378943783037e-46], "nsamples": 375}, "answers-students": {"pearson": [0.7576955791203478, 8.810290590933957e-141], "spearman": [0.7639833710295576, 1.781639028395384e-144], "nsamples": 750}, "belief": {"pearson": [0.7245809604139989, 2.8512057321953782e-62], "spearman": [0.7229662513870095, 7.138181100788483e-62], "nsamples": 375}, "headlines": {"pearson": [0.7270800209392186, 2.7215755633638627e-124], "spearman": [0.7414165314113645, 1.0106196084297719e-131], "nsamples": 750}, "images": {"pearson": [0.8018767730014676, 1.800674249863718e-169], "spearman": [0.812903500768596, 8.693585980941802e-178], "nsamples": 750}, "all": {"pearson": {"mean": 0.7335294145405584, "wmean": 0.7442874307204783}, "spearman": {"mean": 0.7383711379867801, "wmean": 0.7512698866429273}}}, "STS16": {"answer-answer": {"pearson": [0.682344677591047, 3.772459633203484e-36], "spearman": [0.6845385180092236, 1.8506783522169997e-36], "nsamples": 254}, "headlines": {"pearson": [0.7227910766014102, 1.606855462960033e-41], "spearman": [0.7340860670917766, 2.082932641921779e-43], "nsamples": 249}, "plagiarism": {"pearson": [0.7879623366558025, 6.379436715468867e-50], "spearman": [0.8331138900690002, 1.4469803831328432e-60], "nsamples": 230}, "postediting": {"pearson": [0.8652932063679392, 1.5429598847202986e-74], "spearman": [0.8609161386896852, 5.590260479796305e-73], "nsamples": 244}, "question-question": {"pearson": [0.45735994178936756, 3.363437635766981e-12], "spearman": [0.43324958876106956, 5.6687123590135406e-11], "nsamples": 209}, "all": {"pearson": {"mean": 0.7031502478011132, "wmean": 0.7093099779093311}, "spearman": {"mean": 0.709180840524151, "wmean": 0.7157581036150186}}}}