{"MR": {"devacc": 67.42, "acc": 66.88, "ndev": 10662, "ntest": 10662}, "CR": {"devacc": 77.02, "acc": 76.61, "ndev": 3775, "ntest": 3775}, "SUBJ": {"devacc": 88.01, "acc": 87.12, "ndev": 10000, "ntest": 10000}, "MPQA": {"devacc": 86.35, "acc": 86.3, "ndev": 10606, "ntest": 10606}, "SST5": {"devacc": 37.87, "acc": 36.47, "ndev": 1101, "ntest": 2210}, "TREC": {"devacc": 73.53, "acc": 85.0, "ndev": 5452, "ntest": 500}, "MRPC": {"devacc": 72.74, "acc": 72.46, "f1": 82.47, "ndev": 4076, "ntest": 1725}, "STS12": {"MSRpar": {"pearson": [0.3990600286739844, 4.857619480009744e-30], "spearman": [0.41952910677580274, 2.4846677782373385e-33], "nsamples": 750}, "MSRvid": {"pearson": [0.7199511550093394, 9.02541102611968e-121], "spearman": [0.7310654408241377, 2.6149447889927416e-126], "nsamples": 750}, "SMTeuroparl": {"pearson": [0.5785497447054867, 2.3125575658475707e-42], "spearman": [0.6517686761820689, 7.491644797115608e-57], "nsamples": 459}, "surprise.OnWN": {"pearson": [0.6353863684358282, 4.791592267042881e-86], "spearman": [0.6641065261458247, 1.455464067545944e-96], "nsamples": 750}, "surprise.SMTnews": {"pearson": [0.6344912769722779, 2.454116590888581e-46], "spearman": [0.5505104783874539, 5.4088088746378807e-33], "nsamples": 399}, "all": {"pearson": {"mean": 0.5934877147593832, "wmean": 0.5902556359141317}, "spearman": {"mean": 0.6033960456630576, "wmean": 0.6048395458666305}}}, "STS13": {"FNWN": {"pearson": [0.23189884454808812, 0.001323585378289579], "spearman": [0.2286468489313192, 0.0015532338619114905], "nsamples": 189}, "headlines": {"pearson": [0.7125017427000138, 3.304240412507159e-117], "spearman": [0.7122598474947749, 4.294159897577997e-117], "nsamples": 750}, "OnWN": {"pearson": [0.5433593590341178, 2.083325148513602e-44], "spearman": [0.5524328329036379, 3.863409897437769e-46], "nsamples": 561}, "all": {"pearson": {"mean": 0.49591998209407323, "wmean": 0.588686526041826}, "spearman": {"mean": 0.4977798431099107, "wmean": 0.5915493062186943}}}, "STS14": {"deft-forum": {"pearson": [0.4470326383463293, 1.7130498727215438e-23], "spearman": [0.4419412420107684, 6.128621940645254e-23], "nsamples": 450}, "deft-news": {"pearson": [0.7582353560191197, 2.664401166566911e-57], "spearman": [0.7376203506707939, 9.317537071057e-53], "nsamples": 300}, "headlines": {"pearson": [0.670710726654953, 3.7730405162715955e-99], "spearman": [0.654446359736378, 6.746735344330079e-93], "nsamples": 750}, "images": {"pearson": [0.7125277731849928, 3.212312643471858e-117], "spearman": [0.7195394020913507, 1.430418419744723e-120], "nsamples": 750}, "OnWN": {"pearson": [0.6388162722022924, 3.0429172756176826e-87], "spearman": [0.6902890495511728, 3.1647455845394286e-107], "nsamples": 750}, "tweet-news": {"pearson": [0.7269492450790662, 3.165265822922983e-124], "spearman": [0.6679038544604873, 4.8311108430012635e-98], "nsamples": 750}, "all": {"pearson": {"mean": 0.6590453352477922, "wmean": 0.66410354850735}, "spearman": {"mean": 0.6519567097534918, "wmean": 0.6584783102628335}}}, "STS15": {"answers-forums": {"pearson": [0.5942472626096129, 3.6068441151115733e-37], "spearman": [0.5829516884120126, 1.6346193127255113e-35], "nsamples": 375}, "answers-students": {"pearson": [0.7461962698622456, 2.609675935104493e-134], "spearman": [0.7539898925258938, 1.1737458115315862e-138], "nsamples": 750}, "belief": {"pearson": [0.7158863183290067, 3.700399987524369e-60], "spearman": [0.7088846482583799, 1.6336166312751523e-58], "nsamples": 375}, "headlines": {"pearson": [0.7214283339792753, 1.7179135795569326e-121], "spearman": [0.7368132448159264, 2.7759737968361132e-129], "nsamples": 750}, "images": {"pearson": [0.7929175202482458, 4.309696119799254e-163], "spearman": [0.8008439751330032, 1.0171373846713663e-168], "nsamples": 750}, "all": {"pearson": {"mean": 0.7141351410056773, "wmean": 0.7289022286397692}, "spearman": {"mean": 0.7166966898290432, "wmean": 0.734391320202505}}}, "STS16": {"answer-answer": {"pearson": [0.6481686547940921, 1.1672139248607697e-31], "spearman": [0.6409962522808819, 8.660904580633912e-31], "nsamples": 254}, "headlines": {"pearson": [0.7183477644753973, 8.375160451997855e-41], "spearman": [0.7286226101824823, 1.7516285204374657e-42], "nsamples": 249}, "plagiarism": {"pearson": [0.7782284496823116, 5.78115205267184e-48], "spearman": [0.8194956256357353, 4.8089286298380986e-57], "nsamples": 230}, "postediting": {"pearson": [0.8668402777068173, 4.2086517243575724e-75], "spearman": [0.8696647908930285, 3.7631024695848564e-76], "nsamples": 244}, "question-question": {"pearson": [0.41969827432610163, 2.5218992688505374e-10], "spearman": [0.3938551078021768, 3.635919805214557e-09], "nsamples": 209}, "all": {"pearson": {"mean": 0.686256684196944, "wmean": 0.692851553282988}, "spearman": {"mean": 0.6905268773588611, "wmean": 0.697502528178377}}}}