{"MR": {"devacc": 68.72, "acc": 68.22, "ndev": 10662, "ntest": 10662}, "CR": {"devacc": 77.49, "acc": 76.13, "ndev": 3775, "ntest": 3775}, "SUBJ": {"devacc": 88.66, "acc": 87.86, "ndev": 10000, "ntest": 10000}, "MPQA": {"devacc": 86.75, "acc": 86.71, "ndev": 10606, "ntest": 10606}, "SST5": {"devacc": 36.97, "acc": 36.65, "ndev": 1101, "ntest": 2210}, "TREC": {"devacc": 75.22, "acc": 83.2, "ndev": 5452, "ntest": 500}, "MRPC": {"devacc": 74.22, "acc": 72.7, "f1": 80.48, "ndev": 4076, "ntest": 1725}, "STS12": {"MSRpar": {"pearson": [0.41779476288301337, 4.820014972157366e-33], "spearman": [0.43423878860594917, 7.68937273062436e-36], "nsamples": 750}, "MSRvid": {"pearson": [0.7426410996594023, 2.2234514246028816e-132], "spearman": [0.7519890535194008, 1.5886412316279478e-137], "nsamples": 750}, "SMTeuroparl": {"pearson": [0.5856530143344537, 1.3109615937600251e-43], "spearman": [0.6714434139690927, 1.8427394041660623e-61], "nsamples": 459}, "surprise.OnWN": {"pearson": [0.6274512209069313, 2.470913909331425e-83], "spearman": [0.664495948111743, 1.0288069558418716e-96], "nsamples": 750}, "surprise.SMTnews": {"pearson": [0.6195304953061034, 1.1633529789781442e-43], "spearman": [0.5315879593853254, 1.755169235984595e-30], "nsamples": 399}, "all": {"pearson": {"mean": 0.5986141186179808, "wmean": 0.5974654806285906}, "spearman": {"mean": 0.6107510327183022, "wmean": 0.6140086761532748}}}, "STS13": {"FNWN": {"pearson": [0.22319252320410926, 0.0020213919490842504], "spearman": [0.25048518886665466, 0.0005083003480555572], "nsamples": 189}, "headlines": {"pearson": [0.7138900285531448, 7.30501712172433e-118], "spearman": [0.7182065473539933, 6.315344899809205e-120], "nsamples": 750}, "OnWN": {"pearson": [0.5049307573431655, 1.2519100348822594e-37], "spearman": [0.5290603280199389, 8.770850995408832e-42], "nsamples": 561}, "all": {"pearson": {"mean": 0.4806711030334732, "wmean": 0.5739113754466341}, "spearman": {"mean": 0.4992506880801956, "wmean": 0.5885329701536522}}}, "STS14": {"deft-forum": {"pearson": [0.4607371212085223, 4.972278231785522e-25], "spearman": [0.45787492405875135, 1.0552931061545388e-24], "nsamples": 450}, "deft-news": {"pearson": [0.7473753287146503, 7.485560875621743e-55], "spearman": [0.719042625635704, 5.146429493170834e-49], "nsamples": 300}, "headlines": {"pearson": [0.6855784465715462, 3.1758103410448045e-105], "spearman": [0.6732776082386354, 3.575152661219062e-100], "nsamples": 750}, "images": {"pearson": [0.7161431301881358, 6.187089317694599e-119], "spearman": [0.7178775498808544, 9.09944983144357e-120], "nsamples": 750}, "OnWN": {"pearson": [0.6276936865485814, 2.0471142881054236e-83], "spearman": [0.6878387544226392, 3.517485710083687e-106], "nsamples": 750}, "tweet-news": {"pearson": [0.7236713831988542, 1.3552604436852006e-122], "spearman": [0.6812482529819232, 2.0344434049166158e-103], "nsamples": 750}, "all": {"pearson": {"mean": 0.6601998494050484, "wmean": 0.6656958101436181}, "spearman": {"mean": 0.6561932858697512, "wmean": 0.6645168340427169}}}, "STS15": {"answers-forums": {"pearson": [0.6329711327278513, 2.2375788148891757e-43], "spearman": [0.6281783031371512, 1.4648581862363328e-42], "nsamples": 375}, "answers-students": {"pearson": [0.7525207060986784, 7.969683061933012e-138], "spearman": [0.7587583177971464, 2.1310745178925934e-141], "nsamples": 750}, "belief": {"pearson": [0.7265904380619241, 9.016553688399012e-63], "spearman": [0.7264710500777769, 9.657632585681734e-63], "nsamples": 375}, "headlines": {"pearson": [0.7259334121650309, 1.0199934406223128e-123], "spearman": [0.7402321882616596, 4.3351802343502874e-131], "nsamples": 750}, "images": {"pearson": [0.806688799315686, 4.924094732140993e-173], "spearman": [0.8173827048134134, 2.5220545584615355e-181], "nsamples": 750}, "all": {"pearson": {"mean": 0.7289408976738341, "wmean": 0.7412309257435709}, "spearman": {"mean": 0.7342045128174295, "wmean": 0.7484244718699209}}}, "STS16": {"answer-answer": {"pearson": [0.6928933321363172, 1.1590016232461122e-37], "spearman": [0.6944313451644687, 6.887995319933458e-38], "nsamples": 254}, "headlines": {"pearson": [0.7409401627518548, 1.335559496276757e-44], "spearman": [0.7520692151667501, 1.2763108099494416e-46], "nsamples": 249}, "plagiarism": {"pearson": [0.7782805484079607, 5.646821469251456e-48], "spearman": [0.8127639679033889, 2.0647414454170843e-55], "nsamples": 230}, "postediting": {"pearson": [0.8711441475002688, 1.0387444423317415e-76], "spearman": [0.8731024196988432, 1.8440133938278523e-77], "nsamples": 244}, "question-question": {"pearson": [0.4884070169466687, 6.289842552532394e-14], "spearman": [0.4638954678464934, 1.5043443872498103e-12], "nsamples": 209}, "all": {"pearson": {"mean": 0.714333041548614, "wmean": 0.7201768731480496}, "spearman": {"mean": 0.7192524831559888, "wmean": 0.725613534614258}}}}