{"MR": {"devacc": 64.0, "acc": 64.99, "ndev": 10662, "ntest": 10662}, "CR": {"devacc": 71.13, "acc": 69.7, "ndev": 3775, "ntest": 3775}, "SUBJ": {"devacc": 82.69, "acc": 82.28, "ndev": 10000, "ntest": 10000}, "MPQA": {"devacc": 82.22, "acc": 82.3, "ndev": 10606, "ntest": 10606}, "SST5": {"devacc": 36.69, "acc": 35.79, "ndev": 1101, "ntest": 2210}, "TREC": {"devacc": 64.54, "acc": 74.2, "ndev": 5452, "ntest": 500}, "MRPC": {"devacc": 71.98, "acc": 68.75, "f1": 76.51, "ndev": 4076, "ntest": 1725}, "STS12": {"MSRpar": {"pearson": [0.3765993363652565, 1.1028331140400952e-26], "spearman": [0.3852157195912915, 6.105201522937123e-28], "nsamples": 750}, "MSRvid": {"pearson": [0.6782555622090672, 3.4580650191970266e-102], "spearman": [0.6866587464313658, 1.1122731034261692e-105], "nsamples": 750}, "SMTeuroparl": {"pearson": [0.5423337516127587, 1.8595678213913442e-36], "spearman": [0.6135048941972551, 8.323133359204582e-49], "nsamples": 459}, "surprise.OnWN": {"pearson": [0.6073179179448951, 8.58769258141849e-77], "spearman": [0.6247520987121739, 1.984486363246009e-82], "nsamples": 750}, "surprise.SMTnews": {"pearson": [0.5668949066514137, 2.664906761799877e-35], "spearman": [0.5031999444780545, 5.3365094040917405e-27], "nsamples": 399}, "all": {"pearson": {"mean": 0.5542802949566783, "wmean": 0.5539742188331995}, "spearman": {"mean": 0.5626662806820282, "wmean": 0.564622087462808}}}, "STS13": {"FNWN": {"pearson": [0.23689565052167144, 0.0010306785251893624], "spearman": [0.2420260611230375, 0.0007929071431123006], "nsamples": 189}, "headlines": {"pearson": [0.6700787512944583, 6.715486637813979e-99], "spearman": [0.6620487871023839, 9.023683546928106e-96], "nsamples": 750}, "OnWN": {"pearson": [0.41736076381607096, 4.698181581221568e-25], "spearman": [0.4443454449649914, 1.5074980361275245e-28], "nsamples": 561}, "all": {"pearson": {"mean": 0.4414450552107336, "wmean": 0.5209811532801703}, "spearman": {"mean": 0.44947343106347093, "wmean": 0.5277048736696015}}}, "STS14": {"deft-forum": {"pearson": [0.43842442699735984, 1.459943997952604e-22], "spearman": [0.43680015664164795, 2.1725325723871305e-22], "nsamples": 450}, "deft-news": {"pearson": [0.7143560479744278, 4.056551821935633e-48], "spearman": [0.6898620237442106, 1.0366888654704646e-43], "nsamples": 300}, "headlines": {"pearson": [0.6437437433807995, 5.4506700251172735e-89], "spearman": [0.6311718753636206, 1.3517946970853985e-84], "nsamples": 750}, "images": {"pearson": [0.6515037856709553, 8.30199042602519e-92], "spearman": [0.6479387456229433, 1.673749967262846e-90], "nsamples": 750}, "OnWN": {"pearson": [0.5586943232491498, 8.741338406028116e-63], "spearman": [0.6194089438442908, 1.15556164906177e-80], "nsamples": 750}, "tweet-news": {"pearson": [0.6372943262079405, 1.03847282799379e-86], "spearman": [0.5992084885155106, 2.7432498962051028e-74], "nsamples": 750}, "all": {"pearson": {"mean": 0.6073361089134387, "wmean": 0.6080066507794065}, "spearman": {"mean": 0.6040650389553707, "wmean": 0.6071505913658076}}}, "STS15": {"answers-forums": {"pearson": [0.5179587939762803, 3.968068798238098e-27], "spearman": [0.5086432223864821, 4.550362351569633e-26], "nsamples": 375}, "answers-students": {"pearson": [0.7370140585583271, 2.1781947138871663e-129], "spearman": [0.7384592659889405, 3.778146136870444e-130], "nsamples": 750}, "belief": {"pearson": [0.659625102762695, 3.4430926307847854e-48], "spearman": [0.6486582159364583, 3.7641716670967496e-46], "nsamples": 375}, "headlines": {"pearson": [0.6755701556978169, 4.270548616279432e-101], "spearman": [0.6845854302214036, 8.297249737279912e-105], "nsamples": 750}, "images": {"pearson": [0.7486873084324932, 1.1082342571809842e-135], "spearman": [0.7564889624448184, 4.374962122434688e-140], "nsamples": 750}, "all": {"pearson": {"mean": 0.6677710838855224, "wmean": 0.6875158677645312}, "spearman": {"mean": 0.6673670193956206, "wmean": 0.6895460944541583}}}, "STS16": {"answer-answer": {"pearson": [0.6332988162211712, 7.019496108447089e-30], "spearman": [0.6269137546535376, 3.8097286168446403e-29], "nsamples": 254}, "headlines": {"pearson": [0.7074233434971045, 4.25097090276907e-39], "spearman": [0.7203369910057393, 4.0152274101568154e-41], "nsamples": 249}, "plagiarism": {"pearson": [0.7530430713029147, 2.4855365052605294e-43], "spearman": [0.7632100049702286, 3.93180241250367e-45], "nsamples": 230}, "postediting": {"pearson": [0.864398492550504, 3.24686383713576e-74], "spearman": [0.8637261062464064, 5.6593822242800626e-74], "nsamples": 244}, "question-question": {"pearson": [0.42288102962170837, 1.7867064327142583e-10], "spearman": [0.3967827826090026, 2.718038093503008e-09], "nsamples": 209}, "all": {"pearson": {"mean": 0.6762089506386806, "wmean": 0.6825477113186231}, "spearman": {"mean": 0.6741939278969828, "wmean": 0.68112569736508}}}}