{"MR": {"devacc": 63.02, "acc": 64.2, "ndev": 10662, "ntest": 10662}, "CR": {"devacc": 73.3, "acc": 70.68, "ndev": 3775, "ntest": 3775}, "SUBJ": {"devacc": 83.27, "acc": 83.27, "ndev": 10000, "ntest": 10000}, "MPQA": {"devacc": 84.05, "acc": 84.72, "ndev": 10606, "ntest": 10606}, "SST5": {"devacc": 34.15, "acc": 33.89, "ndev": 1101, "ntest": 2210}, "TREC": {"devacc": 65.5, "acc": 79.6, "ndev": 5452, "ntest": 500}, "MRPC": {"devacc": 71.37, "acc": 71.25, "f1": 78.45, "ndev": 4076, "ntest": 1725}, "STS12": {"MSRpar": {"pearson": [0.38289864513453664, 1.3408334943101296e-27], "spearman": [0.3982723634222106, 6.435061821183907e-30], "nsamples": 750}, "MSRvid": {"pearson": [0.6963982457300317, 7.023859421345639e-110], "spearman": [0.6992465455219475, 3.857235329928103e-111], "nsamples": 750}, "SMTeuroparl": {"pearson": [0.5568803470254313, 9.644399506479768e-39], "spearman": [0.6129139169643257, 1.0863503369401093e-48], "nsamples": 459}, "surprise.OnWN": {"pearson": [0.6222935497863176, 1.3004527431768845e-81], "spearman": [0.6497531337686994, 3.647296904716184e-91], "nsamples": 750}, "surprise.SMTnews": {"pearson": [0.6490371000718509, 4.396517352307244e-49], "spearman": [0.56265529376361, 1.0841558564312563e-34], "nsamples": 399}, "all": {"pearson": {"mean": 0.5815015775496336, "wmean": 0.5761797659914756}, "spearman": {"mean": 0.5845682506881585, "wmean": 0.5843889903902667}}}, "STS13": {"FNWN": {"pearson": [0.16980983944762387, 0.019491053143481443], "spearman": [0.14587016805126232, 0.04519819975235103], "nsamples": 189}, "headlines": {"pearson": [0.6813123352639813, 1.9139837322125838e-103], "spearman": [0.6857314584548493, 2.7380342331966145e-105], "nsamples": 750}, "OnWN": {"pearson": [0.48863523438420664, 5.262692152109449e-35], "spearman": [0.5137996974140823, 4.0652840749500444e-39], "nsamples": 561}, "all": {"pearson": {"mean": 0.44658580303193723, "wmean": 0.5448017850620845}, "spearman": {"mean": 0.44846710797339795, "wmean": 0.5534064572347505}}}, "STS14": {"deft-forum": {"pearson": [0.42357662285756337, 5.107920854439573e-21], "spearman": [0.41637965608946537, 2.6887225830672215e-20], "nsamples": 450}, "deft-news": {"pearson": [0.7301906729269366, 3.1861098146564204e-51], "spearman": [0.7010074334416164, 1.1638127874109732e-45], "nsamples": 300}, "headlines": {"pearson": [0.6723446274074485, 8.442329473160418e-100], "spearman": [0.6589926068571714, 1.320371761722245e-94], "nsamples": 750}, "images": {"pearson": [0.6765339736070032, 1.7378690222199053e-101], "spearman": [0.676439497959134, 1.8982675582307924e-101], "nsamples": 750}, "OnWN": {"pearson": [0.6053916078182796, 3.430084107608768e-76], "spearman": [0.6634175740730834, 2.6853541126866584e-96], "nsamples": 750}, "tweet-news": {"pearson": [0.6608775768195969, 2.5326992259433614e-95], "spearman": [0.607723009706737, 6.410240805196729e-77], "nsamples": 750}, "all": {"pearson": {"mean": 0.6281525135728048, "wmean": 0.6322740057075282}, "spearman": {"mean": 0.6206599630212013, "wmean": 0.6273606911252902}}}, "STS15": {"answers-forums": {"pearson": [0.5807873885054465, 3.337613745403525e-35], "spearman": [0.5763124319772179, 1.435998882426711e-34], "nsamples": 375}, "answers-students": {"pearson": [0.7348596974113916, 2.9036704972622804e-128], "spearman": [0.7417603303310563, 6.612325868109232e-132], "nsamples": 750}, "belief": {"pearson": [0.6353261081904649, 8.780911475594619e-44], "spearman": [0.6272307633332999, 2.1156179327263998e-42], "nsamples": 375}, "headlines": {"pearson": [0.703107780692446, 7.140800912298634e-113], "spearman": [0.7142335023099199, 5.021718088847883e-118], "nsamples": 750}, "images": {"pearson": [0.7616784385685257, 4.152454651883314e-143], "spearman": [0.7714408824258311, 5.209288854960616e-149], "nsamples": 750}, "all": {"pearson": {"mean": 0.6831518826736549, "wmean": 0.7019256662550797}, "spearman": {"mean": 0.686195582075465, "wmean": 0.7073015781805165}}}, "STS16": {"answer-answer": {"pearson": [0.6147312898200991, 8.634091875498846e-28], "spearman": [0.600076437095279, 3.093484173032764e-26], "nsamples": 254}, "headlines": {"pearson": [0.7026335662483821, 2.247369728499652e-38], "spearman": [0.7115254334198678, 9.940341897897e-40], "nsamples": 249}, "plagiarism": {"pearson": [0.7390093029648241, 5.520283940747101e-41], "spearman": [0.7587080452425665, 2.529368457798608e-44], "nsamples": 230}, "postediting": {"pearson": [0.8593373641639082, 1.9804441801325457e-72], "spearman": [0.85915411183329, 2.2913465340233807e-72], "nsamples": 244}, "question-question": {"pearson": [0.41736362093839235, 3.2398760662313647e-10], "spearman": [0.401011969449054, 1.7763892557199794e-09], "nsamples": 209}, "all": {"pearson": {"mean": 0.6666150288271211, "wmean": 0.6728304881316858}, "spearman": {"mean": 0.6660951994080114, "wmean": 0.6724596992004328}}}}