{"MR": {"devacc": 64.37, "acc": 62.06, "ndev": 10662, "ntest": 10662}, "CR": {"devacc": 73.51, "acc": 72.98, "ndev": 3775, "ntest": 3775}, "SUBJ": {"devacc": 83.64, "acc": 83.17, "ndev": 10000, "ntest": 10000}, "MPQA": {"devacc": 83.32, "acc": 84.01, "ndev": 10606, "ntest": 10606}, "SST5": {"devacc": 33.51, "acc": 35.02, "ndev": 1101, "ntest": 2210}, "TREC": {"devacc": 65.57, "acc": 78.0, "ndev": 5452, "ntest": 500}, "MRPC": {"devacc": 71.91, "acc": 67.71, "f1": 74.08, "ndev": 4076, "ntest": 1725}, "STS12": {"MSRpar": {"pearson": [0.4063978598303587, 3.4102030696225596e-31], "spearman": [0.4143687909807192, 1.7644090454555622e-32], "nsamples": 750}, "MSRvid": {"pearson": [0.6872717311406408, 6.120446868992171e-106], "spearman": [0.6979671111213854, 1.4263779203779893e-110], "nsamples": 750}, "SMTeuroparl": {"pearson": [0.5743821323329925, 1.2060027353376275e-41], "spearman": [0.6378100922009585, 8.746984552106332e-54], "nsamples": 459}, "surprise.OnWN": {"pearson": [0.6084739076867655, 3.723675068634135e-77], "spearman": [0.6381187649261965, 5.34546635155465e-87], "nsamples": 750}, "surprise.SMTnews": {"pearson": [0.5715367115817527, 5.601235936219938e-36], "spearman": [0.4869924111370634, 3.7512423971156387e-25], "nsamples": 399}, "all": {"pearson": {"mean": 0.569612468514502, "wmean": 0.5689485748569132}, "spearman": {"mean": 0.5750514340732646, "wmean": 0.5791202717616326}}}, "STS13": {"FNWN": {"pearson": [0.1817278826821615, 0.012326885450280623], "spearman": [0.20435232111666862, 0.004793850193559151], "nsamples": 189}, "headlines": {"pearson": [0.6693046770786518, 1.3580616411491018e-98], "spearman": [0.6732754793484227, 3.582182042369166e-100], "nsamples": 750}, "OnWN": {"pearson": [0.5038378602169212, 1.8966554759540994e-37], "spearman": [0.5160765741336064, 1.659010593108208e-39], "nsamples": 561}, "all": {"pearson": {"mean": 0.45162347332591146, "wmean": 0.5459854114784068}, "spearman": {"mean": 0.46456812486623256, "wmean": 0.5553987708608803}}}, "STS14": {"deft-forum": {"pearson": [0.4285364651274004, 1.5884321222003658e-21], "spearman": [0.4146370301175958, 3.995764094405602e-20], "nsamples": 450}, "deft-news": {"pearson": [0.7463016162885545, 1.2868136521882283e-54], "spearman": [0.7281092691232781, 8.392124911981625e-51], "nsamples": 300}, "headlines": {"pearson": [0.639217325071158, 2.199418536711861e-87], "spearman": [0.6348820948007278, 7.16500167022926e-86], "nsamples": 750}, "images": {"pearson": [0.6637282320779878, 2.0377282246859064e-96], "spearman": [0.6654613961909666, 4.3432907716537944e-97], "nsamples": 750}, "OnWN": {"pearson": [0.6122983181914152, 2.28894306219507e-78], "spearman": [0.6561652186198627, 1.5369678591569202e-93], "nsamples": 750}, "tweet-news": {"pearson": [0.6784170833884478, 2.970303915449863e-102], "spearman": [0.6265763772675741, 4.865144772425211e-83], "nsamples": 750}, "all": {"pearson": {"mean": 0.628083173357494, "wmean": 0.6298606968641742}, "spearman": {"mean": 0.6209718976866675, "wmean": 0.6246222025197999}}}, "STS15": {"answers-forums": {"pearson": [0.4966518340184411, 9.435691422164997e-25], "spearman": [0.49397673474924436, 1.825960567467447e-24], "nsamples": 375}, "answers-students": {"pearson": [0.7488950788125507, 8.500987051397274e-136], "spearman": [0.7553672977874838, 1.9244743617645032e-139], "nsamples": 750}, "belief": {"pearson": [0.7041140972611946, 2.0237665321758102e-57], "spearman": [0.6926811539935568, 6.897095623137493e-55], "nsamples": 375}, "headlines": {"pearson": [0.7110112807092954, 1.6536001894871275e-116], "spearman": [0.7221451128168203, 7.65104851425809e-122], "nsamples": 750}, "images": {"pearson": [0.754931276846651, 3.415494800254959e-139], "spearman": [0.7621363041118582, 2.2279218438707926e-143], "nsamples": 750}, "all": {"pearson": {"mean": 0.6831207135296264, "wmean": 0.7038051505020787}, "spearman": {"mean": 0.6852613206917927, "wmean": 0.7082444147718907}}}, "STS16": {"answer-answer": {"pearson": [0.6183686978627229, 3.449417667529897e-28], "spearman": [0.6169984649936926, 4.880468107833691e-28], "nsamples": 254}, "headlines": {"pearson": [0.7091493249395477, 2.313621069901813e-39], "spearman": [0.7196855187687025, 5.111871512454265e-41], "nsamples": 249}, "plagiarism": {"pearson": [0.7500147080569535, 8.2218973904976e-43], "spearman": [0.777569055767122, 7.780428747525424e-48], "nsamples": 230}, "postediting": {"pearson": [0.8593456519314999, 1.967416952440637e-72], "spearman": [0.8614501941227093, 3.631412186318742e-73], "nsamples": 244}, "question-question": {"pearson": [0.4524064854382611, 6.119676864394702e-12], "spearman": [0.43331896583235097, 5.6245937772424823e-11], "nsamples": 209}, "all": {"pearson": {"mean": 0.6778569736457971, "wmean": 0.6832887930422099}, "spearman": {"mean": 0.6818044398969155, "wmean": 0.6876203189992792}}}}