{"MR": {"devacc": 64.56, "acc": 63.74, "ndev": 10662, "ntest": 10662}, "CR": {"devacc": 72.72, "acc": 72.32, "ndev": 3775, "ntest": 3775}, "SUBJ": {"devacc": 84.62, "acc": 84.02, "ndev": 10000, "ntest": 10000}, "MPQA": {"devacc": 84.8, "acc": 84.91, "ndev": 10606, "ntest": 10606}, "SST5": {"devacc": 34.42, "acc": 34.57, "ndev": 1101, "ntest": 2210}, "TREC": {"devacc": 67.94, "acc": 79.2, "ndev": 5452, "ntest": 500}, "MRPC": {"devacc": 72.38, "acc": 70.43, "f1": 79.55, "ndev": 4076, "ntest": 1725}, "STS12": {"MSRpar": {"pearson": [0.354588371613213, 1.2192323699205905e-23], "spearman": [0.37383252196745137, 2.742591031920679e-26], "nsamples": 750}, "MSRvid": {"pearson": [0.7332939336781323, 1.8775051431225286e-127], "spearman": [0.7464565664173743, 1.879227026945299e-134], "nsamples": 750}, "SMTeuroparl": {"pearson": [0.5733165007436616, 1.8327490990903647e-41], "spearman": [0.6588033238506059, 1.847107677308092e-58], "nsamples": 459}, "surprise.OnWN": {"pearson": [0.6110176908757413, 5.84929374066646e-78], "spearman": [0.6446688296327664, 2.5403769359315146e-89], "nsamples": 750}, "surprise.SMTnews": {"pearson": [0.6096080493170969, 5.784497152611392e-42], "spearman": [0.533690985824054, 9.397397081729968e-31], "nsamples": 399}, "all": {"pearson": {"mean": 0.576364909245569, "wmean": 0.5728960368868009}, "spearman": {"mean": 0.5914904455384504, "wmean": 0.5917155300850772}}}, "STS13": {"FNWN": {"pearson": [0.21981835481057602, 0.0023719433016462107], "spearman": [0.2263028267230185, 0.0017407334128927696], "nsamples": 189}, "headlines": {"pearson": [0.7032204703243187, 6.34982514040562e-113], "spearman": [0.7033564955288018, 5.510443583455962e-113], "nsamples": 750}, "OnWN": {"pearson": [0.5174528474752947, 9.61920316370592e-40], "spearman": [0.535498137683849, 5.984803587362891e-43], "nsamples": 561}, "all": {"pearson": {"mean": 0.48016389087006317, "wmean": 0.5728347128240522}, "spearman": {"mean": 0.4883858199785564, "wmean": 0.5804687074252608}}}, "STS14": {"deft-forum": {"pearson": [0.427043817324648, 2.2621142986034778e-21], "spearman": [0.42064727201532714, 1.0090870842237082e-20], "nsamples": 450}, "deft-news": {"pearson": [0.7329300701792998, 8.783448644313109e-52], "spearman": [0.6984572919384141, 3.310828586088807e-45], "nsamples": 300}, "headlines": {"pearson": [0.6697165435121002, 9.33906883258515e-99], "spearman": [0.6561227610066416, 1.5943521556384181e-93], "nsamples": 750}, "images": {"pearson": [0.7106246571890772, 2.5067773877950303e-116], "spearman": [0.707576990103535, 6.5019228025761905e-115], "nsamples": 750}, "OnWN": {"pearson": [0.6338483386043653, 1.6308319424533745e-85], "spearman": [0.6796173200768736, 9.567392334978102e-103], "nsamples": 750}, "tweet-news": {"pearson": [0.6755280871533825, 4.441122663023626e-101], "spearman": [0.630647599160203, 2.0406777708148428e-84], "nsamples": 750}, "all": {"pearson": {"mean": 0.6416152523271456, "wmean": 0.6478231889850867}, "spearman": {"mean": 0.6321782057168325, "wmean": 0.6411471900663631}}}, "STS15": {"answers-forums": {"pearson": [0.5818007960344191, 2.3909003539349014e-35], "spearman": [0.5667257443505223, 3.037218311359024e-33], "nsamples": 375}, "answers-students": {"pearson": [0.7396683027522974, 8.647652127327877e-131], "spearman": [0.7484636116851274, 1.4739907750341394e-135], "nsamples": 750}, "belief": {"pearson": [0.7047510343816101, 1.4504283496324e-57], "spearman": [0.6957470837661671, 1.4833355363269618e-55], "nsamples": 375}, "headlines": {"pearson": [0.7115507701588665, 9.242830100686281e-117], "spearman": [0.7255626602533455, 1.5613549146638068e-123], "nsamples": 750}, "images": {"pearson": [0.7598558287888156, 4.882797958264633e-142], "spearman": [0.7675840334780752, 1.2104044868194297e-146], "nsamples": 750}, "all": {"pearson": {"mean": 0.6995253464232017, "wmean": 0.7135877042269986}, "spearman": {"mean": 0.7008166267066475, "wmean": 0.7182116798687233}}}, "STS16": {"answer-answer": {"pearson": [0.6506545125475762, 5.754216265048667e-32], "spearman": [0.644198707023133, 3.5628777507021036e-31], "nsamples": 254}, "headlines": {"pearson": [0.6914192344946518, 9.763623487660926e-37], "spearman": [0.7015003953544962, 3.3163104506518787e-38], "nsamples": 249}, "plagiarism": {"pearson": [0.7613196739428757, 8.634129349084249e-45], "spearman": [0.7950655844579785, 2.0429431176489003e-51], "nsamples": 230}, "postediting": {"pearson": [0.866662329569122, 4.89102368422923e-75], "spearman": [0.8687276145809815, 8.436619633609338e-76], "nsamples": 244}, "question-question": {"pearson": [0.5038325821401395, 7.462865216823753e-15], "spearman": [0.5051711746706218, 6.170993071531255e-15], "nsamples": 209}, "all": {"pearson": {"mean": 0.694777666538873, "wmean": 0.6992409600887597}, "spearman": {"mean": 0.7029326952174422, "wmean": 0.707179989811467}}}}