{"MR": {"devacc": 63.92, "acc": 62.64, "ndev": 10662, "ntest": 10662}, "CR": {"devacc": 74.5, "acc": 74.62, "ndev": 3775, "ntest": 3775}, "SUBJ": {"devacc": 84.51, "acc": 83.93, "ndev": 10000, "ntest": 10000}, "MPQA": {"devacc": 84.1, "acc": 84.46, "ndev": 10606, "ntest": 10606}, "SST5": {"devacc": 35.33, "acc": 36.33, "ndev": 1101, "ntest": 2210}, "TREC": {"devacc": 68.43, "acc": 78.6, "ndev": 5452, "ntest": 500}, "MRPC": {"devacc": 71.93, "acc": 71.01, "f1": 78.99, "ndev": 4076, "ntest": 1725}, "STS12": {"MSRpar": {"pearson": [0.3962392187320582, 1.3251981066044363e-29], "spearman": [0.40327652121207325, 1.0642337093630336e-30], "nsamples": 750}, "MSRvid": {"pearson": [0.7093897290029294, 9.424449753377319e-116], "spearman": [0.7168290630235662, 2.9040696199463536e-119], "nsamples": 750}, "SMTeuroparl": {"pearson": [0.5659948413242525, 3.119748402275801e-40], "spearman": [0.6428329052387823, 7.1866678443683e-55], "nsamples": 459}, "surprise.OnWN": {"pearson": [0.6030462688721888, 1.828226015229122e-75], "spearman": [0.6408117135808499, 6.022100671484356e-88], "nsamples": 750}, "surprise.SMTnews": {"pearson": [0.6078951779162804, 1.1196912368513671e-41], "spearman": [0.5405658717386641, 1.1821558156523177e-31], "nsamples": 399}, "all": {"pearson": {"mean": 0.5765130471695419, "wmean": 0.5739537389355889}, "spearman": {"mean": 0.5888632149587872, "wmean": 0.589264497969979}}}, "STS13": {"FNWN": {"pearson": [0.1660375095614891, 0.022408693064238983], "spearman": [0.1386893786743341, 0.05701146198844177], "nsamples": 189}, "headlines": {"pearson": [0.6877156565052784, 3.967361047945817e-106], "spearman": [0.6874330384158411, 5.228863468027761e-106], "nsamples": 750}, "OnWN": {"pearson": [0.5214567176527615, 1.9422888299576813e-40], "spearman": [0.5423411559880045, 3.234548714231798e-44], "nsamples": 561}, "all": {"pearson": {"mean": 0.45840329457317636, "wmean": 0.5598033668595196}, "spearman": {"mean": 0.45615452435939324, "wmean": 0.5640269732604003}}}, "STS14": {"deft-forum": {"pearson": [0.4434835631132358, 4.174922577222686e-23], "spearman": [0.4334725347680945, 4.872351288188442e-22], "nsamples": 450}, "deft-news": {"pearson": [0.7394230008228881, 3.8835992225583754e-53], "spearman": [0.7036041817952926, 3.967797728566446e-46], "nsamples": 300}, "headlines": {"pearson": [0.6624928344387686, 6.094322077887393e-96], "spearman": [0.649750441536546, 3.6555805186922203e-91], "nsamples": 750}, "images": {"pearson": [0.6817819770575264, 1.2231090097957988e-103], "spearman": [0.6875396270339571, 4.711957742996592e-106], "nsamples": 750}, "OnWN": {"pearson": [0.6232305002296185, 6.365130387288755e-82], "spearman": [0.6792798518780497, 1.316340353110461e-102], "nsamples": 750}, "tweet-news": {"pearson": [0.6794488859347725, 1.121969438278788e-102], "spearman": [0.6337666127363754, 1.7401626227797045e-85], "nsamples": 750}, "all": {"pearson": {"mean": 0.6383101269328016, "wmean": 0.6417627071715565}, "spearman": {"mean": 0.6312355416247192, "wmean": 0.6383723453527804}}}, "STS15": {"answers-forums": {"pearson": [0.5419020716266151, 5.253527248968715e-30], "spearman": [0.5311533747393142, 1.098767401089461e-28], "nsamples": 375}, "answers-students": {"pearson": [0.7445572991920875, 2.0442257277101977e-133], "spearman": [0.7501049304926474, 1.8055823617063995e-136], "nsamples": 750}, "belief": {"pearson": [0.6872354324162475, 1.0086549090925207e-53], "spearman": [0.6684488034055255, 6.813089062749499e-50], "nsamples": 375}, "headlines": {"pearson": [0.6905019511144236, 2.564303531454664e-107], "spearman": [0.6997380565302621, 2.3296108789241616e-111], "nsamples": 750}, "images": {"pearson": [0.7617612305117586, 3.710693943065292e-143], "spearman": [0.7714771384937698, 4.946692876808631e-149], "nsamples": 750}, "all": {"pearson": {"mean": 0.6851915969722264, "wmean": 0.7028473082099252}, "spearman": {"mean": 0.6841844607323038, "wmean": 0.7052803036472748}}}, "STS16": {"answer-answer": {"pearson": [0.6741666927980497, 5.082517738609331e-35], "spearman": [0.6591392217953143, 4.893011473009631e-33], "nsamples": 254}, "headlines": {"pearson": [0.7025251862048644, 2.3327647374960518e-38], "spearman": [0.7114246556920648, 1.0304756247496682e-39], "nsamples": 249}, "plagiarism": {"pearson": [0.7505733253924216, 6.602326349427626e-43], "spearman": [0.7788052314861335, 4.454731435964333e-48], "nsamples": 230}, "postediting": {"pearson": [0.8552197449259514, 4.994855214853141e-71], "spearman": [0.8508162375640177, 1.4136417082453398e-69], "nsamples": 244}, "question-question": {"pearson": [0.4649019170214503, 1.327005627940045e-12], "spearman": [0.4413562203845838, 2.247695966079456e-11], "nsamples": 209}, "all": {"pearson": {"mean": 0.6894773732685475, "wmean": 0.6953095232676123}, "spearman": {"mean": 0.6883083133844228, "wmean": 0.694379356552397}}}}