{"MR": {"devacc": 68.24, "acc": 70.78, "ndev": 10662, "ntest": 10662}, "CR": {"devacc": 76.01, "acc": 75.97, "ndev": 3775, "ntest": 3775}, "SUBJ": {"devacc": 88.65, "acc": 87.62, "ndev": 10000, "ntest": 10000}, "MPQA": {"devacc": 86.74, "acc": 86.12, "ndev": 10606, "ntest": 10606}, "SST5": {"devacc": 36.24, "acc": 38.82, "ndev": 1101, "ntest": 2210}, "TREC": {"devacc": 74.89, "acc": 82.6, "ndev": 5452, "ntest": 500}, "MRPC": {"devacc": 73.53, "acc": 69.04, "f1": 74.64, "ndev": 4076, "ntest": 1725}, "STS12": {"MSRpar": {"pearson": [0.4268413400586907, 1.4565283324396694e-34], "spearman": [0.4350249520123674, 5.600991894879422e-36], "nsamples": 750}, "MSRvid": {"pearson": [0.7457406335185748, 4.632272476278306e-134], "spearman": [0.7555518650834081, 1.5090111077217344e-139], "nsamples": 750}, "SMTeuroparl": {"pearson": [0.5769883829903232, 4.305382356367703e-42], "spearman": [0.6599033055614125, 1.025921997490555e-58], "nsamples": 459}, "surprise.OnWN": {"pearson": [0.6402704753317253, 9.356025598196032e-88], "spearman": [0.6724637184281276, 7.5666784638647e-100], "nsamples": 750}, "surprise.SMTnews": {"pearson": [0.6304126341844773, 1.3611911971225911e-45], "spearman": [0.5293608166321897, 3.3851523938143305e-30], "nsamples": 399}, "all": {"pearson": {"mean": 0.6040506932167583, "wmean": 0.6036073505514504}, "spearman": {"mean": 0.6104609315435011, "wmean": 0.6149906643281401}}}, "STS13": {"FNWN": {"pearson": [0.24538986872333385, 0.0006656239652187699], "spearman": [0.23791246313364822, 0.0009789041314597821], "nsamples": 189}, "headlines": {"pearson": [0.714316396018317, 4.587052470469853e-118], "spearman": [0.7157974521602821, 9.050137966021315e-119], "nsamples": 750}, "OnWN": {"pearson": [0.5120067627114074, 8.194803141318182e-39], "spearman": [0.5262044922720359, 2.8334222104858256e-41], "nsamples": 561}, "all": {"pearson": {"mean": 0.4905710091510194, "wmean": 0.5795678507223648}, "spearman": {"mean": 0.49330480252198877, "wmean": 0.5846761765447223}}}, "STS14": {"deft-forum": {"pearson": [0.45706507819280784, 1.3040257905791899e-24], "spearman": [0.452011867149775, 4.822625955829246e-24], "nsamples": 450}, "deft-news": {"pearson": [0.7637422727100264, 1.3609537799194792e-58], "spearman": [0.7358227691827296, 2.214066377010263e-52], "nsamples": 300}, "headlines": {"pearson": [0.6878659586964656, 3.425133012371385e-106], "spearman": [0.676791446647617, 1.3660155520986595e-101], "nsamples": 750}, "images": {"pearson": [0.7212892964215932, 2.0091538599568745e-121], "spearman": [0.7214739732357608, 1.6318013139989077e-121], "nsamples": 750}, "OnWN": {"pearson": [0.6376213275681281, 7.981917824300884e-87], "spearman": [0.6910947955087198, 1.4260151808594816e-107], "nsamples": 750}, "tweet-news": {"pearson": [0.7152728446890524, 1.6100791529576158e-118], "spearman": [0.6711968602684583, 2.419161138718148e-99], "nsamples": 750}, "all": {"pearson": {"mean": 0.6638094630463455, "wmean": 0.6683570766749869}, "spearman": {"mean": 0.6580652853321768, "wmean": 0.6652186607247026}}}, "STS15": {"answers-forums": {"pearson": [0.6367871308287706, 4.894779850627832e-44], "spearman": [0.624624652581032, 5.776798496725991e-42], "nsamples": 375}, "answers-students": {"pearson": [0.7614778911306453, 5.45194282868176e-143], "spearman": [0.7685469188308597, 3.1370830208600565e-147], "nsamples": 750}, "belief": {"pearson": [0.7281306797747775, 3.7048845414555244e-63], "spearman": [0.7216530304316846, 1.4984728255419307e-61], "nsamples": 375}, "headlines": {"pearson": [0.7306424678307736, 4.298123582815018e-126], "spearman": [0.7452989771488926, 8.069508517951443e-134], "nsamples": 750}, "images": {"pearson": [0.7990486902088032, 2.013582144916471e-167], "spearman": [0.8072368404350131, 1.9061638288229746e-173], "nsamples": 750}, "all": {"pearson": {"mean": 0.7312173719547541, "wmean": 0.7434069886179989}, "spearman": {"mean": 0.7334720838854965, "wmean": 0.748555394480281}}}, "STS16": {"answer-answer": {"pearson": [0.6782917789966145, 1.3833791672370785e-35], "spearman": [0.6761097118242045, 2.7607725246096865e-35], "nsamples": 254}, "headlines": {"pearson": [0.7212441357760826, 2.8654082630784804e-41], "spearman": [0.7337065921509527, 2.41904705779871e-43], "nsamples": 249}, "plagiarism": {"pearson": [0.7912332613177576, 1.3298562405297222e-50], "spearman": [0.831039821192446, 5.211921566679537e-60], "nsamples": 230}, "postediting": {"pearson": [0.8745288033380297, 5.140898867685537e-78], "spearman": [0.8719179039017358, 5.2644225748401354e-77], "nsamples": 244}, "question-question": {"pearson": [0.4930192466254523, 3.3628324797080094e-14], "spearman": [0.47915615167153514, 2.1474331699745215e-13], "nsamples": 209}, "all": {"pearson": {"mean": 0.7116634452107873, "wmean": 0.7169355837568868}, "spearman": {"mean": 0.7183860361481749, "wmean": 0.7238242591691164}}}}