{"MR": {"devacc": 66.51, "acc": 67.6, "ndev": 10662, "ntest": 10662}, "CR": {"devacc": 76.4, "acc": 75.73, "ndev": 3775, "ntest": 3775}, "SUBJ": {"devacc": 88.45, "acc": 88.17, "ndev": 10000, "ntest": 10000}, "MPQA": {"devacc": 86.84, "acc": 86.19, "ndev": 10606, "ntest": 10606}, "SST5": {"devacc": 35.97, "acc": 36.06, "ndev": 1101, "ntest": 2210}, "TREC": {"devacc": 77.48, "acc": 75.6, "ndev": 5452, "ntest": 500}, "MRPC": {"devacc": 73.23, "acc": 72.29, "f1": 78.64, "ndev": 4076, "ntest": 1725}, "STS12": {"MSRpar": {"pearson": [0.39202180643716356, 5.836235746769913e-29], "spearman": [0.4063818152684902, 3.430317265562208e-31], "nsamples": 750}, "MSRvid": {"pearson": [0.7466948384336022, 1.3908657149119061e-134], "spearman": [0.7579652894066738, 6.149785304994825e-141], "nsamples": 750}, "SMTeuroparl": {"pearson": [0.5773506434108981, 3.7283394648664675e-42], "spearman": [0.6582591538102754, 2.468495327530904e-58], "nsamples": 459}, "surprise.OnWN": {"pearson": [0.6377550742835432, 7.166753578040564e-87], "spearman": [0.6685571803757984, 2.6753661437927177e-98], "nsamples": 750}, "surprise.SMTnews": {"pearson": [0.6344668123613371, 2.4796553831592264e-46], "spearman": [0.5748269161776725, 1.8263174583513193e-36], "nsamples": 399}, "all": {"pearson": {"mean": 0.5976578349853089, "wmean": 0.5954021855931492}, "spearman": {"mean": 0.6131980710077821, "wmean": 0.6133124533275514}}}, "STS13": {"FNWN": {"pearson": [0.26551546987481883, 0.00022204409383025147], "spearman": [0.29167262584489223, 4.65843984780639e-05], "nsamples": 189}, "headlines": {"pearson": [0.7010680251465933, 5.921919966488161e-112], "spearman": [0.7020594652282595, 2.1227208782155187e-112], "nsamples": 750}, "OnWN": {"pearson": [0.4667266736332719, 1.0797555960030423e-31], "spearman": [0.49321255222172095, 9.964397998215072e-36], "nsamples": 561}, "all": {"pearson": {"mean": 0.47777005621822805, "wmean": 0.5585447377163676}, "spearman": {"mean": 0.49564821443162427, "wmean": 0.5722419780015099}}}, "STS14": {"deft-forum": {"pearson": [0.4533596419596091, 3.409687046641817e-24], "spearman": [0.45307176978241187, 3.672239244227742e-24], "nsamples": 450}, "deft-news": {"pearson": [0.764910085323397, 7.167495882205171e-59], "spearman": [0.7413450278283228, 1.5153477908037674e-53], "nsamples": 300}, "headlines": {"pearson": [0.6825052006973487, 6.127315273292643e-104], "spearman": [0.6705151879985335, 4.510548212536201e-99], "nsamples": 750}, "images": {"pearson": [0.7131616265564363, 1.6143911685554894e-117], "spearman": [0.7225648982641408, 4.7585790214406773e-122], "nsamples": 750}, "OnWN": {"pearson": [0.6105350023417939, 8.321489626454262e-78], "spearman": [0.6660399688319589, 2.5864643684576214e-97], "nsamples": 750}, "tweet-news": {"pearson": [0.7249618417704243, 3.1081479831316085e-123], "spearman": [0.6863666538102413, 1.4777639247068386e-105], "nsamples": 750}, "all": {"pearson": {"mean": 0.6582388997748349, "wmean": 0.6618286981342255}, "spearman": {"mean": 0.6566505844192682, "wmean": 0.6627735563811301}}}, "STS15": {"answers-forums": {"pearson": [0.6418960117994778, 6.185343928266712e-45], "spearman": [0.6335668028716227, 1.7674858919997707e-43], "nsamples": 375}, "answers-students": {"pearson": [0.7517457150037338, 2.1771698605776674e-137], "spearman": [0.7577708745108394, 7.969366070310463e-141], "nsamples": 750}, "belief": {"pearson": [0.7390651538793954, 5.601372938355721e-66], "spearman": [0.739143706845679, 5.339741280069946e-66], "nsamples": 375}, "headlines": {"pearson": [0.7216615470490824, 1.32077589601086e-121], "spearman": [0.7337571945005805, 1.0822796266779564e-127], "nsamples": 750}, "images": {"pearson": [0.7910997672619726, 7.766433474147452e-162], "spearman": [0.8026119623118023, 5.217356616945979e-170], "nsamples": 750}, "all": {"pearson": {"mean": 0.7290936389987324, "wmean": 0.7387469030385564}, "spearman": {"mean": 0.7333701082081049, "wmean": 0.7451238215454684}}}, "STS16": {"answer-answer": {"pearson": [0.6803096429626069, 7.262993806080961e-36], "spearman": [0.6744465974604377, 4.6560946682197707e-35], "nsamples": 254}, "headlines": {"pearson": [0.7219368934860807, 2.2125807967508474e-41], "spearman": [0.7308776486217924, 7.319686219640082e-43], "nsamples": 249}, "plagiarism": {"pearson": [0.7673979079805371, 6.702457770465617e-46], "spearman": [0.8049353078441654, 1.357407858263621e-53], "nsamples": 230}, "postediting": {"pearson": [0.8722783996117147, 3.8298273985184966e-77], "spearman": [0.872500017770649, 3.1479539050392404e-77], "nsamples": 244}, "question-question": {"pearson": [0.4557124376965103, 4.108709706914048e-12], "spearman": [0.4377380251801995, 3.40691502438592e-11], "nsamples": 209}, "all": {"pearson": {"mean": 0.69952705634749, "wmean": 0.7058535274956904}, "spearman": {"mean": 0.7040995193754488, "wmean": 0.7106326666649541}}}}