{"MR": {"devacc": 63.86, "acc": 65.02, "ndev": 10662, "ntest": 10662}, "CR": {"devacc": 71.15, "acc": 69.64, "ndev": 3775, "ntest": 3775}, "SUBJ": {"devacc": 82.78, "acc": 81.96, "ndev": 10000, "ntest": 10000}, "MPQA": {"devacc": 82.19, "acc": 82.97, "ndev": 10606, "ntest": 10606}, "SST5": {"devacc": 36.15, "acc": 35.88, "ndev": 1101, "ntest": 2210}, "TREC": {"devacc": 64.49, "acc": 74.2, "ndev": 5452, "ntest": 500}, "MRPC": {"devacc": 72.79, "acc": 69.22, "f1": 76.49, "ndev": 4076, "ntest": 1725}, "STS12": {"MSRpar": {"pearson": [0.3765993363652565, 1.1028331140400952e-26], "spearman": [0.3852157195912915, 6.105201522937123e-28], "nsamples": 750}, "MSRvid": {"pearson": [0.6782555622090672, 3.4580650191970266e-102], "spearman": [0.6866587464313658, 1.1122731034261692e-105], "nsamples": 750}, "SMTeuroparl": {"pearson": [0.5423337516127587, 1.8595678213913442e-36], "spearman": [0.6135048941972551, 8.323133359204582e-49], "nsamples": 459}, "surprise.OnWN": {"pearson": [0.6073179179448951, 8.58769258141849e-77], "spearman": [0.6247520987121739, 1.984486363246009e-82], "nsamples": 750}, "surprise.SMTnews": {"pearson": [0.5668949066514137, 2.664906761799877e-35], "spearman": [0.5031999444780545, 5.3365094040917405e-27], "nsamples": 399}, "all": {"pearson": {"mean": 0.5542802949566783, "wmean": 0.5539742188331995}, "spearman": {"mean": 0.5626662806820282, "wmean": 0.564622087462808}}}, "STS13": {"FNWN": {"pearson": [0.23689565052167144, 0.0010306785251893624], "spearman": [0.2420260611230375, 0.0007929071431123006], "nsamples": 189}, "headlines": {"pearson": [0.6694298666843139, 1.2120456597003851e-98], "spearman": [0.6621760902076547, 8.063903272372886e-96], "nsamples": 750}, "OnWN": {"pearson": [0.41736076381607096, 4.698181581221568e-25], "spearman": [0.4443454449649914, 1.5074980361275245e-28], "nsamples": 561}, "all": {"pearson": {"mean": 0.4412287603406855, "wmean": 0.5206567109750981}, "spearman": {"mean": 0.4495158654318945, "wmean": 0.5277685252222368}}}, "STS14": {"deft-forum": {"pearson": [0.43846327776520927, 1.4460911739120762e-22], "spearman": [0.43682994521442825, 2.1567940866444464e-22], "nsamples": 450}, "deft-news": {"pearson": [0.7143560479744278, 4.056551821935633e-48], "spearman": [0.6898620237442106, 1.0366888654704646e-43], "nsamples": 300}, "headlines": {"pearson": [0.6435027252704195, 6.647259334482016e-89], "spearman": [0.6305347945302271, 2.2295347240274434e-84], "nsamples": 750}, "images": {"pearson": [0.6515037856709553, 8.30199042602519e-92], "spearman": [0.6479387456229433, 1.673749967262846e-90], "nsamples": 750}, "OnWN": {"pearson": [0.5586943232491498, 8.741338406028116e-63], "spearman": [0.6194089438442908, 1.15556164906177e-80], "nsamples": 750}, "tweet-news": {"pearson": [0.639070797374283, 2.476516186567808e-87], "spearman": [0.6024124817011703, 2.8666868634094257e-75], "nsamples": 750}, "all": {"pearson": {"mean": 0.6075984928840741, "wmean": 0.6083184034827409}, "spearman": {"mean": 0.6044978224428783, "wmean": 0.6076675484649945}}}, "STS15": {"answers-forums": {"pearson": [0.5179587939762803, 3.968068798238098e-27], "spearman": [0.5086432223864821, 4.550362351569633e-26], "nsamples": 375}, "answers-students": {"pearson": [0.7370140585583271, 2.1781947138871663e-129], "spearman": [0.7384592659889405, 3.778146136870444e-130], "nsamples": 750}, "belief": {"pearson": [0.6600214245591064, 2.895120373464996e-48], "spearman": [0.6489086031161198, 3.3889172559336e-46], "nsamples": 375}, "headlines": {"pearson": [0.6771251513232345, 9.994868984123457e-102], "spearman": [0.6867913994440503, 9.775171993018028e-106], "nsamples": 750}, "images": {"pearson": [0.7486873084324932, 1.1082342571809842e-135], "spearman": [0.7564889624448184, 4.374962122434688e-140], "nsamples": 750}, "all": {"pearson": {"mean": 0.6681613473698883, "wmean": 0.687954156895437}, "spearman": {"mean": 0.6678582906760823, "wmean": 0.6901288851572774}}}, "STS16": {"answer-answer": {"pearson": [0.6332988162211712, 7.019496108447089e-30], "spearman": [0.6269137546535376, 3.8097286168446403e-29], "nsamples": 254}, "headlines": {"pearson": [0.7091695139121923, 2.2971558662936754e-39], "spearman": [0.7225149661383689, 1.7821313001397672e-41], "nsamples": 249}, "plagiarism": {"pearson": [0.7530430713029147, 2.4855365052605294e-43], "spearman": [0.7632100049702286, 3.93180241250367e-45], "nsamples": 230}, "postediting": {"pearson": [0.864398492550504, 3.24686383713576e-74], "spearman": [0.8637261062464064, 5.6593822242800626e-74], "nsamples": 244}, "question-question": {"pearson": [0.42288102962170837, 1.7867064327142583e-10], "spearman": [0.3967827826090026, 2.718038093503008e-09], "nsamples": 209}, "all": {"pearson": {"mean": 0.6765581847216982, "wmean": 0.6829143187666473}, "spearman": {"mean": 0.6746295229235089, "wmean": 0.6815829619586928}}}}