{"MR": {"devacc": 64.11, "acc": 66.11, "ndev": 10662, "ntest": 10662}, "CR": {"devacc": 74.38, "acc": 73.4, "ndev": 3775, "ntest": 3775}, "SUBJ": {"devacc": 86.09, "acc": 86.36, "ndev": 10000, "ntest": 10000}, "MPQA": {"devacc": 84.69, "acc": 84.58, "ndev": 10606, "ntest": 10606}, "SST5": {"devacc": 35.42, "acc": 36.24, "ndev": 1101, "ntest": 2210}, "TREC": {"devacc": 69.44, "acc": 81.8, "ndev": 5452, "ntest": 500}, "MRPC": {"devacc": 72.55, "acc": 71.13, "f1": 78.35, "ndev": 4076, "ntest": 1725}, "STS12": {"MSRpar": {"pearson": [0.32929099732731304, 1.996627893935483e-20], "spearman": [0.34659996240676033, 1.358665991461107e-22], "nsamples": 750}, "MSRvid": {"pearson": [0.7395223262015607, 1.0337269229721484e-130], "spearman": [0.7516639427414805, 2.420190927178083e-137], "nsamples": 750}, "SMTeuroparl": {"pearson": [0.575265749806163, 8.51398677201136e-42], "spearman": [0.6567280506324602, 5.563912149670777e-58], "nsamples": 459}, "surprise.OnWN": {"pearson": [0.6173447146237901, 5.4404772720162605e-80], "spearman": [0.648442494570892, 1.097548896281781e-90], "nsamples": 750}, "surprise.SMTnews": {"pearson": [0.6112503904632698, 3.0591225114281874e-42], "spearman": [0.5318787195404657, 1.610353398521602e-30], "nsamples": 399}, "all": {"pearson": {"mean": 0.5745348356844193, "wmean": 0.5703199528862198}, "spearman": {"mean": 0.5870626339784117, "wmean": 0.5867720669647024}}}, "STS13": {"FNWN": {"pearson": [0.24150753543570994, 0.0008144113413149815], "spearman": [0.2421226341797002, 0.0007889602991217637], "nsamples": 189}, "headlines": {"pearson": [0.673508101129915, 2.889961994676995e-100], "spearman": [0.6700027912189621, 7.1966577481113664e-99], "nsamples": 750}, "OnWN": {"pearson": [0.512666559598035, 6.334505870269785e-39], "spearman": [0.5221798920240072, 1.4515308667928672e-40], "nsamples": 561}, "all": {"pearson": {"mean": 0.47589406538788664, "wmean": 0.558921293319522}, "spearman": {"mean": 0.4781017724742232, "wmean": 0.560804127133102}}}, "STS14": {"deft-forum": {"pearson": [0.4698779813842468, 4.284775042216162e-26], "spearman": [0.46349910047704457, 2.389152752263932e-25], "nsamples": 450}, "deft-news": {"pearson": [0.7289981625264546, 5.55548884409916e-51], "spearman": [0.6989522711298483, 2.70508470569135e-45], "nsamples": 300}, "headlines": {"pearson": [0.6660129910505646, 2.6498075287351585e-97], "spearman": [0.6487568319609278, 8.431205836465084e-91], "nsamples": 750}, "images": {"pearson": [0.6925055080253757, 3.509248450538837e-108], "spearman": [0.6936737042589544, 1.0922240432374158e-108], "nsamples": 750}, "OnWN": {"pearson": [0.6145609972158846, 4.316319536612101e-79], "spearman": [0.6641692317782528, 1.3764359007857885e-96], "nsamples": 750}, "tweet-news": {"pearson": [0.6883582217093541, 2.1152917200532654e-106], "spearman": [0.650247217544974, 2.4043007127659214e-91], "nsamples": 750}, "all": {"pearson": {"mean": 0.64338564365198, "wmean": 0.6469927543684618}, "spearman": {"mean": 0.6365497261916669, "wmean": 0.642905470856255}}}, "STS15": {"answers-forums": {"pearson": [0.5808505399248853, 3.269059835009911e-35], "spearman": [0.5743496593662445, 2.7042755840479802e-34], "nsamples": 375}, "answers-students": {"pearson": [0.7534127226458698, 2.4950167496926726e-138], "spearman": [0.7620304104317639, 2.5733136274982134e-143], "nsamples": 750}, "belief": {"pearson": [0.6906276534877575, 1.910002652806735e-54], "spearman": [0.6856337974804403, 2.1955067667582557e-53], "nsamples": 375}, "headlines": {"pearson": [0.6901651054986607, 3.576798064230639e-107], "spearman": [0.6991802908360436, 4.128209034016015e-111], "nsamples": 750}, "images": {"pearson": [0.7790376627703328, 8.26384184537973e-154], "spearman": [0.7879929983443399, 1.0180277502974032e-159], "nsamples": 750}, "all": {"pearson": {"mean": 0.6988187368655012, "wmean": 0.7145886469052962}, "spearman": {"mean": 0.7018374312917663, "wmean": 0.7197988570088725}}}, "STS16": {"answer-answer": {"pearson": [0.6407603705112014, 9.242643892824483e-31], "spearman": [0.6470252663686878, 1.612403060810738e-31], "nsamples": 254}, "headlines": {"pearson": [0.69025065242994, 1.432174350352389e-36], "spearman": [0.6996817530129293, 6.168703642718497e-38], "nsamples": 249}, "plagiarism": {"pearson": [0.752246623869735, 3.4102644325098897e-43], "spearman": [0.7783984332353382, 5.354151873035237e-48], "nsamples": 230}, "postediting": {"pearson": [0.8622294690980121, 1.928774768551547e-73], "spearman": [0.8556310881152079, 3.634564231924438e-71], "nsamples": 244}, "question-question": {"pearson": [0.5043550709456724, 6.929897736298633e-15], "spearman": [0.47913071385141176, 2.1545871098741534e-13], "nsamples": 209}, "all": {"pearson": {"mean": 0.6899684373709122, "wmean": 0.6942971925316186}, "spearman": {"mean": 0.6919734509167149, "wmean": 0.6968879582605816}}}}