{"MR": {"devacc": 66.91, "acc": 67.56, "ndev": 10662, "ntest": 10662}, "CR": {"devacc": 76.34, "acc": 74.7, "ndev": 3775, "ntest": 3775}, "SUBJ": {"devacc": 88.34, "acc": 88.25, "ndev": 10000, "ntest": 10000}, "MPQA": {"devacc": 86.56, "acc": 86.15, "ndev": 10606, "ntest": 10606}, "SST5": {"devacc": 36.51, "acc": 38.37, "ndev": 1101, "ntest": 2210}, "TREC": {"devacc": 74.61, "acc": 84.2, "ndev": 5452, "ntest": 500}, "MRPC": {"devacc": 73.06, "acc": 71.88, "f1": 78.38, "ndev": 4076, "ntest": 1725}, "STS12": {"MSRpar": {"pearson": [0.4230878113339764, 6.302106241693778e-34], "spearman": [0.43300881831729865, 1.260334423542477e-35], "nsamples": 750}, "MSRvid": {"pearson": [0.7572287714625038, 1.63957877569928e-140], "spearman": [0.7674409706795975, 1.478476292210955e-146], "nsamples": 750}, "SMTeuroparl": {"pearson": [0.5818895066954649, 6.051078865508525e-43], "spearman": [0.6576734988183136, 3.370394694809269e-58], "nsamples": 459}, "surprise.OnWN": {"pearson": [0.6363090334301726, 2.2904560419757848e-86], "spearman": [0.6691456575467414, 1.5690421193078418e-98], "nsamples": 750}, "surprise.SMTnews": {"pearson": [0.6245253129344762, 1.5434904938199072e-44], "spearman": [0.5400947263954613, 1.364703164145341e-31], "nsamples": 399}, "all": {"pearson": {"mean": 0.6046080871713188, "wmean": 0.6044858737464813}, "spearman": {"mean": 0.6134727343514825, "wmean": 0.6176211443684437}}}, "STS13": {"FNWN": {"pearson": [0.26476812254223764, 0.00023164988176130444], "spearman": [0.2834387021470149, 7.745388268155422e-05], "nsamples": 189}, "headlines": {"pearson": [0.7084806605731361, 2.4871692649758953e-115], "spearman": [0.7079222010856395, 4.5061338632613155e-115], "nsamples": 750}, "OnWN": {"pearson": [0.5296959521359925, 6.745778178746315e-42], "spearman": [0.5496543559954413, 1.3271370118934193e-45], "nsamples": 561}, "all": {"pearson": {"mean": 0.5009815784171221, "wmean": 0.5857073998257512}, "spearman": {"mean": 0.5136717530760319, "wmean": 0.5952451061556386}}}, "STS14": {"deft-forum": {"pearson": [0.4542488957170023, 2.7102070976596732e-24], "spearman": [0.4531948272804893, 3.557648704737159e-24], "nsamples": 450}, "deft-news": {"pearson": [0.751881647896283, 7.47473919290238e-56], "spearman": [0.730475452913318, 2.788733763361681e-51], "nsamples": 300}, "headlines": {"pearson": [0.6796895194673934, 8.93556691336811e-103], "spearman": [0.671984567764585, 1.1751972082413683e-99], "nsamples": 750}, "images": {"pearson": [0.7106528283334101, 2.431981683047361e-116], "spearman": [0.7177009678549195, 1.1067672032938109e-119], "nsamples": 750}, "OnWN": {"pearson": [0.6317592398307461, 8.513619240479458e-85], "spearman": [0.6813615667199804, 1.8262878747905e-103], "nsamples": 750}, "tweet-news": {"pearson": [0.7141203389355968, 5.6820619485061245e-118], "spearman": [0.664340735699352, 1.1814433893790837e-96], "nsamples": 750}, "all": {"pearson": {"mean": 0.6570587450300719, "wmean": 0.6619047846311722}, "spearman": {"mean": 0.6531763530387741, "wmean": 0.6598989831144916}}}, "STS15": {"answers-forums": {"pearson": [0.6093039805681938, 1.7579018604640212e-39], "spearman": [0.59545482695401, 2.3777919392623855e-37], "nsamples": 375}, "answers-students": {"pearson": [0.758399498989643, 3.4440721593609794e-141], "spearman": [0.7658902679032588, 1.2810914406224262e-145], "nsamples": 750}, "belief": {"pearson": [0.7186373055356869, 8.096022999730617e-61], "spearman": [0.7193702918580509, 5.38381470691849e-61], "nsamples": 375}, "headlines": {"pearson": [0.726916808362537, 3.286038935003299e-124], "spearman": [0.7409955531050582, 1.6973847232609206e-131], "nsamples": 750}, "images": {"pearson": [0.7977313356960877, 1.7661475554030082e-166], "spearman": [0.8075944719290433, 1.0244253583232925e-173], "nsamples": 750}, "all": {"pearson": {"mean": 0.7221977858304296, "wmean": 0.736754571525052}, "spearman": {"mean": 0.7258610823498842, "wmean": 0.7429732130858477}}}, "STS16": {"answer-answer": {"pearson": [0.6730784104901482, 7.139202845667965e-35], "spearman": [0.6783404947293321, 1.3621093554646172e-35], "nsamples": 254}, "headlines": {"pearson": [0.7139408598327506, 4.174534050581275e-40], "spearman": [0.7196105375873794, 5.255703132625655e-41], "nsamples": 249}, "plagiarism": {"pearson": [0.7762006592454586, 1.4364149638433596e-47], "spearman": [0.8129951214464769, 1.819266916538162e-55], "nsamples": 230}, "postediting": {"pearson": [0.8641492584782275, 3.990796661886205e-74], "spearman": [0.8654020753021792, 1.4089002135828816e-74], "nsamples": 244}, "question-question": {"pearson": [0.5050160137090296, 6.308734984179397e-15], "spearman": [0.48153592668570466, 1.5713128008209243e-13], "nsamples": 209}, "all": {"pearson": {"mean": 0.7064770403511229, "wmean": 0.711349163510272}, "spearman": {"mean": 0.7115768311502144, "wmean": 0.7169220088568646}}}}