{"MR": {"devacc": 66.91, "acc": 68.14, "ndev": 10662, "ntest": 10662}, "CR": {"devacc": 76.64, "acc": 74.75, "ndev": 3775, "ntest": 3775}, "SUBJ": {"devacc": 88.73, "acc": 88.15, "ndev": 10000, "ntest": 10000}, "MPQA": {"devacc": 86.63, "acc": 86.02, "ndev": 10606, "ntest": 10606}, "SST5": {"devacc": 37.24, "acc": 37.19, "ndev": 1101, "ntest": 2210}, "TREC": {"devacc": 77.15, "acc": 86.8, "ndev": 5452, "ntest": 500}, "MRPC": {"devacc": 74.21, "acc": 70.9, "f1": 80.02, "ndev": 4076, "ntest": 1725}, "STS12": {"MSRpar": {"pearson": [0.3872629103324391, 3.0306591762651725e-28], "spearman": [0.40219718890157014, 1.5730020614787133e-30], "nsamples": 750}, "MSRvid": {"pearson": [0.7450994577780903, 1.0365249541236489e-133], "spearman": [0.7559737906178171, 8.64745819875467e-140], "nsamples": 750}, "SMTeuroparl": {"pearson": [0.5975179862199957, 9.2391319082439e-46], "spearman": [0.6729170702220515, 8.051477177629914e-62], "nsamples": 459}, "surprise.OnWN": {"pearson": [0.6335847223218912, 2.0103822180823027e-85], "spearman": [0.6662413688761096, 2.158869916024775e-97], "nsamples": 750}, "surprise.SMTnews": {"pearson": [0.6183753716765925, 1.846443411353434e-43], "spearman": [0.5357660699581075, 5.051610045877566e-31], "nsamples": 399}, "all": {"pearson": {"mean": 0.5963680896658017, "wmean": 0.5937750472323855}, "spearman": {"mean": 0.6066190977151311, "wmean": 0.6084134036170621}}}, "STS13": {"FNWN": {"pearson": [0.26126835063862186, 0.00028200149634399107], "spearman": [0.29994307744491344, 2.7512628744632415e-05], "nsamples": 189}, "headlines": {"pearson": [0.7150118964409218, 2.143313697894766e-118], "spearman": [0.7161725193740237, 5.990078359035942e-119], "nsamples": 750}, "OnWN": {"pearson": [0.47669501402685954, 3.59727131474137e-33], "spearman": [0.49899599349732, 1.1735064019280018e-36], "nsamples": 561}, "all": {"pearson": {"mean": 0.48432508703546767, "wmean": 0.5687096956469727}, "spearman": {"mean": 0.5050371967720857, "wmean": 0.5825035890130686}}}, "STS14": {"deft-forum": {"pearson": [0.4611896766077475, 4.41161692764466e-25], "spearman": [0.45986693815530627, 6.255227129097495e-25], "nsamples": 450}, "deft-news": {"pearson": [0.7669862187592922, 2.2712937584793547e-59], "spearman": [0.7408075140389104, 1.9732439378979262e-53], "nsamples": 300}, "headlines": {"pearson": [0.6832752135688593, 2.928836646212369e-104], "spearman": [0.672895478381247, 5.085131328598144e-100], "nsamples": 750}, "images": {"pearson": [0.7252990486235663, 2.1124537166427138e-123], "spearman": [0.7258154166534435, 1.1680946119370605e-123], "nsamples": 750}, "OnWN": {"pearson": [0.6158967457742661, 1.6018785728246744e-79], "spearman": [0.6678567570897657, 5.0410879420296285e-98], "nsamples": 750}, "tweet-news": {"pearson": [0.7189593828172453, 2.732625149870798e-120], "spearman": [0.674046223657922, 1.7572627144283229e-100], "nsamples": 750}, "all": {"pearson": {"mean": 0.6619343810251628, "wmean": 0.6653877368504605}, "spearman": {"mean": 0.6568813879960992, "wmean": 0.6625714088582252}}}, "STS15": {"answers-forums": {"pearson": [0.6448195196240502, 1.8601726266305114e-45], "spearman": [0.6509346743763839, 1.4435165552919628e-46], "nsamples": 375}, "answers-students": {"pearson": [0.7506297451596724, 9.19473152774411e-137], "spearman": [0.7589301497062003, 1.692913691389515e-141], "nsamples": 750}, "belief": {"pearson": [0.7360563069240904, 3.454735770170358e-65], "spearman": [0.7375612327047304, 1.3950284759092127e-65], "nsamples": 375}, "headlines": {"pearson": [0.7253217477514927, 2.058204258558877e-123], "spearman": [0.7405507711655257, 2.9324440611949537e-131], "nsamples": 750}, "images": {"pearson": [0.8017742866509825, 2.1391970696100078e-169], "spearman": [0.8124780317210216, 1.8631551500116673e-177], "nsamples": 750}, "all": {"pearson": {"mean": 0.7317203212220578, "wmean": 0.7420409232090545}, "spearman": {"mean": 0.7400909719347725, "wmean": 0.7515517265333261}}}, "STS16": {"answer-answer": {"pearson": [0.6761313242734978, 2.742022619028888e-35], "spearman": [0.6736997199082, 5.881357110808536e-35], "nsamples": 254}, "headlines": {"pearson": [0.7247404987375571, 7.708463151984917e-42], "spearman": [0.7343823650617497, 1.852972839040442e-43], "nsamples": 249}, "plagiarism": {"pearson": [0.784595986703949, 3.1128711813282455e-49], "spearman": [0.8171532798812844, 1.8106491637018167e-56], "nsamples": 230}, "postediting": {"pearson": [0.8717220081492053, 6.255450116265069e-77], "spearman": [0.8652267894832306, 1.6308707808915848e-74], "nsamples": 244}, "question-question": {"pearson": [0.48503160005733337, 9.887398256664771e-14], "spearman": [0.4601440587946211, 2.392387419200384e-12], "nsamples": 209}, "all": {"pearson": {"mean": 0.7084442835843086, "wmean": 0.7139347317819706}, "spearman": {"mean": 0.7101212426258172, "wmean": 0.7160300481043321}}}}