{"MR": {"devacc": 66.2, "acc": 65.92, "ndev": 10662, "ntest": 10662}, "CR": {"devacc": 75.99, "acc": 74.55, "ndev": 3775, "ntest": 3775}, "SUBJ": {"devacc": 87.63, "acc": 87.66, "ndev": 10000, "ntest": 10000}, "MPQA": {"devacc": 86.24, "acc": 85.95, "ndev": 10606, "ntest": 10606}, "SST5": {"devacc": 34.97, "acc": 37.42, "ndev": 1101, "ntest": 2210}, "TREC": {"devacc": 73.22, "acc": 85.0, "ndev": 5452, "ntest": 500}, "MRPC": {"devacc": 73.48, "acc": 68.41, "f1": 75.17, "ndev": 4076, "ntest": 1725}, "STS12": {"MSRpar": {"pearson": [0.4344341826715929, 7.107533696292755e-36], "spearman": [0.4537397154787731, 2.3083471656802456e-39], "nsamples": 750}, "MSRvid": {"pearson": [0.7355757432862574, 1.231136088807352e-128], "spearman": [0.748315779523598, 1.7794222037837436e-135], "nsamples": 750}, "SMTeuroparl": {"pearson": [0.5837611216693499, 2.8351943726748667e-43], "spearman": [0.6493050977507492, 2.677107402249961e-56], "nsamples": 459}, "surprise.OnWN": {"pearson": [0.6250594406119084, 1.5670052481616472e-82], "spearman": [0.6587636555225319, 1.612295633972542e-94], "nsamples": 750}, "surprise.SMTnews": {"pearson": [0.6056824360012791, 2.612550430546902e-41], "spearman": [0.5399996077689019, 1.4048071776085685e-31], "nsamples": 399}, "all": {"pearson": {"mean": 0.5969025848480776, "wmean": 0.5971414645231856}, "spearman": {"mean": 0.6100247712089109, "wmean": 0.6142552272397241}}}, "STS13": {"FNWN": {"pearson": [0.21629340650616852, 0.0027963275960597683], "spearman": [0.2472163870870061, 0.0006046815405992023], "nsamples": 189}, "headlines": {"pearson": [0.6881871859049217, 2.5011575446336202e-106], "spearman": [0.6847311330449778, 7.208445276499938e-105], "nsamples": 750}, "OnWN": {"pearson": [0.4872395062770519, 8.69819488869703e-35], "spearman": [0.5082471962034628, 3.516285558251367e-38], "nsamples": 561}, "all": {"pearson": {"mean": 0.46390669956271396, "wmean": 0.5535741375198555}, "spearman": {"mean": 0.4800649054451489, "wmean": 0.5635992826755467}}}, "STS14": {"deft-forum": {"pearson": [0.44929639730916493, 9.6520415397905e-24], "spearman": [0.44694666915058595, 1.7506330896049255e-23], "nsamples": 450}, "deft-news": {"pearson": [0.7484352148528284, 4.373139705557576e-55], "spearman": [0.7197300737310218, 3.7882809600368354e-49], "nsamples": 300}, "headlines": {"pearson": [0.6676032457872163, 6.337584026139939e-98], "spearman": [0.6510525593120288, 1.2169343471866578e-91], "nsamples": 750}, "images": {"pearson": [0.7088633631447755, 1.6537917661042753e-115], "spearman": [0.7110002040478886, 1.6734442675987358e-116], "nsamples": 750}, "OnWN": {"pearson": [0.6111053674374692, 5.486129982819454e-78], "spearman": [0.671681786648713, 1.551494618460699e-99], "nsamples": 750}, "tweet-news": {"pearson": [0.7061751585590992, 2.8660661480085747e-114], "spearman": [0.6612057246638982, 1.8976305478960146e-95], "nsamples": 750}, "all": {"pearson": {"mean": 0.6485797911817589, "wmean": 0.6525398118510382}, "spearman": {"mean": 0.6436028362590227, "wmean": 0.6502000611310578}}}, "STS15": {"answers-forums": {"pearson": [0.6098530295923671, 1.4399032824692229e-39], "spearman": [0.6012661898045611, 3.1228137547918726e-38], "nsamples": 375}, "answers-students": {"pearson": [0.7500486231923634, 1.940967082393317e-136], "spearman": [0.7541841801412711, 9.10177278715126e-139], "nsamples": 750}, "belief": {"pearson": [0.7111938279059717, 4.743410537521311e-59], "spearman": [0.7074172217848876, 3.562133343266423e-58], "nsamples": 375}, "headlines": {"pearson": [0.7191083978672518, 2.314328899819811e-120], "spearman": [0.7287831923417204, 3.776619278487826e-125], "nsamples": 750}, "images": {"pearson": [0.7928458854696911, 4.8325163606073716e-163], "spearman": [0.8028771012646181, 3.333289484747444e-170], "nsamples": 750}, "all": {"pearson": {"mean": 0.716609952805529, "wmean": 0.7306315838196189}, "spearman": {"mean": 0.7189055770674116, "wmean": 0.7350465448855836}}}, "STS16": {"answer-answer": {"pearson": [0.6555062416390932, 1.4194695119482567e-32], "spearman": [0.6568161529096472, 9.684691633964708e-33], "nsamples": 254}, "headlines": {"pearson": [0.72157247521681, 2.5351824425201573e-41], "spearman": [0.7331723044657263, 2.984900346315586e-43], "nsamples": 249}, "plagiarism": {"pearson": [0.7677424344137056, 5.785022127893118e-46], "spearman": [0.8050378108468143, 1.2866017845241176e-53], "nsamples": 230}, "postediting": {"pearson": [0.8641265121091775, 4.066564648396393e-74], "spearman": [0.8640647151099269, 4.2796783466613854e-74], "nsamples": 244}, "question-question": {"pearson": [0.46526686607967704, 1.2678727998749709e-12], "spearman": [0.4280944136881808, 1.0080558013257524e-10], "nsamples": 209}, "all": {"pearson": {"mean": 0.6948429058916926, "wmean": 0.7005383942544346}, "spearman": {"mean": 0.6974370794040591, "wmean": 0.7039236307701817}}}}