{"MR": {"devacc": 68.09, "acc": 67.51, "ndev": 10662, "ntest": 10662}, "CR": {"devacc": 76.36, "acc": 76.58, "ndev": 3775, "ntest": 3775}, "SUBJ": {"devacc": 89.32, "acc": 89.23, "ndev": 10000, "ntest": 10000}, "MPQA": {"devacc": 87.11, "acc": 86.22, "ndev": 10606, "ntest": 10606}, "SST5": {"devacc": 38.15, "acc": 39.86, "ndev": 1101, "ntest": 2210}, "TREC": {"devacc": 75.71, "acc": 85.8, "ndev": 5452, "ntest": 500}, "MRPC": {"devacc": 73.8, "acc": 71.3, "f1": 77.14, "ndev": 4076, "ntest": 1725}, "STS12": {"MSRpar": {"pearson": [0.42219765184614433, 8.8957308345581e-34], "spearman": [0.434971705520362, 5.722656848760567e-36], "nsamples": 750}, "MSRvid": {"pearson": [0.7358155707418089, 9.230476666199466e-129], "spearman": [0.7452435764567982, 8.650658472033727e-134], "nsamples": 750}, "SMTeuroparl": {"pearson": [0.5773776208245267, 3.688571893929492e-42], "spearman": [0.6598384771217457, 1.0621727895990515e-58], "nsamples": 459}, "surprise.OnWN": {"pearson": [0.6343671329918456, 1.0797442359458259e-85], "spearman": [0.6720525899175632, 1.1040490940364026e-99], "nsamples": 750}, "surprise.SMTnews": {"pearson": [0.6101163799015049, 4.7512200958350245e-42], "spearman": [0.5442290254919185, 3.8408544110350664e-32], "nsamples": 399}, "all": {"pearson": {"mean": 0.5959748712611661, "wmean": 0.5961190573436317}, "spearman": {"mean": 0.6112670749016775, "wmean": 0.6142902657951091}}}, "STS13": {"FNWN": {"pearson": [0.2509504218348412, 0.0004958006829731583], "spearman": [0.30009186182681624, 2.7249174591222057e-05], "nsamples": 189}, "headlines": {"pearson": [0.7189857091202955, 2.6536029432693172e-120], "spearman": [0.7247817744257974, 3.819074472932323e-123], "nsamples": 750}, "OnWN": {"pearson": [0.4975393869271557, 2.018960534757938e-36], "spearman": [0.520665602488187, 2.66892667734877e-40], "nsamples": 561}, "all": {"pearson": {"mean": 0.48915850596076416, "wmean": 0.5771923384220939}, "spearman": {"mean": 0.5151797462469335, "wmean": 0.5949313971336595}}}, "STS14": {"deft-forum": {"pearson": [0.45695223601052787, 1.3429927670113335e-24], "spearman": [0.4618540345245894, 3.6998378780260078e-25], "nsamples": 450}, "deft-news": {"pearson": [0.7524129632491435, 5.678038191737649e-56], "spearman": [0.7325611844746356, 1.0457373266871399e-51], "nsamples": 300}, "headlines": {"pearson": [0.6801829001766945, 5.599259430253364e-103], "spearman": [0.6687627024158187, 2.2207873667067717e-98], "nsamples": 750}, "images": {"pearson": [0.7276956631543994, 1.3351653488428101e-124], "spearman": [0.7312322226097048, 2.149073755486351e-126], "nsamples": 750}, "OnWN": {"pearson": [0.6230034970798354, 7.569726665696537e-82], "spearman": [0.682065298041271, 9.33186108654567e-104], "nsamples": 750}, "tweet-news": {"pearson": [0.7342435822700631, 6.061957206101584e-128], "spearman": [0.6920531848898609, 5.505980185296404e-108], "nsamples": 750}, "all": {"pearson": {"mean": 0.6624151403234438, "wmean": 0.6680524339173932}, "spearman": {"mean": 0.6614214378259801, "wmean": 0.6688500604922527}}}, "STS15": {"answers-forums": {"pearson": [0.6560070702936301, 1.6555749732085708e-47], "spearman": [0.6515897564741201, 1.0938981508216846e-46], "nsamples": 375}, "answers-students": {"pearson": [0.7569657784409818, 2.325046586772716e-140], "spearman": [0.7615356729571565, 5.040737484851672e-143], "nsamples": 750}, "belief": {"pearson": [0.7218884677075612, 1.3123372990213154e-61], "spearman": [0.7223832782156905, 9.926319961643555e-62], "nsamples": 375}, "headlines": {"pearson": [0.7162091812171394, 5.753052490945156e-119], "spearman": [0.7281241365781551, 8.124141957576696e-125], "nsamples": 750}, "images": {"pearson": [0.8046778710315861, 1.5611140983810114e-171], "spearman": [0.8151086434644047, 1.620802234188364e-179], "nsamples": 750}, "all": {"pearson": {"mean": 0.7311496737381796, "wmean": 0.7417001499225757}, "spearman": {"mean": 0.7357482975379055, "wmean": 0.7479387425861553}}}, "STS16": {"answer-answer": {"pearson": [0.6856089818623409, 1.30443784623812e-36], "spearman": [0.6815487783076497, 4.8771219673843134e-36], "nsamples": 254}, "headlines": {"pearson": [0.7231806124461273, 1.3881952442495316e-41], "spearman": [0.7341806758192365, 2.006596669754568e-43], "nsamples": 249}, "plagiarism": {"pearson": [0.7836533059468987, 4.827412432700358e-49], "spearman": [0.8265595318293967, 7.8299262970745725e-59], "nsamples": 230}, "postediting": {"pearson": [0.8674822110215965, 2.443143536847981e-75], "spearman": [0.8661157302979928, 7.749263786150677e-75], "nsamples": 244}, "question-question": {"pearson": [0.48661937363881475, 7.997339665308759e-14], "spearman": [0.4626992208843778, 1.7452730355734594e-12], "nsamples": 209}, "all": {"pearson": {"mean": 0.7093088969831556, "wmean": 0.7148617393252015}, "spearman": {"mean": 0.7142207874277307, "wmean": 0.7201260081344345}}}}