{"MR": {"devacc": 68.19, "acc": 66.15, "ndev": 10662, "ntest": 10662}, "CR": {"devacc": 76.74, "acc": 75.26, "ndev": 3775, "ntest": 3775}, "SUBJ": {"devacc": 88.97, "acc": 87.86, "ndev": 10000, "ntest": 10000}, "MPQA": {"devacc": 87.02, "acc": 85.91, "ndev": 10606, "ntest": 10606}, "SST5": {"devacc": 37.51, "acc": 36.74, "ndev": 1101, "ntest": 2210}, "TREC": {"devacc": 77.79, "acc": 84.0, "ndev": 5452, "ntest": 500}, "MRPC": {"devacc": 73.43, "acc": 70.38, "f1": 76.46, "ndev": 4076, "ntest": 1725}, "STS12": {"MSRpar": {"pearson": [0.3902586611335797, 1.0778377477749118e-28], "spearman": [0.401098041026104, 2.3382825460263083e-30], "nsamples": 750}, "MSRvid": {"pearson": [0.7431794241836247, 1.1396600383332416e-132], "spearman": [0.7510562555288097, 5.30661564490747e-137], "nsamples": 750}, "SMTeuroparl": {"pearson": [0.5919129468787409, 9.847624472998032e-45], "spearman": [0.6704607801911163, 3.192163553033469e-61], "nsamples": 459}, "surprise.OnWN": {"pearson": [0.6427507243601789, 1.233314582824176e-88], "spearman": [0.6767143338918576, 1.4681918616547562e-101], "nsamples": 750}, "surprise.SMTnews": {"pearson": [0.6326239103937157, 5.394135274050852e-46], "spearman": [0.5464227532937642, 1.946036470806557e-32], "nsamples": 399}, "all": {"pearson": {"mean": 0.600145133389968, "wmean": 0.597247937619843}, "spearman": {"mean": 0.6091504327863305, "wmean": 0.6104940957229771}}}, "STS13": {"FNWN": {"pearson": [0.23856028362810242, 0.0009471755728542126], "spearman": [0.271389839986217, 0.00015848476202002634], "nsamples": 189}, "headlines": {"pearson": [0.7111478215908346, 1.4274072646121104e-116], "spearman": [0.7129739658361159, 1.979520197552609e-117], "nsamples": 750}, "OnWN": {"pearson": [0.4846570746092086, 2.1905327423001195e-34], "spearman": [0.5054909446347742, 1.011216747102516e-37], "nsamples": 561}, "all": {"pearson": {"mean": 0.47812172660938185, "wmean": 0.5668942524364022}, "spearman": {"mean": 0.49661825015236905, "wmean": 0.5797357160497268}}}, "STS14": {"deft-forum": {"pearson": [0.4567352909404312, 1.4211664193709367e-24], "spearman": [0.4511371246511876, 6.0346070917230375e-24], "nsamples": 450}, "deft-news": {"pearson": [0.7604225370574036, 8.25529008746347e-58], "spearman": [0.7367613595139725, 1.4102891511814421e-52], "nsamples": 300}, "headlines": {"pearson": [0.6817299649741396, 1.2853481173966687e-103], "spearman": [0.6689563560787491, 1.8631237125939567e-98], "nsamples": 750}, "images": {"pearson": [0.7218347187089592, 1.086363755445279e-121], "spearman": [0.727139500825012, 2.540832305833765e-124], "nsamples": 750}, "OnWN": {"pearson": [0.6048090101285181, 5.204666035321434e-76], "spearman": [0.6611629870232917, 1.9703753047609662e-95], "nsamples": 750}, "tweet-news": {"pearson": [0.7289553879990068, 3.090449252020053e-125], "spearman": [0.6844975995327975, 9.031166762724723e-105], "nsamples": 750}, "all": {"pearson": {"mean": 0.6590811516347431, "wmean": 0.6631078542395686}, "spearman": {"mean": 0.6549424879375018, "wmean": 0.6614286524112304}}}, "STS15": {"answers-forums": {"pearson": [0.6602217143189371, 2.652025239909143e-48], "spearman": [0.6503745695433354, 1.8288070022252476e-46], "nsamples": 375}, "answers-students": {"pearson": [0.7637876488643259, 2.331027004067352e-144], "spearman": [0.7737282933035178, 1.9559411697564996e-150], "nsamples": 750}, "belief": {"pearson": [0.7351368308690889, 5.993912348011503e-65], "spearman": [0.7355683076491312, 4.6295883566416135e-65], "nsamples": 375}, "headlines": {"pearson": [0.7311063305157036, 2.4921680000938533e-126], "spearman": [0.7439821241423568, 4.193948446145342e-133], "nsamples": 750}, "images": {"pearson": [0.8049506519933584, 9.791276064616911e-172], "spearman": [0.8134362466646068, 3.337961995202244e-178], "nsamples": 750}, "all": {"pearson": {"mean": 0.7390406353122827, "wmean": 0.7493809759918503}, "spearman": {"mean": 0.7434179082605896, "wmean": 0.7560295256766786}}}, "STS16": {"answer-answer": {"pearson": [0.6545364504998559, 1.8815801400076445e-32], "spearman": [0.6500858935217683, 6.768631044067431e-32], "nsamples": 254}, "headlines": {"pearson": [0.7377846944201729, 4.781277670988113e-44], "spearman": [0.7451241461651305, 2.3915650213136518e-45], "nsamples": 249}, "plagiarism": {"pearson": [0.7917788121214898, 1.0210288829541876e-50], "spearman": [0.8415704800777524, 6.447909148725127e-63], "nsamples": 230}, "postediting": {"pearson": [0.864815448178455, 2.297080222005596e-74], "spearman": [0.8624979673968209, 1.5495693506480006e-73], "nsamples": 244}, "question-question": {"pearson": [0.45711836210664786, 3.4638433066840113e-12], "spearman": [0.4429521088891633, 1.868054404119659e-11], "nsamples": 209}, "all": {"pearson": {"mean": 0.7012067534653242, "wmean": 0.707101586139428}, "spearman": {"mean": 0.7084461192101271, "wmean": 0.7143722045279841}}}}