{"MR": {"devacc": 64.84, "acc": 65.76, "ndev": 10662, "ntest": 10662}, "CR": {"devacc": 74.67, "acc": 72.9, "ndev": 3775, "ntest": 3775}, "SUBJ": {"devacc": 86.28, "acc": 85.97, "ndev": 10000, "ntest": 10000}, "MPQA": {"devacc": 85.5, "acc": 85.8, "ndev": 10606, "ntest": 10606}, "SST5": {"devacc": 36.6, "acc": 38.73, "ndev": 1101, "ntest": 2210}, "TREC": {"devacc": 71.39, "acc": 83.0, "ndev": 5452, "ntest": 500}, "MRPC": {"devacc": 72.94, "acc": 73.8, "f1": 81.76, "ndev": 4076, "ntest": 1725}, "STS12": {"MSRpar": {"pearson": [0.40378567444464014, 8.846498777117369e-31], "spearman": [0.4172978476776395, 5.823608324426864e-33], "nsamples": 750}, "MSRvid": {"pearson": [0.7291034163546233, 2.600806726513597e-125], "spearman": [0.7412733857640058, 1.205617224759601e-131], "nsamples": 750}, "SMTeuroparl": {"pearson": [0.5549298824271341, 1.9825445905622895e-38], "spearman": [0.6470963742609644, 8.302124994602484e-56], "nsamples": 459}, "surprise.OnWN": {"pearson": [0.6335508230062211, 2.0651777545710007e-85], "spearman": [0.6676930320530381, 5.844274337275936e-98], "nsamples": 750}, "surprise.SMTnews": {"pearson": [0.6209670470840583, 6.53190140845651e-44], "spearman": [0.5441113011713369, 3.983017709997653e-32], "nsamples": 399}, "all": {"pearson": {"mean": 0.5884673686633354, "wmean": 0.5879371310085931}, "spearman": {"mean": 0.6034943881853969, "wmean": 0.6061183539492144}}}, "STS13": {"FNWN": {"pearson": [0.22395532677377603, 0.001948987414167201], "spearman": [0.24217564420758703, 0.0007868015294319425], "nsamples": 189}, "headlines": {"pearson": [0.6931505350670245, 1.843423489347978e-108], "spearman": [0.6946526235394096, 4.089434302372403e-109], "nsamples": 750}, "OnWN": {"pearson": [0.5275850745314873, 1.609618966118552e-41], "spearman": [0.5432003637153339, 2.2316915895888872e-44], "nsamples": 561}, "all": {"pearson": {"mean": 0.48156364545742925, "wmean": 0.5721104565817843}, "spearman": {"mean": 0.4933428771541101, "wmean": 0.5809973789693956}}}, "STS14": {"deft-forum": {"pearson": [0.45683870882319405, 1.3833561019779828e-24], "spearman": [0.4564175222101859, 1.543845334508181e-24], "nsamples": 450}, "deft-news": {"pearson": [0.7494277389783306, 2.6371581998906916e-55], "spearman": [0.7237037498711577, 6.330020320685546e-50], "nsamples": 300}, "headlines": {"pearson": [0.6810812247250821, 2.3850869711197115e-103], "spearman": [0.6700504041258731, 6.8911864591838286e-99], "nsamples": 750}, "images": {"pearson": [0.6943385210870407, 5.607220842218025e-109], "spearman": [0.6940796800752286, 7.27078259077029e-109], "nsamples": 750}, "OnWN": {"pearson": [0.6381191239465264, 5.343918345443138e-87], "spearman": [0.6914708671687481, 9.82070192999779e-108], "nsamples": 750}, "tweet-news": {"pearson": [0.7085835737066569, 2.2288249585866645e-115], "spearman": [0.6597249538392653, 6.961474707761668e-95], "nsamples": 750}, "all": {"pearson": {"mean": 0.654731481877805, "wmean": 0.659199352870111}, "spearman": {"mean": 0.6492411962150765, "wmean": 0.655731583696738}}}, "STS15": {"answers-forums": {"pearson": [0.6286030071071202, 1.2418302479769256e-42], "spearman": [0.6203077960032852, 2.9874522243979877e-41], "nsamples": 375}, "answers-students": {"pearson": [0.7314024627144435, 1.7587624130197982e-126], "spearman": [0.740144272102425, 4.828530345976401e-131], "nsamples": 750}, "belief": {"pearson": [0.6955423854037007, 1.64460992461401e-55], "spearman": [0.6902713461626442, 2.277265818451733e-54], "nsamples": 375}, "headlines": {"pearson": [0.7067558005465471, 1.5520377745784988e-114], "spearman": [0.7167548843225253, 3.151931811773849e-119], "nsamples": 750}, "images": {"pearson": [0.7745102119204275, 6.313122361487092e-151], "spearman": [0.7819040596543185, 1.1382916098193819e-155], "nsamples": 750}, "all": {"pearson": {"mean": 0.7073627735384479, "wmean": 0.7186852928592072}, "spearman": {"mean": 0.7098764716490397, "wmean": 0.7235231967905583}}}, "STS16": {"answer-answer": {"pearson": [0.6693006020035533, 2.296506395449392e-34], "spearman": [0.6716729223809302, 1.1048522685513313e-34], "nsamples": 254}, "headlines": {"pearson": [0.6900343124513094, 1.537135585792009e-36], "spearman": [0.6914078102899452, 9.800347037651209e-37], "nsamples": 249}, "plagiarism": {"pearson": [0.7666284660527626, 9.302736481930408e-46], "spearman": [0.7891044973067315, 3.7014345934597102e-50], "nsamples": 230}, "postediting": {"pearson": [0.8633177713069836, 7.919235066425841e-74], "spearman": [0.860056522029981, 1.1152390061283198e-72], "nsamples": 244}, "question-question": {"pearson": [0.49857794734372646, 1.561322637516351e-14], "spearman": [0.48660222929480423, 8.015727594458772e-14], "nsamples": 209}, "all": {"pearson": {"mean": 0.6975718198316672, "wmean": 0.7023589975507225}, "spearman": {"mean": 0.6997687962604784, "wmean": 0.7047328488410036}}}}