{"MR": {"devacc": 66.43, "acc": 66.05, "ndev": 10662, "ntest": 10662}, "CR": {"devacc": 74.98, "acc": 72.98, "ndev": 3775, "ntest": 3775}, "SUBJ": {"devacc": 86.16, "acc": 86.01, "ndev": 10000, "ntest": 10000}, "MPQA": {"devacc": 85.42, "acc": 85.25, "ndev": 10606, "ntest": 10606}, "SST5": {"devacc": 37.78, "acc": 39.1, "ndev": 1101, "ntest": 2210}, "TREC": {"devacc": 73.0, "acc": 78.4, "ndev": 5452, "ntest": 500}, "MRPC": {"devacc": 72.35, "acc": 70.72, "f1": 79.48, "ndev": 4076, "ntest": 1725}, "STS12": {"MSRpar": {"pearson": [0.36555988562131597, 3.9675938173363567e-25], "spearman": [0.3796789934429272, 3.959251567638725e-27], "nsamples": 750}, "MSRvid": {"pearson": [0.7464004889543703, 2.0170509879718135e-134], "spearman": [0.7516194693480056, 2.5635207887413884e-137], "nsamples": 750}, "SMTeuroparl": {"pearson": [0.5790441150857809, 1.8981285829369076e-42], "spearman": [0.6589362147221779, 1.7206664556712697e-58], "nsamples": 459}, "surprise.OnWN": {"pearson": [0.6291675163924089, 6.499380777687402e-84], "spearman": [0.6629980970018554, 3.89593868501703e-96], "nsamples": 750}, "surprise.SMTnews": {"pearson": [0.6133115518472844, 1.36795695875885e-42], "spearman": [0.5350594678867499, 6.243603817089136e-31], "nsamples": 399}, "all": {"pearson": {"mean": 0.5866967115802321, "wmean": 0.5844074891369084}, "spearman": {"mean": 0.5976584484803432, "wmean": 0.5989906274417259}}}, "STS13": {"FNWN": {"pearson": [0.26959473894317937, 0.00017583091877077672], "spearman": [0.33052866043518353, 3.3991661414604593e-06], "nsamples": 189}, "headlines": {"pearson": [0.7044449402278606, 1.7668737349531572e-113], "spearman": [0.7032271497617429, 6.305782290964125e-113], "nsamples": 750}, "OnWN": {"pearson": [0.5487220798179833, 2.0027233860733554e-45], "spearman": [0.5683667665856341, 2.5943251999635017e-49], "nsamples": 561}, "all": {"pearson": {"mean": 0.5075872529963411, "wmean": 0.5914134650726967}, "spearman": {"mean": 0.5340408589275202, "wmean": 0.6058293567987317}}}, "STS14": {"deft-forum": {"pearson": [0.4694642151108431, 4.7952894694850526e-26], "spearman": [0.46027049275181514, 5.624030461558925e-25], "nsamples": 450}, "deft-news": {"pearson": [0.749258421818327, 2.875286157006553e-55], "spearman": [0.7308426983595001, 2.3479625304327672e-51], "nsamples": 300}, "headlines": {"pearson": [0.6685952057268783, 2.584785623378737e-98], "spearman": [0.657173520304326, 6.424545362652765e-94], "nsamples": 750}, "images": {"pearson": [0.6925186144031455, 3.463701607039838e-108], "spearman": [0.6950017820319897, 2.8778691590641594e-109], "nsamples": 750}, "OnWN": {"pearson": [0.6506777276628913, 1.671157990591476e-91], "spearman": [0.7018060457087949, 2.760321272055234e-112], "nsamples": 750}, "tweet-news": {"pearson": [0.7064507189348591, 2.142632032890272e-114], "spearman": [0.666163093787839, 2.3159832313878416e-97], "nsamples": 750}, "all": {"pearson": {"mean": 0.6561608172761574, "wmean": 0.6599248329043221}, "spearman": {"mean": 0.6518762721573775, "wmean": 0.6577287633655677}}}, "STS15": {"answers-forums": {"pearson": [0.6044918383394329, 9.939235248743066e-39], "spearman": [0.596162438041985, 1.861154715942591e-37], "nsamples": 375}, "answers-students": {"pearson": [0.752400821108671, 9.312419819504821e-138], "spearman": [0.7610836103220299, 9.304343359549699e-143], "nsamples": 750}, "belief": {"pearson": [0.7126215103475595, 2.1947725232673186e-59], "spearman": [0.7043491292249823, 1.7898799854549035e-57], "nsamples": 375}, "headlines": {"pearson": [0.711112001794151, 1.483577770746024e-116], "spearman": [0.7208083616396899, 3.4510294704359857e-121], "nsamples": 750}, "images": {"pearson": [0.7708301275404541, 1.2432711132047722e-148], "spearman": [0.7824894997995229, 4.706469365275103e-156], "nsamples": 750}, "all": {"pearson": {"mean": 0.7102912598260538, "wmean": 0.7232249061966931}, "spearman": {"mean": 0.7129786078056419, "wmean": 0.7286593138486814}}}, "STS16": {"answer-answer": {"pearson": [0.664904282639309, 8.754768785452915e-34], "spearman": [0.6755648388253847, 3.2776441802265227e-35], "nsamples": 254}, "headlines": {"pearson": [0.7222249758649806, 1.9865716354298517e-41], "spearman": [0.730928500812802, 7.176336325544389e-43], "nsamples": 249}, "plagiarism": {"pearson": [0.7714420563344075, 1.1715766348277291e-46], "spearman": [0.8043309240871964, 1.860429693123458e-53], "nsamples": 230}, "postediting": {"pearson": [0.8643473151716804, 3.3874744863157017e-74], "spearman": [0.8657311649502305, 1.069908115373273e-74], "nsamples": 244}, "question-question": {"pearson": [0.46444430657538616, 1.4049576004474954e-12], "spearman": [0.43464398295361956, 4.8432427248056066e-11], "nsamples": 209}, "all": {"pearson": {"mean": 0.6974725873171528, "wmean": 0.703306057937457}, "spearman": {"mean": 0.7022398823258467, "wmean": 0.708827803532254}}}}