{"MR": {"devacc": 66.42, "acc": 67.85, "ndev": 10662, "ntest": 10662}, "CR": {"devacc": 76.75, "acc": 76.72, "ndev": 3775, "ntest": 3775}, "SUBJ": {"devacc": 88.32, "acc": 87.68, "ndev": 10000, "ntest": 10000}, "MPQA": {"devacc": 86.75, "acc": 86.5, "ndev": 10606, "ntest": 10606}, "SST5": {"devacc": 39.51, "acc": 40.27, "ndev": 1101, "ntest": 2210}, "TREC": {"devacc": 73.62, "acc": 85.2, "ndev": 5452, "ntest": 500}, "MRPC": {"devacc": 73.9, "acc": 68.87, "f1": 75.56, "ndev": 4076, "ntest": 1725}, "STS12": {"MSRpar": {"pearson": [0.39677588091618016, 1.0956755468959199e-29], "spearman": [0.413443099243727, 2.4989331831934706e-32], "nsamples": 750}, "MSRvid": {"pearson": [0.7492775312479328, 5.214206356888018e-136], "spearman": [0.7593759795466795, 9.308495577130402e-142], "nsamples": 750}, "SMTeuroparl": {"pearson": [0.57352351303325, 1.6898449940740998e-41], "spearman": [0.6531324908580167, 3.682719142102249e-57], "nsamples": 459}, "surprise.OnWN": {"pearson": [0.6446694717832466, 2.539028726950562e-89], "spearman": [0.6766472779887885, 1.5632073307287873e-101], "nsamples": 750}, "surprise.SMTnews": {"pearson": [0.6383210802804987, 4.797591172545463e-47], "spearman": [0.548096332455829, 1.1545670959695075e-32], "nsamples": 399}, "all": {"pearson": {"mean": 0.6005134954522217, "wmean": 0.5987707742840092}, "spearman": {"mean": 0.6101390360186082, "wmean": 0.6131203402632246}}}, "STS13": {"FNWN": {"pearson": [0.24218372050492737, 0.0007864731097388161], "spearman": [0.2769180261521258, 0.00011457709499335045], "nsamples": 189}, "headlines": {"pearson": [0.715359096256214, 1.464710202515816e-118], "spearman": [0.7184175729538443, 4.9950133360793826e-120], "nsamples": 750}, "OnWN": {"pearson": [0.4928062181910225, 1.1562553122140768e-35], "spearman": [0.5204481514967582, 2.9121310751205473e-40], "nsamples": 561}, "all": {"pearson": {"mean": 0.4834496783173879, "wmean": 0.5725042225151703}, "spearman": {"mean": 0.5052612502009094, "wmean": 0.5887480664318776}}}, "STS14": {"deft-forum": {"pearson": [0.4477589787951455, 1.4257111403192373e-23], "spearman": [0.4498637327771135, 8.353821320613737e-24], "nsamples": 450}, "deft-news": {"pearson": [0.760123464198114, 9.696971983505155e-58], "spearman": [0.7347252320817067, 3.742711174569594e-52], "nsamples": 300}, "headlines": {"pearson": [0.6924373162332558, 3.7560285120881954e-108], "spearman": [0.6815207370939651, 1.569230209387445e-103], "nsamples": 750}, "images": {"pearson": [0.7255498535474914, 1.5844672263226848e-123], "spearman": [0.7255994568303771, 1.496799934505798e-123], "nsamples": 750}, "OnWN": {"pearson": [0.625733989048721, 9.322490703999536e-83], "spearman": [0.6755776120025156, 4.241003702546075e-101], "nsamples": 750}, "tweet-news": {"pearson": [0.7199511405673094, 9.02555693775071e-121], "spearman": [0.67607039980789, 2.6792201122245736e-101], "nsamples": 750}, "all": {"pearson": {"mean": 0.6619257903983394, "wmean": 0.6672754144706221}, "spearman": {"mean": 0.6572261950989281, "wmean": 0.6645153076467397}}}, "STS15": {"answers-forums": {"pearson": [0.6413879678801443, 7.611411114217794e-45], "spearman": [0.6451441558879016, 1.6265128091704244e-45], "nsamples": 375}, "answers-students": {"pearson": [0.7485588342497549, 1.305524680486658e-135], "spearman": [0.7511772601245703, 4.539435710497963e-137], "nsamples": 750}, "belief": {"pearson": [0.7291039042016542, 2.1054078162923942e-63], "spearman": [0.7281620637702803, 3.6381159928918495e-63], "nsamples": 375}, "headlines": {"pearson": [0.7285415070495743, 5.002804276829411e-125], "spearman": [0.7412310500744519, 1.2701668601079077e-131], "nsamples": 750}, "images": {"pearson": [0.8041352455472668, 3.9399665622044426e-171], "spearman": [0.8148440102399779, 2.6212029195464277e-179], "nsamples": 750}, "all": {"pearson": {"mean": 0.7303454917856789, "wmean": 0.7416203807218739}, "spearman": {"mean": 0.7361117080194364, "wmean": 0.7484763575670228}}}, "STS16": {"answer-answer": {"pearson": [0.695052231676235, 5.577728442392803e-38], "spearman": [0.6994099084790611, 1.2493471821020544e-38], "nsamples": 254}, "headlines": {"pearson": [0.7234350110118072, 1.261548682120183e-41], "spearman": [0.7317147936687892, 5.282463462118903e-43], "nsamples": 249}, "plagiarism": {"pearson": [0.7819008627408309, 1.08499045844161e-48], "spearman": [0.8165407790780665, 2.552908097403561e-56], "nsamples": 230}, "postediting": {"pearson": [0.869400897413616, 4.7266124329220905e-76], "spearman": [0.8678626121064558, 1.767663715692043e-75], "nsamples": 244}, "question-question": {"pearson": [0.47181204914169733, 5.546383594346792e-13], "spearman": [0.458612584965388, 2.886568297915313e-12], "nsamples": 209}, "all": {"pearson": {"mean": 0.7083202103968372, "wmean": 0.7143830693571939}, "spearman": {"mean": 0.7148281356595522, "wmean": 0.7211298374172905}}}}