{"MR": {"devacc": 59.78, "acc": 60.51, "ndev": 10662, "ntest": 10662}, "CR": {"devacc": 70.9, "acc": 69.19, "ndev": 3775, "ntest": 3775}, "SUBJ": {"devacc": 81.74, "acc": 79.6, "ndev": 10000, "ntest": 10000}, "MPQA": {"devacc": 86.55, "acc": 86.08, "ndev": 10606, "ntest": 10606}, "SST5": {"devacc": 34.33, "acc": 36.11, "ndev": 1101, "ntest": 2210}, "TREC": {"devacc": 69.66, "acc": 76.0, "ndev": 5452, "ntest": 500}, "MRPC": {"devacc": 71.91, "acc": 70.78, "f1": 81.12, "ndev": 4076, "ntest": 1725}, "STS12": {"MSRpar": {"pearson": [0.27617302968119284, 1.3504821597686301e-14], "spearman": [0.29847874317166756, 6.731363070293009e-17], "nsamples": 750}, "MSRvid": {"pearson": [0.6432155346069188, 8.418721423078052e-89], "spearman": [0.6546966031787824, 5.442845764128487e-93], "nsamples": 750}, "SMTeuroparl": {"pearson": [0.521392270907323, 2.341854701059997e-33], "spearman": [0.6239536793957227, 6.820928467317069e-51], "nsamples": 459}, "surprise.OnWN": {"pearson": [0.45777521691000395, 4.030759057064934e-40], "spearman": [0.5395817501548006, 6.90342346811023e-58], "nsamples": 750}, "surprise.SMTnews": {"pearson": [0.5197566908985782, 5.442554543708288e-29], "spearman": [0.45831613851399094, 4.075903872426295e-22], "nsamples": 399}, "all": {"pearson": {"mean": 0.4836625486008034, "wmean": 0.476053670499865}, "spearman": {"mean": 0.5150053828829928, "wmean": 0.5112067890890144}}}, "STS13": {"FNWN": {"pearson": [0.06329918501704199, 0.3868658775147343], "spearman": [0.08038187597853186, 0.2715424917556154], "nsamples": 189}, "headlines": {"pearson": [0.6012601333792315, 6.478057240974728e-75], "spearman": [0.6023371816059944, 3.0238529688762916e-75], "nsamples": 750}, "OnWN": {"pearson": [0.3984645308360573, 8.644492070906826e-23], "spearman": [0.5204585689022155, 2.8999940271812414e-40], "nsamples": 561}, "all": {"pearson": {"mean": 0.35434128307744356, "wmean": 0.45763149853444846}, "spearman": {"mean": 0.40105920882891394, "wmean": 0.5059482119457208}}}, "STS14": {"deft-forum": {"pearson": [0.3455332981477748, 4.5908057567836115e-14], "spearman": [0.3751190737285058, 1.7498451378240942e-16], "nsamples": 450}, "deft-news": {"pearson": [0.6912236943010042, 6.056043359067605e-44], "spearman": [0.6483422330261366, 3.6531009004318295e-37], "nsamples": 300}, "headlines": {"pearson": [0.5801254301366435, 1.1417009296601645e-68], "spearman": [0.5830773580960036, 1.6313617327386698e-69], "nsamples": 750}, "images": {"pearson": [0.5688505194130615, 1.610541037833928e-65], "spearman": [0.5757860574897478, 1.9238129373866316e-67], "nsamples": 750}, "OnWN": {"pearson": [0.48741942561790075, 5.203001832373137e-46], "spearman": [0.6326154640205429, 4.3313931333382645e-85], "nsamples": 750}, "tweet-news": {"pearson": [0.5649150650106223, 1.8961637042357913e-64], "spearman": [0.5077204235924756, 2.171569575319301e-50], "nsamples": 750}, "all": {"pearson": {"mean": 0.5396779054378346, "wmean": 0.5370239793574589}, "spearman": {"mean": 0.5537767683255687, "wmean": 0.5567215281292656}}}, "STS15": {"answers-forums": {"pearson": [0.42688808154053853, 4.850690386009682e-18], "spearman": [0.4079656496890725, 1.7974990117172417e-16], "nsamples": 375}, "answers-students": {"pearson": [0.6515456182513414, 8.012542315000385e-92], "spearman": [0.679068986026844, 1.6064287827207446e-102], "nsamples": 750}, "belief": {"pearson": [0.4071047952260665, 2.1072130404524267e-16], "spearman": [0.46652148238699, 1.1559928979241408e-21], "nsamples": 375}, "headlines": {"pearson": [0.6250371106690041, 1.5941423667324853e-82], "spearman": [0.6466354544330122, 4.968499061202797e-90], "nsamples": 750}, "images": {"pearson": [0.6747801019897911, 8.901129654984451e-101], "spearman": [0.6866316977038979, 1.1419424411498595e-105], "nsamples": 750}, "all": {"pearson": {"mean": 0.5570711415353483, "wmean": 0.5920898173233599}, "spearman": {"mean": 0.5773646540479633, "wmean": 0.6123949260504463}}}, "STS16": {"answer-answer": {"pearson": [0.36222876111276225, 2.7192166624878884e-09], "spearman": [0.37287562276335784, 8.459132953730364e-10], "nsamples": 254}, "headlines": {"pearson": [0.6138331263835157, 3.560554558300477e-27], "spearman": [0.6301713618497641, 5.780405483999853e-29], "nsamples": 249}, "plagiarism": {"pearson": [0.5975309235743749, 1.1899354194704186e-23], "spearman": [0.5869955588966215, 1.0834524899878844e-22], "nsamples": 230}, "postediting": {"pearson": [0.779476451681159, 4.5714277840640804e-51], "spearman": [0.8205401285066435, 1.0207163044289488e-60], "nsamples": 244}, "question-question": {"pearson": [0.32348032414414757, 1.7746205956614914e-06], "spearman": [0.35728902820310005, 1.092502978255919e-07], "nsamples": 209}, "all": {"pearson": {"mean": 0.5353099173791919, "wmean": 0.5396984048655759}, "spearman": {"mean": 0.5535743400438974, "wmean": 0.5577717150748532}}}}