{"MR": {"devacc": 64.53, "acc": 64.41, "ndev": 10662, "ntest": 10662}, "CR": {"devacc": 75.93, "acc": 74.92, "ndev": 3775, "ntest": 3775}, "SUBJ": {"devacc": 85.95, "acc": 85.57, "ndev": 10000, "ntest": 10000}, "MPQA": {"devacc": 85.56, "acc": 85.56, "ndev": 10606, "ntest": 10606}, "SST5": {"devacc": 36.78, "acc": 36.11, "ndev": 1101, "ntest": 2210}, "TREC": {"devacc": 71.55, "acc": 82.2, "ndev": 5452, "ntest": 500}, "MRPC": {"devacc": 72.57, "acc": 69.57, "f1": 77.2, "ndev": 4076, "ntest": 1725}, "STS12": {"MSRpar": {"pearson": [0.443843836907588, 1.5115911531542127e-37], "spearman": [0.44679426796155314, 4.407533435200581e-38], "nsamples": 750}, "MSRvid": {"pearson": [0.7283436874970234, 6.295970901516086e-125], "spearman": [0.7396984036763036, 8.335071963275915e-131], "nsamples": 750}, "SMTeuroparl": {"pearson": [0.5690891694556152, 9.497645571912617e-41], "spearman": [0.6380513339339223, 7.76590470692411e-54], "nsamples": 459}, "surprise.OnWN": {"pearson": [0.6108826126492407, 6.456151916701662e-78], "spearman": [0.6445172376249962, 2.8794371367158865e-89], "nsamples": 750}, "surprise.SMTnews": {"pearson": [0.6019950899064102, 1.0565293956098804e-40], "spearman": [0.5190670579594499, 6.621354108380786e-29], "nsamples": 399}, "all": {"pearson": {"mean": 0.5908308792831756, "wmean": 0.5916057182893096}, "spearman": {"mean": 0.597625660231245, "wmean": 0.6027125966372685}}}, "STS13": {"FNWN": {"pearson": [0.24865013080622422, 0.0005604992208291574], "spearman": [0.2631609333145037, 0.0002536323386846368], "nsamples": 189}, "headlines": {"pearson": [0.675102730326864, 6.596500046224559e-101], "spearman": [0.673289408274228, 3.5364384547551856e-100], "nsamples": 750}, "OnWN": {"pearson": [0.4294653160589133, 1.39191965087336e-26], "spearman": [0.454175756209581, 6.692272180503035e-30], "nsamples": 561}, "all": {"pearson": {"mean": 0.4510727257306672, "wmean": 0.5295013098510498}, "spearman": {"mean": 0.46354203259943755, "wmean": 0.5396647145571247}}}, "STS14": {"deft-forum": {"pearson": [0.43427598784060156, 4.012354932821211e-22], "spearman": [0.42469074931196577, 3.9357235977419435e-21], "nsamples": 450}, "deft-news": {"pearson": [0.7460591713814804, 1.453719295131642e-54], "spearman": [0.720753878318556, 2.396248287359963e-49], "nsamples": 300}, "headlines": {"pearson": [0.6731246165769319, 4.1170032572926883e-100], "spearman": [0.6615208828419099, 1.4376501630886374e-95], "nsamples": 750}, "images": {"pearson": [0.7024512151100752, 1.4135915722212055e-112], "spearman": [0.7069612803410765, 1.2487527909744408e-114], "nsamples": 750}, "OnWN": {"pearson": [0.5775306781072759, 6.211812703954716e-68], "spearman": [0.6418918880357414, 2.4929844843712652e-88], "nsamples": 750}, "tweet-news": {"pearson": [0.7098986936097856, 5.464921663780665e-116], "spearman": [0.6710226612954284, 2.8371052144372842e-99], "nsamples": 750}, "all": {"pearson": {"mean": 0.6405567271043584, "wmean": 0.6443988929322043}, "spearman": {"mean": 0.6378068900241131, "wmean": 0.6449025426857516}}}, "STS15": {"answers-forums": {"pearson": [0.594067780758314, 3.836697583833695e-37], "spearman": [0.5903612609183041, 1.3623634533393054e-36], "nsamples": 375}, "answers-students": {"pearson": [0.7504943206080049, 1.0945506348849838e-136], "spearman": [0.7603994038400571, 2.3466429276295163e-142], "nsamples": 750}, "belief": {"pearson": [0.7312065688802715, 6.157422067005389e-64], "spearman": [0.7344562511254752, 8.99890013120043e-65], "nsamples": 375}, "headlines": {"pearson": [0.7122100276346028, 4.532134009984249e-117], "spearman": [0.7238000928646329, 1.17057938395265e-122], "nsamples": 750}, "images": {"pearson": [0.7855242334599499, 4.625657758703209e-158], "spearman": [0.7954440473500155, 7.377583045171744e-165], "nsamples": 750}, "all": {"pearson": {"mean": 0.7147005862682286, "wmean": 0.7277164391304626}, "spearman": {"mean": 0.7208922112196969, "wmean": 0.7355130750191488}}}, "STS16": {"answer-answer": {"pearson": [0.6724982540276293, 8.551882526886565e-35], "spearman": [0.6642750134982133, 1.0583409830128742e-33], "nsamples": 254}, "headlines": {"pearson": [0.7052857745356819, 8.974870919809977e-39], "spearman": [0.7084561686198559, 2.955463652988721e-39], "nsamples": 249}, "plagiarism": {"pearson": [0.7600133489533152, 1.4806503923719423e-44], "spearman": [0.7906577949244569, 1.755874691967368e-50], "nsamples": 230}, "postediting": {"pearson": [0.861341933357153, 3.963863202632123e-73], "spearman": [0.859127365231139, 2.34059544144352e-72], "nsamples": 244}, "question-question": {"pearson": [0.4680666759804378, 8.920997319462634e-13], "spearman": [0.4568453253023807, 3.580836498840286e-12], "nsamples": 209}, "all": {"pearson": {"mean": 0.6934411973708434, "wmean": 0.6991797231540657}, "spearman": {"mean": 0.6958723335152092, "wmean": 0.7015939986105488}}}}