{"MR": {"devacc": 67.98, "acc": 69.13, "ndev": 10662, "ntest": 10662}, "CR": {"devacc": 77.64, "acc": 77.72, "ndev": 3775, "ntest": 3775}, "SUBJ": {"devacc": 89.54, "acc": 89.07, "ndev": 10000, "ntest": 10000}, "MPQA": {"devacc": 86.94, "acc": 86.78, "ndev": 10606, "ntest": 10606}, "SST5": {"devacc": 38.33, "acc": 36.7, "ndev": 1101, "ntest": 2210}, "TREC": {"devacc": 77.24, "acc": 84.4, "ndev": 5452, "ntest": 500}, "MRPC": {"devacc": 74.04, "acc": 66.03, "f1": 70.34, "ndev": 4076, "ntest": 1725}, "STS12": {"MSRpar": {"pearson": [0.41211718048178125, 4.1062044159108205e-32], "spearman": [0.4239984187528702, 4.424733737271317e-34], "nsamples": 750}, "MSRvid": {"pearson": [0.741694629375575, 7.171078895296997e-132], "spearman": [0.7535552277026812, 2.0715591438160315e-138], "nsamples": 750}, "SMTeuroparl": {"pearson": [0.5719955872766918, 3.072406992928336e-41], "spearman": [0.653963534757567, 2.3848187715155266e-57], "nsamples": 459}, "surprise.OnWN": {"pearson": [0.6365843685595594, 1.836755011757926e-86], "spearman": [0.6710592765310421, 2.743669794988528e-99], "nsamples": 750}, "surprise.SMTnews": {"pearson": [0.6291828304451931, 2.2703155886949593e-45], "spearman": [0.5680427484817165, 1.8162270594766786e-35], "nsamples": 399}, "all": {"pearson": {"mean": 0.5983149192277601, "wmean": 0.5972931331146462}, "spearman": {"mean": 0.6141238412451754, "wmean": 0.6155978157457764}}}, "STS13": {"FNWN": {"pearson": [0.2680260179550105, 0.00019242362292854303], "spearman": [0.29668051213636254, 3.393053463032775e-05], "nsamples": 189}, "headlines": {"pearson": [0.721658640397133, 1.3251127700822971e-121], "spearman": [0.7237606339691841, 1.2243609265701958e-122], "nsamples": 750}, "OnWN": {"pearson": [0.49595643605853573, 3.630169261853449e-36], "spearman": [0.5192903833403261, 4.628109345370521e-40], "nsamples": 561}, "all": {"pearson": {"mean": 0.4952136981368931, "wmean": 0.5800883055467901}, "spearman": {"mean": 0.5132438431486243, "wmean": 0.5934766648830557}}}, "STS14": {"deft-forum": {"pearson": [0.4487999650415324, 1.095006130027724e-23], "spearman": [0.4469597545987993, 1.7448604509227522e-23], "nsamples": 450}, "deft-news": {"pearson": [0.7726336807818736, 9.374455306968314e-61], "spearman": [0.7514284749155, 9.44483730273325e-56], "nsamples": 300}, "headlines": {"pearson": [0.6858932066723543, 2.3404643358135523e-105], "spearman": [0.6726551707081971, 6.344615157992697e-100], "nsamples": 750}, "images": {"pearson": [0.7322972096752031, 6.11816279457901e-127], "spearman": [0.733180330984476, 2.1486828135478233e-127], "nsamples": 750}, "OnWN": {"pearson": [0.6304146644676869, 2.449812278062395e-84], "spearman": [0.682123188866033, 8.829655633826086e-104], "nsamples": 750}, "tweet-news": {"pearson": [0.7219145312288338, 9.927628426441086e-122], "spearman": [0.6742081745118986, 1.5125990518031827e-100], "nsamples": 750}, "all": {"pearson": {"mean": 0.665325542977914, "wmean": 0.6697706126763494}, "spearman": {"mean": 0.6600925157641506, "wmean": 0.6661828215592168}}}, "STS15": {"answers-forums": {"pearson": [0.6352379352066718, 9.095219086270531e-44], "spearman": [0.6263686395512841, 2.9526379146440436e-42], "nsamples": 375}, "answers-students": {"pearson": [0.7651111347381835, 3.767103997798921e-145], "spearman": [0.7727318977548365, 8.209622293247716e-150], "nsamples": 750}, "belief": {"pearson": [0.7316180706480426, 4.8340785786754026e-64], "spearman": [0.7290599599892059, 2.1599394810976584e-63], "nsamples": 375}, "headlines": {"pearson": [0.7289092575168721, 3.261046441781463e-125], "spearman": [0.7418650812108426, 5.809815987033899e-132], "nsamples": 750}, "images": {"pearson": [0.8034914487454742, 1.1772752222436013e-170], "spearman": [0.8161222928677527, 2.5523384311849577e-180], "nsamples": 750}, "all": {"pearson": {"mean": 0.7328735693710489, "wmean": 0.7452349609819716}, "spearman": {"mean": 0.7372295742747844, "wmean": 0.7521083929009191}}}, "STS16": {"answer-answer": {"pearson": [0.6783430808805164, 1.360989286241587e-35], "spearman": [0.6716626412710803, 1.1083774688348072e-34], "nsamples": 254}, "headlines": {"pearson": [0.7251331306257699, 6.643305263719645e-42], "spearman": [0.7324257167095125, 4.000549262685961e-43], "nsamples": 249}, "plagiarism": {"pearson": [0.7717146541390582, 1.0402867136699851e-46], "spearman": [0.8088683254917741, 1.6980206244529324e-54], "nsamples": 230}, "postediting": {"pearson": [0.8697184297643294, 3.5924944563193146e-76], "spearman": [0.8678492067784291, 1.7879691783398474e-75], "nsamples": 244}, "question-question": {"pearson": [0.479633802813084, 2.0173240872088499e-13], "spearman": [0.4558979510829818, 4.017362723496307e-12], "nsamples": 209}, "all": {"pearson": {"mean": 0.7049086196445516, "wmean": 0.7106293627081637}, "spearman": {"mean": 0.7073407682667556, "wmean": 0.7133675442132471}}}}