{"MR": {"devacc": 68.69, "acc": 70.62, "ndev": 10662, "ntest": 10662}, "CR": {"devacc": 77.45, "acc": 77.64, "ndev": 3775, "ntest": 3775}, "SUBJ": {"devacc": 89.54, "acc": 88.79, "ndev": 10000, "ntest": 10000}, "MPQA": {"devacc": 86.52, "acc": 86.77, "ndev": 10606, "ntest": 10606}, "SST5": {"devacc": 36.78, "acc": 34.39, "ndev": 1101, "ntest": 2210}, "TREC": {"devacc": 76.76, "acc": 87.0, "ndev": 5452, "ntest": 500}, "MRPC": {"devacc": 74.17, "acc": 71.3, "f1": 78.58, "ndev": 4076, "ntest": 1725}, "STS12": {"MSRpar": {"pearson": [0.41034387230224373, 7.950508706602405e-32], "spearman": [0.4222763166334107, 8.629205370706255e-34], "nsamples": 750}, "MSRvid": {"pearson": [0.7392790931914419, 1.3913515636226905e-130], "spearman": [0.7483304562634321, 1.7464736775995755e-135], "nsamples": 750}, "SMTeuroparl": {"pearson": [0.5821101030455402, 5.535243718194148e-43], "spearman": [0.6543326627088076, 1.9653625522265993e-57], "nsamples": 459}, "surprise.OnWN": {"pearson": [0.638876739131572, 2.8976613441652846e-87], "spearman": [0.6732302968680262, 3.73465855526065e-100], "nsamples": 750}, "surprise.SMTnews": {"pearson": [0.6589920415138921, 4.7297129069601163e-51], "spearman": [0.5898702150308816, 9.218719552368499e-39], "nsamples": 399}, "all": {"pearson": {"mean": 0.605920369836938, "wmean": 0.6021560940575577}, "spearman": {"mean": 0.6176079895009116, "wmean": 0.617302030342444}}}, "STS13": {"FNWN": {"pearson": [0.2599621503500665, 0.00030327173273634055], "spearman": [0.2891833829524588, 5.4414267304761046e-05], "nsamples": 189}, "headlines": {"pearson": [0.7006955316696075, 8.697428765571569e-112], "spearman": [0.7003676020724967, 1.2193654252802834e-111], "nsamples": 750}, "OnWN": {"pearson": [0.5099292658842121, 1.8367512293334155e-38], "spearman": [0.5314791154643921, 3.2203142063143704e-42], "nsamples": 561}, "all": {"pearson": {"mean": 0.49019564930129533, "wmean": 0.5738165422196075}, "spearman": {"mean": 0.5070100334964492, "wmean": 0.5853940964719407}}}, "STS14": {"deft-forum": {"pearson": [0.4598352993955728, 6.3075719917070595e-25], "spearman": [0.46153735104677546, 4.023729811656061e-25], "nsamples": 450}, "deft-news": {"pearson": [0.7697331203956077, 4.874008195571384e-60], "spearman": [0.749699082723478, 2.295645174029091e-55], "nsamples": 300}, "headlines": {"pearson": [0.6793021798518917, 1.2888590198581639e-102], "spearman": [0.6643808893482833, 1.139918655044671e-96], "nsamples": 750}, "images": {"pearson": [0.7240884553004604, 8.428114369108606e-123], "spearman": [0.730120107748688, 7.929401733660857e-126], "nsamples": 750}, "OnWN": {"pearson": [0.6268353817007337, 3.981824449832062e-83], "spearman": [0.6803259048272295, 4.888993208700179e-103], "nsamples": 750}, "tweet-news": {"pearson": [0.730044877659432, 8.659497840654389e-126], "spearman": [0.6895587971162959, 6.503303489086882e-107], "nsamples": 750}, "all": {"pearson": {"mean": 0.6649732190506163, "wmean": 0.6688130644616209}, "spearman": {"mean": 0.6626036888017918, "wmean": 0.6682375485515906}}}, "STS15": {"answers-forums": {"pearson": [0.6597633438253969, 3.241175481188152e-48], "spearman": [0.6493053012935602, 2.868888390530521e-46], "nsamples": 375}, "answers-students": {"pearson": [0.7684982357432766, 3.359253657443946e-147], "spearman": [0.7779185135730279, 4.32699857014837e-153], "nsamples": 750}, "belief": {"pearson": [0.7356101337363044, 4.5149966050159296e-65], "spearman": [0.7283530252799946, 3.256829956028121e-63], "nsamples": 375}, "headlines": {"pearson": [0.726449043543275, 5.635482426708543e-124], "spearman": [0.7397880291004708, 7.469463783232269e-131], "nsamples": 750}, "images": {"pearson": [0.8008275755507108, 1.0454031633285352e-168], "spearman": [0.8104921722961186, 6.372302510632752e-176], "nsamples": 750}, "all": {"pearson": {"mean": 0.7382296664797927, "wmean": 0.7483653984045283}, "spearman": {"mean": 0.7411714083086344, "wmean": 0.7542569695640986}}}, "STS16": {"answer-answer": {"pearson": [0.6822873070691826, 3.843054001593725e-36], "spearman": [0.6811756183548426, 5.499677397704925e-36], "nsamples": 254}, "headlines": {"pearson": [0.7275032779376919, 2.6923364074215724e-42], "spearman": [0.7371138867122434, 6.255497447293974e-44], "nsamples": 249}, "plagiarism": {"pearson": [0.7858050674251198, 1.7674589273334664e-49], "spearman": [0.8300002818400668, 9.842295665137392e-60], "nsamples": 230}, "postediting": {"pearson": [0.8719264085154012, 5.225115589294896e-77], "spearman": [0.8703350572943572, 2.1043095965427105e-76], "nsamples": 244}, "question-question": {"pearson": [0.4881431059039172, 6.517434911524163e-14], "spearman": [0.4667578920266872, 1.0518382478344507e-12], "nsamples": 209}, "all": {"pearson": {"mean": 0.7111330333702626, "wmean": 0.7166580189894703}, "spearman": {"mean": 0.7170765472456394, "wmean": 0.7229124646628117}}}}