{"MR": {"devacc": 66.5, "acc": 66.27, "ndev": 10662, "ntest": 10662}, "CR": {"devacc": 76.7, "acc": 75.39, "ndev": 3775, "ntest": 3775}, "SUBJ": {"devacc": 87.59, "acc": 86.97, "ndev": 10000, "ntest": 10000}, "MPQA": {"devacc": 86.43, "acc": 86.62, "ndev": 10606, "ntest": 10606}, "SST5": {"devacc": 37.42, "acc": 34.39, "ndev": 1101, "ntest": 2210}, "TREC": {"devacc": 75.88, "acc": 83.6, "ndev": 5452, "ntest": 500}, "MRPC": {"devacc": 72.33, "acc": 72.35, "f1": 80.17, "ndev": 4076, "ntest": 1725}, "STS12": {"MSRpar": {"pearson": [0.4295201818330105, 5.062591172889184e-35], "spearman": [0.4387652702267235, 1.2260634632141102e-36], "nsamples": 750}, "MSRvid": {"pearson": [0.7432498438758733, 1.0441256798397824e-132], "spearman": [0.7524984480837071, 8.203490682884971e-138], "nsamples": 750}, "SMTeuroparl": {"pearson": [0.5771088003779051, 4.1043676756342685e-42], "spearman": [0.65083772117384, 1.213913250506467e-56], "nsamples": 459}, "surprise.OnWN": {"pearson": [0.6439414609331332, 4.6311005496990276e-89], "spearman": [0.6702634297941085, 5.675089739008928e-99], "nsamples": 750}, "surprise.SMTnews": {"pearson": [0.6246094657369129, 1.4913804062353006e-44], "spearman": [0.5425347809462319, 6.471302617749186e-32], "nsamples": 399}, "all": {"pearson": {"mean": 0.6036859505513671, "wmean": 0.6038113678198197}, "spearman": {"mean": 0.6109799300449222, "wmean": 0.6149778805324143}}}, "STS13": {"FNWN": {"pearson": [0.24277444946884388, 0.0007627907425970024], "spearman": [0.27283491943200333, 0.00014569588150292916], "nsamples": 189}, "headlines": {"pearson": [0.7043427273148097, 1.9664829756046187e-113], "spearman": [0.7033077767999223, 5.797547969784424e-113], "nsamples": 750}, "OnWN": {"pearson": [0.5134175491296754, 4.7220774911968055e-39], "spearman": [0.5307386775786981, 4.380033875715907e-42], "nsamples": 561}, "all": {"pearson": {"mean": 0.48684490863777635, "wmean": 0.5747791076649778}, "spearman": {"mean": 0.5022937912702079, "wmean": 0.5845273536628266}}}, "STS14": {"deft-forum": {"pearson": [0.4599123132609902, 6.180904062111386e-25], "spearman": [0.4519445664891027, 4.906645039063715e-24], "nsamples": 450}, "deft-news": {"pearson": [0.7649973445809167, 6.831162914329573e-59], "spearman": [0.7438819148559506, 4.3195997328482186e-54], "nsamples": 300}, "headlines": {"pearson": [0.6845306988128597, 8.747290228320031e-105], "spearman": [0.6701364228527311, 6.371679930489139e-99], "nsamples": 750}, "images": {"pearson": [0.7214526417490138, 1.6715009014601893e-121], "spearman": [0.7256371016047255, 1.4335078395001801e-123], "nsamples": 750}, "OnWN": {"pearson": [0.6269044222585999, 3.7746244439503224e-83], "spearman": [0.6732005702187037, 3.838483798442164e-100], "nsamples": 750}, "tweet-news": {"pearson": [0.7070623424905825, 1.1220298503381146e-114], "spearman": [0.6627160871157008, 5.001657142412091e-96], "nsamples": 750}, "all": {"pearson": {"mean": 0.6608099605254938, "wmean": 0.6643792862200033}, "spearman": {"mean": 0.6545861105228191, "wmean": 0.6600819375255406}}}, "STS15": {"answers-forums": {"pearson": [0.6052223378939869, 7.655379623542432e-39], "spearman": [0.5887595507350256, 2.34380339516722e-36], "nsamples": 375}, "answers-students": {"pearson": [0.7568094026444513, 2.861147804498524e-140], "spearman": [0.76507889126724, 3.938706716453554e-145], "nsamples": 750}, "belief": {"pearson": [0.7189090498788216, 6.960654570660865e-61], "spearman": [0.7135648625694195, 1.31555056231032e-59], "nsamples": 375}, "headlines": {"pearson": [0.7190385991565564, 2.5016603198904032e-120], "spearman": [0.7296659077690208, 1.3489363825698573e-125], "nsamples": 750}, "images": {"pearson": [0.7839001914240084, 5.54046540264985e-157], "spearman": [0.7950149168457422, 1.4781285712464566e-164], "nsamples": 750}, "all": {"pearson": {"mean": 0.7167759161995649, "wmean": 0.730453471777855}, "spearman": {"mean": 0.7184168258372895, "wmean": 0.7352304806335564}}}, "STS16": {"answer-answer": {"pearson": [0.6779870538109267, 1.5240682353560592e-35], "spearman": [0.6768541114413383, 2.1824665761595828e-35], "nsamples": 254}, "headlines": {"pearson": [0.7146407793385038, 3.241108694893809e-40], "spearman": [0.7256163617718968, 5.530241925295105e-42], "nsamples": 249}, "plagiarism": {"pearson": [0.7793871008650763, 3.422032071316032e-48], "spearman": [0.8231207857500082, 5.946403845668961e-58], "nsamples": 230}, "postediting": {"pearson": [0.8672188074631093, 3.055029100946096e-75], "spearman": [0.8616215940770837, 3.1606702019022233e-73], "nsamples": 244}, "question-question": {"pearson": [0.487635534977203, 6.977964801965265e-14], "spearman": [0.4726815570338283, 4.962859293958825e-13], "nsamples": 209}, "all": {"pearson": {"mean": 0.7053738552909637, "wmean": 0.7107339922035957}, "spearman": {"mean": 0.7119788820148312, "wmean": 0.7174901462771354}}}}