{"MR": {"devacc": 64.62, "acc": 65.39, "ndev": 10662, "ntest": 10662}, "CR": {"devacc": 74.03, "acc": 74.7, "ndev": 3775, "ntest": 3775}, "SUBJ": {"devacc": 84.83, "acc": 83.77, "ndev": 10000, "ntest": 10000}, "MPQA": {"devacc": 84.37, "acc": 85.1, "ndev": 10606, "ntest": 10606}, "SST5": {"devacc": 36.6, "acc": 38.01, "ndev": 1101, "ntest": 2210}, "TREC": {"devacc": 69.0, "acc": 79.4, "ndev": 5452, "ntest": 500}, "MRPC": {"devacc": 71.49, "acc": 71.77, "f1": 81.22, "ndev": 4076, "ntest": 1725}, "STS12": {"MSRpar": {"pearson": [0.4079062045539236, 1.95908188781623e-31], "spearman": [0.4121582308566157, 4.043686116203257e-32], "nsamples": 750}, "MSRvid": {"pearson": [0.7089605850597265, 1.490776996771842e-115], "spearman": [0.7156509850904446, 1.0630760366236716e-118], "nsamples": 750}, "SMTeuroparl": {"pearson": [0.5532285205307717, 3.70273456889546e-38], "spearman": [0.6282396372669933, 9.014280811456968e-52], "nsamples": 459}, "surprise.OnWN": {"pearson": [0.6188682449125227, 1.735885098169767e-80], "spearman": [0.6454594988533369, 1.32010721747336e-89], "nsamples": 750}, "surprise.SMTnews": {"pearson": [0.5783331255404024, 5.455476068180935e-37], "spearman": [0.5092265478762076, 1.03502556356299e-27], "nsamples": 399}, "all": {"pearson": {"mean": 0.5734593361194693, "wmean": 0.574803115800796}, "spearman": {"mean": 0.5821469799887196, "wmean": 0.5860665772871476}}}, "STS13": {"FNWN": {"pearson": [0.1681347969530673, 0.020743249084537303], "spearman": [0.19599767344424468, 0.006873453596518387], "nsamples": 189}, "headlines": {"pearson": [0.6677935035384089, 5.337459719228691e-98], "spearman": [0.6662786154214991, 2.0878812401168266e-97], "nsamples": 750}, "OnWN": {"pearson": [0.5392547067665184, 1.2161401206577365e-43], "spearman": [0.5501693404636839, 1.0567170524977512e-45], "nsamples": 561}, "all": {"pearson": {"mean": 0.4583943357526649, "wmean": 0.5567629965159688}, "spearman": {"mean": 0.4708152097764759, "wmean": 0.5635983478981422}}}, "STS14": {"deft-forum": {"pearson": [0.463515325324547, 2.3788412972181557e-25], "spearman": [0.46429187888158513, 1.9334887946914037e-25], "nsamples": 450}, "deft-news": {"pearson": [0.7158690296037145, 2.0925280549995124e-48], "spearman": [0.6967233803499888, 6.697799248900764e-45], "nsamples": 300}, "headlines": {"pearson": [0.6603050612019481, 4.187353976765713e-95], "spearman": [0.6453615743661367, 1.4317400924999473e-89], "nsamples": 750}, "images": {"pearson": [0.7042779278219197, 2.1045029221724125e-113], "spearman": [0.7066563893257027, 1.724074692241413e-114], "nsamples": 750}, "OnWN": {"pearson": [0.6535051873909665, 1.51036339568026e-92], "spearman": [0.6955094123294385, 1.7251633589518875e-109], "nsamples": 750}, "tweet-news": {"pearson": [0.6949552684983674, 3.0158619147567434e-109], "spearman": [0.6436172647331841, 6.049100361875294e-89], "nsamples": 750}, "all": {"pearson": {"mean": 0.6487379666402439, "wmean": 0.6555000503898831}, "spearman": {"mean": 0.6420266499976727, "wmean": 0.6496818240446817}}}, "STS15": {"answers-forums": {"pearson": [0.5374822032840199, 1.8585040192358207e-29], "spearman": [0.5145456938074985, 9.784627610034259e-27], "nsamples": 375}, "answers-students": {"pearson": [0.7332887062269794, 1.889199760917468e-127], "spearman": [0.7396200613313163, 9.173144120156209e-131], "nsamples": 750}, "belief": {"pearson": [0.6994486826625044, 2.260037672327673e-56], "spearman": [0.6884638971873956, 5.535637077611691e-54], "nsamples": 375}, "headlines": {"pearson": [0.6901315609509232, 3.697225859021671e-107], "spearman": [0.6968540955440813, 4.4245808782195465e-110], "nsamples": 750}, "images": {"pearson": [0.7713384422454345, 6.028728980416835e-149], "spearman": [0.780043062148307, 1.8520413773686877e-154], "nsamples": 750}, "all": {"pearson": {"mean": 0.6863379190739722, "wmean": 0.7033060380991498}, "spearman": {"mean": 0.6839053620037198, "wmean": 0.7045055036302879}}}, "STS16": {"answer-answer": {"pearson": [0.6374555797262881, 2.2843917446955147e-30], "spearman": [0.6199179183729185, 2.3251339246678415e-28], "nsamples": 254}, "headlines": {"pearson": [0.7001511474075857, 5.257998149832269e-38], "spearman": [0.7054900820827597, 8.358626991335393e-39], "nsamples": 249}, "plagiarism": {"pearson": [0.7840058045727569, 4.09800454024334e-49], "spearman": [0.8151883257997221, 5.426437121467065e-56], "nsamples": 230}, "postediting": {"pearson": [0.8591391758848003, 2.3187203882796034e-72], "spearman": [0.85904770699813, 2.4935667361376116e-72], "nsamples": 244}, "question-question": {"pearson": [0.4572926609215483, 3.391112787780625e-12], "spearman": [0.4399795201874634, 2.6346024391290635e-11], "nsamples": 209}, "all": {"pearson": {"mean": 0.6876088737025958, "wmean": 0.69289781876492}, "spearman": {"mean": 0.6879247106881987, "wmean": 0.6932401828549646}}}}