{"MR": {"devacc": 68.63, "acc": 68.73, "ndev": 10662, "ntest": 10662}, "CR": {"devacc": 77.01, "acc": 74.97, "ndev": 3775, "ntest": 3775}, "SUBJ": {"devacc": 89.31, "acc": 89.29, "ndev": 10000, "ntest": 10000}, "MPQA": {"devacc": 87.4, "acc": 86.74, "ndev": 10606, "ntest": 10606}, "SST5": {"devacc": 37.51, "acc": 37.01, "ndev": 1101, "ntest": 2210}, "TREC": {"devacc": 78.28, "acc": 88.4, "ndev": 5452, "ntest": 500}, "MRPC": {"devacc": 74.41, "acc": 72.12, "f1": 80.42, "ndev": 4076, "ntest": 1725}, "STS12": {"MSRpar": {"pearson": [0.4075553150836868, 2.2292748430684716e-31], "spearman": [0.4154085647457701, 1.1919308781708954e-32], "nsamples": 750}, "MSRvid": {"pearson": [0.7485588265108959, 1.3055375608534653e-135], "spearman": [0.7590095610459879, 1.5219787883698193e-141], "nsamples": 750}, "SMTeuroparl": {"pearson": [0.587684959211479, 5.692998850513351e-44], "spearman": [0.6624184535942137, 2.6491887730180754e-59], "nsamples": 459}, "surprise.OnWN": {"pearson": [0.6447077624190798, 2.4599110698623257e-89], "spearman": [0.681188497531841, 2.153560531953472e-103], "nsamples": 750}, "surprise.SMTnews": {"pearson": [0.6508628502319355, 1.9393848885829748e-49], "spearman": [0.5849269039781715, 5.403373866541188e-38], "nsamples": 399}, "all": {"pearson": {"mean": 0.6078739426914155, "wmean": 0.6049092990768526}, "spearman": {"mean": 0.6205903961791968, "wmean": 0.6207016963898758}}}, "STS13": {"FNWN": {"pearson": [0.27197084862432785, 0.00015322182171864562], "spearman": [0.30511578475825213, 1.9629332621983272e-05], "nsamples": 189}, "headlines": {"pearson": [0.7204497210427877, 5.162044968028126e-121], "spearman": [0.720933969050467, 2.9966603896802095e-121], "nsamples": 750}, "OnWN": {"pearson": [0.48894858643838085, 4.699776953934822e-35], "spearman": [0.509666785919369, 2.033124998485707e-38], "nsamples": 561}, "all": {"pearson": {"mean": 0.49378971870183214, "wmean": 0.5773599587760136}, "spearman": {"mean": 0.5119055132426961, "wmean": 0.5895269513386173}}}, "STS14": {"deft-forum": {"pearson": [0.4669668000991736, 9.429225946820078e-26], "spearman": [0.46485686962073514, 1.6622596399631718e-25], "nsamples": 450}, "deft-news": {"pearson": [0.7764321991618078, 1.0426565885781339e-61], "spearman": [0.7491324951092606, 3.0660901604829828e-55], "nsamples": 300}, "headlines": {"pearson": [0.6916864406238057, 7.92826888646684e-108], "spearman": [0.6788252488219378, 2.0218432293907406e-102], "nsamples": 750}, "images": {"pearson": [0.7170175212012111, 2.3582347735727943e-119], "spearman": [0.7216641187673188, 1.3169505505606057e-121], "nsamples": 750}, "OnWN": {"pearson": [0.6223505881589009, 1.2451895796373143e-81], "spearman": [0.6800652436055193, 6.259999743775823e-103], "nsamples": 750}, "tweet-news": {"pearson": [0.728036042542479, 8.998516395372161e-125], "spearman": [0.6779275072314316, 4.70778269962809e-102], "nsamples": 750}, "all": {"pearson": {"mean": 0.6670815986312298, "wmean": 0.6699687104501247}, "spearman": {"mean": 0.6620785805260339, "wmean": 0.6674098476484707}}}, "STS15": {"answers-forums": {"pearson": [0.6383768129865701, 2.582357047874942e-44], "spearman": [0.6337309701418331, 1.6561086489600566e-43], "nsamples": 375}, "answers-students": {"pearson": [0.7645968736886688, 7.659365183228155e-145], "spearman": [0.7702612389245747, 2.7886982012269252e-148], "nsamples": 750}, "belief": {"pearson": [0.7406519460963276, 2.1241616766408725e-66], "spearman": [0.7338082012902367, 1.3235106539174016e-64], "nsamples": 375}, "headlines": {"pearson": [0.7236341547526439, 1.4138985494545335e-122], "spearman": [0.7374869723816074, 1.2293901785133568e-129], "nsamples": 750}, "images": {"pearson": [0.7993982250400804, 1.1286637740638274e-167], "spearman": [0.8102711528452313, 9.416919205241376e-176], "nsamples": 750}, "all": {"pearson": {"mean": 0.7333316025128581, "wmean": 0.7442859082557105}, "spearman": {"mean": 0.7371117071166966, "wmean": 0.7504472374668621}}}, "STS16": {"answer-answer": {"pearson": [0.6863795013038275, 1.013152790456463e-36], "spearman": [0.6939559162739412, 8.092877737679491e-38], "nsamples": 254}, "headlines": {"pearson": [0.7255076863420888, 5.763276778304032e-42], "spearman": [0.7361855383936411, 9.061548995706714e-44], "nsamples": 249}, "plagiarism": {"pearson": [0.7875821035648234, 7.641204359362327e-50], "spearman": [0.8322266494940297, 2.508814075078935e-60], "nsamples": 230}, "postediting": {"pearson": [0.869013577569771, 6.598864646622057e-76], "spearman": [0.8669761847906985, 3.751802053856804e-75], "nsamples": 244}, "question-question": {"pearson": [0.4689471698833554, 7.982076904746216e-13], "spearman": [0.451468423299927, 6.846770322275879e-12], "nsamples": 209}, "all": {"pearson": {"mean": 0.7074860077327731, "wmean": 0.7134780459383702}, "spearman": {"mean": 0.7161625424504474, "wmean": 0.7225010292882291}}}}