{"MR": {"devacc": 65.7, "acc": 67.35, "ndev": 10662, "ntest": 10662}, "CR": {"devacc": 75.07, "acc": 73.62, "ndev": 3775, "ntest": 3775}, "SUBJ": {"devacc": 85.89, "acc": 85.95, "ndev": 10000, "ntest": 10000}, "MPQA": {"devacc": 85.62, "acc": 85.88, "ndev": 10606, "ntest": 10606}, "SST5": {"devacc": 36.97, "acc": 36.79, "ndev": 1101, "ntest": 2210}, "TREC": {"devacc": 70.95, "acc": 79.4, "ndev": 5452, "ntest": 500}, "MRPC": {"devacc": 72.74, "acc": 66.96, "f1": 73.39, "ndev": 4076, "ntest": 1725}, "STS12": {"MSRpar": {"pearson": [0.4052348848597935, 5.218526382759495e-31], "spearman": [0.4163850000393328, 8.236344118815005e-33], "nsamples": 750}, "MSRvid": {"pearson": [0.7326276097562234, 4.1382016750264354e-127], "spearman": [0.7427320301620604, 1.9863282768173876e-132], "nsamples": 750}, "SMTeuroparl": {"pearson": [0.5673143844670567, 1.8816074383547795e-40], "spearman": [0.6405939550055509, 2.2020344971892393e-54], "nsamples": 459}, "surprise.OnWN": {"pearson": [0.6314575236137039, 1.079724851290131e-84], "spearman": [0.664315267326501, 1.2085584691073542e-96], "nsamples": 750}, "surprise.SMTnews": {"pearson": [0.6216631427407635, 4.932937963327928e-44], "spearman": [0.5461951077032127, 2.088783320293573e-32], "nsamples": 399}, "all": {"pearson": {"mean": 0.5916595090875082, "wmean": 0.5905504858739492}, "spearman": {"mean": 0.6020442720473316, "wmean": 0.6047421803304538}}}, "STS13": {"FNWN": {"pearson": [0.27507002022439114, 0.00012779936961384718], "spearman": [0.2895165886939657, 5.329879553768614e-05], "nsamples": 189}, "headlines": {"pearson": [0.6976121481189751, 2.0477358127502874e-110], "spearman": [0.6979497602971984, 1.4518313348618455e-110], "nsamples": 750}, "OnWN": {"pearson": [0.45219644046724156, 1.26324397467287e-29], "spearman": [0.474177487366891, 8.583838007987633e-33], "nsamples": 561}, "all": {"pearson": {"mean": 0.4749595362702026, "wmean": 0.5525863653425092}, "spearman": {"mean": 0.4872146121193517, "wmean": 0.562796350599256}}}, "STS14": {"deft-forum": {"pearson": [0.4430251439227182, 4.6804688848678664e-23], "spearman": [0.44523217895633316, 2.6952719527732736e-23], "nsamples": 450}, "deft-news": {"pearson": [0.7303272316734414, 2.9890125917361924e-51], "spearman": [0.7181422379655281, 7.676904001625408e-49], "nsamples": 300}, "headlines": {"pearson": [0.6879300712001065, 3.216924604007058e-106], "spearman": [0.6810429598896188, 2.4735374912228834e-103], "nsamples": 750}, "images": {"pearson": [0.7082827447620048, 3.070750534880479e-115], "spearman": [0.7083223020153073, 2.944115432483742e-115], "nsamples": 750}, "OnWN": {"pearson": [0.5893587505261385, 2.4287890507027524e-71], "spearman": [0.6493078839197308, 5.306112548594877e-91], "nsamples": 750}, "tweet-news": {"pearson": [0.7074634654241544, 7.334274547938022e-115], "spearman": [0.666719355413962, 1.405148160894196e-97], "nsamples": 750}, "all": {"pearson": {"mean": 0.6443979012514273, "wmean": 0.6501962021870824}, "spearman": {"mean": 0.64479448636008, "wmean": 0.651957740759726}}}, "STS15": {"answers-forums": {"pearson": [0.6287279589515447, 1.182868459507573e-42], "spearman": [0.6198425836805029, 3.560756935643318e-41], "nsamples": 375}, "answers-students": {"pearson": [0.7555229201189232, 1.5676986846742867e-139], "spearman": [0.7621998383620077, 2.0432886422701967e-143], "nsamples": 750}, "belief": {"pearson": [0.7393096406649503, 4.826278173334552e-66], "spearman": [0.7432163252580216, 4.365984926478195e-67], "nsamples": 375}, "headlines": {"pearson": [0.7180308658517928, 7.675838784693087e-120], "spearman": [0.7309683140450703, 2.931274667174441e-126], "nsamples": 750}, "images": {"pearson": [0.7782934912592648, 2.4874164574602205e-153], "spearman": [0.7900108277272913, 4.330323493999979e-161], "nsamples": 750}, "all": {"pearson": {"mean": 0.7239769753692952, "wmean": 0.7339665192595569}, "spearman": {"mean": 0.7292475778145787, "wmean": 0.7411771086509079}}}, "STS16": {"answer-answer": {"pearson": [0.6408853551828586, 8.929758884791616e-31], "spearman": [0.6304808724155253, 1.488039218692574e-29], "nsamples": 254}, "headlines": {"pearson": [0.7225924776466456, 1.7311030692081664e-41], "spearman": [0.7342689772981991, 1.9378479148904855e-43], "nsamples": 249}, "plagiarism": {"pearson": [0.767579818079832, 6.201450684789512e-46], "spearman": [0.8018029647753384, 6.872163758696899e-53], "nsamples": 230}, "postediting": {"pearson": [0.8633646586735653, 7.619957291520747e-74], "spearman": [0.8616349994051101, 3.1265108495964807e-73], "nsamples": 244}, "question-question": {"pearson": [0.4758477381565804, 3.3020078987011656e-13], "spearman": [0.4582114538815669, 3.0316208822169486e-12], "nsamples": 209}, "all": {"pearson": {"mean": 0.6940540095478963, "wmean": 0.6992975710791715}, "spearman": {"mean": 0.6972798535551481, "wmean": 0.702693872306254}}}}