{"MR": {"devacc": 63.4, "acc": 62.91, "ndev": 10662, "ntest": 10662}, "CR": {"devacc": 72.64, "acc": 71.97, "ndev": 3775, "ntest": 3775}, "SUBJ": {"devacc": 83.13, "acc": 82.27, "ndev": 10000, "ntest": 10000}, "MPQA": {"devacc": 82.62, "acc": 82.93, "ndev": 10606, "ntest": 10606}, "SST5": {"devacc": 31.79, "acc": 29.59, "ndev": 1101, "ntest": 2210}, "TREC": {"devacc": 62.88, "acc": 75.4, "ndev": 5452, "ntest": 500}, "MRPC": {"devacc": 71.61, "acc": 64.58, "f1": 71.22, "ndev": 4076, "ntest": 1725}, "STS12": {"MSRpar": {"pearson": [0.3282656431567082, 2.6570801154512492e-20], "spearman": [0.34594348312837137, 1.6512954339356588e-22], "nsamples": 750}, "MSRvid": {"pearson": [0.707364259909069, 8.148041606015387e-115], "spearman": [0.7136103643165277, 9.907720917826436e-118], "nsamples": 750}, "SMTeuroparl": {"pearson": [0.5707721683697597, 4.947546472673551e-41], "spearman": [0.6483849909655621, 4.294578036364411e-56], "nsamples": 459}, "surprise.OnWN": {"pearson": [0.6061235479761709, 2.028920556005978e-76], "spearman": [0.6228617548353713, 8.43431136004487e-82], "nsamples": 750}, "surprise.SMTnews": {"pearson": [0.5798081549129704, 3.2672302707138073e-37], "spearman": [0.5039894832157298, 4.3126372556422286e-27], "nsamples": 399}, "all": {"pearson": {"mean": 0.5584667548649357, "wmean": 0.5549044296568392}, "spearman": {"mean": 0.5669580152923125, "wmean": 0.5664453720612844}}}, "STS13": {"FNWN": {"pearson": [0.17650291069260676, 0.015118761768166485], "spearman": [0.13778426026620474, 0.05866683188198409], "nsamples": 189}, "headlines": {"pearson": [0.6573472076172907, 5.526369025658483e-94], "spearman": [0.6512331571732246, 1.0443059403372781e-91], "nsamples": 750}, "OnWN": {"pearson": [0.4141639536404243, 1.162268851124776e-24], "spearman": [0.4391846693451701, 7.429089372693983e-28], "nsamples": 561}, "all": {"pearson": {"mean": 0.4160046906501072, "wmean": 0.5058102892174324}, "spearman": {"mean": 0.4094006955948665, "wmean": 0.5072324617152477}}}, "STS14": {"deft-forum": {"pearson": [0.43252506696986226, 6.122183668400501e-22], "spearman": [0.4242537823641604, 4.3599362741456396e-21], "nsamples": 450}, "deft-news": {"pearson": [0.7104859435173727, 2.1631602948839244e-47], "spearman": [0.7021055310876093, 7.393976674832024e-46], "nsamples": 300}, "headlines": {"pearson": [0.628195539726628, 1.3860466073165083e-83], "spearman": [0.6122193659547137, 2.425548533761357e-78], "nsamples": 750}, "images": {"pearson": [0.6626902751382664, 5.117278277339367e-96], "spearman": [0.6670375696731052, 1.055276901063954e-97], "nsamples": 750}, "OnWN": {"pearson": [0.5680424406184359, 2.679425639113464e-65], "spearman": [0.6117327664317178, 3.465866139053214e-78], "nsamples": 750}, "tweet-news": {"pearson": [0.6446638521256962, 2.5508515203473503e-89], "spearman": [0.6059026186712666, 2.377711732533762e-76], "nsamples": 750}, "all": {"pearson": {"mean": 0.607767186349377, "wmean": 0.6094603050395786}, "spearman": {"mean": 0.6038752723637622, "wmean": 0.6064573605168686}}}, "STS15": {"answers-forums": {"pearson": [0.49744122079647396, 7.7568219680579745e-25], "spearman": [0.4653701479053427, 1.4962499755235172e-21], "nsamples": 375}, "answers-students": {"pearson": [0.6940846060173101, 7.234940634522693e-109], "spearman": [0.699018171182547, 4.873894054839557e-111], "nsamples": 750}, "belief": {"pearson": [0.6626268023063476, 9.202525376604302e-49], "spearman": [0.6711189323957079, 2.0240236620752535e-50], "nsamples": 375}, "headlines": {"pearson": [0.6772879722496704, 8.58048196823451e-102], "spearman": [0.6836986236211205, 1.9498275700884963e-104], "nsamples": 750}, "images": {"pearson": [0.7412548594488576, 1.233452218975517e-131], "spearman": [0.7503482303924842, 1.3208077475353876e-136], "nsamples": 750}, "all": {"pearson": {"mean": 0.6545390921637319, "wmean": 0.6731653623168122}, "spearman": {"mean": 0.6539108210994404, "wmean": 0.6753273913366693}}}, "STS16": {"answer-answer": {"pearson": [0.6399597643235843, 1.1519614645678514e-30], "spearman": [0.6359747853476246, 3.414316536239376e-30], "nsamples": 254}, "headlines": {"pearson": [0.7021379899138516, 2.6648582159078546e-38], "spearman": [0.7079141169068623, 3.577351957602373e-39], "nsamples": 249}, "plagiarism": {"pearson": [0.7781299156365261, 6.043904092117287e-48], "spearman": [0.8093843846131209, 1.288056184020042e-54], "nsamples": 230}, "postediting": {"pearson": [0.8412209032253976, 1.437962305392858e-66], "spearman": [0.8526167168762485, 3.651357159750047e-70], "nsamples": 244}, "question-question": {"pearson": [0.35046685980853914, 1.969477060348718e-07], "spearman": [0.3259196068715641, 1.4672277573479248e-06], "nsamples": 209}, "all": {"pearson": {"mean": 0.6623830865815796, "wmean": 0.6702002481535599}, "spearman": {"mean": 0.6663619221230841, "wmean": 0.6746393725152486}}}}