{"MR": {"devacc": 66.91, "acc": 65.76, "ndev": 10662, "ntest": 10662}, "CR": {"devacc": 75.37, "acc": 75.34, "ndev": 3775, "ntest": 3775}, "SUBJ": {"devacc": 87.5, "acc": 86.66, "ndev": 10000, "ntest": 10000}, "MPQA": {"devacc": 86.11, "acc": 85.64, "ndev": 10606, "ntest": 10606}, "SST5": {"devacc": 37.24, "acc": 37.1, "ndev": 1101, "ntest": 2210}, "TREC": {"devacc": 71.97, "acc": 79.6, "ndev": 5452, "ntest": 500}, "MRPC": {"devacc": 73.31, "acc": 70.49, "f1": 80.84, "ndev": 4076, "ntest": 1725}, "STS12": {"MSRpar": {"pearson": [0.42601558857141686, 2.0135378310756094e-34], "spearman": [0.4385756697743595, 1.32481407420395e-36], "nsamples": 750}, "MSRvid": {"pearson": [0.736946219297192, 2.3642122617495308e-129], "spearman": [0.7484229497128293, 1.5523713997119425e-135], "nsamples": 750}, "SMTeuroparl": {"pearson": [0.5926022552046081, 7.379535165443731e-45], "spearman": [0.6695308981952366, 5.358617325704579e-61], "nsamples": 459}, "surprise.OnWN": {"pearson": [0.6301809311237773, 2.9423555155233075e-84], "spearman": [0.6686285923431262, 2.5077764571068467e-98], "nsamples": 750}, "surprise.SMTnews": {"pearson": [0.6423129136301553, 8.538535432415545e-48], "spearman": [0.5550909912667585, 1.2614117975298853e-33], "nsamples": 399}, "all": {"pearson": {"mean": 0.6056115815654299, "wmean": 0.6026847946980812}, "spearman": {"mean": 0.616049820258462, "wmean": 0.6179267685520549}}}, "STS13": {"FNWN": {"pearson": [0.2532486178098805, 0.00043812017795533614], "spearman": [0.25652209288924904, 0.0003666294047425885], "nsamples": 189}, "headlines": {"pearson": [0.7088429038957217, 1.690295095780969e-115], "spearman": [0.7100113283993389, 4.843268742784607e-116], "nsamples": 750}, "OnWN": {"pearson": [0.5254697135786477, 3.8243641799913084e-41], "spearman": [0.537764327502301, 2.2940149434907e-43], "nsamples": 561}, "all": {"pearson": {"mean": 0.49585374509474994, "wmean": 0.58285645067032}, "spearman": {"mean": 0.5014325829302962, "wmean": 0.5884513063895754}}}, "STS14": {"deft-forum": {"pearson": [0.4499802204420344, 8.1094204696925e-24], "spearman": [0.4450567170935936, 2.8165799895262323e-23], "nsamples": 450}, "deft-news": {"pearson": [0.7325358015645518, 1.0583536891614115e-51], "spearman": [0.716459808676018, 1.6140075579956073e-48], "nsamples": 300}, "headlines": {"pearson": [0.6945575664169551, 4.499538012986756e-109], "spearman": [0.6800523823772612, 6.336776606315272e-103], "nsamples": 750}, "images": {"pearson": [0.7205421735631793, 4.653376712620379e-121], "spearman": [0.7237065194571676, 1.3021418733408005e-122], "nsamples": 750}, "OnWN": {"pearson": [0.6276324599339137, 2.1467597958924e-83], "spearman": [0.6789005378592099, 1.883231071389451e-102], "nsamples": 750}, "tweet-news": {"pearson": [0.7003765714512843, 1.2081556769069387e-111], "spearman": [0.6595493709757703, 8.117510179286095e-95], "nsamples": 750}, "all": {"pearson": {"mean": 0.6542707988953198, "wmean": 0.6612222448512747}, "spearman": {"mean": 0.6506208894065034, "wmean": 0.6591653528791944}}}, "STS15": {"answers-forums": {"pearson": [0.5887618579823611, 2.3419774113667363e-36], "spearman": [0.5735838900742912, 3.4578035489350902e-34], "nsamples": 375}, "answers-students": {"pearson": [0.7647084744842996, 6.567196950277329e-145], "spearman": [0.7704660555996576, 2.085485774129476e-148], "nsamples": 750}, "belief": {"pearson": [0.7059969408055956, 7.540448589593833e-58], "spearman": [0.7009580136947564, 1.040678120388968e-56], "nsamples": 375}, "headlines": {"pearson": [0.7225970501069016, 4.588440878815698e-122], "spearman": [0.7384481114043473, 3.829749250568602e-130], "nsamples": 750}, "images": {"pearson": [0.7994660291224354, 1.008645110847011e-167], "spearman": [0.8089737765418897, 9.226821025313847e-175], "nsamples": 750}, "all": {"pearson": {"mean": 0.7163060705003186, "wmean": 0.7335377382769037}, "spearman": {"mean": 0.7184859694629885, "wmean": 0.7387897238576046}}}, "STS16": {"answer-answer": {"pearson": [0.676430452718793, 2.495069777383531e-35], "spearman": [0.6773340035418804, 1.8749013789814124e-35], "nsamples": 254}, "headlines": {"pearson": [0.7211030365721763, 3.0200577639091597e-41], "spearman": [0.7282333346892879, 2.0345702448635988e-42], "nsamples": 249}, "plagiarism": {"pearson": [0.7839647525164379, 4.177000366649986e-49], "spearman": [0.8160531213363642, 3.3529458014802487e-56], "nsamples": 230}, "postediting": {"pearson": [0.8565849294437988, 1.732338595890392e-71], "spearman": [0.8559963833039322, 2.738284119805015e-71], "nsamples": 244}, "question-question": {"pearson": [0.49435672000753433, 2.7995081848803097e-14], "spearman": [0.4687581079879639, 8.175195021523262e-13], "nsamples": 209}, "all": {"pearson": {"mean": 0.7064879782517481, "wmean": 0.7116417887366675}, "spearman": {"mean": 0.7092749901718858, "wmean": 0.7149230330862378}}}}