{"MR": {"devacc": 67.66, "acc": 64.85, "ndev": 10662, "ntest": 10662}, "CR": {"devacc": 77.73, "acc": 76.4, "ndev": 3775, "ntest": 3775}, "SUBJ": {"devacc": 88.96, "acc": 88.48, "ndev": 10000, "ntest": 10000}, "MPQA": {"devacc": 86.92, "acc": 86.68, "ndev": 10606, "ntest": 10606}, "SST5": {"devacc": 35.51, "acc": 37.01, "ndev": 1101, "ntest": 2210}, "TREC": {"devacc": 74.98, "acc": 82.8, "ndev": 5452, "ntest": 500}, "MRPC": {"devacc": 74.31, "acc": 72.29, "f1": 79.54, "ndev": 4076, "ntest": 1725}, "STS12": {"MSRpar": {"pearson": [0.3911824853216048, 7.819158997389094e-29], "spearman": [0.4023959525165098, 1.4639511093550323e-30], "nsamples": 750}, "MSRvid": {"pearson": [0.74944710657398, 4.197026442400467e-136], "spearman": [0.7601603494465698, 3.2396625074885403e-142], "nsamples": 750}, "SMTeuroparl": {"pearson": [0.5788542320932448, 2.0477888802022116e-42], "spearman": [0.6553414235671755, 1.1567739893856474e-57], "nsamples": 459}, "surprise.OnWN": {"pearson": [0.6423642557269917, 1.693296417038094e-88], "spearman": [0.6776210783175244, 6.27782875525677e-102], "nsamples": 750}, "surprise.SMTnews": {"pearson": [0.628969455044201, 2.480455755166758e-45], "spearman": [0.5499277151349292, 6.498938442210379e-33], "nsamples": 399}, "all": {"pearson": {"mean": 0.5981635069520045, "wmean": 0.5964923715606074}, "spearman": {"mean": 0.6090893037965418, "wmean": 0.6114401245066355}}}, "STS13": {"FNWN": {"pearson": [0.23400891429371617, 0.0011916700105181995], "spearman": [0.25572026089097055, 0.0003830640831157559], "nsamples": 189}, "headlines": {"pearson": [0.7128194429048037, 2.341104808872046e-117], "spearman": [0.7116090174090435, 8.679501067454041e-117], "nsamples": 750}, "OnWN": {"pearson": [0.5296452872279976, 6.888561100622041e-42], "spearman": [0.5503899533739149, 9.583278588175445e-46], "nsamples": 561}, "all": {"pearson": {"mean": 0.4921578814755058, "wmean": 0.5839821820766812}, "spearman": {"mean": 0.5059064105579764, "wmean": 0.5938711041386282}}}, "STS14": {"deft-forum": {"pearson": [0.4672207346378234, 8.804953622574148e-26], "spearman": [0.4571938881591187, 1.260907909195159e-24], "nsamples": 450}, "deft-news": {"pearson": [0.755380438091379, 1.2070421813416977e-56], "spearman": [0.7298740606735697, 3.693980660744975e-51], "nsamples": 300}, "headlines": {"pearson": [0.6826691510280337, 5.237170754598208e-104], "spearman": [0.6724643050960125, 7.562596831096547e-100], "nsamples": 750}, "images": {"pearson": [0.7326323506470525, 4.1150320470448575e-127], "spearman": [0.7382966577351114, 4.603993539546099e-130], "nsamples": 750}, "OnWN": {"pearson": [0.6298981779976482, 3.6715768249715022e-84], "spearman": [0.6880592743656283, 2.834853928403941e-106], "nsamples": 750}, "tweet-news": {"pearson": [0.7127502947921004, 2.523539109965578e-117], "spearman": [0.6642281284243694, 1.3061044163237455e-96], "nsamples": 750}, "all": {"pearson": {"mean": 0.6634251911990062, "wmean": 0.668086918096816}, "spearman": {"mean": 0.658352719075635, "wmean": 0.6658628645572041}}}, "STS15": {"answers-forums": {"pearson": [0.6468149939926533, 8.130132723277998e-46], "spearman": [0.6380276589691437, 2.97271544860045e-44], "nsamples": 375}, "answers-students": {"pearson": [0.7622567790256272, 1.8908126599362277e-143], "spearman": [0.7682783149712497, 4.5750337242749284e-147], "nsamples": 750}, "belief": {"pearson": [0.7408027840085246, 1.9364094306030337e-66], "spearman": [0.739577927954238, 4.09779007340441e-66], "nsamples": 375}, "headlines": {"pearson": [0.7317814274162338, 1.1251274282122494e-126], "spearman": [0.7451337354859456, 9.92902418164929e-134], "nsamples": 750}, "images": {"pearson": [0.8065446158650244, 6.317467573210845e-173], "spearman": [0.8165621745313317, 1.1402810245368648e-180], "nsamples": 750}, "all": {"pearson": {"mean": 0.7376401200616127, "wmean": 0.7485979278268686}, "spearman": {"mean": 0.7415159623823817, "wmean": 0.7546942546125543}}}, "STS16": {"answer-answer": {"pearson": [0.6725275894060379, 8.474247281530659e-35], "spearman": [0.6740669955885197, 5.243533858195826e-35], "nsamples": 254}, "headlines": {"pearson": [0.7364495679430807, 8.156408292711757e-44], "spearman": [0.7489861532606502, 4.743555143164382e-46], "nsamples": 249}, "plagiarism": {"pearson": [0.7745279876372936, 3.021448586868298e-47], "spearman": [0.8154432240270149, 4.7097768155058525e-56], "nsamples": 230}, "postediting": {"pearson": [0.86918871563529, 5.67540773520148e-76], "spearman": [0.8674244254465872, 2.566027318400705e-75], "nsamples": 244}, "question-question": {"pearson": [0.4951080979781235, 2.5246299074011274e-14], "spearman": [0.48306420414206164, 1.2840723932311445e-13], "nsamples": 209}, "all": {"pearson": {"mean": 0.7095603917199651, "wmean": 0.714923293740284}, "spearman": {"mean": 0.7177970004929667, "wmean": 0.7233343077927972}}}}