{"MR": {"devacc": 67.46, "acc": 66.57, "ndev": 10662, "ntest": 10662}, "CR": {"devacc": 76.04, "acc": 76.53, "ndev": 3775, "ntest": 3775}, "SUBJ": {"devacc": 88.8, "acc": 89.07, "ndev": 10000, "ntest": 10000}, "MPQA": {"devacc": 86.48, "acc": 86.35, "ndev": 10606, "ntest": 10606}, "SST5": {"devacc": 35.97, "acc": 36.74, "ndev": 1101, "ntest": 2210}, "TREC": {"devacc": 76.94, "acc": 82.4, "ndev": 5452, "ntest": 500}, "MRPC": {"devacc": 73.31, "acc": 73.04, "f1": 81.93, "ndev": 4076, "ntest": 1725}, "STS12": {"MSRpar": {"pearson": [0.4182797280079344, 4.006335306430071e-33], "spearman": [0.4289801432672313, 6.269392645115898e-35], "nsamples": 750}, "MSRvid": {"pearson": [0.7547897020572899, 4.113735758717024e-139], "spearman": [0.7643521500736836, 1.0729339248601917e-144], "nsamples": 750}, "SMTeuroparl": {"pearson": [0.5741302128557763, 1.3316062602948113e-41], "spearman": [0.6482705450065421, 4.554084370278015e-56], "nsamples": 459}, "surprise.OnWN": {"pearson": [0.639888566056873, 1.2760732404920602e-87], "spearman": [0.6730551179116576, 4.3894422910848074e-100], "nsamples": 750}, "surprise.SMTnews": {"pearson": [0.6394656892374917, 2.9322968604837076e-47], "spearman": [0.556313890619156, 8.519250931358107e-34], "nsamples": 399}, "all": {"pearson": {"mean": 0.605310779643073, "wmean": 0.6043729326892321}, "spearman": {"mean": 0.6141943693756542, "wmean": 0.6175405344126369}}}, "STS13": {"FNWN": {"pearson": [0.2770356209755526, 0.00011378060868766608], "spearman": [0.28329169961399714, 7.8149003573119e-05], "nsamples": 189}, "headlines": {"pearson": [0.7109126748017586, 1.8388297388381091e-116], "spearman": [0.7126092919069372, 2.9405872727684368e-117], "nsamples": 750}, "OnWN": {"pearson": [0.5150470614581083, 2.490078149380252e-39], "spearman": [0.5347441848112003, 8.22060238613845e-43], "nsamples": 561}, "all": {"pearson": {"mean": 0.5009984524118064, "wmean": 0.5829904266291314}, "spearman": {"mean": 0.5102150587773783, "wmean": 0.5919937252242212}}}, "STS14": {"deft-forum": {"pearson": [0.4409671025599362, 7.80230199881464e-23], "spearman": [0.4350766258429316, 3.304695285892724e-22], "nsamples": 450}, "deft-news": {"pearson": [0.7621246479843743, 3.287967039420499e-58], "spearman": [0.74071714940185, 2.0626732282083062e-53], "nsamples": 300}, "headlines": {"pearson": [0.6856966781600041, 2.8319419488531167e-105], "spearman": [0.6770627880595586, 1.0596112987142835e-101], "nsamples": 750}, "images": {"pearson": [0.715033384390184, 2.0934400514703763e-118], "spearman": [0.7237429824568651, 1.249209617726692e-122], "nsamples": 750}, "OnWN": {"pearson": [0.6144599051858615, 4.651675738775478e-79], "spearman": [0.6753834142099022, 5.08118651499401e-101], "nsamples": 750}, "tweet-news": {"pearson": [0.7262010731367274, 7.49752862540307e-124], "spearman": [0.6824493217958618, 6.463911958383174e-104], "nsamples": 750}, "all": {"pearson": {"mean": 0.6574137985695147, "wmean": 0.6621642323204977}, "spearman": {"mean": 0.6557387136278282, "wmean": 0.6631942683577373}}}, "STS15": {"answers-forums": {"pearson": [0.6460384224971019, 1.1228068555382042e-45], "spearman": [0.6383698366293984, 2.589635421991126e-44], "nsamples": 375}, "answers-students": {"pearson": [0.7574664450409867, 1.1952826329350727e-140], "spearman": [0.7637597867051488, 2.421892744582787e-144], "nsamples": 750}, "belief": {"pearson": [0.7199782893888197, 3.834347734996124e-61], "spearman": [0.7156377428756863, 4.241281064758406e-60], "nsamples": 375}, "headlines": {"pearson": [0.7259144467833392, 1.0424694256454397e-123], "spearman": [0.7395982243047111, 9.421358494348427e-131], "nsamples": 750}, "images": {"pearson": [0.798305087751714, 6.873161520033606e-167], "spearman": [0.8075715756615987, 1.0660135729055755e-173], "nsamples": 750}, "all": {"pearson": {"mean": 0.7295405382923923, "wmean": 0.7411735838797501}, "spearman": {"mean": 0.7329874332353087, "wmean": 0.7469833441060002}}}, "STS16": {"answer-answer": {"pearson": [0.678321122591668, 1.3705284805298764e-35], "spearman": [0.6766449213182706, 2.3316595823191233e-35], "nsamples": 254}, "headlines": {"pearson": [0.727016985862419, 3.242994290554018e-42], "spearman": [0.7404541667452273, 1.6274023382447742e-44], "nsamples": 249}, "plagiarism": {"pearson": [0.7864455633899655, 1.3076352322339772e-49], "spearman": [0.8270486949902387, 5.846950898422667e-59], "nsamples": 230}, "postediting": {"pearson": [0.8687694140011459, 8.13931436959313e-76], "spearman": [0.8663603775344779, 6.308352121345328e-75], "nsamples": 244}, "question-question": {"pearson": [0.5001250263470859, 1.257983693553261e-14], "spearman": [0.4874207655463416, 7.182254257767589e-14], "nsamples": 209}, "all": {"pearson": {"mean": 0.7121356224384569, "wmean": 0.7172926995957325}, "spearman": {"mean": 0.7195857852269112, "wmean": 0.7248945779930482}}}}