{"MR": {"devacc": 65.2, "acc": 66.02, "ndev": 10662, "ntest": 10662}, "CR": {"devacc": 73.78, "acc": 72.93, "ndev": 3775, "ntest": 3775}, "SUBJ": {"devacc": 83.45, "acc": 83.02, "ndev": 10000, "ntest": 10000}, "MPQA": {"devacc": 83.53, "acc": 84.27, "ndev": 10606, "ntest": 10606}, "SST5": {"devacc": 34.6, "acc": 37.96, "ndev": 1101, "ntest": 2210}, "TREC": {"devacc": 67.35, "acc": 77.2, "ndev": 5452, "ntest": 500}, "MRPC": {"devacc": 72.57, "acc": 70.9, "f1": 81.25, "ndev": 4076, "ntest": 1725}, "STS12": {"MSRpar": {"pearson": [0.3782366687505937, 6.405740279378166e-27], "spearman": [0.38989586268763093, 1.222289459554165e-28], "nsamples": 750}, "MSRvid": {"pearson": [0.7087712806561888, 1.8245230665372586e-115], "spearman": [0.7155922488798305, 1.1339315641207272e-118], "nsamples": 750}, "SMTeuroparl": {"pearson": [0.5803806209603465, 1.1110299221480667e-42], "spearman": [0.6589967999182421, 1.66591083126557e-58], "nsamples": 459}, "surprise.OnWN": {"pearson": [0.6059029718717398, 2.3771090342284522e-76], "spearman": [0.6404920907270496, 7.812509545651608e-88], "nsamples": 750}, "surprise.SMTnews": {"pearson": [0.6112364526066396, 3.0757544449238914e-42], "spearman": [0.5119679519812578, 4.855293824892262e-28], "nsamples": 399}, "all": {"pearson": {"mean": 0.5769055989691017, "wmean": 0.5727031018564157}, "spearman": {"mean": 0.5833889908388021, "wmean": 0.5843757708249286}}}, "STS13": {"FNWN": {"pearson": [0.2035078870321502, 0.004974762139344532], "spearman": [0.19769176702452873, 0.006396216571095076], "nsamples": 189}, "headlines": {"pearson": [0.6402658286600572, 9.391445998202067e-88], "spearman": [0.6412486515789171, 4.2169273482748654e-88], "nsamples": 750}, "OnWN": {"pearson": [0.47296317108103414, 1.3024123433315872e-32], "spearman": [0.4930454707836885, 1.0593163710623261e-35], "nsamples": 561}, "all": {"pearson": {"mean": 0.4389122955910805, "wmean": 0.5226631340803862}, "spearman": {"mean": 0.4439952964623781, "wmean": 0.5299324945076487}}}, "STS14": {"deft-forum": {"pearson": [0.4177293519356528, 1.9751269778624847e-20], "spearman": [0.4256175124687996, 3.1660962441965995e-21], "nsamples": 450}, "deft-news": {"pearson": [0.7106642460493239, 2.0038313397071136e-47], "spearman": [0.6969087062836377, 6.213422058978258e-45], "nsamples": 300}, "headlines": {"pearson": [0.6403788930154226, 8.566304116766729e-88], "spearman": [0.6289740055747661, 7.558700729654103e-84], "nsamples": 750}, "images": {"pearson": [0.6747263092724374, 9.356775067801122e-101], "spearman": [0.672479212350708, 7.45961479447529e-100], "nsamples": 750}, "OnWN": {"pearson": [0.5978813685435533, 6.939351886791295e-74], "spearman": [0.6492555858571583, 5.544740857406419e-91], "nsamples": 750}, "tweet-news": {"pearson": [0.6725180616148326, 7.197751174550779e-100], "spearman": [0.6412882965637113, 4.0826527184421624e-88], "nsamples": 750}, "all": {"pearson": {"mean": 0.6189830384052036, "wmean": 0.6240815884054735}, "spearman": {"mean": 0.6190872198497968, "wmean": 0.6252262180682158}}}, "STS15": {"answers-forums": {"pearson": [0.5423910249268573, 4.562986421187076e-30], "spearman": [0.5272941835538352, 3.1884459059037e-28], "nsamples": 375}, "answers-students": {"pearson": [0.7251921072204494, 2.3878284467314046e-123], "spearman": [0.7251302566289283, 2.5631236205045577e-123], "nsamples": 750}, "belief": {"pearson": [0.7064371522310774, 5.979438108992311e-58], "spearman": [0.7066541756176612, 5.332469794286927e-58], "nsamples": 375}, "headlines": {"pearson": [0.6937446880844499, 1.0172603358579932e-108], "spearman": [0.702976757146212, 8.184586778120383e-113], "nsamples": 750}, "images": {"pearson": [0.7565982243402617, 3.785465271669556e-140], "spearman": [0.7665499986151728, 5.122816790787577e-146], "nsamples": 750}, "all": {"pearson": {"mean": 0.6848726393606192, "wmean": 0.699987277056032}, "spearman": {"mean": 0.6857210743123618, "wmean": 0.7029077979940153}}}, "STS16": {"answer-answer": {"pearson": [0.6382734487603425, 1.8279473601846385e-30], "spearman": [0.6296363602028041, 1.8610320597880198e-29], "nsamples": 254}, "headlines": {"pearson": [0.6684984363651109, 1.3035417052845668e-33], "spearman": [0.6686533542415789, 1.2443282914430543e-33], "nsamples": 249}, "plagiarism": {"pearson": [0.7700166499178593, 2.1752872131431704e-46], "spearman": [0.8097234014957739, 1.0737368763943084e-54], "nsamples": 230}, "postediting": {"pearson": [0.8607353565392951, 6.46661472190072e-73], "spearman": [0.8615243423739822, 3.419802707728703e-73], "nsamples": 244}, "question-question": {"pearson": [0.39158698254936, 4.546352657664603e-09], "spearman": [0.38427333517043816, 9.239283627274544e-09], "nsamples": 209}, "all": {"pearson": {"mean": 0.6658221748263935, "wmean": 0.6724641673436352}, "spearman": {"mean": 0.6707621586969154, "wmean": 0.6772207163841203}}}}