{"MR": {"devacc": 67.66, "acc": 68.19, "ndev": 10662, "ntest": 10662}, "CR": {"devacc": 77.56, "acc": 76.85, "ndev": 3775, "ntest": 3775}, "SUBJ": {"devacc": 89.31, "acc": 89.11, "ndev": 10000, "ntest": 10000}, "MPQA": {"devacc": 86.62, "acc": 86.74, "ndev": 10606, "ntest": 10606}, "SST5": {"devacc": 38.24, "acc": 39.68, "ndev": 1101, "ntest": 2210}, "TREC": {"devacc": 79.42, "acc": 82.8, "ndev": 5452, "ntest": 500}, "MRPC": {"devacc": 74.53, "acc": 66.96, "f1": 71.64, "ndev": 4076, "ntest": 1725}, "STS12": {"MSRpar": {"pearson": [0.387665253150986, 2.639402620874713e-28], "spearman": [0.40697265953142486, 2.761780140378728e-31], "nsamples": 750}, "MSRvid": {"pearson": [0.7479221901009616, 2.93591413509741e-135], "spearman": [0.7559779926029166, 8.599591929954846e-140], "nsamples": 750}, "SMTeuroparl": {"pearson": [0.5808759158632808, 9.104454243139745e-43], "spearman": [0.6630666391408597, 1.864885410034957e-59], "nsamples": 459}, "surprise.OnWN": {"pearson": [0.6393190615826689, 2.025400859585578e-87], "spearman": [0.6762084101428418, 2.3554705284513872e-101], "nsamples": 750}, "surprise.SMTnews": {"pearson": [0.6245145930127715, 1.5502568785985876e-44], "spearman": [0.5360781808144833, 4.599612301281557e-31], "nsamples": 399}, "all": {"pearson": {"mean": 0.5960594027421338, "wmean": 0.5942674538672149}, "spearman": {"mean": 0.6076607764465052, "wmean": 0.6105572967241059}}}, "STS13": {"FNWN": {"pearson": [0.25045504322232565, 0.0005091202555780862], "spearman": [0.27421585231792733, 0.0001343811929497926], "nsamples": 189}, "headlines": {"pearson": [0.7217421055089487, 1.2060453289790741e-121], "spearman": [0.723857246702264, 1.0968262198219764e-122], "nsamples": 750}, "OnWN": {"pearson": [0.5009494169456745, 5.645267598927404e-37], "spearman": [0.5176043925146577, 9.057496279374421e-40], "nsamples": 561}, "all": {"pearson": {"mean": 0.4910488552256496, "wmean": 0.5797834701381697}, "spearman": {"mean": 0.5052258305116163, "wmean": 0.5900638635436729}}}, "STS14": {"deft-forum": {"pearson": [0.4607295215484734, 4.982270162430754e-25], "spearman": [0.45528926524992563, 2.070016124628654e-24], "nsamples": 450}, "deft-news": {"pearson": [0.755491918287452, 1.1383391234101185e-56], "spearman": [0.7295281822351652, 4.340722226536411e-51], "nsamples": 300}, "headlines": {"pearson": [0.6902725497018198, 3.216744800482498e-107], "spearman": [0.6773841006233321, 7.840954066435234e-102], "nsamples": 750}, "images": {"pearson": [0.7224527236470784, 5.402898267964334e-122], "spearman": [0.7238521225339641, 1.1032452306168793e-122], "nsamples": 750}, "OnWN": {"pearson": [0.6297015032145157, 4.282310886232944e-84], "spearman": [0.6859076890526659, 2.3078050342122792e-105], "nsamples": 750}, "tweet-news": {"pearson": [0.7166833851074462, 3.4107581338952e-119], "spearman": [0.6676753226733592, 5.938449103413212e-98], "nsamples": 750}, "all": {"pearson": {"mean": 0.6625552669177975, "wmean": 0.667548928382985}, "spearman": {"mean": 0.6566061137280687, "wmean": 0.6639608133854686}}}, "STS15": {"answers-forums": {"pearson": [0.6301433689860859, 6.807018803855404e-43], "spearman": [0.6191202683658136, 4.673755608046075e-41], "nsamples": 375}, "answers-students": {"pearson": [0.7649727114594204, 4.560782541679729e-145], "spearman": [0.7708176999890839, 1.2654378243968505e-148], "nsamples": 750}, "belief": {"pearson": [0.7320772122752282, 3.6883546173913565e-64], "spearman": [0.7300504228286394, 1.2122889492996138e-63], "nsamples": 375}, "headlines": {"pearson": [0.730343756357922, 6.10162253911459e-126], "spearman": [0.7431594149881364, 1.1683604505328697e-132], "nsamples": 750}, "images": {"pearson": [0.8026504011276477, 4.889447991205969e-170], "spearman": [0.8118023705035714, 6.226362061385855e-177], "nsamples": 750}, "all": {"pearson": {"mean": 0.7320374900412608, "wmean": 0.7447692898939119}, "spearman": {"mean": 0.7349900353350489, "wmean": 0.7500912077695047}}}, "STS16": {"answer-answer": {"pearson": [0.681968443171776, 4.2598573511276106e-36], "spearman": [0.6765679849534987, 2.3890265385733166e-35], "nsamples": 254}, "headlines": {"pearson": [0.734242404217132, 1.958288236630486e-43], "spearman": [0.7472429874572014, 9.881014808815693e-46], "nsamples": 249}, "plagiarism": {"pearson": [0.7749665919548946, 2.4877406440481734e-47], "spearman": [0.8171610451169157, 1.8027651698496536e-56], "nsamples": 230}, "postediting": {"pearson": [0.8681569939815411, 1.375093304630946e-75], "spearman": [0.8665932951089395, 5.184305748757303e-75], "nsamples": 244}, "question-question": {"pearson": [0.4609503681454603, 2.1663692495968005e-12], "spearman": [0.43044741204958886, 7.760660845276617e-11], "nsamples": 209}, "all": {"pearson": {"mean": 0.7040569602941608, "wmean": 0.7103352384816357}, "spearman": {"mean": 0.7076025449372287, "wmean": 0.7143938326786407}}}}