{"MR": {"devacc": 64.16, "acc": 64.73, "ndev": 10662, "ntest": 10662}, "CR": {"devacc": 74.51, "acc": 74.3, "ndev": 3775, "ntest": 3775}, "SUBJ": {"devacc": 84.62, "acc": 83.47, "ndev": 10000, "ntest": 10000}, "MPQA": {"devacc": 84.19, "acc": 84.81, "ndev": 10606, "ntest": 10606}, "SST5": {"devacc": 33.33, "acc": 35.34, "ndev": 1101, "ntest": 2210}, "TREC": {"devacc": 68.29, "acc": 78.8, "ndev": 5452, "ntest": 500}, "MRPC": {"devacc": 72.03, "acc": 70.72, "f1": 78.17, "ndev": 4076, "ntest": 1725}, "STS12": {"MSRpar": {"pearson": [0.3962392187320582, 1.3251981066044363e-29], "spearman": [0.40327652121207325, 1.0642337093630336e-30], "nsamples": 750}, "MSRvid": {"pearson": [0.7093897290029294, 9.424449753377319e-116], "spearman": [0.7168290630235662, 2.9040696199463536e-119], "nsamples": 750}, "SMTeuroparl": {"pearson": [0.5659948413242525, 3.119748402275801e-40], "spearman": [0.6428329052387823, 7.1866678443683e-55], "nsamples": 459}, "surprise.OnWN": {"pearson": [0.6030462688721888, 1.828226015229122e-75], "spearman": [0.6408117135808499, 6.022100671484356e-88], "nsamples": 750}, "surprise.SMTnews": {"pearson": [0.6078951779162804, 1.1196912368513671e-41], "spearman": [0.5405658717386641, 1.1821558156523177e-31], "nsamples": 399}, "all": {"pearson": {"mean": 0.5765130471695419, "wmean": 0.5739537389355889}, "spearman": {"mean": 0.5888632149587872, "wmean": 0.589264497969979}}}, "STS13": {"FNWN": {"pearson": [0.1660375095614891, 0.022408693064238983], "spearman": [0.1386893786743341, 0.05701146198844177], "nsamples": 189}, "headlines": {"pearson": [0.6879643586735533, 3.1107980436989747e-106], "spearman": [0.6870847208514294, 7.345107934411579e-106], "nsamples": 750}, "OnWN": {"pearson": [0.5214567176527615, 1.9422888299576813e-40], "spearman": [0.5423411559880045, 3.234548714231798e-44], "nsamples": 561}, "all": {"pearson": {"mean": 0.45848619529593465, "wmean": 0.559927717943657}, "spearman": {"mean": 0.4560384185045893, "wmean": 0.5638528144781945}}}, "STS14": {"deft-forum": {"pearson": [0.44329941543720663, 4.371176247498177e-23], "spearman": [0.43339028669229274, 4.970036272111678e-22], "nsamples": 450}, "deft-news": {"pearson": [0.7394230008228881, 3.8835992225583754e-53], "spearman": [0.7036041817952926, 3.967797728566446e-46], "nsamples": 300}, "headlines": {"pearson": [0.6633509397250845, 2.8489909954117773e-96], "spearman": [0.6500704801262887, 2.7910417744597854e-91], "nsamples": 750}, "images": {"pearson": [0.6817819770575264, 1.2231090097957988e-103], "spearman": [0.6875396270339571, 4.711957742996592e-106], "nsamples": 750}, "OnWN": {"pearson": [0.6232305002296185, 6.365130387288755e-82], "spearman": [0.6792798518780497, 1.316340353110461e-102], "nsamples": 750}, "tweet-news": {"pearson": [0.6799447522660985, 7.017164286636861e-103], "spearman": [0.634153063749917, 1.2801454704060665e-85], "nsamples": 750}, "all": {"pearson": {"mean": 0.6385050975897372, "wmean": 0.6420114037739615}, "spearman": {"mean": 0.6313395818792996, "wmean": 0.638503773504341}}}, "STS15": {"answers-forums": {"pearson": [0.5419020716266151, 5.253527248968715e-30], "spearman": [0.5311533747393142, 1.098767401089461e-28], "nsamples": 375}, "answers-students": {"pearson": [0.7445572991920875, 2.0442257277101977e-133], "spearman": [0.7501049304926474, 1.8055823617063995e-136], "nsamples": 750}, "belief": {"pearson": [0.6872896099698091, 9.823767095002266e-54], "spearman": [0.668645136075994, 6.2340673116634695e-50], "nsamples": 375}, "headlines": {"pearson": [0.691089353609079, 1.433726319888806e-107], "spearman": [0.7002544734227425, 1.3699682866338137e-111], "nsamples": 750}, "images": {"pearson": [0.7617612305117586, 3.710693943065292e-143], "spearman": [0.7714771384937698, 4.946692876808631e-149], "nsamples": 750}, "all": {"pearson": {"mean": 0.6853199129818699, "wmean": 0.7030009310277844}, "spearman": {"mean": 0.6843270106448937, "wmean": 0.7054339494542033}}}, "STS16": {"answer-answer": {"pearson": [0.6741666927980497, 5.082517738609331e-35], "spearman": [0.6591392217953143, 4.893011473009631e-33], "nsamples": 254}, "headlines": {"pearson": [0.7012060461229134, 3.667910172542167e-38], "spearman": [0.710768701720874, 1.3021163332058337e-39], "nsamples": 249}, "plagiarism": {"pearson": [0.7505733253924216, 6.602326349427626e-43], "spearman": [0.7788052314861335, 4.454731435964333e-48], "nsamples": 230}, "postediting": {"pearson": [0.8552197449259514, 4.994855214853141e-71], "spearman": [0.8508162375640177, 1.4136417082453398e-69], "nsamples": 244}, "question-question": {"pearson": [0.4649019170214503, 1.327005627940045e-12], "spearman": [0.4413562203845838, 2.247695966079456e-11], "nsamples": 209}, "all": {"pearson": {"mean": 0.6892135452521573, "wmean": 0.6950325705859884}, "spearman": {"mean": 0.6881771225901847, "wmean": 0.6942416394033022}}}}