{"MR": {"devacc": 66.3, "acc": 64.84, "ndev": 10662, "ntest": 10662}, "CR": {"devacc": 75.4, "acc": 74.07, "ndev": 3775, "ntest": 3775}, "SUBJ": {"devacc": 87.36, "acc": 86.86, "ndev": 10000, "ntest": 10000}, "MPQA": {"devacc": 85.96, "acc": 86.34, "ndev": 10606, "ntest": 10606}, "SST5": {"devacc": 36.33, "acc": 36.24, "ndev": 1101, "ntest": 2210}, "TREC": {"devacc": 69.3, "acc": 85.0, "ndev": 5452, "ntest": 500}, "MRPC": {"devacc": 71.86, "acc": 71.19, "f1": 80.14, "ndev": 4076, "ntest": 1725}, "STS12": {"MSRpar": {"pearson": [0.3804600468404755, 3.0480382122061875e-27], "spearman": [0.39510760809672385, 1.976755485225109e-29], "nsamples": 750}, "MSRvid": {"pearson": [0.7337823076792527, 1.0504029405968177e-127], "spearman": [0.7448739122431512, 1.375224667407637e-133], "nsamples": 750}, "SMTeuroparl": {"pearson": [0.5927125317185901, 7.04619946315534e-45], "spearman": [0.6611013340459685, 5.391925651461488e-59], "nsamples": 459}, "surprise.OnWN": {"pearson": [0.6153892398327695, 2.3357787286103102e-79], "spearman": [0.6576827468345519, 4.130173678595982e-94], "nsamples": 750}, "surprise.SMTnews": {"pearson": [0.6325078569341537, 5.663707601975246e-46], "spearman": [0.5660119859767037, 3.575366473933394e-35], "nsamples": 399}, "all": {"pearson": {"mean": 0.5909703966010483, "wmean": 0.5861162750128487}, "spearman": {"mean": 0.6049555174394199, "wmean": 0.6040966843991713}}}, "STS13": {"FNWN": {"pearson": [0.25382709119313174, 0.0004246146244201458], "spearman": [0.2812773194494331, 8.828314515548383e-05], "nsamples": 189}, "headlines": {"pearson": [0.693523514434731, 1.2694574305242023e-108], "spearman": [0.6885892811720077, 1.6864786899555177e-106], "nsamples": 750}, "OnWN": {"pearson": [0.47709640034529227, 3.129407126433138e-33], "spearman": [0.49763251996464525, 1.9502718863999516e-36], "nsamples": 561}, "all": {"pearson": {"mean": 0.47481566865771835, "wmean": 0.5571780244368394}, "spearman": {"mean": 0.48916637352869535, "wmean": 0.5658501453034097}}}, "STS14": {"deft-forum": {"pearson": [0.4404094183002919, 8.955746297394188e-23], "spearman": [0.43864489590519706, 1.383033313312987e-22], "nsamples": 450}, "deft-news": {"pearson": [0.7615975775868985, 4.376107302187566e-58], "spearman": [0.7404075503620684, 2.40060661035758e-53], "nsamples": 300}, "headlines": {"pearson": [0.6728219075193138, 5.441693329357003e-100], "spearman": [0.6596017792847386, 7.753760204288379e-95], "nsamples": 750}, "images": {"pearson": [0.7077599791990479, 5.353801644362986e-115], "spearman": [0.7061125701941511, 3.0616895640210267e-114], "nsamples": 750}, "OnWN": {"pearson": [0.6088177356343609, 2.9023093720533327e-77], "spearman": [0.6633246942926508, 2.916135166522113e-96], "nsamples": 750}, "tweet-news": {"pearson": [0.7108321611582384, 2.0052921027795163e-116], "spearman": [0.670094101393667, 6.62221361793181e-99], "nsamples": 750}, "all": {"pearson": {"mean": 0.650373129899692, "wmean": 0.6538232931051792}, "spearman": {"mean": 0.6463642652387455, "wmean": 0.6516966205706306}}}, "STS15": {"answers-forums": {"pearson": [0.6107637490921007, 1.033266587880121e-39], "spearman": [0.5977269206223648, 1.0804872074450366e-37], "nsamples": 375}, "answers-students": {"pearson": [0.7537089289852309, 1.6947778846342956e-138], "spearman": [0.7619631135213653, 2.820033580124032e-143], "nsamples": 750}, "belief": {"pearson": [0.7294696023556926, 1.7015087850834765e-63], "spearman": [0.7267006126225439, 8.46249614855541e-63], "nsamples": 375}, "headlines": {"pearson": [0.7085256050449126, 2.3708664262406617e-115], "spearman": [0.7213533387403958, 1.8693528468023613e-121], "nsamples": 750}, "images": {"pearson": [0.7771526074753419, 1.3360774727231403e-152], "spearman": [0.7860258988671687, 2.1387593993766473e-158], "nsamples": 750}, "all": {"pearson": {"mean": 0.7159240985906559, "wmean": 0.7273759543073456}, "spearman": {"mean": 0.7187539768747677, "wmean": 0.732889029437846}}}, "STS16": {"answer-answer": {"pearson": [0.6605452687409402, 3.2272336671412096e-33], "spearman": [0.6655631114050277, 7.174293972951755e-34], "nsamples": 254}, "headlines": {"pearson": [0.7242758010703315, 9.188846412419452e-42], "spearman": [0.7290907262818934, 1.4624833486253327e-42], "nsamples": 249}, "plagiarism": {"pearson": [0.7752538871660061, 2.189834072253188e-47], "spearman": [0.8206674728783934, 2.4594871728615455e-57], "nsamples": 230}, "postediting": {"pearson": [0.8683384191075588, 1.177561893021352e-75], "spearman": [0.864662090040111, 2.609221684350877e-74], "nsamples": 244}, "question-question": {"pearson": [0.5282360503332915, 2.0399079967523673e-16], "spearman": [0.5067073191140601, 4.9565066602252115e-15], "nsamples": 209}, "all": {"pearson": {"mean": 0.7113298852836256, "wmean": 0.7156049540951054}, "spearman": {"mean": 0.717338143943897, "wmean": 0.7219473183538994}}}}