{"MR": {"devacc": 62.99, "acc": 63.48, "ndev": 10662, "ntest": 10662}, "CR": {"devacc": 73.28, "acc": 70.25, "ndev": 3775, "ntest": 3775}, "SUBJ": {"devacc": 83.25, "acc": 83.31, "ndev": 10000, "ntest": 10000}, "MPQA": {"devacc": 84.04, "acc": 84.4, "ndev": 10606, "ntest": 10606}, "SST5": {"devacc": 33.15, "acc": 33.53, "ndev": 1101, "ntest": 2210}, "TREC": {"devacc": 65.52, "acc": 79.6, "ndev": 5452, "ntest": 500}, "MRPC": {"devacc": 71.76, "acc": 70.9, "f1": 78.44, "ndev": 4076, "ntest": 1725}, "STS12": {"MSRpar": {"pearson": [0.38289864513453664, 1.3408334943101296e-27], "spearman": [0.3982723634222106, 6.435061821183907e-30], "nsamples": 750}, "MSRvid": {"pearson": [0.6963982457300317, 7.023859421345639e-110], "spearman": [0.6992465455219475, 3.857235329928103e-111], "nsamples": 750}, "SMTeuroparl": {"pearson": [0.5568803470254313, 9.644399506479768e-39], "spearman": [0.6129139169643257, 1.0863503369401093e-48], "nsamples": 459}, "surprise.OnWN": {"pearson": [0.6222935497863176, 1.3004527431768845e-81], "spearman": [0.6497531337686994, 3.647296904716184e-91], "nsamples": 750}, "surprise.SMTnews": {"pearson": [0.6490371000718509, 4.396517352307244e-49], "spearman": [0.56265529376361, 1.0841558564312563e-34], "nsamples": 399}, "all": {"pearson": {"mean": 0.5815015775496336, "wmean": 0.5761797659914756}, "spearman": {"mean": 0.5845682506881585, "wmean": 0.5843889903902667}}}, "STS13": {"FNWN": {"pearson": [0.16980983944762387, 0.019491053143481443], "spearman": [0.14587016805126232, 0.04519819975235103], "nsamples": 189}, "headlines": {"pearson": [0.6794150973079366, 1.1583898297265e-102], "spearman": [0.6836207148046023, 2.101512459583237e-104], "nsamples": 750}, "OnWN": {"pearson": [0.48863523438420664, 5.262692152109449e-35], "spearman": [0.5137996974140823, 4.0652840749500444e-39], "nsamples": 561}, "all": {"pearson": {"mean": 0.4459533903799224, "wmean": 0.5438531660840622}, "spearman": {"mean": 0.44776352675664893, "wmean": 0.552351085409627}}}, "STS14": {"deft-forum": {"pearson": [0.42384869661343544, 4.79329718756531e-21], "spearman": [0.4168373588584505, 2.4220827914161732e-20], "nsamples": 450}, "deft-news": {"pearson": [0.7301906729269366, 3.1861098146564204e-51], "spearman": [0.7010074334416164, 1.1638127874109732e-45], "nsamples": 300}, "headlines": {"pearson": [0.6689324650401781, 1.9039417473796457e-98], "spearman": [0.6552481910320284, 3.387900861970923e-93], "nsamples": 750}, "images": {"pearson": [0.6765339736070032, 1.7378690222199053e-101], "spearman": [0.676439497959134, 1.8982675582307924e-101], "nsamples": 750}, "OnWN": {"pearson": [0.6053916078182796, 3.430084107608768e-76], "spearman": [0.6634175740730834, 2.6853541126866584e-96], "nsamples": 750}, "tweet-news": {"pearson": [0.6604790889985404, 3.5943203858636116e-95], "spearman": [0.6069391395421966, 1.1284010141940026e-76], "nsamples": 750}, "all": {"pearson": {"mean": 0.6275627508340622, "wmean": 0.6315445245205674}, "spearman": {"mean": 0.6199815324844182, "wmean": 0.6265099582596318}}}, "STS15": {"answers-forums": {"pearson": [0.5807873885054465, 3.337613745403525e-35], "spearman": [0.5763124319772179, 1.435998882426711e-34], "nsamples": 375}, "answers-students": {"pearson": [0.7348596974113916, 2.9036704972622804e-128], "spearman": [0.7417603303310563, 6.612325868109232e-132], "nsamples": 750}, "belief": {"pearson": [0.6353166188550914, 8.814214310031964e-44], "spearman": [0.6272231065864046, 2.1219004576968683e-42], "nsamples": 375}, "headlines": {"pearson": [0.7043491580657204, 1.953287565228316e-113], "spearman": [0.715167888502928, 1.8064840130786304e-118], "nsamples": 750}, "images": {"pearson": [0.7616784385685257, 4.152454651883314e-143], "spearman": [0.7714408824258311, 5.209288854960616e-149], "nsamples": 750}, "all": {"pearson": {"mean": 0.6833982602812351, "wmean": 0.7022348244314766}, "spearman": {"mean": 0.6863809279646876, "wmean": 0.7075342176354067}}}, "STS16": {"answer-answer": {"pearson": [0.6147312898200991, 8.634091875498846e-28], "spearman": [0.600076437095279, 3.093484173032764e-26], "nsamples": 254}, "headlines": {"pearson": [0.70082898752459, 4.172545368509864e-38], "spearman": [0.7096442965555401, 1.9416448014110615e-39], "nsamples": 249}, "plagiarism": {"pearson": [0.7390093029648241, 5.520283940747101e-41], "spearman": [0.7587080452425665, 2.529368457798608e-44], "nsamples": 230}, "postediting": {"pearson": [0.8593373641639082, 1.9804441801325457e-72], "spearman": [0.85915411183329, 2.2913465340233807e-72], "nsamples": 244}, "question-question": {"pearson": [0.41736362093839235, 3.2398760662313647e-10], "spearman": [0.401011969449054, 1.7763892557199794e-09], "nsamples": 209}, "all": {"pearson": {"mean": 0.6662541130823627, "wmean": 0.6724516178937228}, "spearman": {"mean": 0.665718972035146, "wmean": 0.6720647556260504}}}}