{"MR": {"devacc": 65.0, "acc": 65.66, "ndev": 10662, "ntest": 10662}, "CR": {"devacc": 75.63, "acc": 73.56, "ndev": 3775, "ntest": 3775}, "SUBJ": {"devacc": 86.4, "acc": 85.39, "ndev": 10000, "ntest": 10000}, "MPQA": {"devacc": 85.74, "acc": 86.15, "ndev": 10606, "ntest": 10606}, "SST5": {"devacc": 36.69, "acc": 36.56, "ndev": 1101, "ntest": 2210}, "TREC": {"devacc": 71.04, "acc": 75.2, "ndev": 5452, "ntest": 500}, "MRPC": {"devacc": 71.12, "acc": 64.7, "f1": 70.45, "ndev": 4076, "ntest": 1725}, "STS12": {"MSRpar": {"pearson": [0.41195453265486576, 4.3634680660163725e-32], "spearman": [0.41661073132813964, 7.560510388377382e-33], "nsamples": 750}, "MSRvid": {"pearson": [0.7305059227886787, 5.0450047620092207e-126], "spearman": [0.7395698665382404, 9.753703926687407e-131], "nsamples": 750}, "SMTeuroparl": {"pearson": [0.5637210247180708, 7.41660947979803e-40], "spearman": [0.6301481513318313, 3.623384649246214e-52], "nsamples": 459}, "surprise.OnWN": {"pearson": [0.6453551765151929, 1.439352291703831e-89], "spearman": [0.6662334805559523, 2.1742100102207835e-97], "nsamples": 750}, "surprise.SMTnews": {"pearson": [0.6382733124870799, 4.896961251123325e-47], "spearman": [0.5366836564013976, 3.833787489329436e-31], "nsamples": 399}, "all": {"pearson": {"mean": 0.5979619938327776, "wmean": 0.5966154202049525}, "spearman": {"mean": 0.5978491772311123, "wmean": 0.6017327346146131}}}, "STS13": {"FNWN": {"pearson": [0.25232076170617057, 0.00046061588718815605], "spearman": [0.2519071042769352, 0.00047098549815140055], "nsamples": 189}, "headlines": {"pearson": [0.6915389720933407, 9.178711800173729e-108], "spearman": [0.6979388369615158, 1.468087233039209e-110], "nsamples": 750}, "OnWN": {"pearson": [0.5052968361102118, 1.0889172313927848e-37], "spearman": [0.5163109951453106, 1.5121910062118276e-39], "nsamples": 561}, "all": {"pearson": {"mean": 0.4830521899699077, "wmean": 0.566542918726867}, "spearman": {"mean": 0.4887189787945872, "wmean": 0.573810025803998}}}, "STS14": {"deft-forum": {"pearson": [0.444300684177673, 3.403906736143556e-23], "spearman": [0.4406493674350614, 8.440181839190489e-23], "nsamples": 450}, "deft-news": {"pearson": [0.7601338888410457, 9.642757841048317e-58], "spearman": [0.7522649042408048, 6.130568588664977e-56], "nsamples": 300}, "headlines": {"pearson": [0.6720841853630527, 1.0724768272320206e-99], "spearman": [0.6603316757792282, 4.0907185386308506e-95], "nsamples": 750}, "images": {"pearson": [0.7103791333227726, 3.2636566850713343e-116], "spearman": [0.7120973247041303, 5.120064920650174e-117], "nsamples": 750}, "OnWN": {"pearson": [0.6300195159906673, 3.338879327538333e-84], "spearman": [0.6750133302419404, 7.16786066767005e-101], "nsamples": 750}, "tweet-news": {"pearson": [0.7008652625918809, 7.300628581659318e-112], "spearman": [0.6445073291259038, 2.903105954401653e-89], "nsamples": 750}, "all": {"pearson": {"mean": 0.652963778381182, "wmean": 0.6567964126622792}, "spearman": {"mean": 0.6474773219211781, "wmean": 0.6514490484017124}}}, "STS15": {"answers-forums": {"pearson": [0.627000560689441, 2.3128033018826583e-42], "spearman": [0.6239787922105585, 7.398849395958181e-42], "nsamples": 375}, "answers-students": {"pearson": [0.7559447440916811, 8.98567628569843e-140], "spearman": [0.7604812502197459, 2.101157234803524e-142], "nsamples": 750}, "belief": {"pearson": [0.7233076639296351, 5.882376953081993e-62], "spearman": [0.7196134058850312, 4.70108553305476e-61], "nsamples": 375}, "headlines": {"pearson": [0.7283593558862939, 6.182403253475049e-125], "spearman": [0.744059711731765, 3.806908335562947e-133], "nsamples": 750}, "images": {"pearson": [0.7798201440984923, 2.582031125584302e-154], "spearman": [0.7887263602417822, 3.244408383505535e-160], "nsamples": 750}, "all": {"pearson": {"mean": 0.7228864937391086, "wmean": 0.7348195890965014}, "spearman": {"mean": 0.7273719040577766, "wmean": 0.7412658553102719}}}, "STS16": {"answer-answer": {"pearson": [0.6564831901507283, 1.0675040605894688e-32], "spearman": [0.6432240617999313, 4.674031351943195e-31], "nsamples": 254}, "headlines": {"pearson": [0.7115436036244984, 9.87600649500929e-40], "spearman": [0.7220402647599612, 2.128701327726619e-41], "nsamples": 249}, "plagiarism": {"pearson": [0.7923052422561538, 7.906192624475888e-51], "spearman": [0.8280591312740749, 3.18918967996448e-59], "nsamples": 230}, "postediting": {"pearson": [0.8681153365307674, 1.424892411705682e-75], "spearman": [0.8669141851485758, 3.953776347667255e-75], "nsamples": 244}, "question-question": {"pearson": [0.47763451523506495, 2.6188515939086283e-13], "spearman": [0.455384508766282, 4.275150874289909e-12], "nsamples": 209}, "all": {"pearson": {"mean": 0.7012163775594427, "wmean": 0.7064056063383949}, "spearman": {"mean": 0.7031244303497651, "wmean": 0.7085353805428799}}}}