{"MR": {"devacc": 67.73, "acc": 70.07, "ndev": 10662, "ntest": 10662}, "CR": {"devacc": 77.89, "acc": 75.37, "ndev": 3775, "ntest": 3775}, "SUBJ": {"devacc": 89.32, "acc": 88.86, "ndev": 10000, "ntest": 10000}, "MPQA": {"devacc": 87.03, "acc": 86.89, "ndev": 10606, "ntest": 10606}, "SST5": {"devacc": 40.24, "acc": 41.49, "ndev": 1101, "ntest": 2210}, "TREC": {"devacc": 78.34, "acc": 87.8, "ndev": 5452, "ntest": 500}, "MRPC": {"devacc": 74.41, "acc": 70.67, "f1": 76.75, "ndev": 4076, "ntest": 1725}, "STS12": {"MSRpar": {"pearson": [0.40512168372649704, 5.43868306101895e-31], "spearman": [0.4183228059094497, 3.941014721025549e-33], "nsamples": 750}, "MSRvid": {"pearson": [0.7482447877611728, 1.9477490265237193e-135], "spearman": [0.7581288819452077, 4.943780628831123e-141], "nsamples": 750}, "SMTeuroparl": {"pearson": [0.5757410412334965, 7.056759311903496e-42], "spearman": [0.6616486914552031, 4.014908933256971e-59], "nsamples": 459}, "surprise.OnWN": {"pearson": [0.6349719002384235, 6.66993375927637e-86], "spearman": [0.664570027557989, 9.630454005030152e-97], "nsamples": 750}, "surprise.SMTnews": {"pearson": [0.6436696953899242, 4.72110172418395e-48], "spearman": [0.5668916267689283, 2.667822202602828e-35], "nsamples": 399}, "all": {"pearson": {"mean": 0.6015498216699029, "wmean": 0.599209499736591}, "spearman": {"mean": 0.6139124067273556, "wmean": 0.6147531515502656}}}, "STS13": {"FNWN": {"pearson": [0.24173638608650164, 0.0008048551636072752], "spearman": [0.2595441085983164, 0.0003103878811591533], "nsamples": 189}, "headlines": {"pearson": [0.7215982261049941, 1.4185354733857598e-121], "spearman": [0.7232965164685807, 2.0754663406667088e-122], "nsamples": 750}, "OnWN": {"pearson": [0.4812700000850099, 7.269388836275332e-34], "spearman": [0.5021855142793236, 3.544230735006725e-37], "nsamples": 561}, "all": {"pearson": {"mean": 0.4815348707588352, "wmean": 0.5712528777311899}, "spearman": {"mean": 0.4950087131154069, "wmean": 0.5821681982581453}}}, "STS14": {"deft-forum": {"pearson": [0.46291550961111877, 2.7908918880981745e-25], "spearman": [0.4578967561282547, 1.0492811726910523e-24], "nsamples": 450}, "deft-news": {"pearson": [0.7614396689636189, 4.766760485411151e-58], "spearman": [0.744445469686092, 3.262002092167217e-54], "nsamples": 300}, "headlines": {"pearson": [0.6975932468223844, 2.0875148741294763e-110], "spearman": [0.6865010412429846, 1.2967361378633935e-105], "nsamples": 750}, "images": {"pearson": [0.7382799042941681, 4.698689579204063e-130], "spearman": [0.7420101323127954, 4.856316671411571e-132], "nsamples": 750}, "OnWN": {"pearson": [0.6193238245531854, 1.2320755028330194e-80], "spearman": [0.6728712837912892, 5.199745837487194e-100], "nsamples": 750}, "tweet-news": {"pearson": [0.7272739553933331, 2.1751211859189114e-124], "spearman": [0.684485016761012, 9.141473706562241e-105], "nsamples": 750}, "all": {"pearson": {"mean": 0.6678043516063014, "wmean": 0.6729592208830381}, "spearman": {"mean": 0.6647016166537381, "wmean": 0.6716767431318942}}}, "STS15": {"answers-forums": {"pearson": [0.6345989199145622, 1.1731594665055778e-43], "spearman": [0.623097991415349, 1.0359348264249424e-41], "nsamples": 375}, "answers-students": {"pearson": [0.7681025877808757, 5.85437851943769e-147], "spearman": [0.776934674502939, 1.839923897240621e-152], "nsamples": 750}, "belief": {"pearson": [0.7099234710882706, 9.379901017154873e-59], "spearman": [0.7058781756770733, 8.026811356637677e-58], "nsamples": 375}, "headlines": {"pearson": [0.7333247478809375, 1.8100199146916607e-127], "spearman": [0.7491599480106129, 6.060299251350201e-136], "nsamples": 750}, "images": {"pearson": [0.7956205603764707, 5.540722211926405e-165], "spearman": [0.8058305264981964, 2.1635107349596614e-172], "nsamples": 750}, "all": {"pearson": {"mean": 0.7283140574082233, "wmean": 0.742327272884925}, "spearman": {"mean": 0.7321802632208341, "wmean": 0.7491033081394899}}}, "STS16": {"answer-answer": {"pearson": [0.6726717487430307, 8.102731442083156e-35], "spearman": [0.6774834161923071, 1.7881897568039609e-35], "nsamples": 254}, "headlines": {"pearson": [0.7417050864827107, 9.776410222829023e-45], "spearman": [0.7535526011727153, 6.739628602661768e-47], "nsamples": 249}, "plagiarism": {"pearson": [0.7834992262270801, 5.185243921100553e-49], "spearman": [0.8191399762589213, 5.888561670150102e-57], "nsamples": 230}, "postediting": {"pearson": [0.8693093506058571, 5.1149909139968316e-76], "spearman": [0.8690188216487479, 6.56916529361014e-76], "nsamples": 244}, "question-question": {"pearson": [0.48467007760033715, 1.0375147993148208e-13], "spearman": [0.4594003372641731, 2.621108910488967e-12], "nsamples": 209}, "all": {"pearson": {"mean": 0.7103710979318032, "wmean": 0.7159827491681727}, "spearman": {"mean": 0.7157190305073728, "wmean": 0.7218995302823867}}}}