{"MR": {"devacc": 64.08, "acc": 64.64, "ndev": 10662, "ntest": 10662}, "CR": {"devacc": 73.75, "acc": 73.27, "ndev": 3775, "ntest": 3775}, "SUBJ": {"devacc": 83.49, "acc": 82.97, "ndev": 10000, "ntest": 10000}, "MPQA": {"devacc": 83.54, "acc": 83.75, "ndev": 10606, "ntest": 10606}, "SST5": {"devacc": 34.7, "acc": 35.29, "ndev": 1101, "ntest": 2210}, "TREC": {"devacc": 67.11, "acc": 81.0, "ndev": 5452, "ntest": 500}, "MRPC": {"devacc": 73.01, "acc": 69.62, "f1": 76.38, "ndev": 4076, "ntest": 1725}, "STS12": {"MSRpar": {"pearson": [0.38190702923021164, 1.8739706158675792e-27], "spearman": [0.40103406437659855, 2.3927552421080267e-30], "nsamples": 750}, "MSRvid": {"pearson": [0.7104986106756197, 2.870503446856494e-116], "spearman": [0.7180600192133804, 7.431390123074948e-120], "nsamples": 750}, "SMTeuroparl": {"pearson": [0.5555818218238133, 1.5590153086835844e-38], "spearman": [0.6240775656081338, 6.436209374339293e-51], "nsamples": 459}, "surprise.OnWN": {"pearson": [0.6206341996696558, 4.581808420715484e-81], "spearman": [0.6557512908127399, 2.196629768936133e-93], "nsamples": 750}, "surprise.SMTnews": {"pearson": [0.6295153373831848, 1.9775000407580258e-45], "spearman": [0.5283560643807049, 4.545477566302098e-30], "nsamples": 399}, "all": {"pearson": {"mean": 0.579627399756497, "wmean": 0.5762447089815433}, "spearman": {"mean": 0.5854558008783115, "wmean": 0.5882881927619285}}}, "STS13": {"FNWN": {"pearson": [0.2560144112721097, 0.00037695732551348073], "spearman": [0.2819276246738751, 8.488415015847796e-05], "nsamples": 189}, "headlines": {"pearson": [0.6583363810996217, 2.3395540160769335e-94], "spearman": [0.650625064443372, 1.747252026288711e-91], "nsamples": 750}, "OnWN": {"pearson": [0.404514165494193, 1.68792419152347e-23], "spearman": [0.4391025152233981, 7.618448604635347e-28], "nsamples": 561}, "all": {"pearson": {"mean": 0.4396216526219748, "wmean": 0.5127143042649248}, "spearman": {"mean": 0.4572184014468817, "wmean": 0.5250597536241451}}}, "STS14": {"deft-forum": {"pearson": [0.43046275459140665, 1.0038845261996945e-21], "spearman": [0.4194438942934016, 1.3321699770445751e-20], "nsamples": 450}, "deft-news": {"pearson": [0.7050255011914583, 2.1907726942979055e-46], "spearman": [0.6833012932634498, 1.3262691508170927e-42], "nsamples": 300}, "headlines": {"pearson": [0.6468179993172236, 4.26755691908773e-90], "spearman": [0.6325472534346186, 4.5713232955197895e-85], "nsamples": 750}, "images": {"pearson": [0.6968900715903944, 4.2659555279561104e-110], "spearman": [0.6878067720197726, 3.6292350898072986e-106], "nsamples": 750}, "OnWN": {"pearson": [0.5383640650308756, 1.3820614640370085e-57], "spearman": [0.6032795365492839, 1.5488880201143247e-75], "nsamples": 750}, "tweet-news": {"pearson": [0.6717423459224712, 1.4676842465825182e-99], "spearman": [0.6345635868216484, 9.234541512298948e-86], "nsamples": 750}, "all": {"pearson": {"mean": 0.614883789607305, "wmean": 0.6188204670184784}, "spearman": {"mean": 0.6101570560636959, "wmean": 0.616636800541349}}}, "STS15": {"answers-forums": {"pearson": [0.594993312308701, 2.788830185414275e-37], "spearman": [0.5684718202191912, 1.7551318179107023e-33], "nsamples": 375}, "answers-students": {"pearson": [0.7413219249686374, 1.1356212418239079e-131], "spearman": [0.7432052416583241, 1.1036638869219182e-132], "nsamples": 750}, "belief": {"pearson": [0.6830862444914023, 7.487837628294984e-53], "spearman": [0.6695891251917881, 4.0634739920666374e-50], "nsamples": 375}, "headlines": {"pearson": [0.6895762597152496, 6.392415162066518e-107], "spearman": [0.701847657852015, 2.6438564777600517e-112], "nsamples": 750}, "images": {"pearson": [0.7687275685537157, 2.4332749953326373e-147], "spearman": [0.7773943114359229, 9.365284727427116e-153], "nsamples": 750}, "all": {"pearson": {"mean": 0.6955410620075412, "wmean": 0.7096663829094136}, "spearman": {"mean": 0.6921016312714483, "wmean": 0.7103694209129379}}}, "STS16": {"answer-answer": {"pearson": [0.6589573591307104, 5.162779579688246e-33], "spearman": [0.6463873054139525, 1.929776968876138e-31], "nsamples": 254}, "headlines": {"pearson": [0.697375686472112, 1.34605741388845e-37], "spearman": [0.7022343409017472, 2.578095116289448e-38], "nsamples": 249}, "plagiarism": {"pearson": [0.7660493013641677, 1.1896454357307188e-45], "spearman": [0.7977438943861487, 5.3866587590882646e-52], "nsamples": 230}, "postediting": {"pearson": [0.856440707289629, 1.9383920362478097e-71], "spearman": [0.8474619724491502, 1.6794132860258093e-68], "nsamples": 244}, "question-question": {"pearson": [0.43617432305388015, 4.071601897007098e-11], "spearman": [0.4167029561871616, 3.476688279923437e-10], "nsamples": 209}, "all": {"pearson": {"mean": 0.6829994754620998, "wmean": 0.6891610628679978}, "spearman": {"mean": 0.682106093867632, "wmean": 0.688357049990896}}}}