{"MR": {"devacc": 64.09, "acc": 65.16, "ndev": 10662, "ntest": 10662}, "CR": {"devacc": 75.15, "acc": 74.17, "ndev": 3775, "ntest": 3775}, "SUBJ": {"devacc": 85.17, "acc": 84.26, "ndev": 10000, "ntest": 10000}, "MPQA": {"devacc": 83.33, "acc": 84.91, "ndev": 10606, "ntest": 10606}, "SST5": {"devacc": 34.79, "acc": 34.39, "ndev": 1101, "ntest": 2210}, "TREC": {"devacc": 67.86, "acc": 82.0, "ndev": 5452, "ntest": 500}, "MRPC": {"devacc": 72.18, "acc": 71.88, "f1": 81.81, "ndev": 4076, "ntest": 1725}, "STS12": {"MSRpar": {"pearson": [0.41369775796710123, 2.2710085962581587e-32], "spearman": [0.42657459025146494, 1.6173126898280697e-34], "nsamples": 750}, "MSRvid": {"pearson": [0.7132405697926142, 1.4816192483503055e-117], "spearman": [0.7258220197358594, 1.159267999660614e-123], "nsamples": 750}, "SMTeuroparl": {"pearson": [0.5893615947121991, 2.847759218030765e-44], "spearman": [0.6654055542671884, 5.21586550221602e-60], "nsamples": 459}, "surprise.OnWN": {"pearson": [0.6172163180560408, 5.988570012810503e-80], "spearman": [0.6487234169602291, 8.671045558600096e-91], "nsamples": 750}, "surprise.SMTnews": {"pearson": [0.6311679485030983, 9.930553477517132e-46], "spearman": [0.5363904495708952, 4.18744938267919e-31], "nsamples": 399}, "all": {"pearson": {"mean": 0.5929368378062108, "wmean": 0.5889539793395923}, "spearman": {"mean": 0.6005832061571273, "wmean": 0.6017635003211362}}}, "STS13": {"FNWN": {"pearson": [0.2697008449793746, 0.00017475825240755879], "spearman": [0.29272569853596464, 4.3602089179779616e-05], "nsamples": 189}, "headlines": {"pearson": [0.6876732745134028, 4.1351547963002303e-106], "spearman": [0.6889389285769264, 1.1965165906223428e-106], "nsamples": 750}, "OnWN": {"pearson": [0.5177851373600372, 8.429952034899862e-40], "spearman": [0.5442100493157679, 1.4408894505283167e-44], "nsamples": 561}, "all": {"pearson": {"mean": 0.49171975228427156, "wmean": 0.5714705850967565}, "spearman": {"mean": 0.5086248921428863, "wmean": 0.584887460748092}}}, "STS14": {"deft-forum": {"pearson": [0.43387112984760895, 4.425127773163365e-22], "spearman": [0.42666443052242575, 2.4741146265978973e-21], "nsamples": 450}, "deft-news": {"pearson": [0.7127982238875451, 7.983914846731222e-48], "spearman": [0.6905737209292024, 7.830486455447413e-44], "nsamples": 300}, "headlines": {"pearson": [0.6760828407558964, 2.648303602241732e-101], "spearman": [0.6647771940478452, 8.005310275059711e-97], "nsamples": 750}, "images": {"pearson": [0.6859395383682535, 2.2375692174990177e-105], "spearman": [0.6850926584888442, 5.082770557484196e-105], "nsamples": 750}, "OnWN": {"pearson": [0.6041180767782262, 8.524522803280296e-76], "spearman": [0.6623601987967145, 6.852853585404085e-96], "nsamples": 750}, "tweet-news": {"pearson": [0.6892213321893135, 9.065030224829682e-107], "spearman": [0.6520405356531936, 5.2631779289202514e-92], "nsamples": 750}, "all": {"pearson": {"mean": 0.6336718569711405, "wmean": 0.6401607511110545}, "spearman": {"mean": 0.630251456406371, "wmean": 0.6392997467343469}}}, "STS15": {"answers-forums": {"pearson": [0.5919803949881666, 7.84806386357316e-37], "spearman": [0.5825730780641409, 1.8527506597421602e-35], "nsamples": 375}, "answers-students": {"pearson": [0.7503255569812732, 1.3598767209143357e-136], "spearman": [0.7590840384881441, 1.3773304054013337e-141], "nsamples": 750}, "belief": {"pearson": [0.6958623468784982, 1.3995332019555688e-55], "spearman": [0.6918285833562655, 1.0538491198550204e-54], "nsamples": 375}, "headlines": {"pearson": [0.7152036933603376, 1.7369370938514837e-118], "spearman": [0.7243338861407088, 6.370266038323573e-123], "nsamples": 750}, "images": {"pearson": [0.7637385889127282, 2.493380652518071e-144], "spearman": [0.7724812684508886, 1.1763089665006828e-149], "nsamples": 750}, "all": {"pearson": {"mean": 0.7034221162242009, "wmean": 0.7182973025469179}, "spearman": {"mean": 0.7060601709000296, "wmean": 0.7232750059474863}}}, "STS16": {"answer-answer": {"pearson": [0.6586431406743255, 5.6638976046098255e-33], "spearman": [0.6573415024157213, 8.303502748931527e-33], "nsamples": 254}, "headlines": {"pearson": [0.7151306537862445, 2.7137350032536103e-40], "spearman": [0.7162635567519695, 1.7971236540282733e-40], "nsamples": 249}, "plagiarism": {"pearson": [0.7479103807006404, 1.869054662631895e-42], "spearman": [0.7695969122142838, 2.607861413800981e-46], "nsamples": 230}, "postediting": {"pearson": [0.8675201663487176, 2.365619854488926e-75], "spearman": [0.8630090455278342, 1.0202110932008488e-73], "nsamples": 244}, "question-question": {"pearson": [0.48454034416085, 1.0555838592717257e-13], "spearman": [0.45466153914172414, 4.665604999312898e-12], "nsamples": 209}, "all": {"pearson": {"mean": 0.6947489371341556, "wmean": 0.7001063495817079}, "spearman": {"mean": 0.6921745112103066, "wmean": 0.6980776777770076}}}}