{"MR": {"devacc": 65.1, "acc": 63.97, "ndev": 10662, "ntest": 10662}, "CR": {"devacc": 71.55, "acc": 70.57, "ndev": 3775, "ntest": 3775}, "SUBJ": {"devacc": 83.48, "acc": 83.58, "ndev": 10000, "ntest": 10000}, "MPQA": {"devacc": 83.68, "acc": 83.24, "ndev": 10606, "ntest": 10606}, "SST5": {"devacc": 34.97, "acc": 33.26, "ndev": 1101, "ntest": 2210}, "TREC": {"devacc": 64.29, "acc": 79.4, "ndev": 5452, "ntest": 500}, "MRPC": {"devacc": 72.57, "acc": 68.0, "f1": 73.56, "ndev": 4076, "ntest": 1725}, "STS12": {"MSRpar": {"pearson": [0.4052496951176251, 5.190384011892199e-31], "spearman": [0.4274919176274425, 1.127817545958998e-34], "nsamples": 750}, "MSRvid": {"pearson": [0.7234280746984196, 1.7872808534460673e-122], "spearman": [0.7304977242982157, 5.093755931873166e-126], "nsamples": 750}, "SMTeuroparl": {"pearson": [0.5479288955113081, 2.5333153264747633e-37], "spearman": [0.6364844739854477, 1.6785804931278757e-53], "nsamples": 459}, "surprise.OnWN": {"pearson": [0.6255342137972842, 1.0873905091487955e-82], "spearman": [0.6693452556954097, 1.3089094038134098e-98], "nsamples": 750}, "surprise.SMTnews": {"pearson": [0.5943715630014664, 1.79371242158818e-39], "spearman": [0.5336459582725016, 9.524375900748645e-31], "nsamples": 399}, "all": {"pearson": {"mean": 0.5793024884252207, "wmean": 0.5805381609997659}, "spearman": {"mean": 0.5994930659758034, "wmean": 0.6034659858834781}}}, "STS13": {"FNWN": {"pearson": [0.21172903106519322, 0.003447719193503325], "spearman": [0.19071484986609227, 0.008571845798434116], "nsamples": 189}, "headlines": {"pearson": [0.6675549183630232, 6.62005083970127e-98], "spearman": [0.6669338566502135, 1.1585468663515844e-97], "nsamples": 750}, "OnWN": {"pearson": [0.39851155897523394, 8.536521903658577e-23], "spearman": [0.43395992641634, 3.632430225616871e-27], "nsamples": 561}, "all": {"pearson": {"mean": 0.42593183613448343, "wmean": 0.5094986401524634}, "spearman": {"mean": 0.43053621097754863, "wmean": 0.5197980118879455}}}, "STS14": {"deft-forum": {"pearson": [0.44070008685804923, 8.335012612244773e-23], "spearman": [0.4357629793216785, 2.7971355352185783e-22], "nsamples": 450}, "deft-news": {"pearson": [0.711454900466364, 1.4263110001430572e-47], "spearman": [0.6993852871374141, 2.2660153416614627e-45], "nsamples": 300}, "headlines": {"pearson": [0.6499002134922788, 3.222042811221652e-91], "spearman": [0.6391921070526608, 2.2448068080778764e-87], "nsamples": 750}, "images": {"pearson": [0.677409685062106, 7.655059925438645e-102], "spearman": [0.6734679335527175, 2.9991692831901434e-100], "nsamples": 750}, "OnWN": {"pearson": [0.5453834834017304, 2.430284403266859e-59], "spearman": [0.6026898884348847, 2.3546693171146163e-75], "nsamples": 750}, "tweet-news": {"pearson": [0.6869017186828189, 8.779249295962123e-106], "spearman": [0.6414346269171214, 3.6228643136742424e-88], "nsamples": 750}, "all": {"pearson": {"mean": 0.6186250146605579, "wmean": 0.6217194225880618}, "spearman": {"mean": 0.6153221370694127, "wmean": 0.6195992916810714}}}, "STS15": {"answers-forums": {"pearson": [0.577765638063993, 8.96247452546171e-35], "spearman": [0.5680616536881145, 1.9970284807337975e-33], "nsamples": 375}, "answers-students": {"pearson": [0.7284942040596812, 5.285641173859142e-125], "spearman": [0.7301165798811033, 7.962226487591664e-126], "nsamples": 750}, "belief": {"pearson": [0.6765874650835747, 1.619014448338737e-51], "spearman": [0.6653231555682367, 2.7763642774262942e-49], "nsamples": 375}, "headlines": {"pearson": [0.686276646221531, 1.6128690736994274e-105], "spearman": [0.6961740984963428, 8.81304116999106e-110], "nsamples": 750}, "images": {"pearson": [0.778042182897981, 3.605298086771551e-153], "spearman": [0.788043579339563, 9.409578696533006e-160], "nsamples": 750}, "all": {"pearson": {"mean": 0.6894332272653522, "wmean": 0.7049973961882442}, "spearman": {"mean": 0.6895438133946721, "wmean": 0.7077566655862962}}}, "STS16": {"answer-answer": {"pearson": [0.6340650561888844, 5.714712788516336e-30], "spearman": [0.6256137397758974, 5.350301617791173e-29], "nsamples": 254}, "headlines": {"pearson": [0.7013570799693265, 3.483131326090959e-38], "spearman": [0.7078316319154903, 3.6826931710150674e-39], "nsamples": 249}, "plagiarism": {"pearson": [0.7276266230844575, 3.443366942973971e-39], "spearman": [0.7499529189279208, 8.423547047807546e-43], "nsamples": 230}, "postediting": {"pearson": [0.8433207063805102, 3.288398199952287e-67], "spearman": [0.842547487961271, 5.675802161262341e-67], "nsamples": 244}, "question-question": {"pearson": [0.4948162242071081, 2.6281250761705582e-14], "spearman": [0.4764776661399305, 3.0433688007049887e-13], "nsamples": 209}, "all": {"pearson": {"mean": 0.6802371379660572, "wmean": 0.6848494129088485}, "spearman": {"mean": 0.680484688944102, "wmean": 0.6853377376806513}}}}