{"MR": {"devacc": 74.99, "acc": 73.77, "ndev": 10662, "ntest": 10662}, "CR": {"devacc": 81.9, "acc": 79.73, "ndev": 3775, "ntest": 3775}, "SUBJ": {"devacc": 92.06, "acc": 91.66, "ndev": 10000, "ntest": 10000}, "MPQA": {"devacc": 88.53, "acc": 88.48, "ndev": 10606, "ntest": 10606}, "SST5": {"devacc": 42.42, "acc": 44.16, "ndev": 1101, "ntest": 2210}, "TREC": {"devacc": 83.69, "acc": 89.0, "ndev": 5452, "ntest": 500}, "MRPC": {"devacc": 77.04, "acc": 75.19, "f1": 81.55, "ndev": 4076, "ntest": 1725}, "STS12": {"MSRpar": {"pearson": [0.4074255010222318, 2.3383276600889715e-31], "spearman": [0.43442194028661646, 7.142670614199188e-36], "nsamples": 750}, "MSRvid": {"pearson": [0.7647421751553901, 6.2689808784835904e-145], "spearman": [0.7679917759094067, 6.838482471658855e-147], "nsamples": 750}, "SMTeuroparl": {"pearson": [0.5890798398863774, 3.2002297278694757e-44], "spearman": [0.6659045230214342, 3.9685653682397663e-60], "nsamples": 459}, "surprise.OnWN": {"pearson": [0.6517256779958656, 6.877096429185628e-92], "spearman": [0.6789009373948426, 1.882521337556661e-102], "nsamples": 750}, "surprise.SMTnews": {"pearson": [0.7321334820682256, 3.4431187501063694e-68], "spearman": [0.5676842035376007, 2.0476349485924548e-35], "nsamples": 399}, "all": {"pearson": {"mean": 0.629021335225618, "wmean": 0.6211161266033413}, "spearman": {"mean": 0.6229806760299802, "wmean": 0.6252066163035683}}}, "STS13": {"FNWN": {"pearson": [0.2428975275867275, 0.0007579399613442124], "spearman": [0.287864814777512, 5.904724735698019e-05], "nsamples": 189}, "headlines": {"pearson": [0.7335587885234532, 1.3704516845876734e-127], "spearman": [0.7278104981832999, 1.16882745516969e-124], "nsamples": 750}, "OnWN": {"pearson": [0.4837886551324472, 2.9831308263652155e-34], "spearman": [0.5314424819931693, 3.269752679378394e-42], "nsamples": 561}, "all": {"pearson": {"mean": 0.4867483237475427, "wmean": 0.5783214397571895}, "spearman": {"mean": 0.515705931651327, "wmean": 0.5989357040190618}}}, "STS14": {"deft-forum": {"pearson": [0.4610293895921235, 4.602662399104096e-25], "spearman": [0.4654328413510244, 1.4244734311892887e-25], "nsamples": 450}, "deft-news": {"pearson": [0.7789997761991502, 2.305259177499926e-62], "spearman": [0.7501871853074039, 1.787981649549602e-55], "nsamples": 300}, "headlines": {"pearson": [0.7102798956887514, 3.630660958696896e-116], "spearman": [0.6873178774359668, 5.8509575408703985e-106], "nsamples": 750}, "images": {"pearson": [0.7477479332849878, 3.663480193586912e-135], "spearman": [0.7387751383602439, 2.5722724520309493e-130], "nsamples": 750}, "OnWN": {"pearson": [0.6168488786353306, 7.879743794783696e-80], "spearman": [0.6896742920758577, 5.803968068685792e-107], "nsamples": 750}, "tweet-news": {"pearson": [0.7549349392869042, 3.399093432275929e-139], "spearman": [0.6906489587075555, 2.2173433562554596e-107], "nsamples": 750}, "all": {"pearson": {"mean": 0.6783068021145414, "wmean": 0.6836058382261816}, "spearman": {"mean": 0.670339382206342, "wmean": 0.6771501691026399}}}, "STS15": {"answers-forums": {"pearson": [0.6785822852181248, 6.355743845102451e-52], "spearman": [0.6726783937940596, 9.903640843276646e-51], "nsamples": 375}, "answers-students": {"pearson": [0.7700141341843394, 3.958003778746767e-148], "spearman": [0.7758901197824313, 8.485847993041493e-152], "nsamples": 750}, "belief": {"pearson": [0.7398727804670184, 3.422545873034295e-66], "spearman": [0.749126446986986, 1.0588360992866469e-68], "nsamples": 375}, "headlines": {"pearson": [0.7485469598304721, 1.3254378606308523e-135], "spearman": [0.7506377199271195, 9.100808169531192e-137], "nsamples": 750}, "images": {"pearson": [0.8141881018857788, 8.600176360413113e-179], "spearman": [0.8204955756316452, 7.682753525649755e-184], "nsamples": 750}, "all": {"pearson": {"mean": 0.7502408523171467, "wmean": 0.7604941821857906}, "spearman": {"mean": 0.7537656512244484, "wmean": 0.7644814589329297}}}, "STS16": {"answer-answer": {"pearson": [0.6811455584055476, 5.553115283355697e-36], "spearman": [0.6849826675546463, 1.6009648075755768e-36], "nsamples": 254}, "headlines": {"pearson": [0.7339825484252341, 2.1697490143128443e-43], "spearman": [0.7447593636354596, 2.7821992092220274e-45], "nsamples": 249}, "plagiarism": {"pearson": [0.8268372797196879, 6.634271147121411e-59], "spearman": [0.8403586026351475, 1.4279697448608514e-62], "nsamples": 230}, "postediting": {"pearson": [0.8559888423110916, 2.754359080493801e-71], "spearman": [0.8715750501368155, 7.118236890864415e-77], "nsamples": 244}, "question-question": {"pearson": [0.4901094525699012, 4.997354061200554e-14], "spearman": [0.4739989683496892, 4.1910668567003614e-13], "nsamples": 209}, "all": {"pearson": {"mean": 0.7176127362862924, "wmean": 0.7227987806403341}, "spearman": {"mean": 0.7231349304623517, "wmean": 0.7288728957239979}}}}