{"MR": {"devacc": 64.63, "acc": 64.32, "ndev": 10662, "ntest": 10662}, "CR": {"devacc": 72.82, "acc": 71.52, "ndev": 3775, "ntest": 3775}, "SUBJ": {"devacc": 81.25, "acc": 81.02, "ndev": 10000, "ntest": 10000}, "MPQA": {"devacc": 81.23, "acc": 81.79, "ndev": 10606, "ntest": 10606}, "SST5": {"devacc": 34.88, "acc": 35.61, "ndev": 1101, "ntest": 2210}, "TREC": {"devacc": 61.79, "acc": 75.2, "ndev": 5452, "ntest": 500}, "MRPC": {"devacc": 71.32, "acc": 67.01, "f1": 73.57, "ndev": 4076, "ntest": 1725}, "STS12": {"MSRpar": {"pearson": [0.35490205800716534, 1.1075338925433116e-23], "spearman": [0.36292134116950386, 9.153222600952892e-25], "nsamples": 750}, "MSRvid": {"pearson": [0.6854762438715435, 3.5063735650603694e-105], "spearman": [0.6885219380239009, 1.8016331224182568e-106], "nsamples": 750}, "SMTeuroparl": {"pearson": [0.5623568929270331, 1.242904789204396e-39], "spearman": [0.6422605044367647, 9.577194674515575e-55], "nsamples": 459}, "surprise.OnWN": {"pearson": [0.5806712816286707, 7.979032747505328e-69], "spearman": [0.6209897235287231, 3.500486684489287e-81], "nsamples": 750}, "surprise.SMTnews": {"pearson": [0.6009237058253651, 1.5802303912115938e-40], "spearman": [0.5096917958003752, 9.10689596213321e-28], "nsamples": 399}, "all": {"pearson": {"mean": 0.5568660364519555, "wmean": 0.5513763063411723}, "spearman": {"mean": 0.5648770605918535, "wmean": 0.563864012259466}}}, "STS13": {"FNWN": {"pearson": [0.09395747079570277, 0.19845028461816894], "spearman": [0.0732706798761106, 0.3163579061523977], "nsamples": 189}, "headlines": {"pearson": [0.639358893518903, 1.961065428903752e-87], "spearman": [0.6367459901501956, 1.6133538870541167e-86], "nsamples": 750}, "OnWN": {"pearson": [0.4507564295541407, 2.0002735022525514e-29], "spearman": [0.4753030046893716, 5.823796745216123e-33], "nsamples": 561}, "all": {"pearson": {"mean": 0.3946909312895821, "wmean": 0.5001009927329586}, "spearman": {"mean": 0.3951065582385593, "wmean": 0.5053684244933128}}}, "STS14": {"deft-forum": {"pearson": [0.4140805677622389, 4.5324114776365816e-20], "spearman": [0.4094682963510336, 1.2765650322387317e-19], "nsamples": 450}, "deft-news": {"pearson": [0.6749710455265323, 3.0686204808703733e-41], "spearman": [0.6513811894965345, 1.3128468817921712e-37], "nsamples": 300}, "headlines": {"pearson": [0.616160099266793, 1.3167762390624075e-79], "spearman": [0.6007668441459245, 9.174236183218104e-75], "nsamples": 750}, "images": {"pearson": [0.6638661820660625, 1.8025088649904584e-96], "spearman": [0.6753209871493718, 5.3850024724763257e-101], "nsamples": 750}, "OnWN": {"pearson": [0.5839639187125704, 9.05890074913048e-70], "spearman": [0.6326289685725317, 4.2853989758509615e-85], "nsamples": 750}, "tweet-news": {"pearson": [0.6529834032094066, 2.3581691204233472e-92], "spearman": [0.6080033753879752, 5.234416831908541e-77], "nsamples": 750}, "all": {"pearson": {"mean": 0.6010042027572673, "wmean": 0.6070820724245578}, "spearman": {"mean": 0.5962616101838951, "wmean": 0.6045907257730074}}}, "STS15": {"answers-forums": {"pearson": [0.5296758162920508, 1.654817341368386e-28], "spearman": [0.5174482840750334, 4.544526776548735e-27], "nsamples": 375}, "answers-students": {"pearson": [0.708164553741064, 3.4823552075092066e-115], "spearman": [0.7182460966153503, 6.043855542986069e-120], "nsamples": 750}, "belief": {"pearson": [0.6859593045370421, 1.8752557086281575e-53], "spearman": [0.6805813261385184, 2.4716210352585167e-52], "nsamples": 375}, "headlines": {"pearson": [0.6682520438834233, 3.526466247193135e-98], "spearman": [0.6755546824412325, 4.332515509673729e-101], "nsamples": 750}, "images": {"pearson": [0.7286020354719642, 4.662772340120721e-125], "spearman": [0.7330817805947792, 2.415326093139197e-127], "nsamples": 750}, "all": {"pearson": {"mean": 0.6641307507851089, "wmean": 0.6782090483777495}, "spearman": {"mean": 0.6649824339729828, "wmean": 0.6814743411895344}}}, "STS16": {"answer-answer": {"pearson": [0.5980170464308594, 5.040757390341256e-26], "spearman": [0.5784610573356228, 4.3874954341858834e-24], "nsamples": 254}, "headlines": {"pearson": [0.6522501095076624, 1.4697647208957444e-31], "spearman": [0.6621005667211484, 8.678592762287976e-33], "nsamples": 249}, "plagiarism": {"pearson": [0.7601338805216683, 1.40897429078274e-44], "spearman": [0.7882886465825044, 5.462477926114944e-50], "nsamples": 230}, "postediting": {"pearson": [0.8480337016040748, 1.1061043337788682e-68], "spearman": [0.8439416053545996, 2.1169239739077077e-67], "nsamples": 244}, "question-question": {"pearson": [0.44742861001587775, 1.1060355407690768e-11], "spearman": [0.4311903615367212, 7.14253604650849e-11], "nsamples": 209}, "all": {"pearson": {"mean": 0.6611726696160285, "wmean": 0.6657421604262584}, "spearman": {"mean": 0.6607964475061193, "wmean": 0.6653786472668526}}}}