{"MR": {"devacc": 66.07, "acc": 67.53, "ndev": 10662, "ntest": 10662}, "CR": {"devacc": 76.04, "acc": 75.76, "ndev": 3775, "ntest": 3775}, "SUBJ": {"devacc": 87.56, "acc": 87.27, "ndev": 10000, "ntest": 10000}, "MPQA": {"devacc": 85.95, "acc": 86.17, "ndev": 10606, "ntest": 10606}, "SST5": {"devacc": 36.33, "acc": 36.79, "ndev": 1101, "ntest": 2210}, "TREC": {"devacc": 73.07, "acc": 76.6, "ndev": 5452, "ntest": 500}, "MRPC": {"devacc": 73.41, "acc": 72.06, "f1": 81.66, "ndev": 4076, "ntest": 1725}, "STS12": {"MSRpar": {"pearson": [0.38800307426551495, 2.349831792712942e-28], "spearman": [0.3935951698147867, 3.365295412310148e-29], "nsamples": 750}, "MSRvid": {"pearson": [0.7544669542817457, 6.283339061644365e-139], "spearman": [0.7643531329108764, 1.0714834194774793e-144], "nsamples": 750}, "SMTeuroparl": {"pearson": [0.5787899492456555, 2.101059714888955e-42], "spearman": [0.6415395069795855, 1.3738715728333805e-54], "nsamples": 459}, "surprise.OnWN": {"pearson": [0.6281526944750147, 1.4330102123780821e-83], "spearman": [0.6674279045710247, 7.42362409373111e-98], "nsamples": 750}, "surprise.SMTnews": {"pearson": [0.6260767617107137, 8.180615686764831e-45], "spearman": [0.571855865161186, 5.027041790558992e-36], "nsamples": 399}, "all": {"pearson": {"mean": 0.595097886795729, "wmean": 0.5931262087815434}, "spearman": {"mean": 0.6077543158874918, "wmean": 0.6086451992842532}}}, "STS13": {"FNWN": {"pearson": [0.22579530434077594, 0.0017839561105830804], "spearman": [0.24904010942086838, 0.0005490084562975361], "nsamples": 189}, "headlines": {"pearson": [0.6895032723681097, 6.868776205661066e-107], "spearman": [0.6889064552092379, 1.235298002965479e-106], "nsamples": 750}, "OnWN": {"pearson": [0.5143923181250345, 3.221534347454099e-39], "spearman": [0.5323894048893096, 2.204060474544155e-42], "nsamples": 561}, "all": {"pearson": {"mean": 0.4765636316113067, "wmean": 0.5655845715097556}, "spearman": {"mean": 0.49011198983980525, "wmean": 0.5749459188202501}}}, "STS14": {"deft-forum": {"pearson": [0.4552722578409988, 2.079170404439871e-24], "spearman": [0.4469139001944464, 1.7651719260332326e-23], "nsamples": 450}, "deft-news": {"pearson": [0.7472591647126031, 7.938485576217949e-55], "spearman": [0.726200048200763, 2.0242896662095801e-50], "nsamples": 300}, "headlines": {"pearson": [0.670385314039705, 5.078038963425365e-99], "spearman": [0.659312172105795, 9.988197425541224e-95], "nsamples": 750}, "images": {"pearson": [0.7096649259462893, 7.020228628936091e-116], "spearman": [0.709591481234222, 7.594535484376114e-116], "nsamples": 750}, "OnWN": {"pearson": [0.6368348637938623, 1.5022587877065595e-86], "spearman": [0.6906958663302118, 2.116796942272312e-107], "nsamples": 750}, "tweet-news": {"pearson": [0.7147832686957828, 2.753095995184754e-118], "spearman": [0.6651808068459225, 5.582250052397754e-97], "nsamples": 750}, "all": {"pearson": {"mean": 0.6556999658382069, "wmean": 0.6607470786130559}, "spearman": {"mean": 0.6496490458185601, "wmean": 0.6566817371826248}}}, "STS15": {"answers-forums": {"pearson": [0.6012101640949067, 3.1851644820760324e-38], "spearman": [0.5981009778559129, 9.483365419427036e-38], "nsamples": 375}, "answers-students": {"pearson": [0.752323161138173, 1.0300212042808027e-137], "spearman": [0.7606984752252126, 1.5667537454531778e-142], "nsamples": 750}, "belief": {"pearson": [0.7154964562763529, 4.582944799765763e-60], "spearman": [0.7093796107905781, 1.2545204771340648e-58], "nsamples": 375}, "headlines": {"pearson": [0.7060360365032172, 3.319058171958865e-114], "spearman": [0.7173714883269031, 1.594255161717813e-119], "nsamples": 750}, "images": {"pearson": [0.7820451291082383, 9.203202969571879e-156], "spearman": [0.7904440561134208, 2.1884794989293923e-161], "nsamples": 750}, "all": {"pearson": {"mean": 0.7114221894241777, "wmean": 0.7246894092338146}, "spearman": {"mean": 0.7151989216624055, "wmean": 0.7305635784971956}}}, "STS16": {"answer-answer": {"pearson": [0.6787710375589799, 1.1876356846479572e-35], "spearman": [0.681581857227769, 4.825417768805823e-36], "nsamples": 254}, "headlines": {"pearson": [0.7134518577087327, 4.979715601486623e-40], "spearman": [0.7172196962038612, 1.2671651308156571e-40], "nsamples": 249}, "plagiarism": {"pearson": [0.7918768973407077, 9.735707863900363e-51], "spearman": [0.8342909044280191, 6.937739194109473e-61], "nsamples": 230}, "postediting": {"pearson": [0.8694043163396926, 4.7126882026995433e-76], "spearman": [0.8641786603981526, 3.8949273222024066e-74], "nsamples": 244}, "question-question": {"pearson": [0.47323564606385354, 4.622701934592246e-13], "spearman": [0.4380581501348434, 3.284476734689164e-11], "nsamples": 209}, "all": {"pearson": {"mean": 0.7053479510023932, "wmean": 0.710986463500884}, "spearman": {"mean": 0.707065853678529, "wmean": 0.7133306497676143}}}}