{"MR": {"devacc": 63.8, "acc": 61.49, "ndev": 10662, "ntest": 10662}, "CR": {"devacc": 73.17, "acc": 70.99, "ndev": 3775, "ntest": 3775}, "SUBJ": {"devacc": 83.97, "acc": 82.25, "ndev": 10000, "ntest": 10000}, "MPQA": {"devacc": 82.63, "acc": 84.03, "ndev": 10606, "ntest": 10606}, "SST5": {"devacc": 34.15, "acc": 34.71, "ndev": 1101, "ntest": 2210}, "TREC": {"devacc": 66.45, "acc": 73.4, "ndev": 5452, "ntest": 500}, "MRPC": {"devacc": 71.74, "acc": 70.55, "f1": 77.8, "ndev": 4076, "ntest": 1725}, "STS12": {"MSRpar": {"pearson": [0.36966964451897233, 1.0623844373606744e-25], "spearman": [0.3922715435175332, 5.348913379838386e-29], "nsamples": 750}, "MSRvid": {"pearson": [0.6881046839644265, 2.7115971657913997e-106], "spearman": [0.6938740186760768, 8.936081633422766e-109], "nsamples": 750}, "SMTeuroparl": {"pearson": [0.5673804783204945, 1.834442304563481e-40], "spearman": [0.6450400928093152, 2.361226139418136e-55], "nsamples": 459}, "surprise.OnWN": {"pearson": [0.6203429688303234, 5.710730180184011e-81], "spearman": [0.6508138658066384, 1.4893934518814393e-91], "nsamples": 750}, "surprise.SMTnews": {"pearson": [0.5870420918101451, 2.544844469693225e-38], "spearman": [0.5170436433436381, 1.17393413724943e-28], "nsamples": 399}, "all": {"pearson": {"mean": 0.5665079734888724, "wmean": 0.5641072738631424}, "spearman": {"mean": 0.5798086328306403, "wmean": 0.5807893781511497}}}, "STS13": {"FNWN": {"pearson": [0.21005563870913427, 0.003718936598006204], "spearman": [0.21267463904662307, 0.003302480867589822], "nsamples": 189}, "headlines": {"pearson": [0.6819128123271379, 1.0795000176484458e-103], "spearman": [0.6822159398934509, 8.080547237851267e-104], "nsamples": 750}, "OnWN": {"pearson": [0.45176896425802493, 1.448237361125093e-29], "spearman": [0.4871212395718636, 9.075569773356278e-35], "nsamples": 561}, "all": {"pearson": {"mean": 0.44791247176476573, "wmean": 0.5363850092734211}, "spearman": {"mean": 0.46067060617064587, "wmean": 0.5500883180664768}}}, "STS14": {"deft-forum": {"pearson": [0.4364925125765543, 2.3418472375306823e-22], "spearman": [0.4281995630023174, 1.720647394269395e-21], "nsamples": 450}, "deft-news": {"pearson": [0.730078134373759, 3.358171331116038e-51], "spearman": [0.7052069096991676, 2.030312785777121e-46], "nsamples": 300}, "headlines": {"pearson": [0.6583541020506294, 2.3037344218635555e-94], "spearman": [0.6447977667950038, 2.2834718981246092e-89], "nsamples": 750}, "images": {"pearson": [0.6680835966961413, 4.106758884476212e-98], "spearman": [0.663267764718922, 3.0672432160563418e-96], "nsamples": 750}, "OnWN": {"pearson": [0.5948542091626603, 5.671138829964283e-73], "spearman": [0.6445973775693432, 2.6949307124096255e-89], "nsamples": 750}, "tweet-news": {"pearson": [0.6822440968060905, 7.865917477062316e-104], "spearman": [0.6399639700816561, 1.2002702209452598e-87], "nsamples": 750}, "all": {"pearson": {"mean": 0.6283511086109724, "wmean": 0.6314925532021916}, "spearman": {"mean": 0.6210055586444018, "wmean": 0.6263258761691965}}}, "STS15": {"answers-forums": {"pearson": [0.49991828778744807, 4.180566293341397e-25], "spearman": [0.4950846494877671, 1.3901154455196794e-24], "nsamples": 375}, "answers-students": {"pearson": [0.7349941080158134, 2.4722396954257153e-128], "spearman": [0.7392129403118513, 1.508359538942243e-130], "nsamples": 750}, "belief": {"pearson": [0.7041763782484933, 1.9589886818176174e-57], "spearman": [0.7027666628134639, 4.0824884895767656e-57], "nsamples": 375}, "headlines": {"pearson": [0.7120413795934066, 5.439529444787175e-117], "spearman": [0.7223826992455135, 5.848436458196158e-122], "nsamples": 750}, "images": {"pearson": [0.7463074050771653, 2.2684063739821043e-134], "spearman": [0.7549517050667193, 3.325008036036326e-139], "nsamples": 750}, "all": {"pearson": {"mean": 0.6794875117444654, "wmean": 0.6988475564260891}, "spearman": {"mean": 0.682879731385063, "wmean": 0.7038682501936749}}}, "STS16": {"answer-answer": {"pearson": [0.65221131468021, 3.6825761330789324e-32], "spearman": [0.6543130532928745, 2.0074918487553532e-32], "nsamples": 254}, "headlines": {"pearson": [0.7294445926587153, 1.2757150629841023e-42], "spearman": [0.7374337106403938, 5.503745933360489e-44], "nsamples": 249}, "plagiarism": {"pearson": [0.7591475824254524, 2.1128438268121396e-44], "spearman": [0.7862649825998969, 1.4237295482987743e-49], "nsamples": 230}, "postediting": {"pearson": [0.8565144597760473, 1.8301570997548147e-71], "spearman": [0.8518211513744287, 6.655501199523583e-70], "nsamples": 244}, "question-question": {"pearson": [0.4541933281229132, 4.936758430577303e-12], "spearman": [0.43805212538599225, 3.2867410509326397e-11], "nsamples": 209}, "all": {"pearson": {"mean": 0.6903022555326677, "wmean": 0.6963012269997402}, "spearman": {"mean": 0.6935770046587171, "wmean": 0.6998774963110095}}}}