{"MR": {"devacc": 66.73, "acc": 66.98, "ndev": 10662, "ntest": 10662}, "CR": {"devacc": 75.38, "acc": 74.33, "ndev": 3775, "ntest": 3775}, "SUBJ": {"devacc": 87.51, "acc": 86.65, "ndev": 10000, "ntest": 10000}, "MPQA": {"devacc": 86.35, "acc": 85.8, "ndev": 10606, "ntest": 10606}, "SST5": {"devacc": 37.6, "acc": 33.76, "ndev": 1101, "ntest": 2210}, "TREC": {"devacc": 76.08, "acc": 83.2, "ndev": 5452, "ntest": 500}, "MRPC": {"devacc": 73.99, "acc": 71.59, "f1": 80.49, "ndev": 4076, "ntest": 1725}, "STS12": {"MSRpar": {"pearson": [0.43517430520705047, 5.273248705112497e-36], "spearman": [0.4356965050212159, 4.269884569589907e-36], "nsamples": 750}, "MSRvid": {"pearson": [0.7320487484835511, 8.206368118447114e-127], "spearman": [0.7407778007749497, 2.21865461989277e-131], "nsamples": 750}, "SMTeuroparl": {"pearson": [0.5862102036405411, 1.0435425262272302e-43], "spearman": [0.6605757126802161, 7.152746956793073e-59], "nsamples": 459}, "surprise.OnWN": {"pearson": [0.6316999450207541, 8.920812809083554e-85], "spearman": [0.6695207728509959, 1.1159166291845791e-98], "nsamples": 750}, "surprise.SMTnews": {"pearson": [0.6275116224528331, 4.533142323504802e-45], "spearman": [0.5375017929403612, 2.9957157854617434e-31], "nsamples": 399}, "all": {"pearson": {"mean": 0.602528964960946, "wmean": 0.6012354793639657}, "spearman": {"mean": 0.6088145168535477, "wmean": 0.6120218071070767}}}, "STS13": {"FNWN": {"pearson": [0.19022262397135833, 0.008747627852889909], "spearman": [0.2037713475713934, 0.004917671663256081], "nsamples": 189}, "headlines": {"pearson": [0.7208769977429761, 3.1948493584257458e-121], "spearman": [0.7223575901981665, 6.016956249673602e-122], "nsamples": 750}, "OnWN": {"pearson": [0.483158530391503, 3.7303641684943887e-34], "spearman": [0.5144393510525047, 3.1625414714072666e-39], "nsamples": 561}, "all": {"pearson": {"mean": 0.4647527173686125, "wmean": 0.5651078398583013}, "spearman": {"mean": 0.48018942960735483, "wmean": 0.5792543021867156}}}, "STS14": {"deft-forum": {"pearson": [0.4380154172209347, 1.6139648430249352e-22], "spearman": [0.4286475308727599, 1.5470808042318161e-21], "nsamples": 450}, "deft-news": {"pearson": [0.7329435659139525, 8.727524441035882e-52], "spearman": [0.7112382138911683, 1.565769611653516e-47], "nsamples": 300}, "headlines": {"pearson": [0.691812273627885, 6.996423609157577e-108], "spearman": [0.6809396101401597, 2.729098988446345e-103], "nsamples": 750}, "images": {"pearson": [0.7204936369709996, 4.9138640003751805e-121], "spearman": [0.7234417817646085, 1.7596500766282298e-122], "nsamples": 750}, "OnWN": {"pearson": [0.6146833953661751, 3.942331490154179e-79], "spearman": [0.6722717265716878, 9.027407438999002e-100], "nsamples": 750}, "tweet-news": {"pearson": [0.715689705248091, 1.0187963919840638e-118], "spearman": [0.6827005050023556, 5.0822272224283566e-104], "nsamples": 750}, "all": {"pearson": {"mean": 0.6522729990580064, "wmean": 0.6597331375822585}, "spearman": {"mean": 0.6498732280404566, "wmean": 0.660207485511787}}}, "STS15": {"answers-forums": {"pearson": [0.6286813649697244, 1.204523527267674e-42], "spearman": [0.6233444518219691, 9.429300740648513e-42], "nsamples": 375}, "answers-students": {"pearson": [0.7494696055308389, 4.0778527770917404e-136], "spearman": [0.7548326932507304, 3.887866976355026e-139], "nsamples": 750}, "belief": {"pearson": [0.7305788018513063, 8.898929092162165e-64], "spearman": [0.7281291511940998, 3.708167426101873e-63], "nsamples": 375}, "headlines": {"pearson": [0.71885694921594, 3.0630390228662212e-120], "spearman": [0.7310825220522447, 2.5629398897240105e-126], "nsamples": 750}, "images": {"pearson": [0.795462586677585, 7.15911781785163e-165], "spearman": [0.8062040675304064, 1.1370483074582861e-172], "nsamples": 750}, "all": {"pearson": {"mean": 0.7246098616490788, "wmean": 0.7358548062087196}, "spearman": {"mean": 0.7287185771698901, "wmean": 0.7419640210853541}}}, "STS16": {"answer-answer": {"pearson": [0.658398074619051, 6.087789162730588e-33], "spearman": [0.6609907869633616, 2.8271979936161463e-33], "nsamples": 254}, "headlines": {"pearson": [0.7231160508705001, 1.4222858686599278e-41], "spearman": [0.7343525483407887, 1.8749289204037934e-43], "nsamples": 249}, "plagiarism": {"pearson": [0.7664829197108145, 9.896480994658883e-46], "spearman": [0.8080983148967826, 2.5605260987605633e-54], "nsamples": 230}, "postediting": {"pearson": [0.8639823299456936, 4.581083379158e-74], "spearman": [0.8593854177956505, 1.9060814060793807e-72], "nsamples": 244}, "question-question": {"pearson": [0.45280867199561775, 5.8314773157572815e-12], "spearman": [0.4400187265791518, 2.6227385049072246e-11], "nsamples": 209}, "all": {"pearson": {"mean": 0.6929576094283354, "wmean": 0.6990124621478196}, "spearman": {"mean": 0.700569158915147, "wmean": 0.7067976497883572}}}}