{"MR": {"devacc": 63.35, "acc": 63.48, "ndev": 10662, "ntest": 10662}, "CR": {"devacc": 72.36, "acc": 70.41, "ndev": 3775, "ntest": 3775}, "SUBJ": {"devacc": 84.95, "acc": 83.91, "ndev": 10000, "ntest": 10000}, "MPQA": {"devacc": 84.78, "acc": 85.23, "ndev": 10606, "ntest": 10606}, "SST5": {"devacc": 36.88, "acc": 34.07, "ndev": 1101, "ntest": 2210}, "TREC": {"devacc": 68.75, "acc": 79.8, "ndev": 5452, "ntest": 500}, "MRPC": {"devacc": 71.69, "acc": 66.61, "f1": 72.57, "ndev": 4076, "ntest": 1725}, "STS12": {"MSRpar": {"pearson": [0.32655112037921163, 4.2744066735607897e-20], "spearman": [0.34053103522838796, 8.102544754074922e-22], "nsamples": 750}, "MSRvid": {"pearson": [0.7288253255994055, 3.595854148620353e-125], "spearman": [0.7383731875545342, 4.1950343234046675e-130], "nsamples": 750}, "SMTeuroparl": {"pearson": [0.5979317863132858, 7.743838301446086e-46], "spearman": [0.6741708361562466, 3.965505566303594e-62], "nsamples": 459}, "surprise.OnWN": {"pearson": [0.6014050026122605, 5.848066012044591e-75], "spearman": [0.641527895504265, 3.3570917760704224e-88], "nsamples": 750}, "surprise.SMTnews": {"pearson": [0.5952393087175689, 1.3044163174138536e-39], "spearman": [0.5213309870806523, 3.4730021370222955e-29], "nsamples": 399}, "all": {"pearson": {"mean": 0.5699905087243465, "wmean": 0.564522928101437}, "spearman": {"mean": 0.5831867883048172, "wmean": 0.5816536571287928}}}, "STS13": {"FNWN": {"pearson": [0.13809796042962835, 0.0580886790462879], "spearman": [0.151652335073563, 0.03724141146959058], "nsamples": 189}, "headlines": {"pearson": [0.6847247304778631, 7.253154488418964e-105], "spearman": [0.6828780979216876, 4.2869440762085196e-104], "nsamples": 750}, "OnWN": {"pearson": [0.4342052734686525, 3.373634456988272e-27], "spearman": [0.457561746479459, 2.235431553681357e-30], "nsamples": 561}, "all": {"pearson": {"mean": 0.41900932145871467, "wmean": 0.5221554805303408}, "spearman": {"mean": 0.4306973931582365, "wmean": 0.5316753363634303}}}, "STS14": {"deft-forum": {"pearson": [0.4388152910461136, 1.3263420262162596e-22], "spearman": [0.4412459441662686, 7.281850960112623e-23], "nsamples": 450}, "deft-news": {"pearson": [0.7408992821965692, 1.886357139857601e-53], "spearman": [0.7051600580571256, 2.0706038449875272e-46], "nsamples": 300}, "headlines": {"pearson": [0.6689581007019791, 1.8601773759857075e-98], "spearman": [0.656065991775781, 1.6744254814555761e-93], "nsamples": 750}, "images": {"pearson": [0.6968990011699924, 4.2274687095978593e-110], "spearman": [0.6957909917330042, 1.2982366579931535e-109], "nsamples": 750}, "OnWN": {"pearson": [0.5936485842839422, 1.3011867285842247e-72], "spearman": [0.6506789070434948, 1.669492201568046e-91], "nsamples": 750}, "tweet-news": {"pearson": [0.6718294739343559, 1.3549521699343584e-99], "spearman": [0.6021451832206786, 3.4644762769450955e-75], "nsamples": 750}, "all": {"pearson": {"mean": 0.6351749555554921, "wmean": 0.6381968095193131}, "spearman": {"mean": 0.6251811793327255, "wmean": 0.630298532699114}}}, "STS15": {"answers-forums": {"pearson": [0.532541872754107, 7.464181394654335e-29], "spearman": [0.5295092378009237, 1.7327874080387768e-28], "nsamples": 375}, "answers-students": {"pearson": [0.751475480627781, 3.088161212298641e-137], "spearman": [0.7580268764413736, 5.664734559233891e-141], "nsamples": 750}, "belief": {"pearson": [0.6921800484763366, 8.850288715163112e-55], "spearman": [0.683644664188638, 5.728341960562209e-53], "nsamples": 375}, "headlines": {"pearson": [0.6992156591105096, 3.981279150640918e-111], "spearman": [0.7058352085225178, 4.1015080957698674e-114], "nsamples": 750}, "images": {"pearson": [0.7712191767630537, 7.145822964867826e-149], "spearman": [0.7810428760951791, 4.15252058233395e-155], "nsamples": 750}, "all": {"pearson": {"mean": 0.6893264475463577, "wmean": 0.7085678192791416}, "spearman": {"mean": 0.6916117726097264, "wmean": 0.7128704780134628}}}, "STS16": {"answer-answer": {"pearson": [0.6571824015633101, 8.699876293180023e-33], "spearman": [0.6454874842873203, 2.4845896672308855e-31], "nsamples": 254}, "headlines": {"pearson": [0.6996446050827451, 6.247098658889014e-38], "spearman": [0.7006903689075217, 4.374816992274876e-38], "nsamples": 249}, "plagiarism": {"pearson": [0.7849639372952039, 2.6213395953580007e-49], "spearman": [0.8173544734869314, 1.6169729510771056e-56], "nsamples": 230}, "postediting": {"pearson": [0.8608443289633491, 5.923312939361137e-73], "spearman": [0.8618322461292683, 2.664178872272869e-73], "nsamples": 244}, "question-question": {"pearson": [0.4290192224515827, 9.097995793867047e-11], "spearman": [0.415712493256919, 3.8634249130697257e-10], "nsamples": 209}, "all": {"pearson": {"mean": 0.6863308990712382, "wmean": 0.6925704688027143}, "spearman": {"mean": 0.688215413213592, "wmean": 0.6944251525423136}}}}