{"MR": {"devacc": 65.13, "acc": 66.95, "ndev": 10662, "ntest": 10662}, "CR": {"devacc": 75.07, "acc": 71.31, "ndev": 3775, "ntest": 3775}, "SUBJ": {"devacc": 86.87, "acc": 85.6, "ndev": 10000, "ntest": 10000}, "MPQA": {"devacc": 85.79, "acc": 85.13, "ndev": 10606, "ntest": 10606}, "SST5": {"devacc": 34.7, "acc": 35.7, "ndev": 1101, "ntest": 2210}, "TREC": {"devacc": 73.66, "acc": 81.8, "ndev": 5452, "ntest": 500}, "MRPC": {"devacc": 71.79, "acc": 72.0, "f1": 80.23, "ndev": 4076, "ntest": 1725}, "STS12": {"MSRpar": {"pearson": [0.3955175334448276, 1.7104801157428554e-29], "spearman": [0.41041679342319004, 7.73800218615676e-32], "nsamples": 750}, "MSRvid": {"pearson": [0.7328434998893686, 3.2041855928962327e-127], "spearman": [0.741375196453198, 1.0634531147690454e-131], "nsamples": 750}, "SMTeuroparl": {"pearson": [0.5740525891439814, 1.3728603622449893e-41], "spearman": [0.6539773087363842, 2.3676776275471595e-57], "nsamples": 459}, "surprise.OnWN": {"pearson": [0.6271062288924103, 3.2285075057647638e-83], "spearman": [0.6656746791577565, 3.58833626975119e-97], "nsamples": 750}, "surprise.SMTnews": {"pearson": [0.6365525976086077, 1.0223596678026571e-46], "spearman": [0.5519530531888215, 3.4279654593673296e-33], "nsamples": 399}, "all": {"pearson": {"mean": 0.5932144897958391, "wmean": 0.5901142443799475}, "spearman": {"mean": 0.6046794061918701, "wmean": 0.6060182930205755}}}, "STS13": {"FNWN": {"pearson": [0.2451061842180294, 0.000675582145648757], "spearman": [0.27371693463010965, 0.0001383708077397101], "nsamples": 189}, "headlines": {"pearson": [0.6972410010254201, 2.986939521048938e-110], "spearman": [0.6975367941197832, 2.210963638450287e-110], "nsamples": 750}, "OnWN": {"pearson": [0.3588497175632171, 1.7168304112561133e-18], "spearman": [0.3999222362320852, 5.849760226323185e-23], "nsamples": 561}, "all": {"pearson": {"mean": 0.43373230093555554, "wmean": 0.513713674092825}, "spearman": {"mean": 0.4570586549939926, "wmean": 0.5328276471740853}}}, "STS14": {"deft-forum": {"pearson": [0.4306428696634773, 9.615779840839497e-22], "spearman": [0.4290920480113669, 1.3919438089736276e-21], "nsamples": 450}, "deft-news": {"pearson": [0.746231368597976, 1.3331170418003284e-54], "spearman": [0.7301216429725477, 3.2905857560203674e-51], "nsamples": 300}, "headlines": {"pearson": [0.6750182584442718, 7.135118477938743e-101], "spearman": [0.6588770431593151, 1.4604686107250169e-94], "nsamples": 750}, "images": {"pearson": [0.6937424664513816, 1.0195269491113565e-108], "spearman": [0.6956959019383554, 1.4291179199140015e-109], "nsamples": 750}, "OnWN": {"pearson": [0.5410343221679617, 3.0049279705873237e-58], "spearman": [0.6019650818463321, 3.9356584196251996e-75], "nsamples": 750}, "tweet-news": {"pearson": [0.7149669455253482, 2.251505028232186e-118], "spearman": [0.678132039519064, 3.88420773717907e-102], "nsamples": 750}, "all": {"pearson": {"mean": 0.6336060384750694, "wmean": 0.636328052365248}, "spearman": {"mean": 0.6323139595744968, "wmean": 0.6368347904917812}}}, "STS15": {"answers-forums": {"pearson": [0.6112361016093522, 8.695178218633612e-40], "spearman": [0.6117751045190798, 7.1386633435194286e-40], "nsamples": 375}, "answers-students": {"pearson": [0.7628533288103722, 8.379337976262359e-144], "spearman": [0.7688807325606655, 1.9613937974092698e-147], "nsamples": 750}, "belief": {"pearson": [0.7127165219005915, 2.0846956167843123e-59], "spearman": [0.7096587627534457, 1.0806813478476314e-58], "nsamples": 375}, "headlines": {"pearson": [0.7040694839668366, 2.6173299056690723e-113], "spearman": [0.7156257767432868, 1.092928812349248e-118], "nsamples": 750}, "images": {"pearson": [0.793300761991678, 2.3338721768356466e-163], "spearman": [0.8039637149993142, 5.276248947228175e-171], "nsamples": 750}, "all": {"pearson": {"mean": 0.7168352396557661, "wmean": 0.7305499716309647}, "spearman": {"mean": 0.7219808183151584, "wmean": 0.7372967894848824}}}, "STS16": {"answer-answer": {"pearson": [0.6553484347439527, 1.486187009664933e-32], "spearman": [0.6557121517427051, 1.3368425759942079e-32], "nsamples": 254}, "headlines": {"pearson": [0.6994283876696707, 6.723316845385713e-38], "spearman": [0.7076709161819387, 3.8968222014395697e-39], "nsamples": 249}, "plagiarism": {"pearson": [0.7761018890223982, 1.5011588320386707e-47], "spearman": [0.8071095738209203, 4.3272050634623234e-54], "nsamples": 230}, "postediting": {"pearson": [0.8696657233825766, 3.7600690676532524e-76], "spearman": [0.8667444630469346, 4.563432668895059e-75], "nsamples": 244}, "question-question": {"pearson": [0.46904418718483365, 7.884711149144905e-13], "spearman": [0.4428664236003269, 1.8867490287402492e-11], "nsamples": 209}, "all": {"pearson": {"mean": 0.6939177244006864, "wmean": 0.6992818524931218}, "spearman": {"mean": 0.6960207056785651, "wmean": 0.701889441961789}}}}