{"MR": {"devacc": 64.64, "acc": 65.72, "ndev": 10662, "ntest": 10662}, "CR": {"devacc": 74.52, "acc": 73.17, "ndev": 3775, "ntest": 3775}, "SUBJ": {"devacc": 85.86, "acc": 85.58, "ndev": 10000, "ntest": 10000}, "MPQA": {"devacc": 84.74, "acc": 85.06, "ndev": 10606, "ntest": 10606}, "SST5": {"devacc": 35.97, "acc": 33.67, "ndev": 1101, "ntest": 2210}, "TREC": {"devacc": 69.72, "acc": 77.6, "ndev": 5452, "ntest": 500}, "MRPC": {"devacc": 72.45, "acc": 72.29, "f1": 80.41, "ndev": 4076, "ntest": 1725}, "STS12": {"MSRpar": {"pearson": [0.4220672470918548, 9.355648319892704e-34], "spearman": [0.43410373565746596, 8.118895536756628e-36], "nsamples": 750}, "MSRvid": {"pearson": [0.7387458222772232, 2.66577128020893e-130], "spearman": [0.7458492849679896, 4.040324724051773e-134], "nsamples": 750}, "SMTeuroparl": {"pearson": [0.5735251134935294, 1.6887843609175873e-41], "spearman": [0.6419426975277102, 1.1229620868842995e-54], "nsamples": 459}, "surprise.OnWN": {"pearson": [0.6237856732248106, 4.163451617633807e-82], "spearman": [0.6584498916015716, 2.1193587648919837e-94], "nsamples": 750}, "surprise.SMTnews": {"pearson": [0.6410570851206723, 1.473734672301863e-47], "spearman": [0.5606903843174749, 2.063323708233331e-34], "nsamples": 399}, "all": {"pearson": {"mean": 0.599836188241618, "wmean": 0.5976444211718451}, "spearman": {"mean": 0.6082071988144425, "wmean": 0.610414847386796}}}, "STS13": {"FNWN": {"pearson": [0.20622923460639625, 0.004412723538765265], "spearman": [0.2046168348673559, 0.004738407913845893], "nsamples": 189}, "headlines": {"pearson": [0.6808883865802638, 2.8653433745451017e-103], "spearman": [0.6834238910704432, 2.5391175231590238e-104], "nsamples": 750}, "OnWN": {"pearson": [0.5175159534315703, 9.381220114777754e-40], "spearman": [0.5361474875919516, 4.550329293114182e-43], "nsamples": 561}, "all": {"pearson": {"mean": 0.4682111915394101, "wmean": 0.5599800434339451}, "spearman": {"mean": 0.4747294045099169, "wmean": 0.5680128270878984}}}, "STS14": {"deft-forum": {"pearson": [0.46725844356891727, 8.715800267127355e-26], "spearman": [0.46664261033078674, 1.0290095801795625e-25], "nsamples": 450}, "deft-news": {"pearson": [0.7585992507786767, 2.194384892730099e-57], "spearman": [0.7394602796839158, 3.813654709917484e-53], "nsamples": 300}, "headlines": {"pearson": [0.655466740382974, 2.80692815932945e-93], "spearman": [0.6460632822258437, 7.997373011988298e-90], "nsamples": 750}, "images": {"pearson": [0.7099843148121315, 4.98561820478926e-116], "spearman": [0.7085170209654917, 2.392652978673127e-115], "nsamples": 750}, "OnWN": {"pearson": [0.6429068551040186, 1.0849359771017681e-88], "spearman": [0.696173737290403, 8.816262962181364e-110], "nsamples": 750}, "tweet-news": {"pearson": [0.685747105883357, 2.696803478632674e-105], "spearman": [0.6331493991924793, 2.838852980357217e-85], "nsamples": 750}, "all": {"pearson": {"mean": 0.6533271184216792, "wmean": 0.6555799565270605}, "spearman": {"mean": 0.6483343882814867, "wmean": 0.6519346235492511}}}, "STS15": {"answers-forums": {"pearson": [0.5631527727841125, 9.235118226189653e-33], "spearman": [0.5449347216619722, 2.1839110108640995e-30], "nsamples": 375}, "answers-students": {"pearson": [0.7382522933472988, 4.85900827874285e-130], "spearman": [0.742390806880947, 3.0320223919429606e-132], "nsamples": 750}, "belief": {"pearson": [0.7116305182862686, 3.749136715873767e-59], "spearman": [0.7113810663595789, 4.288559590641605e-59], "nsamples": 375}, "headlines": {"pearson": [0.7057792478690681, 4.350564311523975e-114], "spearman": [0.71444548093816, 3.983615654518065e-118], "nsamples": 750}, "images": {"pearson": [0.7732264685149262, 4.031859970084008e-150], "spearman": [0.7842412530320942, 3.295005202300802e-157], "nsamples": 750}, "all": {"pearson": {"mean": 0.6984082601603349, "wmean": 0.7136624138166209}, "spearman": {"mean": 0.6994786657745504, "wmean": 0.7173088587154942}}}, "STS16": {"answer-answer": {"pearson": [0.6453927432986762, 2.551457870260325e-31], "spearman": [0.6399032783736125, 1.1699711558507192e-30], "nsamples": 254}, "headlines": {"pearson": [0.7055190606946361, 8.27467511569303e-39], "spearman": [0.708140609093474, 3.303167575074841e-39], "nsamples": 249}, "plagiarism": {"pearson": [0.7655447105280476, 1.47305945376086e-45], "spearman": [0.7914263027604803, 1.2112509035583948e-50], "nsamples": 230}, "postediting": {"pearson": [0.8573319339762198, 9.65978978818682e-72], "spearman": [0.8564973422876787, 1.85473174912639e-71], "nsamples": 244}, "question-question": {"pearson": [0.418322837513161, 2.923664409891478e-10], "spearman": [0.4068116606570999, 9.816970497074462e-10], "nsamples": 209}, "all": {"pearson": {"mean": 0.6784222572021481, "wmean": 0.6849053551962289}, "spearman": {"mean": 0.6805558386344691, "wmean": 0.6870990578428421}}}}