{"MR": {"devacc": 64.61, "acc": 63.05, "ndev": 10662, "ntest": 10662}, "CR": {"devacc": 71.83, "acc": 71.42, "ndev": 3775, "ntest": 3775}, "SUBJ": {"devacc": 80.93, "acc": 80.76, "ndev": 10000, "ntest": 10000}, "MPQA": {"devacc": 81.38, "acc": 81.1, "ndev": 10606, "ntest": 10606}, "SST5": {"devacc": 34.97, "acc": 33.67, "ndev": 1101, "ntest": 2210}, "TREC": {"devacc": 64.18, "acc": 69.8, "ndev": 5452, "ntest": 500}, "MRPC": {"devacc": 70.95, "acc": 71.25, "f1": 79.98, "ndev": 4076, "ntest": 1725}, "STS12": {"MSRpar": {"pearson": [0.3242165500159774, 8.12654727201804e-20], "spearman": [0.331136261816862, 1.1905789532294377e-20], "nsamples": 750}, "MSRvid": {"pearson": [0.6820416339766032, 9.545246935653755e-104], "spearman": [0.6916801172549313, 7.978227846205611e-108], "nsamples": 750}, "SMTeuroparl": {"pearson": [0.5992939877265423, 4.322734019810625e-46], "spearman": [0.6832903326974545, 2.0630755468273325e-64], "nsamples": 459}, "surprise.OnWN": {"pearson": [0.5869411830050685, 1.239808844544329e-70], "spearman": [0.6240717977722846, 3.344229708935393e-82], "nsamples": 750}, "surprise.SMTnews": {"pearson": [0.5917509807416383, 4.6664872316566733e-39], "spearman": [0.4925972725716179, 8.842820322351462e-26], "nsamples": 399}, "all": {"pearson": {"mean": 0.556848867093166, "wmean": 0.5489331103380416}, "spearman": {"mean": 0.5645551564226301, "wmean": 0.5615645775731227}}}, "STS13": {"FNWN": {"pearson": [0.14336121759989798, 0.04906877104645004], "spearman": [0.14895354303993136, 0.040794386834959284], "nsamples": 189}, "headlines": {"pearson": [0.6712388082031057, 2.3280455803479816e-99], "spearman": [0.6680396965542156, 4.273014087429463e-98], "nsamples": 750}, "OnWN": {"pearson": [0.399521721507906, 6.513599320992958e-23], "spearman": [0.42850958212967, 1.8473446992753984e-26], "nsamples": 561}, "all": {"pearson": {"mean": 0.40470724910363653, "wmean": 0.5031040413630968}, "spearman": {"mean": 0.4151676072412723, "wmean": 0.5130505784166357}}}, "STS14": {"deft-forum": {"pearson": [0.43596084583825817, 2.665666041990018e-22], "spearman": [0.4241507823688362, 4.466317371846732e-21], "nsamples": 450}, "deft-news": {"pearson": [0.6936436536378334, 2.312452822147544e-44], "spearman": [0.6724133245633663, 7.886815483292675e-41], "nsamples": 300}, "headlines": {"pearson": [0.6290542787828421, 7.099872367433002e-84], "spearman": [0.6150442699907825, 3.017194676724063e-79], "nsamples": 750}, "images": {"pearson": [0.6727667363475655, 5.72531779970409e-100], "spearman": [0.6707689407997961, 3.577635219906749e-99], "nsamples": 750}, "OnWN": {"pearson": [0.569495903720401, 1.0714475624628667e-65], "spearman": [0.614087856139628, 6.124947743691827e-79], "nsamples": 750}, "tweet-news": {"pearson": [0.6285444823796391, 1.0564140568272189e-83], "spearman": [0.5916217643025858, 5.214952935636276e-72], "nsamples": 750}, "all": {"pearson": {"mean": 0.6049109834510898, "wmean": 0.6077790740377073}, "spearman": {"mean": 0.5980144896941658, "wmean": 0.6029957260958881}}}, "STS15": {"answers-forums": {"pearson": [0.5122060806147846, 1.8058648671395545e-26], "spearman": [0.4976648121854117, 7.337399630385054e-25], "nsamples": 375}, "answers-students": {"pearson": [0.7195448935341112, 1.421667919241877e-120], "spearman": [0.724287655675676, 6.715334735699606e-123], "nsamples": 750}, "belief": {"pearson": [0.6740509219585399, 5.2602631269816446e-51], "spearman": [0.6685519787655037, 6.502454995057066e-50], "nsamples": 375}, "headlines": {"pearson": [0.6793841363596775, 1.1927948370582898e-102], "spearman": [0.6877606647559178, 3.796588381835965e-106], "nsamples": 750}, "images": {"pearson": [0.7341154574584433, 7.062799817444948e-128], "spearman": [0.7408748103369114, 1.9691910575690083e-131], "nsamples": 750}, "all": {"pearson": {"mean": 0.6638602979851113, "wmean": 0.6815432471597236}, "spearman": {"mean": 0.6638279843438841, "wmean": 0.6840078815609907}}}, "STS16": {"answer-answer": {"pearson": [0.6359696750046018, 3.419042222463914e-30], "spearman": [0.6297781983329429, 1.7925030559735194e-29], "nsamples": 254}, "headlines": {"pearson": [0.663853301257921, 5.186963764438376e-33], "spearman": [0.6674854548424339, 1.76540572913672e-33], "nsamples": 249}, "plagiarism": {"pearson": [0.7178293505026297, 1.0251519608713558e-37], "spearman": [0.7247027457720776, 9.626869742847786e-39], "nsamples": 230}, "postediting": {"pearson": [0.8432246436346037, 3.519685597314934e-67], "spearman": [0.8407262429366997, 2.0292651536585098e-66], "nsamples": 244}, "question-question": {"pearson": [0.484635930319545, 1.0422413029605344e-13], "spearman": [0.4565765660883539, 3.699748749193144e-12], "nsamples": 209}, "all": {"pearson": {"mean": 0.6691025801438601, "wmean": 0.6736696817568502}, "spearman": {"mean": 0.6638538415945017, "wmean": 0.6689805040041585}}}}