{"MR": {"devacc": 64.66, "acc": 64.82, "ndev": 10662, "ntest": 10662}, "CR": {"devacc": 72.78, "acc": 72.32, "ndev": 3775, "ntest": 3775}, "SUBJ": {"devacc": 84.53, "acc": 83.79, "ndev": 10000, "ntest": 10000}, "MPQA": {"devacc": 84.83, "acc": 85.07, "ndev": 10606, "ntest": 10606}, "SST5": {"devacc": 35.15, "acc": 34.89, "ndev": 1101, "ntest": 2210}, "TREC": {"devacc": 67.44, "acc": 80.2, "ndev": 5452, "ntest": 500}, "MRPC": {"devacc": 72.38, "acc": 69.45, "f1": 77.55, "ndev": 4076, "ntest": 1725}, "STS12": {"MSRpar": {"pearson": [0.354588371613213, 1.2192323699205905e-23], "spearman": [0.37383252196745137, 2.742591031920679e-26], "nsamples": 750}, "MSRvid": {"pearson": [0.7332939336781323, 1.8775051431225286e-127], "spearman": [0.7464565664173743, 1.879227026945299e-134], "nsamples": 750}, "SMTeuroparl": {"pearson": [0.5733165007436616, 1.8327490990903647e-41], "spearman": [0.6588033238506059, 1.847107677308092e-58], "nsamples": 459}, "surprise.OnWN": {"pearson": [0.6110176908757413, 5.84929374066646e-78], "spearman": [0.6446688296327664, 2.5403769359315146e-89], "nsamples": 750}, "surprise.SMTnews": {"pearson": [0.6096080493170969, 5.784497152611392e-42], "spearman": [0.533690985824054, 9.397397081729968e-31], "nsamples": 399}, "all": {"pearson": {"mean": 0.576364909245569, "wmean": 0.5728960368868009}, "spearman": {"mean": 0.5914904455384504, "wmean": 0.5917155300850772}}}, "STS13": {"FNWN": {"pearson": [0.21981835481057602, 0.0023719433016462107], "spearman": [0.2263028267230185, 0.0017407334128927696], "nsamples": 189}, "headlines": {"pearson": [0.7011450258171809, 5.469192928611713e-112], "spearman": [0.7011117052308543, 5.660709037513833e-112], "nsamples": 750}, "OnWN": {"pearson": [0.5174528474752947, 9.61920316370592e-40], "spearman": [0.535498137683849, 5.984803587362891e-43], "nsamples": 561}, "all": {"pearson": {"mean": 0.47947207603435055, "wmean": 0.5717969905704833}, "spearman": {"mean": 0.4876375565459073, "wmean": 0.5793463122762871}}}, "STS14": {"deft-forum": {"pearson": [0.4270666160647139, 2.249961143336382e-21], "spearman": [0.42067053609446026, 1.0036719469442036e-20], "nsamples": 450}, "deft-news": {"pearson": [0.7329300701792998, 8.783448644313109e-52], "spearman": [0.6984572919384141, 3.310828586088807e-45], "nsamples": 300}, "headlines": {"pearson": [0.6667789472695026, 1.3318208205391166e-97], "spearman": [0.6521797140011835, 4.675825059721605e-92], "nsamples": 750}, "images": {"pearson": [0.7106246571890772, 2.5067773877950303e-116], "spearman": [0.707576990103535, 6.5019228025761905e-115], "nsamples": 750}, "OnWN": {"pearson": [0.6338483386043653, 1.6308319424533745e-85], "spearman": [0.6796173200768736, 9.567392334978102e-103], "nsamples": 750}, "tweet-news": {"pearson": [0.6744428144454796, 1.217060609214464e-100], "spearman": [0.6305947312801151, 2.127119595196537e-84], "nsamples": 750}, "all": {"pearson": {"mean": 0.6409485739587397, "wmean": 0.6470213510437947}, "spearman": {"mean": 0.6315160972490969, "wmean": 0.6403507987787498}}}, "STS15": {"answers-forums": {"pearson": [0.5818007960344191, 2.3909003539349014e-35], "spearman": [0.5667257443505223, 3.037218311359024e-33], "nsamples": 375}, "answers-students": {"pearson": [0.7396683027522974, 8.647652127327877e-131], "spearman": [0.7484636116851274, 1.4739907750341394e-135], "nsamples": 750}, "belief": {"pearson": [0.7050500220440922, 1.2400954744637347e-57], "spearman": [0.6961581481758591, 1.2053494424796155e-55], "nsamples": 375}, "headlines": {"pearson": [0.7102661263315666, 3.684730509424432e-116], "spearman": [0.7235999881552314, 1.4699350355823892e-122], "nsamples": 750}, "images": {"pearson": [0.7598558287888156, 4.882797958264633e-142], "spearman": [0.7675840334780752, 1.2104044868194297e-146], "nsamples": 750}, "all": {"pearson": {"mean": 0.6993282151902382, "wmean": 0.7133039167279838}, "spearman": {"mean": 0.7005063051689631, "wmean": 0.7177723948954061}}}, "STS16": {"answer-answer": {"pearson": [0.6506545125475762, 5.754216265048667e-32], "spearman": [0.644198707023133, 3.5628777507021036e-31], "nsamples": 254}, "headlines": {"pearson": [0.6898740669340125, 1.6197451845014498e-36], "spearman": [0.6991775535424518, 7.320842282956207e-38], "nsamples": 249}, "plagiarism": {"pearson": [0.7613196739428757, 8.634129349084249e-45], "spearman": [0.7950655844579785, 2.0429431176489003e-51], "nsamples": 230}, "postediting": {"pearson": [0.866662329569122, 4.89102368422923e-75], "spearman": [0.8687276145809815, 8.436619633609338e-76], "nsamples": 244}, "question-question": {"pearson": [0.5038325821401395, 7.462865216823753e-15], "spearman": [0.5051711746706218, 6.170993071531255e-15], "nsamples": 209}, "all": {"pearson": {"mean": 0.6944686330267451, "wmean": 0.698916553071391}, "spearman": {"mean": 0.7024681268550333, "wmean": 0.7066923105440142}}}}