{"MR": {"devacc": 68.54, "acc": 66.6, "ndev": 10662, "ntest": 10662}, "CR": {"devacc": 77.28, "acc": 75.84, "ndev": 3775, "ntest": 3775}, "SUBJ": {"devacc": 89.71, "acc": 89.17, "ndev": 10000, "ntest": 10000}, "MPQA": {"devacc": 87.12, "acc": 87.29, "ndev": 10606, "ntest": 10606}, "SST5": {"devacc": 34.88, "acc": 37.01, "ndev": 1101, "ntest": 2210}, "TREC": {"devacc": 78.49, "acc": 83.8, "ndev": 5452, "ntest": 500}, "MRPC": {"devacc": 73.16, "acc": 68.7, "f1": 74.41, "ndev": 4076, "ntest": 1725}, "STS12": {"MSRpar": {"pearson": [0.4151992966898111, 1.28998290688529e-32], "spearman": [0.43426080717905363, 7.621514050268085e-36], "nsamples": 750}, "MSRvid": {"pearson": [0.7462159254525502, 2.5457987313267263e-134], "spearman": [0.7574772431714047, 1.1782316423234398e-140], "nsamples": 750}, "SMTeuroparl": {"pearson": [0.593814938365834, 4.4345911252992085e-45], "spearman": [0.6679188604071403, 1.3095588262895104e-60], "nsamples": 459}, "surprise.OnWN": {"pearson": [0.64867373234978, 9.040275297279505e-91], "spearman": [0.6841790121622471, 1.2278747814154862e-104], "nsamples": 750}, "surprise.SMTnews": {"pearson": [0.6155220117431505, 5.732667453286252e-43], "spearman": [0.5355606827750403, 5.372733797908599e-31], "nsamples": 399}, "all": {"pearson": {"mean": 0.6038851809202251, "wmean": 0.6035138530452191}, "spearman": {"mean": 0.6158793211389773, "wmean": 0.6200776274899124}}}, "STS13": {"FNWN": {"pearson": [0.26410331016205507, 0.00024051854275691412], "spearman": [0.2820693512788437, 8.415984201975789e-05], "nsamples": 189}, "headlines": {"pearson": [0.7092578936408578, 1.0851174274464425e-115], "spearman": [0.7113021733396597, 1.2086130807094253e-116], "nsamples": 750}, "OnWN": {"pearson": [0.47431103407676395, 8.198303834506318e-33], "spearman": [0.5015969614753953, 4.424684337559414e-37], "nsamples": 561}, "all": {"pearson": {"mean": 0.482557412626559, "wmean": 0.5652982906455576}, "spearman": {"mean": 0.49832282869796624, "wmean": 0.5787890885227621}}}, "STS14": {"deft-forum": {"pearson": [0.45718689838881404, 1.2632111141541202e-24], "spearman": [0.454843841723933, 2.3234192241748603e-24], "nsamples": 450}, "deft-news": {"pearson": [0.7627391198552297, 2.3538012390795864e-58], "spearman": [0.7397576372088246, 3.2986292817628117e-53], "nsamples": 300}, "headlines": {"pearson": [0.6856766765718069, 2.8873922795463835e-105], "spearman": [0.6735607756617464, 2.7527299974960464e-100], "nsamples": 750}, "images": {"pearson": [0.733355502359421, 1.7450752998387136e-127], "spearman": [0.7353567322519929, 1.601075459076723e-128], "nsamples": 750}, "OnWN": {"pearson": [0.6137067143258568, 8.11615597215816e-79], "spearman": [0.6692249474210692, 1.4600530578646705e-98], "nsamples": 750}, "tweet-news": {"pearson": [0.7240108730320811, 9.207314148778656e-123], "spearman": [0.6726181711594442, 6.564383702095638e-100], "nsamples": 750}, "all": {"pearson": {"mean": 0.6627792974222017, "wmean": 0.6672315106529092}, "spearman": {"mean": 0.6575603509045018, "wmean": 0.6639139972824286}}}, "STS15": {"answers-forums": {"pearson": [0.6416263255965297, 6.905796339467694e-45], "spearman": [0.6372666350767766, 4.0377158987345553e-44], "nsamples": 375}, "answers-students": {"pearson": [0.7521462731610579, 1.2957236786159596e-137], "spearman": [0.7555609260797421, 1.4910932374839783e-139], "nsamples": 750}, "belief": {"pearson": [0.7392036638904127, 5.148240249129335e-66], "spearman": [0.738556567558661, 7.631588353944593e-66], "nsamples": 375}, "headlines": {"pearson": [0.7281329107545687, 8.041831298704767e-125], "spearman": [0.7426966623123898, 2.075406516496245e-132], "nsamples": 750}, "images": {"pearson": [0.8046680955762924, 1.5874094330731455e-171], "spearman": [0.8146466560676467, 3.749524406050059e-179], "nsamples": 750}, "all": {"pearson": {"mean": 0.7331554537957723, "wmean": 0.7438405685588474}, "spearman": {"mean": 0.7377454894190432, "wmean": 0.7502039614443744}}}, "STS16": {"answer-answer": {"pearson": [0.6807993724892653, 6.206743164804914e-36], "spearman": [0.6755038844107828, 3.3411008460077884e-35], "nsamples": 254}, "headlines": {"pearson": [0.7206514052489533, 3.572655170695458e-41], "spearman": [0.7297604219414541, 1.129055528482725e-42], "nsamples": 249}, "plagiarism": {"pearson": [0.7804554513743157, 2.104139621770911e-48], "spearman": [0.8268065163598656, 6.757255195496734e-59], "nsamples": 230}, "postediting": {"pearson": [0.8685042670775265, 1.0217158813593922e-75], "spearman": [0.8685756079908693, 9.611330280571352e-76], "nsamples": 244}, "question-question": {"pearson": [0.4579739974156799, 3.1208047817138633e-12], "spearman": [0.438855950432988, 2.997649280070358e-11], "nsamples": 209}, "all": {"pearson": {"mean": 0.7016768987211481, "wmean": 0.707842833863532}, "spearman": {"mean": 0.7079004762271919, "wmean": 0.7142556260175351}}}}