{"MR": {"devacc": 65.66, "acc": 67.59, "ndev": 10662, "ntest": 10662}, "CR": {"devacc": 76.05, "acc": 73.56, "ndev": 3775, "ntest": 3775}, "SUBJ": {"devacc": 86.09, "acc": 86.01, "ndev": 10000, "ntest": 10000}, "MPQA": {"devacc": 85.7, "acc": 85.61, "ndev": 10606, "ntest": 10606}, "SST5": {"devacc": 35.69, "acc": 36.24, "ndev": 1101, "ntest": 2210}, "TREC": {"devacc": 73.26, "acc": 83.4, "ndev": 5452, "ntest": 500}, "MRPC": {"devacc": 72.96, "acc": 70.26, "f1": 80.76, "ndev": 4076, "ntest": 1725}, "STS12": {"MSRpar": {"pearson": [0.3517028809843348, 2.9359731704933954e-23], "spearman": [0.3635167966258432, 7.584704187301437e-25], "nsamples": 750}, "MSRvid": {"pearson": [0.7308977475639136, 3.1847469729703607e-126], "spearman": [0.7365225956905809, 3.941647746646958e-129], "nsamples": 750}, "SMTeuroparl": {"pearson": [0.5811189407811631, 8.256023454214574e-43], "spearman": [0.6594918918205569, 1.27866440630771e-58], "nsamples": 459}, "surprise.OnWN": {"pearson": [0.6282171339386112, 1.3629605763963135e-83], "spearman": [0.6591165255931897, 1.184983416191026e-94], "nsamples": 750}, "surprise.SMTnews": {"pearson": [0.6330663295377773, 4.4781685625530706e-46], "spearman": [0.5796185103651481, 3.490355377014976e-37], "nsamples": 399}, "all": {"pearson": {"mean": 0.58500060656116, "wmean": 0.5799357725769858}, "spearman": {"mean": 0.5996532640190638, "wmean": 0.5963132247147811}}}, "STS13": {"FNWN": {"pearson": [0.2370570736586003, 0.0010222947273498743], "spearman": [0.25390099317932097, 0.00042291729840239066], "nsamples": 189}, "headlines": {"pearson": [0.6912711675060509, 1.1972592004084949e-107], "spearman": [0.6946010409222435, 4.307127357371607e-109], "nsamples": 750}, "OnWN": {"pearson": [0.5096910631237334, 2.0141209064745266e-38], "spearman": [0.5255112156904922, 3.7602005498145675e-41], "nsamples": 561}, "all": {"pearson": {"mean": 0.47933976809612816, "wmean": 0.5661292326422854}, "spearman": {"mean": 0.4913377499306855, "wmean": 0.5758332402699603}}}, "STS14": {"deft-forum": {"pearson": [0.4483134013173199, 1.23890336358505e-23], "spearman": [0.44156907493088404, 6.72146899061717e-23], "nsamples": 450}, "deft-news": {"pearson": [0.7395312925914157, 3.6838513199083387e-53], "spearman": [0.7195506798948866, 4.103972480236456e-49], "nsamples": 300}, "headlines": {"pearson": [0.6660113572222803, 2.6536929426383055e-97], "spearman": [0.6528675531116395, 2.6030570314615313e-92], "nsamples": 750}, "images": {"pearson": [0.714282542247657, 4.7598483906324175e-118], "spearman": [0.7149413968997296, 2.315404345416145e-118], "nsamples": 750}, "OnWN": {"pearson": [0.6371904874406799, 1.1289068661775166e-86], "spearman": [0.6877702585249308, 3.7611446623293302e-106], "nsamples": 750}, "tweet-news": {"pearson": [0.7103393309089976, 3.40619402138493e-116], "spearman": [0.6679182942738191, 4.768494486932765e-98], "nsamples": 750}, "all": {"pearson": {"mean": 0.652611401954725, "wmean": 0.6585248551293146}, "spearman": {"mean": 0.6474362096059815, "wmean": 0.6552518439453208}}}, "STS15": {"answers-forums": {"pearson": [0.6008740083815485, 3.586007623268732e-38], "spearman": [0.5908789289178764, 1.1425031597006214e-36], "nsamples": 375}, "answers-students": {"pearson": [0.7414732657570859, 9.423351625811192e-132], "spearman": [0.7510272320943902, 5.509062416213012e-137], "nsamples": 750}, "belief": {"pearson": [0.691778965514347, 1.0801240813664762e-54], "spearman": [0.6729647210966498, 8.68146365021942e-51], "nsamples": 375}, "headlines": {"pearson": [0.714640079648579, 3.22008709161595e-118], "spearman": [0.7281724305133309, 7.68127349427259e-125], "nsamples": 750}, "images": {"pearson": [0.7830851124452118, 1.9109397329159886e-156], "spearman": [0.7917523623602271, 2.759488823251042e-162], "nsamples": 750}, "all": {"pearson": {"mean": 0.7063702863493544, "wmean": 0.7213812361997061}, "spearman": {"mean": 0.7069591349964949, "wmean": 0.7257184624938029}}}, "STS16": {"answer-answer": {"pearson": [0.6699997388726641, 1.8523638901675691e-34], "spearman": [0.6695136264831018, 2.1510663670315497e-34], "nsamples": 254}, "headlines": {"pearson": [0.7197737529403824, 4.947593217736218e-41], "spearman": [0.7339303568944988, 2.2148663698713908e-43], "nsamples": 249}, "plagiarism": {"pearson": [0.775498228818266, 1.9644213091779902e-47], "spearman": [0.8035994891693777, 2.7205503496777954e-53], "nsamples": 230}, "postediting": {"pearson": [0.858396202802215, 4.178888884539558e-72], "spearman": [0.8535214246170257, 1.8369033455118735e-70], "nsamples": 244}, "question-question": {"pearson": [0.4872261332746532, 7.372422117823983e-14], "spearman": [0.45753229702522796, 3.293540522215539e-12], "nsamples": 209}, "all": {"pearson": {"mean": 0.7021788113416362, "wmean": 0.7074596341670792}, "spearman": {"mean": 0.7036194388378464, "wmean": 0.7095417202253137}}}}