{"MR": {"devacc": 66.48, "acc": 65.01, "ndev": 10662, "ntest": 10662}, "CR": {"devacc": 76.75, "acc": 74.23, "ndev": 3775, "ntest": 3775}, "SUBJ": {"devacc": 88.94, "acc": 88.33, "ndev": 10000, "ntest": 10000}, "MPQA": {"devacc": 86.83, "acc": 86.51, "ndev": 10606, "ntest": 10606}, "SST5": {"devacc": 37.97, "acc": 39.37, "ndev": 1101, "ntest": 2210}, "TREC": {"devacc": 74.76, "acc": 76.2, "ndev": 5452, "ntest": 500}, "MRPC": {"devacc": 74.09, "acc": 71.65, "f1": 77.64, "ndev": 4076, "ntest": 1725}, "STS12": {"MSRpar": {"pearson": [0.4142093849006951, 1.873536910272602e-32], "spearman": [0.4330196628618303, 1.2548666746553015e-35], "nsamples": 750}, "MSRvid": {"pearson": [0.7523769145657451, 9.60599730800443e-138], "spearman": [0.7618675182935527, 3.2115363140078896e-143], "nsamples": 750}, "SMTeuroparl": {"pearson": [0.581639442560806, 6.693639613930947e-43], "spearman": [0.6594339439682408, 1.3189116767712058e-58], "nsamples": 459}, "surprise.OnWN": {"pearson": [0.6331019587056996, 2.947543615212368e-85], "spearman": [0.6696475800875297, 9.943755805702944e-99], "nsamples": 750}, "surprise.SMTnews": {"pearson": [0.6197612910732447, 1.0605379116080059e-43], "spearman": [0.5465819736046394, 1.851974850521498e-32], "nsamples": 399}, "all": {"pearson": {"mean": 0.6002177983612381, "wmean": 0.5997501457216021}, "spearman": {"mean": 0.6141101357631585, "wmean": 0.6174927473236351}}}, "STS13": {"FNWN": {"pearson": [0.2305283972709132, 0.0014162834231196812], "spearman": [0.24926729515371393, 0.0005424151423720355], "nsamples": 189}, "headlines": {"pearson": [0.7108650099714056, 1.935637470475415e-116], "spearman": [0.7118758990868851, 6.505424331087956e-117], "nsamples": 750}, "OnWN": {"pearson": [0.519829771703666, 3.730499638087998e-40], "spearman": [0.5381878333025779, 1.916100078941619e-43], "nsamples": 561}, "all": {"pearson": {"mean": 0.4870743929819949, "wmean": 0.5788954176590089}, "spearman": {"mean": 0.49977700918105894, "wmean": 0.5886278783879746}}}, "STS14": {"deft-forum": {"pearson": [0.4537420902680184, 3.0893452956534448e-24], "spearman": [0.45535299432789067, 2.0360663392603643e-24], "nsamples": 450}, "deft-news": {"pearson": [0.7702664642229847, 3.6060576317679667e-60], "spearman": [0.7523352373080736, 5.91131223938428e-56], "nsamples": 300}, "headlines": {"pearson": [0.6757285567032577, 3.6847987603085523e-101], "spearman": [0.6614885749708357, 1.4791723732959692e-95], "nsamples": 750}, "images": {"pearson": [0.7245984342297032, 4.709418359470025e-123], "spearman": [0.7269946904561557, 3.003458820013409e-124], "nsamples": 750}, "OnWN": {"pearson": [0.6251469786941186, 1.4649842398177112e-82], "spearman": [0.6774749969962767, 7.200171178316662e-102], "nsamples": 750}, "tweet-news": {"pearson": [0.7211700811479164, 2.29771284127577e-121], "spearman": [0.6759680481267569, 2.9475974917749905e-101], "nsamples": 750}, "all": {"pearson": {"mean": 0.6617754342109998, "wmean": 0.6653991781250002}, "spearman": {"mean": 0.6582690903643316, "wmean": 0.6632144404139977}}}, "STS15": {"answers-forums": {"pearson": [0.6315924099413989, 3.8546542250716946e-43], "spearman": [0.6247804004549182, 5.441663376507749e-42], "nsamples": 375}, "answers-students": {"pearson": [0.7580161438591947, 5.746431666085964e-141], "spearman": [0.766753967502718, 3.856296794104669e-146], "nsamples": 750}, "belief": {"pearson": [0.7293048755592053, 1.8729232362634472e-63], "spearman": [0.7350819175906581, 6.193983265124076e-65], "nsamples": 375}, "headlines": {"pearson": [0.7147878514690914, 2.739320426868162e-118], "spearman": [0.729482544303408, 1.6711445924070128e-125], "nsamples": 750}, "images": {"pearson": [0.800377803731123, 2.2147878463006887e-168], "spearman": [0.8095097095516524, 3.6020099111239896e-175], "nsamples": 750}, "all": {"pearson": {"mean": 0.7268158169120027, "wmean": 0.7384076104524278}, "spearman": {"mean": 0.7331217078806709, "wmean": 0.7464193450951416}}}, "STS16": {"answer-answer": {"pearson": [0.662880459103184, 1.6087309414591362e-33], "spearman": [0.6584477985200289, 5.9993228512571345e-33], "nsamples": 254}, "headlines": {"pearson": [0.7160974097593977, 1.9093369543021473e-40], "spearman": [0.7254975656535722, 5.785466511151141e-42], "nsamples": 249}, "plagiarism": {"pearson": [0.78138119987647, 1.3775123971402035e-48], "spearman": [0.822689642394906, 7.643673632330798e-58], "nsamples": 230}, "postediting": {"pearson": [0.8620989713486504, 2.1449439874707023e-73], "spearman": [0.8587310702213534, 3.205855106895419e-72], "nsamples": 244}, "question-question": {"pearson": [0.5183538219577108, 9.073697532895794e-16], "spearman": [0.5093414723294629, 3.395059218851272e-15], "nsamples": 209}, "all": {"pearson": {"mean": 0.7081623724090826, "wmean": 0.7125511512749739}, "spearman": {"mean": 0.7149415098238647, "wmean": 0.7193052287297835}}}}