{"MR": {"devacc": 65.25, "acc": 65.22, "ndev": 10662, "ntest": 10662}, "CR": {"devacc": 75.24, "acc": 72.93, "ndev": 3775, "ntest": 3775}, "SUBJ": {"devacc": 86.29, "acc": 86.24, "ndev": 10000, "ntest": 10000}, "MPQA": {"devacc": 85.58, "acc": 85.85, "ndev": 10606, "ntest": 10606}, "SST5": {"devacc": 36.06, "acc": 37.1, "ndev": 1101, "ntest": 2210}, "TREC": {"devacc": 70.71, "acc": 79.8, "ndev": 5452, "ntest": 500}, "MRPC": {"devacc": 72.96, "acc": 67.94, "f1": 73.45, "ndev": 4076, "ntest": 1725}, "STS12": {"MSRpar": {"pearson": [0.41983398332894767, 2.210579579575045e-33], "spearman": [0.4345941216392021, 6.663938598120575e-36], "nsamples": 750}, "MSRvid": {"pearson": [0.737135338794409, 1.8812358131796128e-129], "spearman": [0.7470731153666941, 8.61977530265776e-135], "nsamples": 750}, "SMTeuroparl": {"pearson": [0.5822578776404842, 5.214326861662731e-43], "spearman": [0.6564715501521838, 6.372455537767222e-58], "nsamples": 459}, "surprise.OnWN": {"pearson": [0.6319363444535564, 7.40430196450118e-85], "spearman": [0.665884980598908, 2.972071900284774e-97], "nsamples": 750}, "surprise.SMTnews": {"pearson": [0.5812276896663859, 1.9899042950580513e-37], "spearman": [0.5148910172366062, 2.149807405358873e-28], "nsamples": 399}, "all": {"pearson": {"mean": 0.5904782467767566, "wmean": 0.5922926203174244}, "spearman": {"mean": 0.6037829569987189, "wmean": 0.6088887131920403}}}, "STS13": {"FNWN": {"pearson": [0.2560792132864821, 0.00037562418278154085], "spearman": [0.2662555607408076, 0.00021289819292840976], "nsamples": 189}, "headlines": {"pearson": [0.6979021678444156, 1.5239947202158806e-110], "spearman": [0.6991644271921617, 4.195853584452731e-111], "nsamples": 750}, "OnWN": {"pearson": [0.48273605500988875, 4.332375915346751e-34], "spearman": [0.5108678182027674, 1.2764334066551727e-38], "nsamples": 561}, "all": {"pearson": {"mean": 0.4789058120469288, "wmean": 0.5617603493700029}, "spearman": {"mean": 0.4920959353785788, "wmean": 0.5741949782572576}}}, "STS14": {"deft-forum": {"pearson": [0.4209302968241581, 9.451193199906367e-21], "spearman": [0.424296766763406, 4.3162831454816755e-21], "nsamples": 450}, "deft-news": {"pearson": [0.7311328508244455, 2.0491447499710844e-51], "spearman": [0.7014630626649171, 9.643841773489395e-46], "nsamples": 300}, "headlines": {"pearson": [0.6918812304747162, 6.532906399183206e-108], "spearman": [0.6797096129587972, 8.767239195043358e-103], "nsamples": 750}, "images": {"pearson": [0.6949129400168496, 3.1471565532032085e-109], "spearman": [0.6921981731991725, 4.766170922287864e-108], "nsamples": 750}, "OnWN": {"pearson": [0.596772951071205, 1.501449382681744e-73], "spearman": [0.6504568976563491, 2.0140996461931152e-91], "nsamples": 750}, "tweet-news": {"pearson": [0.6980814201187687, 1.2694450382283496e-110], "spearman": [0.6492902852220072, 5.385248997496659e-91], "nsamples": 750}, "all": {"pearson": {"mean": 0.6389519482216905, "wmean": 0.6453319720211625}, "spearman": {"mean": 0.6329024664107749, "wmean": 0.6413636508320673}}}, "STS15": {"answers-forums": {"pearson": [0.5948528766133137, 2.9273297324465096e-37], "spearman": [0.5820717214789968, 2.1864756655167225e-35], "nsamples": 375}, "answers-students": {"pearson": [0.7455246394534345, 6.077774294096618e-134], "spearman": [0.7481255538831305, 2.266899133923958e-135], "nsamples": 750}, "belief": {"pearson": [0.7027295637068807, 4.161901383853126e-57], "spearman": [0.7011502495558353, 9.424707170198445e-57], "nsamples": 375}, "headlines": {"pearson": [0.7184548823712057, 4.792012566464358e-120], "spearman": [0.727481929728844, 1.7100401345410152e-124], "nsamples": 750}, "images": {"pearson": [0.7835684885401674, 9.175922574868435e-157], "spearman": [0.7939425492690734, 8.331807907920634e-164], "nsamples": 750}, "all": {"pearson": {"mean": 0.7090260901370004, "wmean": 0.7240848076312262}, "spearman": {"mean": 0.710554400783176, "wmean": 0.7277902545996159}}}, "STS16": {"answer-answer": {"pearson": [0.6445274481526283, 3.2504282194378817e-31], "spearman": [0.6416300726546259, 7.270731640481482e-31], "nsamples": 254}, "headlines": {"pearson": [0.7218299507186312, 2.302795939190797e-41], "spearman": [0.7323534899838178, 4.115300745177866e-43], "nsamples": 249}, "plagiarism": {"pearson": [0.7658468486546843, 1.2962240393303415e-45], "spearman": [0.7963372422045156, 1.0875746856782537e-51], "nsamples": 230}, "postediting": {"pearson": [0.8589158921964873, 2.768731302227535e-72], "spearman": [0.8573235107785631, 9.723800565804937e-72], "nsamples": 244}, "question-question": {"pearson": [0.41699021801831065, 3.3717284236284103e-10], "spearman": [0.3816221939881306, 1.1896691633587639e-08], "nsamples": 209}, "all": {"pearson": {"mean": 0.6816220715481484, "wmean": 0.688294129858393}, "spearman": {"mean": 0.6818533019219306, "wmean": 0.6892357490225741}}}}