{"MR": {"devacc": 66.87, "acc": 66.62, "ndev": 10662, "ntest": 10662}, "CR": {"devacc": 76.23, "acc": 74.04, "ndev": 3775, "ntest": 3775}, "SUBJ": {"devacc": 87.68, "acc": 87.54, "ndev": 10000, "ntest": 10000}, "MPQA": {"devacc": 86.24, "acc": 85.61, "ndev": 10606, "ntest": 10606}, "SST5": {"devacc": 36.6, "acc": 37.65, "ndev": 1101, "ntest": 2210}, "TREC": {"devacc": 75.53, "acc": 84.0, "ndev": 5452, "ntest": 500}, "MRPC": {"devacc": 72.64, "acc": 67.88, "f1": 73.74, "ndev": 4076, "ntest": 1725}, "STS12": {"MSRpar": {"pearson": [0.42737341909446064, 1.1816515350546824e-34], "spearman": [0.42917916586440275, 5.794629351108793e-35], "nsamples": 750}, "MSRvid": {"pearson": [0.7433416594532873, 9.31448729184472e-133], "spearman": [0.7537428534962873, 1.621291019516105e-138], "nsamples": 750}, "SMTeuroparl": {"pearson": [0.561467904932746, 1.737835817464598e-39], "spearman": [0.6263567414470467, 2.2016167074624893e-51], "nsamples": 459}, "surprise.OnWN": {"pearson": [0.6384290459893412, 4.161144705635964e-87], "spearman": [0.674770536725443, 8.980504343971985e-101], "nsamples": 750}, "surprise.SMTnews": {"pearson": [0.6084509764362326, 9.041014251486688e-42], "spearman": [0.544563025228981, 3.4642678457178774e-32], "nsamples": 399}, "all": {"pearson": {"mean": 0.5958126011812136, "wmean": 0.5976009656901557}, "spearman": {"mean": 0.6057224645524322, "wmean": 0.61069749306794}}}, "STS13": {"FNWN": {"pearson": [0.27837232997881667, 0.00010508368233536018], "spearman": [0.2974475980813823, 3.230573746153405e-05], "nsamples": 189}, "headlines": {"pearson": [0.7007283884751495, 8.407694899425117e-112], "spearman": [0.7026711136096209, 1.124823992047115e-112], "nsamples": 750}, "OnWN": {"pearson": [0.48263531049608627, 4.48959160409055e-34], "spearman": [0.5056722396265986, 9.436203791470421e-38], "nsamples": 561}, "all": {"pearson": {"mean": 0.4872453429833508, "wmean": 0.565944713940442}, "spearman": {"mean": 0.5019303171058672, "wmean": 0.5779353717834124}}}, "STS14": {"deft-forum": {"pearson": [0.44924137858115165, 9.788061968470581e-24], "spearman": [0.4490669411136379, 1.0231946806276356e-23], "nsamples": 450}, "deft-news": {"pearson": [0.7427673131968201, 7.511293035593635e-54], "spearman": [0.7246046449533481, 4.2009240035886444e-50], "nsamples": 300}, "headlines": {"pearson": [0.6808839265203491, 2.8775219995045375e-103], "spearman": [0.6685844862236833, 2.6100070037247285e-98], "nsamples": 750}, "images": {"pearson": [0.7089119169229681, 1.5702745416142384e-115], "spearman": [0.7146152804891465, 3.3086314909005296e-118], "nsamples": 750}, "OnWN": {"pearson": [0.6018420788680233, 4.293580503705177e-75], "spearman": [0.6573916916007522, 5.317191486362027e-94], "nsamples": 750}, "tweet-news": {"pearson": [0.7232219733258779, 2.2588396520809543e-122], "spearman": [0.6826034033258835, 5.5775207765168257e-104], "nsamples": 750}, "all": {"pearson": {"mean": 0.6511447645691982, "wmean": 0.6563023296129274}, "spearman": {"mean": 0.6494777412844086, "wmean": 0.6564953768577975}}}, "STS15": {"answers-forums": {"pearson": [0.6412149511279852, 8.167906739591608e-45], "spearman": [0.6289565649766862, 1.0820834902756586e-42], "nsamples": 375}, "answers-students": {"pearson": [0.7592353593885872, 1.1242701984472707e-141], "spearman": [0.7652557888977425, 3.0844447618717445e-145], "nsamples": 750}, "belief": {"pearson": [0.7388412764950827, 6.418897037225758e-66], "spearman": [0.7427179934254636, 5.946303217986666e-67], "nsamples": 375}, "headlines": {"pearson": [0.7104390864817866, 3.0600938767818806e-116], "spearman": [0.7248443030468175, 3.555513599058494e-123], "nsamples": 750}, "images": {"pearson": [0.7924329538616338, 9.341887730929786e-163], "spearman": [0.8037391619109998, 7.72989719886776e-171], "nsamples": 750}, "all": {"pearson": {"mean": 0.7284327254710152, "wmean": 0.7380338783858853}, "spearman": {"mean": 0.7331027624515419, "wmean": 0.7449191332641587}}}, "STS16": {"answer-answer": {"pearson": [0.6789387213269344, 1.1258253758055618e-35], "spearman": [0.6756075190998578, 3.23392172531556e-35], "nsamples": 254}, "headlines": {"pearson": [0.7119233616293434, 8.621724087935604e-40], "spearman": [0.7218234531349976, 2.3083928517816656e-41], "nsamples": 249}, "plagiarism": {"pearson": [0.7604673805653742, 1.228036598095658e-44], "spearman": [0.7914797127776874, 1.180325001306409e-50], "nsamples": 230}, "postediting": {"pearson": [0.8713546311481714, 8.637873122544933e-77], "spearman": [0.8715306449877274, 7.401407557805985e-77], "nsamples": 244}, "question-question": {"pearson": [0.48000618696354297, 1.921252990160938e-13], "spearman": [0.45974843375007135, 2.5115236890143285e-12], "nsamples": 209}, "all": {"pearson": {"mean": 0.7005380563266732, "wmean": 0.7062046145601333}, "spearman": {"mean": 0.7040379527500682, "wmean": 0.7100502391666248}}}}