{"MR": {"devacc": 65.25, "acc": 64.01, "ndev": 10662, "ntest": 10662}, "CR": {"devacc": 75.4, "acc": 74.36, "ndev": 3775, "ntest": 3775}, "SUBJ": {"devacc": 86.81, "acc": 86.31, "ndev": 10000, "ntest": 10000}, "MPQA": {"devacc": 85.23, "acc": 84.31, "ndev": 10606, "ntest": 10606}, "SST5": {"devacc": 35.06, "acc": 34.03, "ndev": 1101, "ntest": 2210}, "TREC": {"devacc": 72.12, "acc": 78.6, "ndev": 5452, "ntest": 500}, "MRPC": {"devacc": 72.47, "acc": 69.68, "f1": 76.13, "ndev": 4076, "ntest": 1725}, "STS12": {"MSRpar": {"pearson": [0.4073563792761277, 2.3985343638184758e-31], "spearman": [0.4251661296714278, 2.806935872590377e-34], "nsamples": 750}, "MSRvid": {"pearson": [0.7439120991961868, 4.57679962461118e-133], "spearman": [0.7510324840385476, 5.471866785127417e-137], "nsamples": 750}, "SMTeuroparl": {"pearson": [0.5793049087929493, 1.710103291395896e-42], "spearman": [0.6562791817132976, 7.054436156444802e-58], "nsamples": 459}, "surprise.OnWN": {"pearson": [0.6280034102052264, 1.6093628433817674e-83], "spearman": [0.6544863484405664, 6.5192186176535955e-93], "nsamples": 750}, "surprise.SMTnews": {"pearson": [0.6104075437654234, 4.244094052824896e-42], "spearman": [0.5403833635090503, 1.2498106367160115e-31], "nsamples": 399}, "all": {"pearson": {"mean": 0.5937968682471827, "wmean": 0.5932778248412238}, "spearman": {"mean": 0.6054695014745779, "wmean": 0.6080626859908046}}}, "STS13": {"FNWN": {"pearson": [0.23314456296272917, 0.0012441772710847217], "spearman": [0.24587554580099596, 0.0006488889598925961], "nsamples": 189}, "headlines": {"pearson": [0.6925735407789464, 3.2791400803316806e-108], "spearman": [0.6967621888712747, 4.856995353703587e-110], "nsamples": 750}, "OnWN": {"pearson": [0.47148351599676785, 2.159741184655521e-32], "spearman": [0.4886978426033239, 5.145121502479196e-35], "nsamples": 561}, "all": {"pearson": {"mean": 0.4657338732461478, "wmean": 0.5519978203055683}, "spearman": {"mean": 0.4771118590918649, "wmean": 0.5621344063402061}}}, "STS14": {"deft-forum": {"pearson": [0.4614115230562544, 4.160058187267128e-25], "spearman": [0.4654870204635971, 1.4039163260261114e-25], "nsamples": 450}, "deft-news": {"pearson": [0.7362852745561189, 1.773254797732568e-52], "spearman": [0.7017655840319662, 8.510654801268353e-46], "nsamples": 300}, "headlines": {"pearson": [0.6896364097921269, 6.024676094398525e-107], "spearman": [0.6805502505506577, 3.951225010473946e-103], "nsamples": 750}, "images": {"pearson": [0.7058594846223641, 3.997931667599464e-114], "spearman": [0.7093874445029518, 9.447505539339225e-116], "nsamples": 750}, "OnWN": {"pearson": [0.6089840529495777, 2.5724309150878767e-77], "spearman": [0.6611013894627853, 2.0801329194807193e-95], "nsamples": 750}, "tweet-news": {"pearson": [0.6929328068383781, 2.2913044213977104e-108], "spearman": [0.65717927345665, 6.392588185368963e-94], "nsamples": 750}, "all": {"pearson": {"mean": 0.6491849253024701, "wmean": 0.6537547555717294}, "spearman": {"mean": 0.6459118270781014, "wmean": 0.6536433607727979}}}, "STS15": {"answers-forums": {"pearson": [0.6062945415530054, 5.212070050176068e-39], "spearman": [0.5969693392394624, 1.4065018903825671e-37], "nsamples": 375}, "answers-students": {"pearson": [0.7481778722168475, 2.1209040787807155e-135], "spearman": [0.753291632921711, 2.9219129818468865e-138], "nsamples": 750}, "belief": {"pearson": [0.6915501240007104, 1.2099649914769133e-54], "spearman": [0.699272004151013, 2.47401634169586e-56], "nsamples": 375}, "headlines": {"pearson": [0.7157915621975063, 9.108929688970849e-119], "spearman": [0.7308626283619832, 3.318915173188337e-126], "nsamples": 750}, "images": {"pearson": [0.7805220665333689, 9.056983566501913e-155], "spearman": [0.7916073939141606, 3.473735628632649e-162], "nsamples": 750}, "all": {"pearson": {"mean": 0.7084672333002877, "wmean": 0.7233534584311451}, "spearman": {"mean": 0.7144005997176661, "wmean": 0.7309705817232731}}}, "STS16": {"answer-answer": {"pearson": [0.6555888567234127, 1.3857294301163636e-32], "spearman": [0.6530794695178672, 2.86789847043078e-32], "nsamples": 254}, "headlines": {"pearson": [0.7001839728505573, 5.199528712515715e-38], "spearman": [0.706197522484138, 6.530671208210124e-39], "nsamples": 249}, "plagiarism": {"pearson": [0.7471663453144148, 2.4939011391533055e-42], "spearman": [0.7689230290930463, 3.4865533358332204e-46], "nsamples": 230}, "postediting": {"pearson": [0.8721272970853078, 4.376683533192234e-77], "spearman": [0.8702387064991662, 2.2881466057309034e-76], "nsamples": 244}, "question-question": {"pearson": [0.44796607544213857, 1.0380453298454851e-11], "spearman": [0.4328474117951281, 5.931163531930396e-11], "nsamples": 209}, "all": {"pearson": {"mean": 0.6846065094831661, "wmean": 0.6906725198364866}, "spearman": {"mean": 0.6862572278778691, "wmean": 0.6925640965417096}}}}