{"MR": {"devacc": 67.95, "acc": 69.33, "ndev": 10662, "ntest": 10662}, "CR": {"devacc": 76.91, "acc": 77.16, "ndev": 3775, "ntest": 3775}, "SUBJ": {"devacc": 89.17, "acc": 89.16, "ndev": 10000, "ntest": 10000}, "MPQA": {"devacc": 86.99, "acc": 87.13, "ndev": 10606, "ntest": 10606}, "SST5": {"devacc": 39.24, "acc": 39.59, "ndev": 1101, "ntest": 2210}, "TREC": {"devacc": 78.01, "acc": 85.4, "ndev": 5452, "ntest": 500}, "MRPC": {"devacc": 73.5, "acc": 72.06, "f1": 80.84, "ndev": 4076, "ntest": 1725}, "STS12": {"MSRpar": {"pearson": [0.4065323246407066, 3.2461608388500354e-31], "spearman": [0.42145055725771896, 1.1870619803073951e-33], "nsamples": 750}, "MSRvid": {"pearson": [0.7519525351409669, 1.6656197583613815e-137], "spearman": [0.76431406157146, 1.1306791490524914e-144], "nsamples": 750}, "SMTeuroparl": {"pearson": [0.5808248748450159, 9.293340066037909e-43], "spearman": [0.6592843147136551, 1.4287466030330033e-58], "nsamples": 459}, "surprise.OnWN": {"pearson": [0.6292704813436029, 5.997375229014979e-84], "spearman": [0.6670904959486578, 1.0061629092621238e-97], "nsamples": 750}, "surprise.SMTnews": {"pearson": [0.6281940962613027, 3.4196459704688664e-45], "spearman": [0.566720277305942, 2.8246042229273024e-35], "nsamples": 399}, "all": {"pearson": {"mean": 0.599354862446319, "wmean": 0.5978328725244786}, "spearman": {"mean": 0.6157719413594867, "wmean": 0.6172375248333385}}}, "STS13": {"FNWN": {"pearson": [0.2366835052579951, 0.0010417926501720043], "spearman": [0.25736579833632656, 0.00035004426385056584], "nsamples": 189}, "headlines": {"pearson": [0.711239909123107, 1.292535152951046e-116], "spearman": [0.7112948376707652, 1.2182112436313527e-116], "nsamples": 750}, "OnWN": {"pearson": [0.5114322621340751, 1.0249645437325018e-38], "spearman": [0.5376986685837539, 2.3588850433669066e-43], "nsamples": 561}, "all": {"pearson": {"mean": 0.48645189217172574, "wmean": 0.5767177422622051}, "spearman": {"mean": 0.5021197681969486, "wmean": 0.5891748114760836}}}, "STS14": {"deft-forum": {"pearson": [0.46864516082051766, 5.98949910327904e-26], "spearman": [0.46903716932610673, 5.385187287433355e-26], "nsamples": 450}, "deft-news": {"pearson": [0.7657315021987593, 4.555340229451054e-59], "spearman": [0.7436729188111232, 4.79281987781043e-54], "nsamples": 300}, "headlines": {"pearson": [0.6857412729620254, 2.71210035962735e-105], "spearman": [0.6722058858844683, 9.590435622090746e-100], "nsamples": 750}, "images": {"pearson": [0.7239969854048306, 9.354182224259666e-123], "spearman": [0.7258530226131081, 1.1187053477566047e-123], "nsamples": 750}, "OnWN": {"pearson": [0.6284923518176132, 1.1001807045509874e-83], "spearman": [0.6836483328570507, 2.0464421298091825e-104], "nsamples": 750}, "tweet-news": {"pearson": [0.7216611035133287, 1.321436758870731e-121], "spearman": [0.667498316864761, 6.966853279883565e-98], "nsamples": 750}, "all": {"pearson": {"mean": 0.6657113961195125, "wmean": 0.6694742822139225}, "spearman": {"mean": 0.6603192743927697, "wmean": 0.6656194054679003}}}, "STS15": {"answers-forums": {"pearson": [0.6564137392277586, 1.3891870790638706e-47], "spearman": [0.6505860353373728, 1.6726378943783037e-46], "nsamples": 375}, "answers-students": {"pearson": [0.7576955791203478, 8.810290590933957e-141], "spearman": [0.7639833710295576, 1.781639028395384e-144], "nsamples": 750}, "belief": {"pearson": [0.7246033705390879, 2.8149913327997672e-62], "spearman": [0.7230409903535824, 6.842301855884512e-62], "nsamples": 375}, "headlines": {"pearson": [0.7271931805297603, 2.3880042528669817e-124], "spearman": [0.7414186243382536, 1.008015151454169e-131], "nsamples": 750}, "images": {"pearson": [0.8018767730014676, 1.800674249863718e-169], "spearman": [0.812903500768596, 8.693585980941802e-178], "nsamples": 750}, "all": {"pearson": {"mean": 0.7335565284836845, "wmean": 0.7443185218837498}, "spearman": {"mean": 0.7383865043654725, "wmean": 0.7512797522454712}}}, "STS16": {"answer-answer": {"pearson": [0.682344677591047, 3.772459633203484e-36], "spearman": [0.6845385180092236, 1.8506783522169997e-36], "nsamples": 254}, "headlines": {"pearson": [0.7227953459563522, 1.6042836141198507e-41], "spearman": [0.7346568730807848, 1.6624106331883452e-43], "nsamples": 249}, "plagiarism": {"pearson": [0.7879623366558025, 6.379436715468867e-50], "spearman": [0.8331138900690002, 1.4469803831328432e-60], "nsamples": 230}, "postediting": {"pearson": [0.8652932063679392, 1.5429598847202986e-74], "spearman": [0.8609161386896852, 5.590260479796305e-73], "nsamples": 244}, "question-question": {"pearson": [0.45735994178936756, 3.363437635766981e-12], "spearman": [0.43324958876106956, 5.6687123590135406e-11], "nsamples": 209}, "all": {"pearson": {"mean": 0.7031511016721017, "wmean": 0.7093108742578813}, "spearman": {"mean": 0.7092950017219526, "wmean": 0.7158779439955101}}}}