{"MR": {"devacc": 64.74, "acc": 65.47, "ndev": 10662, "ntest": 10662}, "CR": {"devacc": 73.42, "acc": 73.8, "ndev": 3775, "ntest": 3775}, "SUBJ": {"devacc": 84.68, "acc": 84.77, "ndev": 10000, "ntest": 10000}, "MPQA": {"devacc": 84.57, "acc": 84.91, "ndev": 10606, "ntest": 10606}, "SST5": {"devacc": 35.51, "acc": 35.66, "ndev": 1101, "ntest": 2210}, "TREC": {"devacc": 68.16, "acc": 81.4, "ndev": 5452, "ntest": 500}, "MRPC": {"devacc": 72.4, "acc": 68.58, "f1": 75.54, "ndev": 4076, "ntest": 1725}, "STS12": {"MSRpar": {"pearson": [0.38333658037680224, 1.1561305435877847e-27], "spearman": [0.39222366873235875, 5.439102756397752e-29], "nsamples": 750}, "MSRvid": {"pearson": [0.7149944493458995, 2.1846777222267857e-118], "spearman": [0.7279730185875615, 9.680994879605857e-125], "nsamples": 750}, "SMTeuroparl": {"pearson": [0.5704150384717791, 5.683637711175694e-41], "spearman": [0.6499759438658528, 1.8948118998048923e-56], "nsamples": 459}, "surprise.OnWN": {"pearson": [0.6142385204691188, 5.479386765654738e-79], "spearman": [0.6446506006921363, 2.5789476821482912e-89], "nsamples": 750}, "surprise.SMTnews": {"pearson": [0.6200849787514603, 9.313448669846388e-44], "spearman": [0.529994228043541, 2.809726487938777e-30], "nsamples": 399}, "all": {"pearson": {"mean": 0.580613913483012, "wmean": 0.5771111878456385}, "spearman": {"mean": 0.5889634919842901, "wmean": 0.5899105924172592}}}, "STS13": {"FNWN": {"pearson": [0.19242658141447527, 0.007984696416864742], "spearman": [0.24127814465055908, 0.0008240947712388095], "nsamples": 189}, "headlines": {"pearson": [0.6904656138483473, 2.6580897417392046e-107], "spearman": [0.6906697412053819, 2.1722223297241772e-107], "nsamples": 750}, "OnWN": {"pearson": [0.519746976130991, 3.8561243899311486e-40], "spearman": [0.5280990085682944, 1.303201640649041e-41], "nsamples": 561}, "all": {"pearson": {"mean": 0.4675463904646045, "wmean": 0.5638639252553882}, "spearman": {"mean": 0.4866822981414118, "wmean": 0.5732449460332035}}}, "STS14": {"deft-forum": {"pearson": [0.4430374789993758, 4.666106182550054e-23], "spearman": [0.44167140529044535, 6.553041669425303e-23], "nsamples": 450}, "deft-news": {"pearson": [0.7386493359765742, 5.658968050328191e-53], "spearman": [0.7207626075512561, 2.386887920886321e-49], "nsamples": 300}, "headlines": {"pearson": [0.6782716501771993, 3.4061051896576847e-102], "spearman": [0.6679970665427623, 4.440869063199909e-98], "nsamples": 750}, "images": {"pearson": [0.6973480549345781, 2.6789322000734256e-110], "spearman": [0.6971299429810126, 3.343773435709479e-110], "nsamples": 750}, "OnWN": {"pearson": [0.6070887725595894, 1.0130615719613593e-76], "spearman": [0.6642371114617527, 1.2956964818641002e-96], "nsamples": 750}, "tweet-news": {"pearson": [0.7008987355545099, 7.052770443018263e-112], "spearman": [0.6618690841919999, 1.0575094004888375e-95], "nsamples": 750}, "all": {"pearson": {"mean": 0.644215671366971, "wmean": 0.6489778870032263}, "spearman": {"mean": 0.6422778696698715, "wmean": 0.6489082182744593}}}, "STS15": {"answers-forums": {"pearson": [0.5517469527775566, 2.9419255138119558e-31], "spearman": [0.5441884728758024, 2.7126951609550002e-30], "nsamples": 375}, "answers-students": {"pearson": [0.7452519871757476, 8.559817552982228e-134], "spearman": [0.7553961403959014, 1.852733683089727e-139], "nsamples": 750}, "belief": {"pearson": [0.6734446873911027, 6.959238364726304e-51], "spearman": [0.6621301014030134, 1.1460073485190189e-48], "nsamples": 375}, "headlines": {"pearson": [0.7287305790910377, 4.015106168243749e-125], "spearman": [0.7389667740515912, 2.03659709229201e-130], "nsamples": 750}, "images": {"pearson": [0.7682252849548937, 4.9285628021590427e-147], "spearman": [0.7753585633575774, 1.8414607441162274e-151], "nsamples": 750}, "all": {"pearson": {"mean": 0.6934798982780677, "wmean": 0.7137009178265022}, "spearman": {"mean": 0.6952080104167772, "wmean": 0.7182201912361195}}}, "STS16": {"answer-answer": {"pearson": [0.6587683611139372, 5.458687615171691e-33], "spearman": [0.6683172691264484, 3.1040070270586443e-34], "nsamples": 254}, "headlines": {"pearson": [0.7154534520625278, 2.413553431456625e-40], "spearman": [0.7227096484969883, 1.6566949264915922e-41], "nsamples": 249}, "plagiarism": {"pearson": [0.7696005507413821, 2.6037688166895716e-46], "spearman": [0.8009126122879712, 1.0839527773790584e-52], "nsamples": 230}, "postediting": {"pearson": [0.8605991474093589, 7.215553533344087e-73], "spearman": [0.8565432462296048, 1.7895549601604162e-71], "nsamples": 244}, "question-question": {"pearson": [0.4031546825494129, 1.4287533787378504e-09], "spearman": [0.36439354593169704, 5.827049293578335e-08], "nsamples": 209}, "all": {"pearson": {"mean": 0.6815152387753238, "wmean": 0.68864141701327}, "spearman": {"mean": 0.682575264414542, "wmean": 0.69061719463731}}}}