{"MR": {"devacc": 67.83, "acc": 67.87, "ndev": 10662, "ntest": 10662}, "CR": {"devacc": 77.9, "acc": 76.85, "ndev": 3775, "ntest": 3775}, "SUBJ": {"devacc": 89.74, "acc": 89.39, "ndev": 10000, "ntest": 10000}, "MPQA": {"devacc": 85.57, "acc": 86.5, "ndev": 10606, "ntest": 10606}, "SST5": {"devacc": 35.6, "acc": 35.48, "ndev": 1101, "ntest": 2210}, "TREC": {"devacc": 78.14, "acc": 87.6, "ndev": 5452, "ntest": 500}, "MRPC": {"devacc": 72.6, "acc": 66.61, "f1": 71.34, "ndev": 4076, "ntest": 1725}, "STS12": {"MSRpar": {"pearson": [0.6030680129835895, 1.8001967747503082e-75], "spearman": [0.5954341847751413, 3.7985955596923274e-73], "nsamples": 750}, "MSRvid": {"pearson": [0.8932406323131415, 6.494501687063257e-262], "spearman": [0.8943148962414891, 1.8258919291349303e-263], "nsamples": 750}, "SMTeuroparl": {"pearson": [0.5374730364955845, 1.0195806165127324e-35], "spearman": [0.5820331263610602, 5.710090869139232e-43], "nsamples": 459}, "surprise.OnWN": {"pearson": [0.7017707332914898, 2.863152744420104e-112], "spearman": [0.6972132275863498, 3.0724518504762814e-110], "nsamples": 750}, "surprise.SMTnews": {"pearson": [0.6019406583191448, 1.0784007724866591e-40], "spearman": [0.5949673543620252, 1.441506366852209e-39], "nsamples": 399}, "all": {"pearson": {"mean": 0.6674986146805901, "wmean": 0.6870765702580365}, "spearman": {"mean": 0.6727925578652132, "wmean": 0.6900794436429891}}}, "STS13": {"FNWN": {"pearson": [0.5380386925834348, 1.4165058427201076e-15], "spearman": [0.5620004838956115, 3.9612428110982544e-17], "nsamples": 189}, "headlines": {"pearson": [0.7559380855888689, 9.065046435115935e-140], "spearman": [0.7451912979132552, 9.237235049411053e-134], "nsamples": 750}, "OnWN": {"pearson": [0.7139332104708225, 1.4374218941744692e-88], "spearman": [0.7118287364807787, 7.932933485863462e-88], "nsamples": 561}, "all": {"pearson": {"mean": 0.6693033295477088, "wmean": 0.7127729387760349}, "spearman": {"mean": 0.6730068394298817, "wmean": 0.709631657371286}}}, "STS14": {"deft-forum": {"pearson": [0.5806052703710842, 6.52067291953662e-42], "spearman": [0.576829307312328, 2.859936869831661e-41], "nsamples": 450}, "deft-news": {"pearson": [0.7745015450146318, 3.200794502325179e-61], "spearman": [0.7473967876354116, 7.404739034824248e-55], "nsamples": 300}, "headlines": {"pearson": [0.7307654514009201, 3.720236052363501e-126], "spearman": [0.7101775748697244, 4.0521387038711565e-116], "nsamples": 750}, "images": {"pearson": [0.8423306897412549, 5.546805056383325e-203], "spearman": [0.8116298929332715, 8.465521210583438e-177], "nsamples": 750}, "OnWN": {"pearson": [0.7769030753927243, 1.927242785334043e-152], "spearman": [0.798567758967003, 4.4572694571974805e-167], "nsamples": 750}, "tweet-news": {"pearson": [0.767410750178106, 1.5422673189789415e-146], "spearman": [0.7140104884850296, 6.40565947053113e-118], "nsamples": 750}, "all": {"pearson": {"mean": 0.7454194636831203, "wmean": 0.7551147493883017}, "spearman": {"mean": 0.7264353017004613, "wmean": 0.7358884029393181}}}, "STS15": {"answers-forums": {"pearson": [0.7420374596006963, 9.05659062510161e-67], "spearman": [0.7457184527412031, 9.156035793098069e-68], "nsamples": 375}, "answers-students": {"pearson": [0.7525590838723142, 7.582034208443018e-138], "spearman": [0.755658596720851, 1.3109061198591776e-139], "nsamples": 750}, "belief": {"pearson": [0.7914200193712476, 9.602027144548612e-82], "spearman": [0.8091596740837061, 3.7288616628754196e-88], "nsamples": 375}, "headlines": {"pearson": [0.7867459497371012, 7.042538809111228e-159], "spearman": [0.7904368536827084, 2.213479550063708e-161], "nsamples": 750}, "images": {"pearson": [0.8891691691474112, 3.499970931479069e-256], "spearman": [0.8960721962008459, 4.8725340587395714e-266], "nsamples": 750}, "all": {"pearson": {"mean": 0.7923863363457542, "wmean": 0.7988007355606996}, "spearman": {"mean": 0.7994091546858628, "wmean": 0.8049016775042149}}}, "STS16": {"answer-answer": {"pearson": [0.7320338125258832, 6.776274462263521e-44], "spearman": [0.7271642374789774, 4.62665593104805e-43], "nsamples": 254}, "headlines": {"pearson": [0.7731118598212853, 9.493204347043338e-51], "spearman": [0.7798462464344448, 3.638615715991912e-52], "nsamples": 249}, "plagiarism": {"pearson": [0.827875967038299, 3.5606355490526888e-59], "spearman": [0.8436540676278947, 1.6176971366024816e-63], "nsamples": 230}, "postediting": {"pearson": [0.8700759851347618, 2.635409534676383e-76], "spearman": [0.8716345362799334, 6.755644955122785e-77], "nsamples": 244}, "question-question": {"pearson": [0.6862627852305682, 1.9319000629471223e-30], "spearman": [0.6849360669755428, 2.761269154495227e-30], "nsamples": 209}, "all": {"pearson": {"mean": 0.7778720819501594, "wmean": 0.7795787321938902}, "spearman": {"mean": 0.7814470309593586, "wmean": 0.7830964014219604}}}}