{"MR": {"devacc": 68.09, "acc": 68.53, "ndev": 10662, "ntest": 10662}, "CR": {"devacc": 76.41, "acc": 76.69, "ndev": 3775, "ntest": 3775}, "SUBJ": {"devacc": 88.22, "acc": 88.1, "ndev": 10000, "ntest": 10000}, "MPQA": {"devacc": 85.05, "acc": 85.84, "ndev": 10606, "ntest": 10606}, "SST5": {"devacc": 35.51, "acc": 37.1, "ndev": 1101, "ntest": 2210}, "TREC": {"devacc": 75.49, "acc": 87.4, "ndev": 5452, "ntest": 500}, "MRPC": {"devacc": 72.08, "acc": 70.49, "f1": 81.44, "ndev": 4076, "ntest": 1725}, "STS12": {"MSRpar": {"pearson": [0.561225248235313, 1.8575800910190406e-63], "spearman": [0.5503077905132305, 1.3476190606176363e-60], "nsamples": 750}, "MSRvid": {"pearson": [0.8783548560595978, 5.4863982423381956e-242], "spearman": [0.8802510924594953, 2.2405811705806322e-244], "nsamples": 750}, "SMTeuroparl": {"pearson": [0.561153927793847, 1.95576743381093e-39], "spearman": [0.609205425450166, 5.706305065912714e-48], "nsamples": 459}, "surprise.OnWN": {"pearson": [0.6714116487518432, 1.987295541726645e-99], "spearman": [0.674484765172804, 1.1706399880557408e-100], "nsamples": 750}, "surprise.SMTnews": {"pearson": [0.5766817874585095, 9.655209165277858e-37], "spearman": [0.5566774396822695, 7.578646139515959e-34], "nsamples": 399}, "all": {"pearson": {"mean": 0.6497654936598222, "wmean": 0.6663157982105491}, "spearman": {"mean": 0.6541853026555929, "wmean": 0.6694087274208491}}}, "STS13": {"FNWN": {"pearson": [0.5135112683880636, 4.155811064760211e-14], "spearman": [0.5136464507016495, 4.0821354489582513e-14], "nsamples": 189}, "headlines": {"pearson": [0.7334598090348855, 1.5416148853592965e-127], "spearman": [0.7271320657987234, 2.5627544995943604e-124], "nsamples": 750}, "OnWN": {"pearson": [0.7082091957097936, 1.4449403188463527e-86], "spearman": [0.7091025331266592, 7.0887685611804495e-87], "nsamples": 561}, "all": {"pearson": {"mean": 0.6517267577109143, "wmean": 0.6963025635298016}, "spearman": {"mean": 0.6499603498756773, "wmean": 0.69348983307714}}}, "STS14": {"deft-forum": {"pearson": [0.5813724077276088, 4.817520179241867e-42], "spearman": [0.5783923555582835, 1.5544933443621297e-41], "nsamples": 450}, "deft-news": {"pearson": [0.7333673486241121, 7.139999873162234e-52], "spearman": [0.7119799854214818, 1.1373237781452102e-47], "nsamples": 300}, "headlines": {"pearson": [0.721636144461492, 1.3591611128993434e-121], "spearman": [0.7017016695535155, 3.0754258882290847e-112], "nsamples": 750}, "images": {"pearson": [0.8278131679370181, 5.930838536277509e-190], "spearman": [0.7959547212332313, 3.2197685034749976e-165], "nsamples": 750}, "OnWN": {"pearson": [0.7577723677725776, 7.953524126038282e-141], "spearman": [0.7757058064140239, 1.1103700297480184e-151], "nsamples": 750}, "tweet-news": {"pearson": [0.7454330288044159, 6.819230993779309e-134], "spearman": [0.6913803616826052, 1.0743550048254915e-107], "nsamples": 750}, "all": {"pearson": {"mean": 0.7278990775545374, "wmean": 0.7389650186123429}, "spearman": {"mean": 0.7091858166438568, "wmean": 0.7193139932773877}}}, "STS15": {"answers-forums": {"pearson": [0.7034814643191752, 2.81491030268163e-57], "spearman": [0.7045945588174398, 1.574242454769155e-57], "nsamples": 375}, "answers-students": {"pearson": [0.7368580909000788, 2.6296854395863532e-129], "spearman": [0.7404432244374122, 3.3463463611615033e-131], "nsamples": 750}, "belief": {"pearson": [0.769610319277865, 1.1409435264781632e-74], "spearman": [0.7747017476393913, 2.9999127767509227e-76], "nsamples": 375}, "headlines": {"pearson": [0.770188173300776, 3.0930566655267912e-148], "spearman": [0.7691284915778717, 1.3834407727289862e-147], "nsamples": 750}, "images": {"pearson": [0.8813294566927413, 9.411342243761647e-246], "spearman": [0.8881515673238365, 8.74115730009088e-255], "nsamples": 750}, "all": {"pearson": {"mean": 0.7722935008981273, "wmean": 0.7812304031730292}, "spearman": {"mean": 0.7754039179591903, "wmean": 0.7843428591418841}}}, "STS16": {"answer-answer": {"pearson": [0.6979584571282, 2.0625701751521703e-38], "spearman": [0.686625097126158, 9.345919299148625e-37], "nsamples": 254}, "headlines": {"pearson": [0.7741595033637454, 5.758133148217568e-51], "spearman": [0.7783021984188973, 7.764159034633555e-52], "nsamples": 249}, "plagiarism": {"pearson": [0.8238013835795583, 3.994921726038587e-58], "spearman": [0.8390365089720493, 3.3740132951752784e-62], "nsamples": 230}, "postediting": {"pearson": [0.8403754709427281, 2.5888504912031675e-66], "spearman": [0.8463134779461754, 3.865788409429629e-68], "nsamples": 244}, "question-question": {"pearson": [0.6775269897181619, 1.960862551260573e-29], "spearman": [0.6840673893908424, 3.4852247951523695e-30], "nsamples": 209}, "all": {"pearson": {"mean": 0.7627643609464788, "wmean": 0.7640609093023232}, "spearman": {"mean": 0.7668689343708246, "wmean": 0.7678322024801635}}}}