{"MR": {"devacc": 68.04, "acc": 69.49, "ndev": 10662, "ntest": 10662}, "CR": {"devacc": 78.94, "acc": 77.56, "ndev": 3775, "ntest": 3775}, "SUBJ": {"devacc": 89.66, "acc": 88.9, "ndev": 10000, "ntest": 10000}, "MPQA": {"devacc": 85.95, "acc": 85.7, "ndev": 10606, "ntest": 10606}, "SST5": {"devacc": 35.51, "acc": 35.7, "ndev": 1101, "ntest": 2210}, "TREC": {"devacc": 80.76, "acc": 87.0, "ndev": 5452, "ntest": 500}, "MRPC": {"devacc": 72.79, "acc": 69.28, "f1": 75.97, "ndev": 4076, "ntest": 1725}, "STS12": {"MSRpar": {"pearson": [0.6209889638064723, 3.50250217217044e-81], "spearman": [0.594465039410319, 7.417530122297365e-73], "nsamples": 750}, "MSRvid": {"pearson": [0.8959407880816583, 7.617380622029665e-266], "spearman": [0.8965672735085892, 9.001776420195544e-267], "nsamples": 750}, "SMTeuroparl": {"pearson": [0.5294577473582982, 1.5889792838204324e-34], "spearman": [0.5660428549378288, 3.0629981935606793e-40], "nsamples": 459}, "surprise.OnWN": {"pearson": [0.6962189971695806, 8.421562441541495e-110], "spearman": [0.6929043676485946, 2.3572976468809693e-108], "nsamples": 750}, "surprise.SMTnews": {"pearson": [0.5847213677578692, 5.811830090900114e-38], "spearman": [0.5804275107302463, 2.632396419496955e-37], "nsamples": 399}, "all": {"pearson": {"mean": 0.6654655728347757, "wmean": 0.6873186916235946}, "spearman": {"mean": 0.6660814092471157, "wmean": 0.6851212218865697}}}, "STS13": {"FNWN": {"pearson": [0.4983754255953264, 2.9317865010008476e-13], "spearman": [0.5397320672971306, 1.1103551521769625e-15], "nsamples": 189}, "headlines": {"pearson": [0.7475883614589616, 4.486133085346413e-135], "spearman": [0.7385087405545837, 3.5574910505203067e-130], "nsamples": 750}, "OnWN": {"pearson": [0.7129659179474405, 3.157893654726199e-88], "spearman": [0.7098646410588353, 3.852954530618903e-87], "nsamples": 561}, "all": {"pearson": {"mean": 0.6529765683339095, "wmean": 0.7032387376668346}, "spearman": {"mean": 0.6627018163035165, "wmean": 0.7027499865127347}}}, "STS14": {"deft-forum": {"pearson": [0.5688206973275735, 6.178468591255328e-40], "spearman": [0.5587035524623374, 2.6633126873252473e-38], "nsamples": 450}, "deft-news": {"pearson": [0.7590949830902145, 1.6836361510235152e-57], "spearman": [0.7267758445457773, 1.553413071201267e-50], "nsamples": 300}, "headlines": {"pearson": [0.7355015875757772, 1.3457186629326227e-128], "spearman": [0.714633178702017, 3.244486881700851e-118], "nsamples": 750}, "images": {"pearson": [0.8362772050055082, 2.147683683136062e-197], "spearman": [0.8041322176532054, 3.960340315883178e-171], "nsamples": 750}, "OnWN": {"pearson": [0.7803009799992445, 1.2602905849926998e-154], "spearman": [0.8039411416940132, 5.482858154966083e-171], "nsamples": 750}, "tweet-news": {"pearson": [0.7666540968597897, 4.431769986610323e-146], "spearman": [0.704793101267559, 1.2266415743678975e-113], "nsamples": 750}, "all": {"pearson": {"mean": 0.7411082583096845, "wmean": 0.75273285621459}, "spearman": {"mean": 0.7188298393874849, "wmean": 0.7306864217225016}}}, "STS15": {"answers-forums": {"pearson": [0.7302971542692128, 1.0494164998769071e-63], "spearman": [0.7373734677815422, 1.5626735590591075e-65], "nsamples": 375}, "answers-students": {"pearson": [0.7431957010817242, 1.1168320007421563e-132], "spearman": [0.7469977718821669, 9.482263212089862e-135], "nsamples": 750}, "belief": {"pearson": [0.7944585687729727, 8.499014197068546e-83], "spearman": [0.8145094644575147, 3.198291352564928e-90], "nsamples": 375}, "headlines": {"pearson": [0.7820023342492974, 9.816368397129549e-156], "spearman": [0.7844124891606331, 2.537401148337622e-157], "nsamples": 750}, "images": {"pearson": [0.8955086878380502, 3.296562219938944e-265], "spearman": [0.9023645002041568, 1.1980810001745483e-275], "nsamples": 750}, "all": {"pearson": {"mean": 0.7890924892422515, "wmean": 0.7957711461725412}, "spearman": {"mean": 0.7971315386972028, "wmean": 0.8024290568416214}}}, "STS16": {"answer-answer": {"pearson": [0.7221938463910833, 3.150730283772826e-42], "spearman": [0.7099816709651583, 2.9540988689899723e-40], "nsamples": 254}, "headlines": {"pearson": [0.7852024895738136, 2.5009673546628693e-53], "spearman": [0.7910767877015018, 1.2129915208736952e-54], "nsamples": 249}, "plagiarism": {"pearson": [0.836635773284279, 1.576428794992704e-61], "spearman": [0.8485316363675399, 5.86222893307718e-65], "nsamples": 230}, "postediting": {"pearson": [0.8580320866820969, 5.570539077936345e-72], "spearman": [0.8603573040775773, 8.762895046754991e-73], "nsamples": 244}, "question-question": {"pearson": [0.7203642432103692, 9.840779268357258e-35], "spearman": [0.7189029204196995, 1.5487583384044963e-34], "nsamples": 209}, "all": {"pearson": {"mean": 0.7844856878283284, "wmean": 0.7852401692445174}, "spearman": {"mean": 0.7857700639062954, "wmean": 0.786385862976395}}}}