{"MR": {"devacc": 66.64, "acc": 66.26, "ndev": 10662, "ntest": 10662}, "CR": {"devacc": 77.02, "acc": 74.22, "ndev": 3775, "ntest": 3775}, "SUBJ": {"devacc": 88.69, "acc": 88.6, "ndev": 10000, "ntest": 10000}, "MPQA": {"devacc": 84.6, "acc": 85.06, "ndev": 10606, "ntest": 10606}, "SST5": {"devacc": 36.24, "acc": 40.05, "ndev": 1101, "ntest": 2210}, "TREC": {"devacc": 77.53, "acc": 87.6, "ndev": 5452, "ntest": 500}, "MRPC": {"devacc": 72.25, "acc": 71.59, "f1": 79.46, "ndev": 4076, "ntest": 1725}, "STS12": {"MSRpar": {"pearson": [0.6010961400966671, 7.273029412869693e-75], "spearman": [0.5867930353120794, 1.369446177323684e-70], "nsamples": 750}, "MSRvid": {"pearson": [0.8755448737937223, 1.6100622788921757e-238], "spearman": [0.8785214039210045, 3.396814171618035e-242], "nsamples": 750}, "SMTeuroparl": {"pearson": [0.5244458595997293, 8.528450387196787e-34], "spearman": [0.5756710035332868, 7.25483225625264e-42], "nsamples": 459}, "surprise.OnWN": {"pearson": [0.6748113215415729, 8.646891846963417e-101], "spearman": [0.6728346993172758, 5.377957177191978e-100], "nsamples": 750}, "surprise.SMTnews": {"pearson": [0.5827898132037655, 1.1498230257756447e-37], "spearman": [0.5649495168616059, 5.086364302287937e-35], "nsamples": 399}, "all": {"pearson": {"mean": 0.6517376016470915, "wmean": 0.6714424184680019}, "spearman": {"mean": 0.6557539317890504, "wmean": 0.673506982549012}}}, "STS13": {"FNWN": {"pearson": [0.5215846008640366, 1.408102026243877e-14], "spearman": [0.5501155518322395, 2.4200415955936713e-16], "nsamples": 189}, "headlines": {"pearson": [0.7387816877322875, 2.5518349110875426e-130], "spearman": [0.7335821436002089, 1.3329075319386751e-127], "nsamples": 750}, "OnWN": {"pearson": [0.7252281591804952, 1.1434419110170356e-92], "spearman": [0.7226570973169679, 1.0215150148844788e-91], "nsamples": 561}, "all": {"pearson": {"mean": 0.6618648159256064, "wmean": 0.7063458351085177}, "spearman": {"mean": 0.6687849309164721, "wmean": 0.7063793857275126}}}, "STS14": {"deft-forum": {"pearson": [0.5513844670431121, 3.744735288520618e-37], "spearman": [0.5377109722539976, 4.402986811441221e-35], "nsamples": 450}, "deft-news": {"pearson": [0.7498837101360338, 2.0887085317542272e-55], "spearman": [0.7202512771762765, 3.0011726170400763e-49], "nsamples": 300}, "headlines": {"pearson": [0.7099966078304357, 4.920330069877149e-116], "spearman": [0.6894767275172768, 7.050655008806136e-107], "nsamples": 750}, "images": {"pearson": [0.8299065386683966, 9.356966499598706e-192], "spearman": [0.8015265556405222, 3.242757877737241e-169], "nsamples": 750}, "OnWN": {"pearson": [0.7668228334671985, 3.5034766562074192e-146], "spearman": [0.7893708068356923, 1.1832772474406511e-160], "nsamples": 750}, "tweet-news": {"pearson": [0.7579697445573299, 6.113349521346252e-141], "spearman": [0.6916253683116008, 8.424101468630634e-108], "nsamples": 750}, "all": {"pearson": {"mean": 0.727660650283751, "wmean": 0.7390959777607283}, "spearman": {"mean": 0.7049936179558944, "wmean": 0.7165453105056003}}}, "STS15": {"answers-forums": {"pearson": [0.7001118111975103, 1.6084310901842855e-56], "spearman": [0.7140081021685274, 1.033607882601925e-59], "nsamples": 375}, "answers-students": {"pearson": [0.7306970273261565, 4.031472491117888e-126], "spearman": [0.7343244634511861, 5.504266407865373e-128], "nsamples": 750}, "belief": {"pearson": [0.7767457238996749, 6.77691677423657e-77], "spearman": [0.7933940229330783, 1.9966197682568496e-82], "nsamples": 375}, "headlines": {"pearson": [0.7803215780935431, 1.2221074870068982e-154], "spearman": [0.7820712729469497, 8.847552222177185e-156], "nsamples": 750}, "images": {"pearson": [0.8837188599127231, 7.496439654329666e-249], "spearman": [0.8921429426996753, 2.4010423545133455e-260], "nsamples": 750}, "all": {"pearson": {"mean": 0.7743190000859216, "wmean": 0.7832915582202539}, "spearman": {"mean": 0.7831881608398834, "wmean": 0.7905599354121535}}}, "STS16": {"answer-answer": {"pearson": [0.7151967163348908, 4.3751253591105733e-41], "spearman": [0.7154971731705915, 3.914141245175919e-41], "nsamples": 254}, "headlines": {"pearson": [0.7747163492156766, 4.4095602244222306e-51], "spearman": [0.7832157430546591, 6.812155524307547e-53], "nsamples": 249}, "plagiarism": {"pearson": [0.8357980998094449, 2.6837173882996318e-61], "spearman": [0.8508734398728542, 1.143223134189424e-65], "nsamples": 230}, "postediting": {"pearson": [0.8586109281160553, 3.525973666579185e-72], "spearman": [0.8623144819694571, 1.799706585587445e-73], "nsamples": 244}, "question-question": {"pearson": [0.6977203934828082, 8.147962437277688e-32], "spearman": [0.7006686893055042, 3.521086175235063e-32], "nsamples": 209}, "all": {"pearson": {"mean": 0.7764084973917751, "wmean": 0.7775063478567981}, "spearman": {"mean": 0.7825139054746132, "wmean": 0.7835601878938404}}}}