{"MR": {"devacc": 68.9, "acc": 68.04, "ndev": 10662, "ntest": 10662}, "CR": {"devacc": 78.9, "acc": 78.78, "ndev": 3775, "ntest": 3775}, "SUBJ": {"devacc": 90.26, "acc": 89.55, "ndev": 10000, "ntest": 10000}, "MPQA": {"devacc": 86.14, "acc": 86.63, "ndev": 10606, "ntest": 10606}, "SST5": {"devacc": 37.69, "acc": 35.07, "ndev": 1101, "ntest": 2210}, "TREC": {"devacc": 82.98, "acc": 88.4, "ndev": 5452, "ntest": 500}, "MRPC": {"devacc": 73.36, "acc": 73.91, "f1": 81.56, "ndev": 4076, "ntest": 1725}, "STS12": {"MSRpar": {"pearson": [0.6118044935344374, 3.288370427430228e-78], "spearman": [0.5918271557255153, 4.532605835686518e-72], "nsamples": 750}, "MSRvid": {"pearson": [0.900221500277239, 2.6482996318058158e-272], "spearman": [0.8996371242845915, 2.097978826489205e-271], "nsamples": 750}, "SMTeuroparl": {"pearson": [0.5451955715315668, 6.739735860765278e-37], "spearman": [0.5806424302867819, 1.0000824032984754e-42], "nsamples": 459}, "surprise.OnWN": {"pearson": [0.7051698605913947, 8.259418027440104e-114], "spearman": [0.7064589056129211, 2.1241829694631874e-114], "nsamples": 750}, "surprise.SMTnews": {"pearson": [0.6073523809977671, 1.379208354614961e-41], "spearman": [0.6051309015734646, 3.2235415967718367e-41], "nsamples": 399}, "all": {"pearson": {"mean": 0.6739487613864811, "wmean": 0.6935248578357147}, "spearman": {"mean": 0.6767393034966549, "wmean": 0.6938238399120709}}}, "STS13": {"FNWN": {"pearson": [0.5532358049438424, 1.5152615217709766e-16], "spearman": [0.5947847215318907, 1.8123569362953687e-19], "nsamples": 189}, "headlines": {"pearson": [0.756861243371113, 2.6710107061095463e-140], "spearman": [0.7490362987507052, 7.097897449887169e-136], "nsamples": 750}, "OnWN": {"pearson": [0.7246948044229845, 1.804636988295948e-92], "spearman": [0.7234570256827931, 5.182129276908224e-92], "nsamples": 561}, "all": {"pearson": {"mean": 0.6782639509126467, "wmean": 0.7191741899626769}, "spearman": {"mean": 0.689092681988463, "wmean": 0.7200339518937354}}}, "STS14": {"deft-forum": {"pearson": [0.5794854672182159, 1.0129217119655171e-41], "spearman": [0.5718262211532275, 1.9694279671209095e-40], "nsamples": 450}, "deft-news": {"pearson": [0.7583993153600641, 2.4414125765440176e-57], "spearman": [0.7285575413922556, 6.81733899288191e-51], "nsamples": 300}, "headlines": {"pearson": [0.7438068072196466, 5.218968670147493e-133], "spearman": [0.7213630029069232, 1.8491151404692588e-121], "nsamples": 750}, "images": {"pearson": [0.8438592292087103, 1.9752695569900415e-204], "spearman": [0.8086986953016216, 1.4935727083767927e-174], "nsamples": 750}, "OnWN": {"pearson": [0.7891951782336574, 1.558184048514561e-160], "spearman": [0.8107052239154982, 4.371063646096744e-176], "nsamples": 750}, "tweet-news": {"pearson": [0.778656158665547, 1.4546379974628146e-153], "spearman": [0.7168462224238222, 2.849556066583229e-119], "nsamples": 750}, "all": {"pearson": {"mean": 0.7489003593176403, "wmean": 0.7613136759605034}, "spearman": {"mean": 0.7263328178488914, "wmean": 0.7384263787593409}}}, "STS15": {"answers-forums": {"pearson": [0.7522558303633643, 1.4161961440947868e-69], "spearman": [0.7580667758446675, 3.115610621389142e-71], "nsamples": 375}, "answers-students": {"pearson": [0.7483240828763789, 1.760706271102096e-135], "spearman": [0.7532292836533765, 3.169354120143508e-138], "nsamples": 750}, "belief": {"pearson": [0.8061424120510203, 5.111524272069332e-87], "spearman": [0.8239903434335243, 4.7052823587940255e-94], "nsamples": 375}, "headlines": {"pearson": [0.7918532895739537, 2.3506264469419054e-162], "spearman": [0.7953193343134218, 9.030183102642624e-165], "nsamples": 750}, "images": {"pearson": [0.9013706314277805, 4.3563420686658644e-274], "spearman": [0.9071787820155918, 1.8771071623112338e-283], "nsamples": 750}, "all": {"pearson": {"mean": 0.7999892492584996, "wmean": 0.8051867812713264}, "spearman": {"mean": 0.8075569038521163, "wmean": 0.8116889899053715}}}, "STS16": {"answer-answer": {"pearson": [0.7219896066806734, 3.4061035081641953e-42], "spearman": [0.7141839205548394, 6.360994369438106e-41], "nsamples": 254}, "headlines": {"pearson": [0.7812434572091188, 1.822947898729269e-52], "spearman": [0.7875817836279203, 7.427083848864577e-54], "nsamples": 249}, "plagiarism": {"pearson": [0.8343978424322852, 6.487668901584948e-61], "spearman": [0.8479745434712288, 8.613531201650419e-65], "nsamples": 230}, "postediting": {"pearson": [0.8660008124945512, 8.534286376972837e-75], "spearman": [0.8675568030608496, 2.2931018060163005e-75], "nsamples": 244}, "question-question": {"pearson": [0.7284066504438337, 7.695211708783944e-36], "spearman": [0.7233752908471726, 3.8302285418129193e-35], "nsamples": 209}, "all": {"pearson": {"mean": 0.7864076738520924, "wmean": 0.7869879198084477}, "spearman": {"mean": 0.7881344683124021, "wmean": 0.7887133395249328}}}}