{"MR": {"devacc": 69.46, "acc": 68.23, "ndev": 10662, "ntest": 10662}, "CR": {"devacc": 79.16, "acc": 78.81, "ndev": 3775, "ntest": 3775}, "SUBJ": {"devacc": 90.38, "acc": 90.1, "ndev": 10000, "ntest": 10000}, "MPQA": {"devacc": 86.38, "acc": 86.22, "ndev": 10606, "ntest": 10606}, "SST5": {"devacc": 35.6, "acc": 34.16, "ndev": 1101, "ntest": 2210}, "TREC": {"devacc": 83.75, "acc": 89.4, "ndev": 5452, "ntest": 500}, "MRPC": {"devacc": 73.48, "acc": 62.32, "f1": 64.64, "ndev": 4076, "ntest": 1725}, "STS12": {"MSRpar": {"pearson": [0.6231594725484428, 6.719954476406032e-82], "spearman": [0.5991502201947918, 2.8575995941921583e-74], "nsamples": 750}, "MSRvid": {"pearson": [0.8989850674159918, 2.0807513223992905e-270], "spearman": [0.8974231923709446, 4.758964560597793e-268], "nsamples": 750}, "SMTeuroparl": {"pearson": [0.5413425716062974, 2.6368572200797193e-36], "spearman": [0.586591633644075, 8.924284819820288e-44], "nsamples": 459}, "surprise.OnWN": {"pearson": [0.7023329967947605, 1.5982240332761002e-112], "spearman": [0.7012155534271198, 5.084845365908306e-112], "nsamples": 750}, "surprise.SMTnews": {"pearson": [0.6050502162270298, 3.324070698881531e-41], "spearman": [0.6019133623088898, 1.089536951674728e-40], "nsamples": 399}, "all": {"pearson": {"mean": 0.6741740649185044, "wmean": 0.694417448266175}, "spearman": {"mean": 0.6772587923891641, "wmean": 0.6942569870973357}}}, "STS13": {"FNWN": {"pearson": [0.5756961006480416, 4.4895513229359e-18], "spearman": [0.609071585892328, 1.4218217909202542e-20], "nsamples": 189}, "headlines": {"pearson": [0.7542020944783221, 8.890719184491268e-139], "spearman": [0.744830891929909, 1.4513778882407168e-133], "nsamples": 750}, "OnWN": {"pearson": [0.7464935169878281, 5.688744135570292e-101], "spearman": [0.7454681923933868, 1.4937823669886886e-100], "nsamples": 561}, "all": {"pearson": {"mean": 0.6921305707047306, "wmean": 0.728827331274262}, "spearman": {"mean": 0.6997902234052079, "wmean": 0.7279635697425145}}}, "STS14": {"deft-forum": {"pearson": [0.5827774482095966, 2.7613916795141044e-42], "spearman": [0.5787083251811225, 1.3737029346783856e-41], "nsamples": 450}, "deft-news": {"pearson": [0.7688432685838562, 8.04308952975739e-60], "spearman": [0.7367947454636254, 1.3877943401827427e-52], "nsamples": 300}, "headlines": {"pearson": [0.7277201535684468, 1.2978187132523077e-124], "spearman": [0.7051858164726076, 8.122112192421696e-114], "nsamples": 750}, "images": {"pearson": [0.8496309023840991, 4.814177985516393e-210], "spearman": [0.8139834118735527, 1.244855082922082e-178], "nsamples": 750}, "OnWN": {"pearson": [0.798119681754435, 9.327170845015177e-167], "spearman": [0.8175069744632256, 2.0055219667412668e-181], "nsamples": 750}, "tweet-news": {"pearson": [0.7783697125141638, 2.2223746447807206e-153], "spearman": [0.7165467701501885, 3.965606397620661e-119], "nsamples": 750}, "all": {"pearson": {"mean": 0.7509101945024329, "wmean": 0.762208845316089}, "spearman": {"mean": 0.7281210072673869, "wmean": 0.7390331732507396}}}, "STS15": {"answers-forums": {"pearson": [0.7440991506051173, 2.5213644315733795e-67], "spearman": [0.7517728740211619, 1.9355908883710963e-69], "nsamples": 375}, "answers-students": {"pearson": [0.7579490132799203, 6.284745895470719e-141], "spearman": [0.762443809146534, 1.4653816138240235e-143], "nsamples": 750}, "belief": {"pearson": [0.8122562835620192, 2.4177611657437892e-89], "spearman": [0.8306320555948478, 7.046721392754842e-97], "nsamples": 375}, "headlines": {"pearson": [0.7840594929153181, 4.346934452385838e-157], "spearman": [0.7854860924642473, 4.904639481180162e-158], "nsamples": 750}, "images": {"pearson": [0.8989592204888114, 2.278121488801349e-270], "spearman": [0.9045174237953016, 4.360074144043397e-279], "nsamples": 750}, "all": {"pearson": {"mean": 0.7994646321702372, "wmean": 0.8047863609419046}, "spearman": {"mean": 0.8069704510044184, "wmean": 0.810912447553522}}}, "STS16": {"answer-answer": {"pearson": [0.7306146512175776, 1.1912628748147795e-43], "spearman": [0.7151119886844801, 4.514553849289013e-41], "nsamples": 254}, "headlines": {"pearson": [0.7815796895888454, 1.5424509348553742e-52], "spearman": [0.7880225026166712, 5.921117805807414e-54], "nsamples": 249}, "plagiarism": {"pearson": [0.8358459605947769, 2.6035746866581557e-61], "spearman": [0.8518371210166955, 5.786805313739227e-66], "nsamples": 230}, "postediting": {"pearson": [0.8655270047512631, 1.26922884314508e-74], "spearman": [0.8648087108154017, 2.3099818632235962e-74], "nsamples": 244}, "question-question": {"pearson": [0.7335960455704805, 1.4150617216445575e-36], "spearman": [0.7328321351861806, 1.8201880732394387e-36], "nsamples": 209}, "all": {"pearson": {"mean": 0.7894326703445887, "wmean": 0.7900035394074405}, "spearman": {"mean": 0.7905224916638859, "wmean": 0.790854829514434}}}}