{"MR": {"devacc": 68.44, "acc": 68.02, "ndev": 10662, "ntest": 10662}, "CR": {"devacc": 78.74, "acc": 77.62, "ndev": 3775, "ntest": 3775}, "SUBJ": {"devacc": 90.17, "acc": 89.38, "ndev": 10000, "ntest": 10000}, "MPQA": {"devacc": 86.49, "acc": 85.72, "ndev": 10606, "ntest": 10606}, "SST5": {"devacc": 36.42, "acc": 39.82, "ndev": 1101, "ntest": 2210}, "TREC": {"devacc": 81.53, "acc": 89.0, "ndev": 5452, "ntest": 500}, "MRPC": {"devacc": 72.67, "acc": 69.97, "f1": 76.39, "ndev": 4076, "ntest": 1725}, "STS12": {"MSRpar": {"pearson": [0.6096989750093936, 1.5301915418223973e-77], "spearman": [0.5876079713834507, 7.919295108393458e-71], "nsamples": 750}, "MSRvid": {"pearson": [0.8973659860231826, 5.796976807773965e-268], "spearman": [0.8963457370494152, 1.9185810620408747e-266], "nsamples": 750}, "SMTeuroparl": {"pearson": [0.5340156241687648, 3.363645166981907e-35], "spearman": [0.5714389361512652, 3.817069162934284e-41], "nsamples": 459}, "surprise.OnWN": {"pearson": [0.6989275531538586, 5.347660363215984e-111], "spearman": [0.6981923596874747, 1.13360659035703e-110], "nsamples": 750}, "surprise.SMTnews": {"pearson": [0.5952860655820126, 1.2821837804545414e-39], "spearman": [0.5746759159784962, 1.923240225822787e-36], "nsamples": 399}, "all": {"pearson": {"mean": 0.6670588407874425, "wmean": 0.6876212024776425}, "spearman": {"mean": 0.6656521840500204, "wmean": 0.684747655488773}}}, "STS13": {"FNWN": {"pearson": [0.5186581733135823, 2.0914410829822874e-14], "spearman": [0.5644255802281827, 2.7137043761612764e-17], "nsamples": 189}, "headlines": {"pearson": [0.7536105583483889, 1.9271670138448713e-138], "spearman": [0.7451999393334029, 9.137612427617183e-134], "nsamples": 750}, "OnWN": {"pearson": [0.7255270597556909, 8.850104521618509e-93], "spearman": [0.7258049043467889, 6.972499418807149e-93], "nsamples": 561}, "all": {"pearson": {"mean": 0.6659319304725541, "wmean": 0.7135033293603343}, "spearman": {"mean": 0.6784768079694582, "wmean": 0.7151686270011516}}}, "STS14": {"deft-forum": {"pearson": [0.5744483652517184, 7.193549755051453e-41], "spearman": [0.5702774793412538, 3.5550377816854914e-40], "nsamples": 450}, "deft-news": {"pearson": [0.7636086774273494, 1.4641905865010171e-58], "spearman": [0.7269084980523983, 1.4613510982818574e-50], "nsamples": 300}, "headlines": {"pearson": [0.7366822471533199, 3.251368532056763e-129], "spearman": [0.7131520159503143, 1.631343622158486e-117], "nsamples": 750}, "images": {"pearson": [0.8512709763574043, 1.1074792615047564e-211], "spearman": [0.818110759385808, 6.570131167030901e-182], "nsamples": 750}, "OnWN": {"pearson": [0.7831251170197601, 1.7985012722186118e-156], "spearman": [0.8079804043815675, 5.233868640419197e-174], "nsamples": 750}, "tweet-news": {"pearson": [0.7716520679907161, 3.853664628419456e-149], "spearman": [0.7105298968531767, 2.7755924580343056e-116], "nsamples": 750}, "all": {"pearson": {"mean": 0.7467979085333779, "wmean": 0.7585685797286342}, "spearman": {"mean": 0.724493175660753, "wmean": 0.7365405926793156}}}, "STS15": {"answers-forums": {"pearson": [0.7406677120182174, 2.103720744876446e-66], "spearman": [0.7438910397356343, 2.8703424285937637e-67], "nsamples": 375}, "answers-students": {"pearson": [0.7518506844859945, 1.900515638127926e-137], "spearman": [0.7543828884305723, 7.015487939613646e-139], "nsamples": 750}, "belief": {"pearson": [0.8065485959537967, 3.6029668018763257e-87], "spearman": [0.827866142118119, 1.0939518266105627e-95], "nsamples": 375}, "headlines": {"pearson": [0.7923140115059297, 1.1291963793080783e-162], "spearman": [0.7966207745672285, 1.087987773196612e-165], "nsamples": 750}, "images": {"pearson": [0.8989201710138721, 2.6122616577436043e-270], "spearman": [0.905057326819919, 5.810786204203762e-280], "nsamples": 750}, "all": {"pearson": {"mean": 0.7980602349955621, "wmean": 0.8041732552479508}, "spearman": {"mean": 0.8055636343342947, "wmean": 0.8104848951861492}}}, "STS16": {"answer-answer": {"pearson": [0.7313758750346212, 8.805973920870067e-44], "spearman": [0.7231761834016666, 2.1636848158189663e-42], "nsamples": 254}, "headlines": {"pearson": [0.7844526384748158, 3.655083494716999e-53], "spearman": [0.7897853785716742, 2.3789526316088497e-54], "nsamples": 249}, "plagiarism": {"pearson": [0.8344835219888587, 6.148016877219063e-61], "spearman": [0.8508556956714856, 1.157593227274437e-65], "nsamples": 230}, "postediting": {"pearson": [0.8667475604071054, 4.551513534066867e-75], "spearman": [0.8666703757450924, 4.857928525615332e-75], "nsamples": 244}, "question-question": {"pearson": [0.7336565823208029, 1.3870574119035876e-36], "spearman": [0.7306478297371692, 3.721315016443203e-36], "nsamples": 209}, "all": {"pearson": {"mean": 0.7901432356452408, "wmean": 0.7907673016364603}, "spearman": {"mean": 0.7922270926254177, "wmean": 0.7927597706152469}}}}