{"MR": {"devacc": 68.43, "acc": 69.36, "ndev": 10662, "ntest": 10662}, "CR": {"devacc": 78.56, "acc": 78.97, "ndev": 3775, "ntest": 3775}, "SUBJ": {"devacc": 90.26, "acc": 90.17, "ndev": 10000, "ntest": 10000}, "MPQA": {"devacc": 85.68, "acc": 86.07, "ndev": 10606, "ntest": 10606}, "SST5": {"devacc": 35.69, "acc": 36.56, "ndev": 1101, "ntest": 2210}, "TREC": {"devacc": 80.34, "acc": 91.8, "ndev": 5452, "ntest": 500}, "MRPC": {"devacc": 72.84, "acc": 73.68, "f1": 80.23, "ndev": 4076, "ntest": 1725}, "STS12": {"MSRpar": {"pearson": [0.6256243914073613, 1.0144115183708264e-82], "spearman": [0.601704153421791, 4.733565100649272e-75], "nsamples": 750}, "MSRvid": {"pearson": [0.895287186834405, 6.968412082602936e-265], "spearman": [0.8948644604451864, 2.8940233869810483e-264], "nsamples": 750}, "SMTeuroparl": {"pearson": [0.5194451380217587, 4.435867665060022e-33], "spearman": [0.5643774939563384, 5.77996532911344e-40], "nsamples": 459}, "surprise.OnWN": {"pearson": [0.7041570455141797, 2.3882729240931757e-113], "spearman": [0.7010037589304593, 6.328214280783888e-112], "nsamples": 750}, "surprise.SMTnews": {"pearson": [0.5908792858450582, 6.401365657479616e-39], "spearman": [0.5776806799065611, 6.83845527187098e-37], "nsamples": 399}, "all": {"pearson": {"mean": 0.6670786095245524, "wmean": 0.6895069566348536}, "spearman": {"mean": 0.6679261093320673, "wmean": 0.6878131083033316}}}, "STS13": {"FNWN": {"pearson": [0.546240463649291, 4.299520609226907e-16], "spearman": [0.5854656518630097, 8.916814287318187e-19], "nsamples": 189}, "headlines": {"pearson": [0.7619809094776733, 2.7525869172649367e-143], "spearman": [0.7521438807903736, 1.2997498635996906e-137], "nsamples": 750}, "OnWN": {"pearson": [0.7131031288750261, 2.8248640215136923e-88], "spearman": [0.7104550713527555, 2.3992231018815108e-87], "nsamples": 561}, "all": {"pearson": {"mean": 0.6737748340006635, "wmean": 0.7165173233579071}, "spearman": {"mean": 0.6826882013353796, "wmean": 0.7155508092158566}}}, "STS14": {"deft-forum": {"pearson": [0.583038575494883, 2.4893116657363494e-42], "spearman": [0.5718519895808224, 1.950117575831007e-40], "nsamples": 450}, "deft-news": {"pearson": [0.7607762151847218, 6.822332608304454e-58], "spearman": [0.7324550171547393, 1.0995188789707137e-51], "nsamples": 300}, "headlines": {"pearson": [0.7354413953282715, 1.4464900722072098e-128], "spearman": [0.7163854008915364, 4.7378285240602833e-119], "nsamples": 750}, "images": {"pearson": [0.8482260577988959, 1.1756244600268845e-208], "spearman": [0.8184947107222744, 3.2243333232185954e-182], "nsamples": 750}, "OnWN": {"pearson": [0.7792163673650742, 6.338426883936309e-154], "spearman": [0.8049977199494045, 9.033359237533926e-172], "nsamples": 750}, "tweet-news": {"pearson": [0.7751137767367259, 2.629043594414613e-151], "spearman": [0.7193409400739053, 1.7853831659349835e-120], "nsamples": 750}, "all": {"pearson": {"mean": 0.7469687313180954, "wmean": 0.7584262457199573}, "spearman": {"mean": 0.7272542963954468, "wmean": 0.7390623944495018}}}, "STS15": {"answers-forums": {"pearson": [0.7449710169496699, 1.4627938036542957e-67], "spearman": [0.7533856713931626, 6.79920947132889e-70], "nsamples": 375}, "answers-students": {"pearson": [0.7452451842432313, 8.633219454015838e-134], "spearman": [0.7479604120621696, 2.796680478200905e-135], "nsamples": 750}, "belief": {"pearson": [0.8080582024543127, 9.749332285064482e-88], "spearman": [0.8263175368409572, 4.9725313713280166e-95], "nsamples": 375}, "headlines": {"pearson": [0.786806985682635, 6.408392831070228e-159], "spearman": [0.7896476112538419, 7.664112841086949e-161], "nsamples": 750}, "images": {"pearson": [0.8995969628923587, 2.417520567088993e-271], "spearman": [0.9044932705836746, 4.770100600433596e-279], "nsamples": 750}, "all": {"pearson": {"mean": 0.7969356704444415, "wmean": 0.8020409356300541}, "spearman": {"mean": 0.8043609004267612, "wmean": 0.8079882245041866}}}, "STS16": {"answer-answer": {"pearson": [0.7270797961541905, 4.7816171867181456e-43], "spearman": [0.7147027764254755, 5.252268405257919e-41], "nsamples": 254}, "headlines": {"pearson": [0.7951562762768518, 1.3996486421981897e-55], "spearman": [0.8039907227636823, 1.0966082456657566e-57], "nsamples": 249}, "plagiarism": {"pearson": [0.8328257457880185, 1.730761405932443e-60], "spearman": [0.8438564646873458, 1.4128473009305388e-63], "nsamples": 230}, "postediting": {"pearson": [0.8635488349581399, 6.548972230201458e-74], "spearman": [0.8648975211135779, 2.145530155446326e-74], "nsamples": 244}, "question-question": {"pearson": [0.7314533097282068, 2.8610275258182365e-36], "spearman": [0.7223169436467781, 5.344192593918295e-35], "nsamples": 209}, "all": {"pearson": {"mean": 0.7900127925810816, "wmean": 0.7907266104640186}, "spearman": {"mean": 0.789952885727372, "wmean": 0.7907372836696516}}}}