{"MR": {"devacc": 68.86, "acc": 70.13, "ndev": 10662, "ntest": 10662}, "CR": {"devacc": 78.53, "acc": 76.9, "ndev": 3775, "ntest": 3775}, "SUBJ": {"devacc": 90.09, "acc": 89.06, "ndev": 10000, "ntest": 10000}, "MPQA": {"devacc": 85.78, "acc": 86.39, "ndev": 10606, "ntest": 10606}, "SST5": {"devacc": 35.6, "acc": 37.6, "ndev": 1101, "ntest": 2210}, "TREC": {"devacc": 81.16, "acc": 90.4, "ndev": 5452, "ntest": 500}, "MRPC": {"devacc": 74.26, "acc": 68.46, "f1": 73.8, "ndev": 4076, "ntest": 1725}, "STS12": {"MSRpar": {"pearson": [0.6202496267321473, 6.128137666330948e-81], "spearman": [0.5998938843789012, 1.6957713407732691e-74], "nsamples": 750}, "MSRvid": {"pearson": [0.900529022268835, 8.865952256870901e-273], "spearman": [0.9008161664264215, 3.1810480337248223e-273], "nsamples": 750}, "SMTeuroparl": {"pearson": [0.5488899187207901, 1.7920362989362882e-37], "spearman": [0.5844141643429195, 2.1736933734038775e-43], "nsamples": 459}, "surprise.OnWN": {"pearson": [0.701619126405229, 3.3497815164225117e-112], "spearman": [0.7044612899114253, 1.7368731622041476e-113], "nsamples": 750}, "surprise.SMTnews": {"pearson": [0.5962650032086871, 8.940390448165987e-40], "spearman": [0.5756524583698966, 1.3759190906241316e-36], "nsamples": 399}, "all": {"pearson": {"mean": 0.6735105394671377, "wmean": 0.693902361817171}, "spearman": {"mean": 0.6730475926859129, "wmean": 0.6923455398521717}}}, "STS13": {"FNWN": {"pearson": [0.5566972914669588, 8.96230455760988e-17], "spearman": [0.6087365983019362, 1.51148512013698e-20], "nsamples": 189}, "headlines": {"pearson": [0.7564973333169256, 4.326731737537277e-140], "spearman": [0.7489092298505067, 8.348753594849114e-136], "nsamples": 750}, "OnWN": {"pearson": [0.7331276592211894, 1.1673005671449758e-95], "spearman": [0.7306993323661612, 9.952547467631507e-95], "nsamples": 561}, "all": {"pearson": {"mean": 0.6821074280016912, "wmean": 0.7225822699320243}, "spearman": {"mean": 0.6961150535062014, "wmean": 0.7244369766162416}}}, "STS14": {"deft-forum": {"pearson": [0.5679997218449298, 8.426146379045557e-40], "spearman": [0.5638415530206435, 4.002682876569753e-39], "nsamples": 450}, "deft-news": {"pearson": [0.7638098159559139, 1.3115384481260642e-58], "spearman": [0.7298215334461158, 3.785667501439484e-51], "nsamples": 300}, "headlines": {"pearson": [0.734415147632816, 4.939553557881401e-128], "spearman": [0.7152666286886272, 1.6210944465283485e-118], "nsamples": 750}, "images": {"pearson": [0.8444826956180532, 5.01599220484785e-205], "spearman": [0.8122394769126126, 2.8542658372915874e-177], "nsamples": 750}, "OnWN": {"pearson": [0.7933887557353639, 2.0269257110707543e-163], "spearman": [0.8163200625793778, 1.7771687653461209e-180], "nsamples": 750}, "tweet-news": {"pearson": [0.7795200575829906, 4.036101677411945e-154], "spearman": [0.7222395786183219, 6.876103590295577e-122], "nsamples": 750}, "all": {"pearson": {"mean": 0.7472693657283446, "wmean": 0.7596260832117094}, "spearman": {"mean": 0.7266214722109497, "wmean": 0.7392598583979543}}}, "STS15": {"answers-forums": {"pearson": [0.7388618253303356, 6.339169090166694e-66], "spearman": [0.7427659595887167, 5.772271341221698e-67], "nsamples": 375}, "answers-students": {"pearson": [0.7453305564492589, 7.755823069731235e-134], "spearman": [0.7506984753411706, 8.415947060052225e-137], "nsamples": 750}, "belief": {"pearson": [0.806795670823495, 2.911330400615243e-87], "spearman": [0.8294981716335165, 2.181905575052379e-96], "nsamples": 375}, "headlines": {"pearson": [0.7880239858895747, 9.700970398886295e-160], "spearman": [0.790320602206342, 2.6587080943225828e-161], "nsamples": 750}, "images": {"pearson": [0.893421170396493, 3.573050826175436e-262], "spearman": [0.897992801574991, 6.630172691907745e-269], "nsamples": 750}, "all": {"pearson": {"mean": 0.7944866417778315, "wmean": 0.7999011152030604}, "spearman": {"mean": 0.8022552020689474, "wmean": 0.806285986183405}}}, "STS16": {"answer-answer": {"pearson": [0.7337715778924525, 3.37930804004821e-44], "spearman": [0.7279254243149822, 3.4359775679625405e-43], "nsamples": 254}, "headlines": {"pearson": [0.7857317902388128, 1.9115636187460044e-53], "spearman": [0.789775129292866, 2.3916587284937912e-54], "nsamples": 249}, "plagiarism": {"pearson": [0.8327284796804757, 1.838473272694253e-60], "spearman": [0.843845944048117, 1.4228326657465402e-63], "nsamples": 230}, "postediting": {"pearson": [0.8613041807084412, 4.08674424534759e-73], "spearman": [0.8638948134209138, 4.924305636670717e-74], "nsamples": 244}, "question-question": {"pearson": [0.7289987768127877, 6.355719081908687e-36], "spearman": [0.7269165031748679, 1.2424353373818775e-35], "nsamples": 209}, "all": {"pearson": {"mean": 0.788506961066594, "wmean": 0.7892678847617108}, "spearman": {"mean": 0.7904715628503494, "wmean": 0.7911867754968351}}}}