{"MR": {"devacc": 68.77, "acc": 69.82, "ndev": 10662, "ntest": 10662}, "CR": {"devacc": 78.66, "acc": 76.58, "ndev": 3775, "ntest": 3775}, "SUBJ": {"devacc": 90.23, "acc": 90.16, "ndev": 10000, "ntest": 10000}, "MPQA": {"devacc": 86.5, "acc": 86.71, "ndev": 10606, "ntest": 10606}, "SST5": {"devacc": 35.97, "acc": 38.46, "ndev": 1101, "ntest": 2210}, "TREC": {"devacc": 82.61, "acc": 86.6, "ndev": 5452, "ntest": 500}, "MRPC": {"devacc": 73.94, "acc": 73.39, "f1": 80.95, "ndev": 4076, "ntest": 1725}, "STS12": {"MSRpar": {"pearson": [0.6266835186053934, 4.4782789835719226e-83], "spearman": [0.6053192563188401, 3.6125516800288475e-76], "nsamples": 750}, "MSRvid": {"pearson": [0.897838440839522, 1.1323789504335381e-268], "spearman": [0.8975826875369503, 2.7437072387886354e-268], "nsamples": 750}, "SMTeuroparl": {"pearson": [0.5337442562099579, 3.6918580689461405e-35], "spearman": [0.573051945763973, 2.0329317724315765e-41], "nsamples": 459}, "surprise.OnWN": {"pearson": [0.6924402544987358, 3.745047329247479e-108], "spearman": [0.6947194426788675, 3.82365186775214e-109], "nsamples": 750}, "surprise.SMTnews": {"pearson": [0.6085042137267538, 8.857494339208462e-42], "spearman": [0.6086691648041824, 8.311987524449757e-42], "nsamples": 399}, "all": {"pearson": {"mean": 0.6718421367760726, "wmean": 0.6919251786792419}, "spearman": {"mean": 0.6758684994205627, "wmean": 0.6930842598981743}}}, "STS13": {"FNWN": {"pearson": [0.549556818718907, 2.630330809914666e-16], "spearman": [0.5908040711226594, 3.6020305553020736e-19], "nsamples": 189}, "headlines": {"pearson": [0.7563110362184268, 5.536796024922645e-140], "spearman": [0.748207728665225, 2.0418278100593125e-135], "nsamples": 750}, "OnWN": {"pearson": [0.7116227497811551, 9.368871952829184e-88], "spearman": [0.7121153234198324, 6.292196869681263e-88], "nsamples": 561}, "all": {"pearson": {"mean": 0.6724968682394964, "wmean": 0.7135465856859476}, "spearman": {"mean": 0.683709041069239, "wmean": 0.714876308253085}}}, "STS14": {"deft-forum": {"pearson": [0.5691905529128453, 5.370963735839261e-40], "spearman": [0.5588764475209655, 2.500105481679592e-38], "nsamples": 450}, "deft-news": {"pearson": [0.7659530315378242, 4.029903227680209e-59], "spearman": [0.7314423100152668, 1.7718844067331337e-51], "nsamples": 300}, "headlines": {"pearson": [0.732925683575051, 2.9066891597199163e-127], "spearman": [0.7110364656455627, 1.6093488144058655e-116], "nsamples": 750}, "images": {"pearson": [0.850789796434314, 3.36513781661714e-211], "spearman": [0.8195888965511067, 4.201765225486499e-183], "nsamples": 750}, "OnWN": {"pearson": [0.7869232413452849, 5.353731663447064e-159], "spearman": [0.8110886060096093, 2.2154985602577825e-176], "nsamples": 750}, "tweet-news": {"pearson": [0.7753225826649138, 1.9404581093900634e-151], "spearman": [0.7145807872570472, 3.435834457927077e-118], "nsamples": 750}, "all": {"pearson": {"mean": 0.7468508147450389, "wmean": 0.7587713696764802}, "spearman": {"mean": 0.7244355854999264, "wmean": 0.7368395095964024}}}, "STS15": {"answers-forums": {"pearson": [0.7481809826725698, 1.9330973091899593e-68], "spearman": [0.7556028685723932, 1.592428324767654e-70], "nsamples": 375}, "answers-students": {"pearson": [0.7446893179469205, 1.7329098618253111e-133], "spearman": [0.7482239222426023, 2.000174159086697e-135], "nsamples": 750}, "belief": {"pearson": [0.80052229030105, 5.941494856207134e-85], "spearman": [0.8204290893727474, 1.3759781998972448e-92], "nsamples": 375}, "headlines": {"pearson": [0.7907437074018062, 1.3637514000466289e-161], "spearman": [0.7941139096716889, 6.324529702459446e-164], "nsamples": 750}, "images": {"pearson": [0.8965131318402806, 1.0832205745506486e-266], "spearman": [0.9022422424445016, 1.867954996758348e-275], "nsamples": 750}, "all": {"pearson": {"mean": 0.7961298860325254, "wmean": 0.8015744484189543}, "spearman": {"mean": 0.8041224064607867, "wmean": 0.8081490133328407}}}, "STS16": {"answer-answer": {"pearson": [0.7362534814457313, 1.2391728400111477e-44], "spearman": [0.7267799273283773, 5.374533404379464e-43], "nsamples": 254}, "headlines": {"pearson": [0.7797770599305175, 3.76480337083604e-52], "spearman": [0.7845107895651393, 3.549289822983778e-53], "nsamples": 249}, "plagiarism": {"pearson": [0.8377948045521459, 7.512827024885817e-62], "spearman": [0.8534718279597382, 1.803091775642271e-66], "nsamples": 230}, "postediting": {"pearson": [0.8616995283923292, 2.967126549041656e-73], "spearman": [0.8633869082115831, 7.481886514613739e-74], "nsamples": 244}, "question-question": {"pearson": [0.7300899555187547, 4.462027883286678e-36], "spearman": [0.7274982259561094, 1.0309033449320086e-35], "nsamples": 209}, "all": {"pearson": {"mean": 0.7891229659678958, "wmean": 0.7898053649983611}, "spearman": {"mean": 0.7911295358041894, "wmean": 0.7917009640829009}}}}