{"MR": {"devacc": 68.19, "acc": 67.3, "ndev": 10662, "ntest": 10662}, "CR": {"devacc": 77.96, "acc": 78.33, "ndev": 3775, "ntest": 3775}, "SUBJ": {"devacc": 90.12, "acc": 89.26, "ndev": 10000, "ntest": 10000}, "MPQA": {"devacc": 86.23, "acc": 86.68, "ndev": 10606, "ntest": 10606}, "SST5": {"devacc": 36.06, "acc": 36.56, "ndev": 1101, "ntest": 2210}, "TREC": {"devacc": 81.44, "acc": 89.0, "ndev": 5452, "ntest": 500}, "MRPC": {"devacc": 73.14, "acc": 71.77, "f1": 79.18, "ndev": 4076, "ntest": 1725}, "STS12": {"MSRpar": {"pearson": [0.6239901560371203, 3.560066125967408e-82], "spearman": [0.6011794787073556, 6.85760294206154e-75], "nsamples": 750}, "MSRvid": {"pearson": [0.8964784881305062, 1.2193599511769153e-266], "spearman": [0.8965042253516984, 1.1167008309452739e-266], "nsamples": 750}, "SMTeuroparl": {"pearson": [0.5218373993077254, 2.0224969123680734e-33], "spearman": [0.5615116206658992, 1.7094665679908615e-39], "nsamples": 459}, "surprise.OnWN": {"pearson": [0.6919988465205221, 5.811798034575149e-108], "spearman": [0.6897879628776794, 5.1888807379641094e-107], "nsamples": 750}, "surprise.SMTnews": {"pearson": [0.5917715223948398, 4.631801706173106e-39], "spearman": [0.5651702614004307, 4.7276663231430134e-35], "nsamples": 399}, "all": {"pearson": {"mean": 0.6652152824781428, "wmean": 0.6869339838268657}, "spearman": {"mean": 0.6628307098006128, "wmean": 0.6833463701373775}}}, "STS13": {"FNWN": {"pearson": [0.5085674031388107, 7.95088348585721e-14], "spearman": [0.5482107553741069, 3.213029772465659e-16], "nsamples": 189}, "headlines": {"pearson": [0.753265338114507, 3.023829150118793e-138], "spearman": [0.7455899208008476, 5.598970840068329e-134], "nsamples": 750}, "OnWN": {"pearson": [0.7397336119078199, 3.038161895220202e-98], "spearman": [0.7408327297733577, 1.1090023331212103e-98], "nsamples": 561}, "all": {"pearson": {"mean": 0.6671887843870459, "wmean": 0.7173725327062683}, "spearman": {"mean": 0.6782111353161041, "wmean": 0.7189409565127971}}}, "STS14": {"deft-forum": {"pearson": [0.5684591969387592, 7.083715249700899e-40], "spearman": [0.5628841154504262, 5.712378776242617e-39], "nsamples": 450}, "deft-news": {"pearson": [0.7601866158233938, 9.373114673026783e-58], "spearman": [0.7253130948049833, 3.0396451067242177e-50], "nsamples": 300}, "headlines": {"pearson": [0.7332309157113985, 2.0234230794205496e-127], "spearman": [0.710814556700203, 2.0436434474408493e-116], "nsamples": 750}, "images": {"pearson": [0.8410490878356193, 8.843057141904016e-202], "spearman": [0.8077119957555617, 8.350935286851773e-174], "nsamples": 750}, "OnWN": {"pearson": [0.7801506437573311, 1.577410972515e-154], "spearman": [0.8054728103545478, 4.0006766706606445e-172], "nsamples": 750}, "tweet-news": {"pearson": [0.7799521069266917, 2.1210599025365933e-154], "spearman": [0.7124344130955801, 3.5543537795202635e-117], "nsamples": 750}, "all": {"pearson": {"mean": 0.7438380944988655, "wmean": 0.7559065837447309}, "spearman": {"mean": 0.7207718310268837, "wmean": 0.7328578966196283}}}, "STS15": {"answers-forums": {"pearson": [0.741373506077912, 1.3635651274297152e-66], "spearman": [0.7527749699192852, 1.0113869495969592e-69], "nsamples": 375}, "answers-students": {"pearson": [0.7388341426261873, 2.3938778045201196e-130], "spearman": [0.741181435739693, 1.3502084808159577e-131], "nsamples": 750}, "belief": {"pearson": [0.8032172286243721, 6.192655226890455e-86], "spearman": [0.8272125760654228, 2.076440755524763e-95], "nsamples": 375}, "headlines": {"pearson": [0.7829668481912494, 2.2859736157456606e-156], "spearman": [0.7881486074239421, 7.990024635890637e-160], "nsamples": 750}, "images": {"pearson": [0.8936820675446648, 1.5038256530868495e-262], "spearman": [0.8989952667753008, 2.007644644190108e-270], "nsamples": 750}, "all": {"pearson": {"mean": 0.7920147586128771, "wmean": 0.7969446064283108}, "spearman": {"mean": 0.8016625711847288, "wmean": 0.8045797707328223}}}, "STS16": {"answer-answer": {"pearson": [0.7351534204330138, 1.9357637232943328e-44], "spearman": [0.7294195508192496, 1.9104444352183126e-43], "nsamples": 254}, "headlines": {"pearson": [0.7763401121917777, 2.01634370863674e-51], "spearman": [0.7840846561713475, 4.400733177862113e-53], "nsamples": 249}, "plagiarism": {"pearson": [0.8302472149202569, 8.466065152640229e-60], "spearman": [0.8450898843912291, 6.16501218779097e-64], "nsamples": 230}, "postediting": {"pearson": [0.8735988939864944, 1.1842625533012241e-77], "spearman": [0.8744999251456137, 5.276391463950754e-78], "nsamples": 244}, "question-question": {"pearson": [0.7082407623614894, 3.891222733371939e-33], "spearman": [0.7104147214943353, 2.040635740754787e-33], "nsamples": 209}, "all": {"pearson": {"mean": 0.7847160807786066, "wmean": 0.7859822644381561}, "spearman": {"mean": 0.788701747604355, "wmean": 0.7898271308875071}}}}