{"MR": {"devacc": 68.65, "acc": 66.39, "ndev": 10662, "ntest": 10662}, "CR": {"devacc": 79.1, "acc": 78.49, "ndev": 3775, "ntest": 3775}, "SUBJ": {"devacc": 90.4, "acc": 90.32, "ndev": 10000, "ntest": 10000}, "MPQA": {"devacc": 86.59, "acc": 86.54, "ndev": 10606, "ntest": 10606}, "SST5": {"devacc": 38.42, "acc": 39.77, "ndev": 1101, "ntest": 2210}, "TREC": {"devacc": 82.04, "acc": 89.2, "ndev": 5452, "ntest": 500}, "MRPC": {"devacc": 73.97, "acc": 73.8, "f1": 80.4, "ndev": 4076, "ntest": 1725}, "STS12": {"MSRpar": {"pearson": [0.6324593740381964, 4.9000355480197174e-85], "spearman": [0.6057619584136433, 2.6302331483657514e-76], "nsamples": 750}, "MSRvid": {"pearson": [0.9043637692913963, 7.720319439396808e-279], "spearman": [0.9040079879021657, 2.8879288574267666e-278], "nsamples": 750}, "SMTeuroparl": {"pearson": [0.5341470992907912, 3.215190588045435e-35], "spearman": [0.5647607912893443, 4.995637740550791e-40], "nsamples": 459}, "surprise.OnWN": {"pearson": [0.7044899241533346, 1.6855485301185643e-113], "spearman": [0.7040086679276842, 2.789172107245089e-113], "nsamples": 750}, "surprise.SMTnews": {"pearson": [0.6001704511852877, 2.095314866411805e-40], "spearman": [0.5975880256172424, 5.4810822381239235e-40], "nsamples": 399}, "all": {"pearson": {"mean": 0.6751261235918011, "wmean": 0.6967909682141564}, "spearman": {"mean": 0.6752254862300161, "wmean": 0.6943361602656719}}}, "STS13": {"FNWN": {"pearson": [0.5870988433927472, 6.76930809698768e-19], "spearman": [0.6427690210822021, 2.0479698904029863e-23], "nsamples": 189}, "headlines": {"pearson": [0.7657710246497785, 1.511434834155066e-145], "spearman": [0.7582981984891515, 3.943317039703774e-141], "nsamples": 750}, "OnWN": {"pearson": [0.7263581442054815, 4.33312266227931e-93], "spearman": [0.7264117057943744, 4.137836977741084e-93], "nsamples": 561}, "all": {"pearson": {"mean": 0.693076004082669, "wmean": 0.7285179125252256}, "spearman": {"mean": 0.709159641788576, "wmean": 0.7318159738680292}}}, "STS14": {"deft-forum": {"pearson": [0.5857844106058833, 8.31578869733503e-43], "spearman": [0.5777873613394674, 1.9689693989099056e-41], "nsamples": 450}, "deft-news": {"pearson": [0.7725004099981291, 1.0117506591076486e-60], "spearman": [0.7375384437985444, 9.693837450681978e-53], "nsamples": 300}, "headlines": {"pearson": [0.7392630171281759, 1.418926403171304e-130], "spearman": [0.719042376604957, 2.4911461014311788e-120], "nsamples": 750}, "images": {"pearson": [0.8464881242666601, 5.857231500020671e-207], "spearman": [0.8168318918837684, 6.950005520447437e-181], "nsamples": 750}, "OnWN": {"pearson": [0.7875306069305724, 2.0886801509927825e-159], "spearman": [0.810076609260238, 1.3274527748046281e-175], "nsamples": 750}, "tweet-news": {"pearson": [0.7835390200257407, 9.596131197214325e-157], "spearman": [0.7277390092496498, 1.269775384070873e-124], "nsamples": 750}, "all": {"pearson": {"mean": 0.7525175981591935, "wmean": 0.7634583157427861}, "spearman": {"mean": 0.7315026153561042, "wmean": 0.7430755362643424}}}, "STS15": {"answers-forums": {"pearson": [0.741721276624168, 1.1006802810585847e-66], "spearman": [0.7454498870965348, 1.083681179212598e-67], "nsamples": 375}, "answers-students": {"pearson": [0.7496198113830383, 3.3641695265025365e-136], "spearman": [0.7522200613918054, 1.1774628717922252e-137], "nsamples": 750}, "belief": {"pearson": [0.8196646516938169, 2.812314339597204e-92], "spearman": [0.8381060673822927, 3.300799810344562e-100], "nsamples": 375}, "headlines": {"pearson": [0.7899289877665646, 4.925263564940622e-161], "spearman": [0.7945299366468584, 3.2353440212770236e-164], "nsamples": 750}, "images": {"pearson": [0.8988068180558108, 3.88526903585235e-270], "spearman": [0.9036983138839084, 9.067026115165167e-278], "nsamples": 750}, "all": {"pearson": {"mean": 0.7999483091046796, "wmean": 0.8047621453411015}, "spearman": {"mean": 0.80680085328028, "wmean": 0.8105565722904965}}}, "STS16": {"answer-answer": {"pearson": [0.7441473307483516, 4.720586085387824e-46], "spearman": [0.7338435776302682, 3.2828966900690676e-44], "nsamples": 254}, "headlines": {"pearson": [0.7890578647714672, 3.469575460882596e-54], "spearman": [0.7942298634078234, 2.2953744877023028e-55], "nsamples": 249}, "plagiarism": {"pearson": [0.839135834654062, 3.163804567488128e-62], "spearman": [0.8534457768530761, 1.8371158028661929e-66], "nsamples": 230}, "postediting": {"pearson": [0.8613409984596139, 3.9668615500334713e-73], "spearman": [0.8640948770979866, 4.1743144108227946e-74], "nsamples": 244}, "question-question": {"pearson": [0.7264902866704397, 1.424062937134434e-35], "spearman": [0.725945849512267, 1.6945636074991232e-35], "nsamples": 209}, "all": {"pearson": {"mean": 0.7920344630607868, "wmean": 0.7929964130243495}, "spearman": {"mean": 0.7943119889002842, "wmean": 0.7951213034930996}}}}