{"MR": {"devacc": 67.16, "acc": 65.5, "ndev": 10662, "ntest": 10662}, "CR": {"devacc": 77.0, "acc": 75.97, "ndev": 3775, "ntest": 3775}, "SUBJ": {"devacc": 88.03, "acc": 87.96, "ndev": 10000, "ntest": 10000}, "MPQA": {"devacc": 84.65, "acc": 84.94, "ndev": 10606, "ntest": 10606}, "SST5": {"devacc": 35.88, "acc": 37.29, "ndev": 1101, "ntest": 2210}, "TREC": {"devacc": 74.85, "acc": 86.4, "ndev": 5452, "ntest": 500}, "MRPC": {"devacc": 72.1, "acc": 71.01, "f1": 79.2, "ndev": 4076, "ntest": 1725}, "STS12": {"MSRpar": {"pearson": [0.572511118451471, 1.5769492814037984e-66], "spearman": [0.5511434163404473, 8.209849690410933e-61], "nsamples": 750}, "MSRvid": {"pearson": [0.8874556402553848, 7.753968651070984e-254], "spearman": [0.8850006561185452, 1.5286537305589038e-250], "nsamples": 750}, "SMTeuroparl": {"pearson": [0.5399490726831032, 4.300068472451777e-36], "spearman": [0.5806655001419004, 9.908496088101592e-43], "nsamples": 459}, "surprise.OnWN": {"pearson": [0.6730950284166854, 4.2308693102284327e-100], "spearman": [0.6804726734795016, 4.253267369132424e-103], "nsamples": 750}, "surprise.SMTnews": {"pearson": [0.5855909754788787, 4.2683400136403195e-38], "spearman": [0.5840920874051301, 7.26219361498251e-38], "nsamples": 399}, "all": {"pearson": {"mean": 0.6517203670571046, "wmean": 0.6696537206950686}, "spearman": {"mean": 0.6562748666971048, "wmean": 0.6715060382540702}}}, "STS13": {"FNWN": {"pearson": [0.502352911568647, 1.770937525877007e-13], "spearman": [0.5297935652980929, 4.547567395324058e-15], "nsamples": 189}, "headlines": {"pearson": [0.726758640337685, 3.944013670031129e-124], "spearman": [0.7152400775148737, 1.6689967799525602e-118], "nsamples": 750}, "OnWN": {"pearson": [0.7139699905699748, 1.3949516432247218e-88], "spearman": [0.7123731240916374, 5.107085428521853e-88], "nsamples": 561}, "all": {"pearson": {"mean": 0.6476938474921022, "wmean": 0.6937005634996625}, "spearman": {"mean": 0.6524689223015346, "wmean": 0.690801576395269}}}, "STS14": {"deft-forum": {"pearson": [0.5725697295003971, 1.4815470134852435e-40], "spearman": [0.5571957077110807, 4.615913575848173e-38], "nsamples": 450}, "deft-news": {"pearson": [0.7467626124955782, 1.0200918471815892e-54], "spearman": [0.711161505217297, 1.6183073756374517e-47], "nsamples": 300}, "headlines": {"pearson": [0.7177237266030299, 1.0791937710191308e-119], "spearman": [0.7050748731416798, 9.126008380822762e-114], "nsamples": 750}, "images": {"pearson": [0.8378276963421328, 8.369830498439114e-199], "spearman": [0.8134303267556295, 3.3737135767248473e-178], "nsamples": 750}, "OnWN": {"pearson": [0.7849819332377047, 1.0624470953138236e-157], "spearman": [0.8002259303320287, 2.8525905583897064e-168], "nsamples": 750}, "tweet-news": {"pearson": [0.7455348010048884, 6.00064876740527e-134], "spearman": [0.6785262460966285, 2.680090777096401e-102], "nsamples": 750}, "all": {"pearson": {"mean": 0.7342334165306218, "wmean": 0.745663007977245}, "spearman": {"mean": 0.7109357648757241, "wmean": 0.7232078806079068}}}, "STS15": {"answers-forums": {"pearson": [0.7050031820960936, 1.2709258895905871e-57], "spearman": [0.7053467624709698, 1.0613061792965696e-57], "nsamples": 375}, "answers-students": {"pearson": [0.7320609802232166, 8.088650012297102e-127], "spearman": [0.7387789556583957, 2.5603407015183573e-130], "nsamples": 750}, "belief": {"pearson": [0.7997332092955152, 1.1444123172325888e-84], "spearman": [0.8129665622784942, 1.2816446809563591e-89], "nsamples": 375}, "headlines": {"pearson": [0.7715965565213994, 4.171542504617427e-149], "spearman": [0.77711648466795, 1.4088890324588082e-152], "nsamples": 750}, "images": {"pearson": [0.8855831163895093, 2.5671021200861874e-251], "spearman": [0.892121810365792, 2.572864408087011e-260], "nsamples": 750}, "all": {"pearson": {"mean": 0.7787954089051468, "wmean": 0.7854022122074824}, "spearman": {"mean": 0.7852661150883204, "wmean": 0.7917934782667174}}}, "STS16": {"answer-answer": {"pearson": [0.7032146251675987, 3.3089210292079076e-39], "spearman": [0.6948932177870061, 5.887733831522441e-38], "nsamples": 254}, "headlines": {"pearson": [0.7569390475492721, 1.541981264055591e-47], "spearman": [0.7629105380792667, 1.0777959254675394e-48], "nsamples": 249}, "plagiarism": {"pearson": [0.8252414962380589, 1.712070541184691e-58], "spearman": [0.8428184282834279, 2.8235247520475943e-63], "nsamples": 230}, "postediting": {"pearson": [0.8536974762922408, 1.6061707917200626e-70], "spearman": [0.8547490264860081, 7.177940650636295e-71], "nsamples": 244}, "question-question": {"pearson": [0.7194065659510099, 1.325087711692284e-34], "spearman": [0.7207540933951794, 8.71513604945563e-35], "nsamples": 209}, "all": {"pearson": {"mean": 0.771699842239636, "wmean": 0.7719713644739967}, "spearman": {"mean": 0.7752250608061776, "wmean": 0.7753054028558211}}}}