{"MR": {"devacc": 68.89, "acc": 66.51, "ndev": 10662, "ntest": 10662}, "CR": {"devacc": 78.28, "acc": 78.41, "ndev": 3775, "ntest": 3775}, "SUBJ": {"devacc": 89.96, "acc": 89.52, "ndev": 10000, "ntest": 10000}, "MPQA": {"devacc": 86.11, "acc": 85.12, "ndev": 10606, "ntest": 10606}, "SST5": {"devacc": 36.24, "acc": 36.56, "ndev": 1101, "ntest": 2210}, "TREC": {"devacc": 80.83, "acc": 85.4, "ndev": 5452, "ntest": 500}, "MRPC": {"devacc": 72.87, "acc": 63.65, "f1": 66.95, "ndev": 4076, "ntest": 1725}, "STS12": {"MSRpar": {"pearson": [0.6192876786387735, 1.2660730831871217e-80], "spearman": [0.6003712212691376, 1.212226077775241e-74], "nsamples": 750}, "MSRvid": {"pearson": [0.8950365828614968, 1.6219550054751093e-264], "spearman": [0.893638656686082, 1.7370085975469737e-262], "nsamples": 750}, "SMTeuroparl": {"pearson": [0.5240990035225219, 9.57029055615376e-34], "spearman": [0.566895532954585, 2.2097284414313578e-40], "nsamples": 459}, "surprise.OnWN": {"pearson": [0.688031789909201, 2.9121500363222073e-106], "spearman": [0.6911564012207609, 1.341548494278049e-107], "nsamples": 750}, "surprise.SMTnews": {"pearson": [0.5984568825026549, 3.969921518603181e-40], "spearman": [0.5786084389924083, 4.958615200152164e-37], "nsamples": 399}, "all": {"pearson": {"mean": 0.6649823874869296, "wmean": 0.6856862217800839}, "spearman": {"mean": 0.6661340502245947, "wmean": 0.6853103366042828}}}, "STS13": {"FNWN": {"pearson": [0.5516918099797046, 1.9114756696481488e-16], "spearman": [0.6053350487803504, 2.8010310480121706e-20], "nsamples": 189}, "headlines": {"pearson": [0.7574649104662954, 1.197725701886009e-140], "spearman": [0.748460503398175, 1.4798405794119684e-135], "nsamples": 750}, "OnWN": {"pearson": [0.6983427336106057, 3.1575356490852197e-83], "spearman": [0.6961333928173228, 1.6923540524980552e-82], "nsamples": 561}, "all": {"pearson": {"mean": 0.6691664846855353, "wmean": 0.7094258056609569}, "spearman": {"mean": 0.6833096483319494, "wmean": 0.7108563567590903}}}, "STS14": {"deft-forum": {"pearson": [0.5753320069987667, 5.112758773360357e-41], "spearman": [0.5692644044845022, 5.222722443738301e-40], "nsamples": 450}, "deft-news": {"pearson": [0.7617063786258904, 4.125574317515715e-58], "spearman": [0.7348191875361624, 3.578599031566138e-52], "nsamples": 300}, "headlines": {"pearson": [0.7295178044997386, 1.603732873067825e-125], "spearman": [0.7094907817065766, 8.458758370672387e-116], "nsamples": 750}, "images": {"pearson": [0.83967451772727, 1.6771738823451848e-200], "spearman": [0.808892190341755, 1.0644529277318272e-174], "nsamples": 750}, "OnWN": {"pearson": [0.777567181621553, 7.261670060689045e-153], "spearman": [0.7990276089794874, 2.0850487465410985e-167], "nsamples": 750}, "tweet-news": {"pearson": [0.7864008539335249, 1.1999863904830211e-158], "spearman": [0.7226652360181008, 4.2474099613760295e-122], "nsamples": 750}, "all": {"pearson": {"mean": 0.745033123901124, "wmean": 0.7566084226863405}, "spearman": {"mean": 0.7240265681777641, "wmean": 0.7351124269502172}}}, "STS15": {"answers-forums": {"pearson": [0.7268714687354799, 7.669378833120818e-63], "spearman": [0.733978723214155, 1.195888577114313e-64], "nsamples": 375}, "answers-students": {"pearson": [0.7543397643391865, 7.423442722139768e-139], "spearman": [0.7606176038919535, 1.7477056641446698e-142], "nsamples": 750}, "belief": {"pearson": [0.8071402230681224, 2.161614687114444e-87], "spearman": [0.831053747977161, 4.618583087521726e-97], "nsamples": 375}, "headlines": {"pearson": [0.7852171739691106, 7.40939136012208e-158], "spearman": [0.7890052111444545, 2.097882036983394e-160], "nsamples": 750}, "images": {"pearson": [0.8916703671458834, 1.1224639801639796e-259], "spearman": [0.8975498780002783, 3.073054836990114e-268], "nsamples": 750}, "all": {"pearson": {"mean": 0.7930477994515566, "wmean": 0.7995582878389955}, "spearman": {"mean": 0.8024410328456005, "wmean": 0.8074222321580862}}}, "STS16": {"answer-answer": {"pearson": [0.7127981304987232, 1.0587077769086755e-40], "spearman": [0.7041004250173334, 2.421210034883471e-39], "nsamples": 254}, "headlines": {"pearson": [0.7795092201378448, 4.2954646935089025e-52], "spearman": [0.7849264954019738, 2.876325761301935e-53], "nsamples": 249}, "plagiarism": {"pearson": [0.833562784710315, 1.0939626601008649e-60], "spearman": [0.8496864017686165, 2.627243538973698e-65], "nsamples": 230}, "postediting": {"pearson": [0.8691329412055421, 5.954668290010497e-76], "spearman": [0.8690607132988311, 6.336620334085888e-76], "nsamples": 244}, "question-question": {"pearson": [0.7197816681766748, 1.1794998815266767e-34], "spearman": [0.7155424504981436, 4.347062462486768e-34], "nsamples": 209}, "all": {"pearson": {"mean": 0.7829569489458199, "wmean": 0.7836178480163987}, "spearman": {"mean": 0.7846632971969797, "wmean": 0.7852573894732738}}}}