{"MR": {"devacc": 68.45, "acc": 68.12, "ndev": 10662, "ntest": 10662}, "CR": {"devacc": 77.4, "acc": 77.22, "ndev": 3775, "ntest": 3775}, "SUBJ": {"devacc": 89.69, "acc": 88.23, "ndev": 10000, "ntest": 10000}, "MPQA": {"devacc": 85.25, "acc": 84.91, "ndev": 10606, "ntest": 10606}, "SST5": {"devacc": 37.87, "acc": 38.55, "ndev": 1101, "ntest": 2210}, "TREC": {"devacc": 78.58, "acc": 85.4, "ndev": 5452, "ntest": 500}, "MRPC": {"devacc": 71.93, "acc": 68.64, "f1": 74.85, "ndev": 4076, "ntest": 1725}, "STS12": {"MSRpar": {"pearson": [0.5992947180853079, 2.5823297216014672e-74], "spearman": [0.5819832190527505, 3.3632610329018905e-69], "nsamples": 750}, "MSRvid": {"pearson": [0.9004024891761723, 1.3914141972318406e-272], "spearman": [0.9001004900167968, 4.069589413755586e-272], "nsamples": 750}, "SMTeuroparl": {"pearson": [0.5576158060343395, 7.340658368859388e-39], "spearman": [0.6066204624446514, 1.7901656725564583e-47], "nsamples": 459}, "surprise.OnWN": {"pearson": [0.6976783881507574, 1.9141950127978575e-110], "spearman": [0.6927077517988597, 2.868338967320052e-108], "nsamples": 750}, "surprise.SMTnews": {"pearson": [0.5750848850534273, 1.6717962031587214e-36], "spearman": [0.5409624170238941, 1.0473925346008361e-31], "nsamples": 399}, "all": {"pearson": {"mean": 0.6660152573000009, "wmean": 0.6864337904328371}, "spearman": {"mean": 0.6644748680673904, "wmean": 0.6838405380649724}}}, "STS13": {"FNWN": {"pearson": [0.520315013696214, 1.6725321497231018e-14], "spearman": [0.5548846703731114, 1.1808042075747007e-16], "nsamples": 189}, "headlines": {"pearson": [0.7580438329019069, 5.538013032372569e-141], "spearman": [0.7494360959127807, 4.256606556547156e-136], "nsamples": 750}, "OnWN": {"pearson": [0.7401225650769618, 2.1280419534369998e-98], "spearman": [0.7467127771276032, 4.624822540664405e-101], "nsamples": 561}, "all": {"pearson": {"mean": 0.6728271372250276, "wmean": 0.7213874475154601}, "spearman": {"mean": 0.6836778478044985, "wmean": 0.723904095069126}}}, "STS14": {"deft-forum": {"pearson": [0.5670712973305398, 1.195524881415575e-39], "spearman": [0.5478142495679919, 1.3280137595200286e-36], "nsamples": 450}, "deft-news": {"pearson": [0.7605614260677906, 7.660096238469024e-58], "spearman": [0.7277645138014994, 9.843825364908492e-51], "nsamples": 300}, "headlines": {"pearson": [0.7276956380903383, 1.3352041134420873e-124], "spearman": [0.7093043885229378, 1.0324991663125272e-115], "nsamples": 750}, "images": {"pearson": [0.8350807994250958, 2.56650912264687e-196], "spearman": [0.807314448349887, 1.6660436281527537e-173], "nsamples": 750}, "OnWN": {"pearson": [0.79180339872081, 2.544577795428024e-162], "spearman": [0.8135001353729161, 2.975345438540669e-178], "nsamples": 750}, "tweet-news": {"pearson": [0.7654849257957999, 2.2464979109995787e-145], "spearman": [0.7145230585531707, 3.659714060590955e-118], "nsamples": 750}, "all": {"pearson": {"mean": 0.7412829142383958, "wmean": 0.7529064221714967}, "spearman": {"mean": 0.7200367990280672, "wmean": 0.7328872772120613}}}, "STS15": {"answers-forums": {"pearson": [0.7267207559095366, 8.364914153976287e-63], "spearman": [0.7299950598920603, 1.2521496224967714e-63], "nsamples": 375}, "answers-students": {"pearson": [0.7457119828817959, 4.802269998071403e-134], "spearman": [0.7498431165266057, 2.5266882398722982e-136], "nsamples": 750}, "belief": {"pearson": [0.7947614356362109, 6.659437418483257e-83], "spearman": [0.817357202255581, 2.3839668792906696e-91], "nsamples": 375}, "headlines": {"pearson": [0.7852224074713131, 7.350180674018998e-158], "spearman": [0.7874324761638488, 2.4322564416667826e-159], "nsamples": 750}, "images": {"pearson": [0.8900126987968571, 2.372543986486942e-257], "spearman": [0.894343289527329, 1.660552870867305e-263], "nsamples": 750}, "all": {"pearson": {"mean": 0.7884858561391427, "wmean": 0.79542204623071}, "spearman": {"mean": 0.7957942288730849, "wmean": 0.801323753322901}}}, "STS16": {"answer-answer": {"pearson": [0.7273665465850891, 4.2752984866882e-43], "spearman": [0.7192962862429484, 9.457575244502779e-42], "nsamples": 254}, "headlines": {"pearson": [0.7854214606239868, 2.238007515856514e-53], "spearman": [0.7942481510865643, 2.273125079736031e-55], "nsamples": 249}, "plagiarism": {"pearson": [0.8328136842115527, 1.7437714798044888e-60], "spearman": [0.8408756169058248, 1.0180291176036122e-62], "nsamples": 230}, "postediting": {"pearson": [0.8616488723632455, 3.091544844104303e-73], "spearman": [0.8641468227440896, 3.998842766760971e-74], "nsamples": 244}, "question-question": {"pearson": [0.7307171763610052, 3.6381698338541694e-36], "spearman": [0.72594384126331, 1.6956497062716394e-35], "nsamples": 209}, "all": {"pearson": {"mean": 0.7875935480289759, "wmean": 0.7882212551540678}, "spearman": {"mean": 0.7889021436485474, "wmean": 0.7895822308500783}}}}