{"MR": {"devacc": 69.01, "acc": 69.22, "ndev": 10662, "ntest": 10662}, "CR": {"devacc": 78.08, "acc": 78.89, "ndev": 3775, "ntest": 3775}, "SUBJ": {"devacc": 90.33, "acc": 90.22, "ndev": 10000, "ntest": 10000}, "MPQA": {"devacc": 86.49, "acc": 86.2, "ndev": 10606, "ntest": 10606}, "SST5": {"devacc": 37.51, "acc": 39.05, "ndev": 1101, "ntest": 2210}, "TREC": {"devacc": 82.83, "acc": 91.2, "ndev": 5452, "ntest": 500}, "MRPC": {"devacc": 74.21, "acc": 71.71, "f1": 78.19, "ndev": 4076, "ntest": 1725}, "STS12": {"MSRpar": {"pearson": [0.624345460148446, 2.7113813233234374e-82], "spearman": [0.6005268491560906, 1.086425896250704e-74], "nsamples": 750}, "MSRvid": {"pearson": [0.8979682740499202, 7.219184456741086e-269], "spearman": [0.8960363093838417, 5.505222551370613e-266], "nsamples": 750}, "SMTeuroparl": {"pearson": [0.539579423248019, 4.8938306338441084e-36], "spearman": [0.5803505883572306, 1.1245125117476739e-42], "nsamples": 459}, "surprise.OnWN": {"pearson": [0.7041370910159674, 2.4386501545483687e-113], "spearman": [0.7051131104639464, 8.766774412515993e-114], "nsamples": 750}, "surprise.SMTnews": {"pearson": [0.6004483302582571, 1.8883637490169437e-40], "spearman": [0.582418210192874, 1.3104233809712864e-37], "nsamples": 399}, "all": {"pearson": {"mean": 0.673295715744122, "wmean": 0.6940424575143617}, "spearman": {"mean": 0.6728890135107967, "wmean": 0.6917705880552878}}}, "STS13": {"FNWN": {"pearson": [0.5574052602526571, 8.043535344597185e-17], "spearman": [0.6020787199428972, 5.0212087884725376e-20], "nsamples": 189}, "headlines": {"pearson": [0.7563423369145904, 5.312159807794483e-140], "spearman": [0.7474184945596595, 5.564853617817663e-135], "nsamples": 750}, "OnWN": {"pearson": [0.7217507654998441, 2.197531462063852e-91], "spearman": [0.7245686608769307, 2.0099811501393578e-92], "nsamples": 561}, "all": {"pearson": {"mean": 0.6784994542223638, "wmean": 0.7183390175460718}, "spearman": {"mean": 0.6913552917931624, "wmean": 0.7205598451606068}}}, "STS14": {"deft-forum": {"pearson": [0.5849485167758017, 1.1623636386501853e-42], "spearman": [0.5765276740631242, 3.2157844067817655e-41], "nsamples": 450}, "deft-news": {"pearson": [0.764058122730795, 1.1446831721609105e-58], "spearman": [0.7322136068102437, 1.2322218525832489e-51], "nsamples": 300}, "headlines": {"pearson": [0.7395146007431418, 1.0435332192646827e-130], "spearman": [0.7193844817090538, 1.700661008000177e-120], "nsamples": 750}, "images": {"pearson": [0.848732875271266, 3.7260476342745085e-209], "spearman": [0.8164782803545296, 1.329910695295222e-180], "nsamples": 750}, "OnWN": {"pearson": [0.78331103627442, 1.3565655132791823e-156], "spearman": [0.8068271385613746, 3.876236237389281e-173], "nsamples": 750}, "tweet-news": {"pearson": [0.7792892357015129, 5.6882213598940296e-154], "spearman": [0.721989150846334, 9.12534464974143e-122], "nsamples": 750}, "all": {"pearson": {"mean": 0.7499757312494896, "wmean": 0.7614880214296279}, "spearman": {"mean": 0.72890338872411, "wmean": 0.7406962197266528}}}, "STS15": {"answers-forums": {"pearson": [0.745439895969244, 1.090492555611239e-67], "spearman": [0.7532120590802864, 7.61267047370529e-70], "nsamples": 375}, "answers-students": {"pearson": [0.7587025306440288, 2.2963334636490268e-141], "spearman": [0.7626921574548032, 1.0442442212144812e-143], "nsamples": 750}, "belief": {"pearson": [0.8071644705366986, 2.1167432318520697e-87], "spearman": [0.8274526778798511, 1.641377203547206e-95], "nsamples": 375}, "headlines": {"pearson": [0.7910317567767025, 8.648936619869347e-162], "spearman": [0.7947728809029715, 2.185810950697398e-164], "nsamples": 750}, "images": {"pearson": [0.8990792435942225, 1.4953035668213813e-270], "spearman": [0.9042255696021896, 1.289612210650396e-278], "nsamples": 750}, "all": {"pearson": {"mean": 0.8002835795041794, "wmean": 0.8062789285669812}, "spearman": {"mean": 0.8084710689840204, "wmean": 0.8130057441100083}}}, "STS16": {"answer-answer": {"pearson": [0.7401184863572947, 2.539437741013092e-45], "spearman": [0.7356387594749477, 1.5903902433011843e-44], "nsamples": 254}, "headlines": {"pearson": [0.7872691527776767, 8.719434787371545e-54], "spearman": [0.7906270020430363, 1.5345352220743138e-54], "nsamples": 249}, "plagiarism": {"pearson": [0.8397668178724832, 2.1003380318981154e-62], "spearman": [0.8536952662976471, 1.5357468966457289e-66], "nsamples": 230}, "postediting": {"pearson": [0.8683657450129164, 1.1503531112641566e-75], "spearman": [0.8685891926986963, 9.500068520088244e-76], "nsamples": 244}, "question-question": {"pearson": [0.7361833342890566, 5.992786646267007e-37], "spearman": [0.7386379829211714, 2.627417647912462e-37], "nsamples": 209}, "all": {"pearson": {"mean": 0.7943407072618855, "wmean": 0.7950337616666356}, "spearman": {"mean": 0.7974376406870998, "wmean": 0.7979590059973173}}}}