{"MR": {"devacc": 67.55, "acc": 69.23, "ndev": 10662, "ntest": 10662}, "CR": {"devacc": 78.71, "acc": 77.88, "ndev": 3775, "ntest": 3775}, "SUBJ": {"devacc": 89.97, "acc": 89.96, "ndev": 10000, "ntest": 10000}, "MPQA": {"devacc": 85.87, "acc": 86.26, "ndev": 10606, "ntest": 10606}, "SST5": {"devacc": 37.87, "acc": 39.32, "ndev": 1101, "ntest": 2210}, "TREC": {"devacc": 82.78, "acc": 88.0, "ndev": 5452, "ntest": 500}, "MRPC": {"devacc": 72.77, "acc": 66.78, "f1": 71.87, "ndev": 4076, "ntest": 1725}, "STS12": {"MSRpar": {"pearson": [0.6163138037185287, 1.1743468521993575e-79], "spearman": [0.5971496600441518, 1.1554159967608943e-73], "nsamples": 750}, "MSRvid": {"pearson": [0.9001926880819511, 2.933687269540925e-272], "spearman": [0.9000984673663279, 4.098899309511905e-272], "nsamples": 750}, "SMTeuroparl": {"pearson": [0.5236665919909419, 1.1047039762820837e-33], "spearman": [0.5590661844802071, 4.276592229152369e-39], "nsamples": 459}, "surprise.OnWN": {"pearson": [0.6935902578441382, 1.18741179629864e-108], "spearman": [0.6992310581193812, 3.918945952337318e-111], "nsamples": 750}, "surprise.SMTnews": {"pearson": [0.5801987407350847, 2.8512271754045148e-37], "spearman": [0.5719773873631508, 4.824074413981298e-36], "nsamples": 399}, "all": {"pearson": {"mean": 0.6627924164741288, "wmean": 0.6851463402543773}, "spearman": {"mean": 0.6655045514746438, "wmean": 0.6860327366093011}}}, "STS13": {"FNWN": {"pearson": [0.5142834330925157, 3.751771243861539e-14], "spearman": [0.5602809997215255, 5.170046139726127e-17], "nsamples": 189}, "headlines": {"pearson": [0.7552755551244625, 2.1715874680524798e-139], "spearman": [0.7511144459079095, 4.92277889352701e-137], "nsamples": 750}, "OnWN": {"pearson": [0.7179274454715002, 5.381875373408736e-90], "spearman": [0.7121833253369751, 5.955333945334194e-88], "nsamples": 561}, "all": {"pearson": {"mean": 0.6624954778961595, "wmean": 0.7109423547382294}, "spearman": {"mean": 0.6745262569888034, "wmean": 0.7125091925948958}}}, "STS14": {"deft-forum": {"pearson": [0.5719402448766581, 1.8853916408941293e-40], "spearman": [0.5642174030140253, 3.4799796190692094e-39], "nsamples": 450}, "deft-news": {"pearson": [0.7511194876489977, 1.1074946999360207e-55], "spearman": [0.7190200344739287, 5.198428368808685e-49], "nsamples": 300}, "headlines": {"pearson": [0.7308689512809002, 3.294350440097537e-126], "spearman": [0.714631247579539, 3.2513477000536875e-118], "nsamples": 750}, "images": {"pearson": [0.8407851900373645, 1.5591867552769613e-201], "spearman": [0.807849183776195, 6.577538126710657e-174], "nsamples": 750}, "OnWN": {"pearson": [0.7791473367530198, 7.02254162350706e-154], "spearman": [0.8072860943919313, 1.7500594816624533e-173], "nsamples": 750}, "tweet-news": {"pearson": [0.7827325758011546, 3.2590467186982757e-156], "spearman": [0.7218119459531719, 1.1146475639707027e-121], "nsamples": 750}, "all": {"pearson": {"mean": 0.7427656310663492, "wmean": 0.7554291991716066}, "spearman": {"mean": 0.7224693181981318, "wmean": 0.7355433854597647}}}, "STS15": {"answers-forums": {"pearson": [0.7436327133144731, 3.370855615243871e-67], "spearman": [0.7458071205738407, 8.660081647659236e-68], "nsamples": 375}, "answers-students": {"pearson": [0.7523873310185432, 9.47696424318793e-138], "spearman": [0.7540972254369798, 1.0199303788987427e-138], "nsamples": 750}, "belief": {"pearson": [0.8049682401577763, 1.3983262573791738e-86], "spearman": [0.8273409593234313, 1.8312178752498287e-95], "nsamples": 375}, "headlines": {"pearson": [0.790175406103365, 3.3420470895370335e-161], "spearman": [0.7948707304683108, 1.866179284258699e-164], "nsamples": 750}, "images": {"pearson": [0.8898153656770871, 4.461753595706775e-257], "spearman": [0.8951246476996423, 1.2056205583969147e-264], "nsamples": 750}, "all": {"pearson": {"mean": 0.796195811254249, "wmean": 0.8016696448837799}, "spearman": {"mean": 0.8034481367004409, "wmean": 0.8076666608883921}}}, "STS16": {"answer-answer": {"pearson": [0.735713834200975, 1.542711501650649e-44], "spearman": [0.7291597512106718, 2.1163206781292082e-43], "nsamples": 254}, "headlines": {"pearson": [0.7791488130023327, 5.127946463903939e-52], "spearman": [0.7869419921084728, 1.0310283346890007e-53], "nsamples": 249}, "plagiarism": {"pearson": [0.8350075433204829, 4.421925302602236e-61], "spearman": [0.8492981400827883, 3.4436726467864023e-65], "nsamples": 230}, "postediting": {"pearson": [0.86844420417862, 1.0756428075291933e-75], "spearman": [0.8710287830197323, 1.1490850156749017e-76], "nsamples": 244}, "question-question": {"pearson": [0.7008854756974005, 3.309089056827854e-32], "spearman": [0.7040693242062022, 1.3207502833746217e-32], "nsamples": 209}, "all": {"pearson": {"mean": 0.7838399740799622, "wmean": 0.7852584768369979}, "spearman": {"mean": 0.7880995981255735, "wmean": 0.7893551575695384}}}}