{"MR": {"devacc": 67.73, "acc": 65.81, "ndev": 10662, "ntest": 10662}, "CR": {"devacc": 77.27, "acc": 75.42, "ndev": 3775, "ntest": 3775}, "SUBJ": {"devacc": 88.05, "acc": 87.75, "ndev": 10000, "ntest": 10000}, "MPQA": {"devacc": 85.11, "acc": 85.25, "ndev": 10606, "ntest": 10606}, "SST5": {"devacc": 34.7, "acc": 38.14, "ndev": 1101, "ntest": 2210}, "TREC": {"devacc": 75.17, "acc": 85.6, "ndev": 5452, "ntest": 500}, "MRPC": {"devacc": 70.95, "acc": 72.29, "f1": 79.83, "ndev": 4076, "ntest": 1725}, "STS12": {"MSRpar": {"pearson": [0.5577860900883378, 1.5189595471632494e-62], "spearman": [0.5490751129555906, 2.7922861023272174e-60], "nsamples": 750}, "MSRvid": {"pearson": [0.8833149139021294, 2.5321447467659535e-248], "spearman": [0.8845568150037836, 5.915012109189234e-250], "nsamples": 750}, "SMTeuroparl": {"pearson": [0.5468626514830546, 3.714706069535207e-37], "spearman": [0.5939299989089061, 4.2249297341538416e-45], "nsamples": 459}, "surprise.OnWN": {"pearson": [0.6840088140228727, 1.446623075473514e-104], "spearman": [0.6800348626225846, 6.442873961429938e-103], "nsamples": 750}, "surprise.SMTnews": {"pearson": [0.5821264144303926, 1.4519334608424275e-37], "spearman": [0.5572213546275344, 6.359999789890354e-34], "nsamples": 399}, "all": {"pearson": {"mean": 0.6508197767853574, "wmean": 0.6683110553083828}, "spearman": {"mean": 0.6529636288236798, "wmean": 0.6693035015868865}}}, "STS13": {"FNWN": {"pearson": [0.4963190738886297, 3.7950018447703877e-13], "spearman": [0.52626283173234, 7.422046432763101e-15], "nsamples": 189}, "headlines": {"pearson": [0.728185957262288, 7.561599103530778e-125], "spearman": [0.7175022774456195, 1.3793253793907413e-119], "nsamples": 750}, "OnWN": {"pearson": [0.733869147204686, 6.038612738487874e-96], "spearman": [0.7258925756937273, 6.466728024080956e-93], "nsamples": 561}, "all": {"pearson": {"mean": 0.6527913927852013, "wmean": 0.701096242995664}, "spearman": {"mean": 0.6565525616238955, "wmean": 0.6965440788305386}}}, "STS14": {"deft-forum": {"pearson": [0.5713871545261447, 2.3291469947722626e-40], "spearman": [0.5613419615851556, 1.0105594787489099e-38], "nsamples": 450}, "deft-news": {"pearson": [0.7343359483149627, 4.505896004777019e-52], "spearman": [0.6977505450635108, 4.414952087261432e-45], "nsamples": 300}, "headlines": {"pearson": [0.7124796345285532, 3.384371031896327e-117], "spearman": [0.699550378439133, 2.8245953115506105e-111], "nsamples": 750}, "images": {"pearson": [0.8112426718641915, 1.685334256329072e-176], "spearman": [0.7833679332521655, 1.2443340335459757e-156], "nsamples": 750}, "OnWN": {"pearson": [0.7800767132469572, 1.7613725379425077e-154], "spearman": [0.8007819093314964, 1.1283044777659758e-168], "nsamples": 750}, "tweet-news": {"pearson": [0.766761157088825, 3.8178658255729216e-146], "spearman": [0.7110470705818459, 1.5910700998662212e-116], "nsamples": 750}, "all": {"pearson": {"mean": 0.7293805465949391, "wmean": 0.7414253697540397}, "spearman": {"mean": 0.7089732997088847, "wmean": 0.7221305373162278}}}, "STS15": {"answers-forums": {"pearson": [0.7164554940379793, 2.706105779945227e-60], "spearman": [0.7267527964478754, 8.211992756512568e-63], "nsamples": 375}, "answers-students": {"pearson": [0.7345128728604139, 4.3954576581047165e-128], "spearman": [0.7366360709479832, 3.437601810021556e-129], "nsamples": 750}, "belief": {"pearson": [0.7676006117042731, 4.67543592643471e-74], "spearman": [0.7814829513378956, 2.027378465199151e-78], "nsamples": 375}, "headlines": {"pearson": [0.7727075921885391, 8.501191019075865e-150], "spearman": [0.7774997791307933, 8.019116228986072e-153], "nsamples": 750}, "images": {"pearson": [0.8818209461519275, 2.1965041993453458e-246], "spearman": [0.8878226239808806, 2.4570829359125973e-254], "nsamples": 750}, "all": {"pearson": {"mean": 0.7746195033886265, "wmean": 0.7827673660180017}, "spearman": {"mean": 0.7820388443690857, "wmean": 0.7890190869881356}}}, "STS16": {"answer-answer": {"pearson": [0.7217706628660805, 3.702606887472279e-42], "spearman": [0.7191417476427163, 1.0024685881626047e-41], "nsamples": 254}, "headlines": {"pearson": [0.7636955674549543, 7.552440946857158e-49], "spearman": [0.7676473305490863, 1.2341814790110279e-49], "nsamples": 249}, "plagiarism": {"pearson": [0.8188213753385344, 7.057371675563577e-57], "spearman": [0.8348520053252462, 4.876915063440685e-61], "nsamples": 230}, "postediting": {"pearson": [0.8413207925065945, 1.3411505447851613e-66], "spearman": [0.844382690996361, 1.54636638723656e-67], "nsamples": 244}, "question-question": {"pearson": [0.7191440713073679, 1.4373680107912666e-34], "spearman": [0.7174951758319011, 2.3907743085692547e-34], "nsamples": 209}, "all": {"pearson": {"mean": 0.7729504938947064, "wmean": 0.7735263450817704}, "spearman": {"mean": 0.7767037900690622, "wmean": 0.7772411625503864}}}}