{"MR": {"devacc": 67.4, "acc": 66.62, "ndev": 10662, "ntest": 10662}, "CR": {"devacc": 76.76, "acc": 75.47, "ndev": 3775, "ntest": 3775}, "SUBJ": {"devacc": 87.06, "acc": 86.35, "ndev": 10000, "ntest": 10000}, "MPQA": {"devacc": 84.3, "acc": 84.55, "ndev": 10606, "ntest": 10606}, "SST5": {"devacc": 35.79, "acc": 36.24, "ndev": 1101, "ntest": 2210}, "TREC": {"devacc": 73.97, "acc": 82.6, "ndev": 5452, "ntest": 500}, "MRPC": {"devacc": 72.2, "acc": 69.86, "f1": 76.32, "ndev": 4076, "ntest": 1725}, "STS12": {"MSRpar": {"pearson": [0.574492409447389, 4.4289467436533503e-67], "spearman": [0.5557657494044647, 5.160622787073016e-62], "nsamples": 750}, "MSRvid": {"pearson": [0.863968010193043, 4.5069732313732875e-225], "spearman": [0.862263578189468, 3.3778807695289272e-223], "nsamples": 750}, "SMTeuroparl": {"pearson": [0.5213734227678963, 2.356426761829062e-33], "spearman": [0.5445639893235126, 8.438821789887285e-37], "nsamples": 459}, "surprise.OnWN": {"pearson": [0.6586197384566281, 1.8278270611006923e-94], "spearman": [0.6528734627765561, 2.5899734352748285e-92], "nsamples": 750}, "surprise.SMTnews": {"pearson": [0.5706250652310051, 7.623829428017555e-36], "spearman": [0.5533289096313683, 2.2142790277239423e-33], "nsamples": 399}, "all": {"pearson": {"mean": 0.6378157292191924, "wmean": 0.6563062807755567}, "spearman": {"mean": 0.6337591378650739, "wmean": 0.6511937576641811}}}, "STS13": {"FNWN": {"pearson": [0.5145926058163899, 3.600969581209639e-14], "spearman": [0.5245191009212509, 9.433752115506656e-15], "nsamples": 189}, "headlines": {"pearson": [0.7041284096130682, 2.4608963386193803e-113], "spearman": [0.6924224783264395, 3.811973994844855e-108], "nsamples": 750}, "OnWN": {"pearson": [0.6230859102462368, 1.2091357870896466e-61], "spearman": [0.6318725957189726, 7.388265675993568e-64], "nsamples": 561}, "all": {"pearson": {"mean": 0.6139356418918983, "wmean": 0.6499370035714918}, "spearman": {"mean": 0.6162713916555543, "wmean": 0.6486209966781932}}}, "STS14": {"deft-forum": {"pearson": [0.5314312100199646, 3.6581692316938993e-34], "spearman": [0.5159171750813494, 5.677673627679756e-32], "nsamples": 450}, "deft-news": {"pearson": [0.7310929352573924, 2.087901468495361e-51], "spearman": [0.6981552704951236, 3.744504717293693e-45], "nsamples": 300}, "headlines": {"pearson": [0.6994410504672474, 3.1598611239706465e-111], "spearman": [0.6773385039577543, 8.183468261863284e-102], "nsamples": 750}, "images": {"pearson": [0.8083742137298379, 2.6334718346411013e-174], "spearman": [0.7727546998445535, 7.945155625966693e-150], "nsamples": 750}, "OnWN": {"pearson": [0.724874152206672, 3.4361671106066196e-123], "spearman": [0.7552611795338338, 2.2130755351459008e-139], "nsamples": 750}, "tweet-news": {"pearson": [0.7399763449375542, 5.931560535480387e-131], "spearman": [0.6748042876474998, 8.703534146701146e-101], "nsamples": 750}, "all": {"pearson": {"mean": 0.7058649844364447, "wmean": 0.7167923322912495}, "spearman": {"mean": 0.682371852760019, "wmean": 0.6937942168461001}}}, "STS15": {"answers-forums": {"pearson": [0.671316354949029, 1.8493630769456468e-50], "spearman": [0.6686392146331926, 6.2507953080855745e-50], "nsamples": 375}, "answers-students": {"pearson": [0.7287602738958394, 3.8787188798107845e-125], "spearman": [0.7354996330499992, 1.3488782490402436e-128], "nsamples": 750}, "belief": {"pearson": [0.7722149817776529, 1.7948442918971005e-75], "spearman": [0.7914273577705018, 9.546430744697136e-82], "nsamples": 375}, "headlines": {"pearson": [0.7667520610482492, 3.8665519878983645e-146], "spearman": [0.7684831665311078, 3.431150439513176e-147], "nsamples": 750}, "images": {"pearson": [0.8648273131568596, 5.0006924490617756e-226], "spearman": [0.8690647835280931, 7.802489173972759e-231], "nsamples": 750}, "all": {"pearson": {"mean": 0.760774196965526, "wmean": 0.7705263291160724}, "spearman": {"mean": 0.7666228311025789, "wmean": 0.7757702173277619}}}, "STS16": {"answer-answer": {"pearson": [0.698122713353161, 1.949103760598806e-38], "spearman": [0.689656406319345, 3.4284684029452993e-37], "nsamples": 254}, "headlines": {"pearson": [0.761482871449565, 2.0506413527770213e-48], "spearman": [0.7687173469570469, 7.51053465375547e-50], "nsamples": 249}, "plagiarism": {"pearson": [0.7972800053924214, 6.795405053414741e-52], "spearman": [0.804623592267682, 1.5972721391109046e-53], "nsamples": 230}, "postediting": {"pearson": [0.8596960778898031, 1.4877804472872593e-72], "spearman": [0.8624051460363166, 1.6714760581477345e-73], "nsamples": 244}, "question-question": {"pearson": [0.700698446069207, 3.4912130664112794e-32], "spearman": [0.7043377601501352, 1.221649725754784e-32], "nsamples": 209}, "all": {"pearson": {"mean": 0.7634560228308315, "wmean": 0.7643495983612797}, "spearman": {"mean": 0.7659480503461051, "wmean": 0.7666780947076093}}}}