{"MR": {"devacc": 67.61, "acc": 68.04, "ndev": 10662, "ntest": 10662}, "CR": {"devacc": 77.44, "acc": 78.41, "ndev": 3775, "ntest": 3775}, "SUBJ": {"devacc": 88.68, "acc": 88.17, "ndev": 10000, "ntest": 10000}, "MPQA": {"devacc": 85.62, "acc": 85.51, "ndev": 10606, "ntest": 10606}, "SST5": {"devacc": 35.88, "acc": 34.93, "ndev": 1101, "ntest": 2210}, "TREC": {"devacc": 79.6, "acc": 84.4, "ndev": 5452, "ntest": 500}, "MRPC": {"devacc": 72.06, "acc": 71.36, "f1": 79.14, "ndev": 4076, "ntest": 1725}, "STS12": {"MSRpar": {"pearson": [0.61571129896226, 1.838733887765844e-79], "spearman": [0.585756109913388, 2.742978869798366e-70], "nsamples": 750}, "MSRvid": {"pearson": [0.8803610125721514, 1.6241977864971546e-244], "spearman": [0.8798434275823876, 7.368078938848222e-244], "nsamples": 750}, "SMTeuroparl": {"pearson": [0.5415287559889347, 2.4696438062440908e-36], "spearman": [0.5840654405530503, 2.5052203505725046e-43], "nsamples": 459}, "surprise.OnWN": {"pearson": [0.6740149612232288, 1.8088438090454855e-100], "spearman": [0.6811380162289863, 2.2595850243205786e-103], "nsamples": 750}, "surprise.SMTnews": {"pearson": [0.6003025097461961, 1.9943039389994636e-40], "spearman": [0.6012294705492074, 1.4089321094293027e-40], "nsamples": 399}, "all": {"pearson": {"mean": 0.6623837076985541, "wmean": 0.6807103780424335}, "spearman": {"mean": 0.6664064929654039, "wmean": 0.6814767571610539}}}, "STS13": {"FNWN": {"pearson": [0.5312591743917557, 3.7045872300775744e-15], "spearman": [0.554069474508195, 1.335982171544392e-16], "nsamples": 189}, "headlines": {"pearson": [0.7457699648993492, 4.464445586564048e-134], "spearman": [0.7410606869549724, 1.566632584105438e-131], "nsamples": 750}, "OnWN": {"pearson": [0.6880224921252523, 7.067296948139042e-80], "spearman": [0.6862395136830453, 2.593242895371942e-79], "nsamples": 561}, "all": {"pearson": {"mean": 0.6550172104721191, "wmean": 0.6971440504778802}, "spearman": {"mean": 0.6604565583820708, "wmean": 0.6969966753829778}}}, "STS14": {"deft-forum": {"pearson": [0.5762937015729506, 3.52173426076294e-41], "spearman": [0.563080338166224, 5.311300320558123e-39], "nsamples": 450}, "deft-news": {"pearson": [0.7723166267260706, 1.123880055464003e-60], "spearman": [0.7406565805560932, 2.1248507647302285e-53], "nsamples": 300}, "headlines": {"pearson": [0.7348931193497106, 2.789851292255257e-128], "spearman": [0.7155630428787062, 1.1708954415624887e-118], "nsamples": 750}, "images": {"pearson": [0.8283533128865906, 2.044086526308459e-190], "spearman": [0.7974435684680491, 2.832044750491872e-166], "nsamples": 750}, "OnWN": {"pearson": [0.7732606648905921, 3.8381656107422106e-150], "spearman": [0.7969524634808701, 6.328675305726399e-166], "nsamples": 750}, "tweet-news": {"pearson": [0.7494974845092737, 3.934848861358563e-136], "spearman": [0.6917870235009125, 7.17422244540681e-108], "nsamples": 750}, "all": {"pearson": {"mean": 0.7391024849891981, "wmean": 0.7481414906540732}, "spearman": {"mean": 0.7175805028418093, "wmean": 0.7271713866901419}}}, "STS15": {"answers-forums": {"pearson": [0.7167575181268696, 2.2913611503451773e-60], "spearman": [0.7214401041458307, 1.6892480854462953e-61], "nsamples": 375}, "answers-students": {"pearson": [0.7348970383776332, 2.7767995279257866e-128], "spearman": [0.7383974966761451, 4.072865305040903e-130], "nsamples": 750}, "belief": {"pearson": [0.7820645196587998, 1.3097818764505717e-78], "spearman": [0.800308750271759, 7.09681428940925e-85], "nsamples": 375}, "headlines": {"pearson": [0.7839906279209119, 4.827717974449651e-157], "spearman": [0.7871677520898789, 3.6664950335976175e-159], "nsamples": 750}, "images": {"pearson": [0.8868105764688691, 5.789329529010121e-253], "spearman": [0.8935843721655614, 2.079934159034789e-262], "nsamples": 750}, "all": {"pearson": {"mean": 0.7809040561106168, "wmean": 0.7887773154150622}, "spearman": {"mean": 0.788179695069835, "wmean": 0.7950060120350949}}}, "STS16": {"answer-answer": {"pearson": [0.6976126239896875, 2.3232346844188285e-38], "spearman": [0.6882396403299934, 5.486784859413296e-37], "nsamples": 254}, "headlines": {"pearson": [0.7769954277554709, 1.4675932050899885e-51], "spearman": [0.7822864543113831, 1.0845820339030941e-52], "nsamples": 249}, "plagiarism": {"pearson": [0.822152080025588, 1.0443654930486876e-57], "spearman": [0.8293474092321044, 1.4640020533013285e-59], "nsamples": 230}, "postediting": {"pearson": [0.8589225899908715, 2.7540512167164035e-72], "spearman": [0.8592238934720222, 2.167635523980224e-72], "nsamples": 244}, "question-question": {"pearson": [0.7127865382984329, 1.0022193557911991e-33], "spearman": [0.7094976211372572, 2.6812412291497505e-33], "nsamples": 209}, "all": {"pearson": {"mean": 0.7736938520120101, "wmean": 0.7742916904490078}, "spearman": {"mean": 0.773719003696552, "wmean": 0.7742729618175354}}}}