{"MR": {"devacc": 67.74, "acc": 66.38, "ndev": 10662, "ntest": 10662}, "CR": {"devacc": 76.55, "acc": 75.6, "ndev": 3775, "ntest": 3775}, "SUBJ": {"devacc": 88.52, "acc": 88.28, "ndev": 10000, "ntest": 10000}, "MPQA": {"devacc": 84.55, "acc": 84.53, "ndev": 10606, "ntest": 10606}, "SST5": {"devacc": 35.88, "acc": 35.57, "ndev": 1101, "ntest": 2210}, "TREC": {"devacc": 76.03, "acc": 82.2, "ndev": 5452, "ntest": 500}, "MRPC": {"devacc": 71.39, "acc": 73.04, "f1": 81.11, "ndev": 4076, "ntest": 1725}, "STS12": {"MSRpar": {"pearson": [0.5790065384189774, 2.374599413283215e-68], "spearman": [0.5585307542278622, 9.657171089297253e-63], "nsamples": 750}, "MSRvid": {"pearson": [0.8867939000038396, 6.097189216753218e-253], "spearman": [0.8859373197518824, 8.633201290670848e-252], "nsamples": 750}, "SMTeuroparl": {"pearson": [0.5466424151835584, 4.019635473834715e-37], "spearman": [0.5922595103464967, 8.518651936566272e-45], "nsamples": 459}, "surprise.OnWN": {"pearson": [0.6934217838597011, 1.4054983644781254e-108], "spearman": [0.6877608416786027, 3.795931748619791e-106], "nsamples": 750}, "surprise.SMTnews": {"pearson": [0.5525304001990192, 2.854280531107205e-33], "spearman": [0.5379252907776684, 2.6359208308865306e-31], "nsamples": 399}, "all": {"pearson": {"mean": 0.6516790075330191, "wmean": 0.6727107995368566}, "spearman": {"mean": 0.6524827433565026, "wmean": 0.6710588780608405}}}, "STS13": {"FNWN": {"pearson": [0.4806323533685593, 2.570411392469087e-12], "spearman": [0.5084191774630757, 8.105746264093595e-14], "nsamples": 189}, "headlines": {"pearson": [0.7326546848046848, 4.007607356122152e-127], "spearman": [0.723550676117692, 1.5547340165714165e-122], "nsamples": 750}, "OnWN": {"pearson": [0.7193201122538088, 1.689138276864185e-90], "spearman": [0.7216518766777851, 2.3886608556248812e-91], "nsamples": 561}, "all": {"pearson": {"mean": 0.6442023834756844, "wmean": 0.6959127409097053}, "spearman": {"mean": 0.6512072434195176, "wmean": 0.6957339562966851}}}, "STS14": {"deft-forum": {"pearson": [0.5701891924730825, 3.676422915796017e-40], "spearman": [0.5679522995390073, 8.578294902188438e-40], "nsamples": 450}, "deft-news": {"pearson": [0.7176799102027098, 9.421134830075343e-49], "spearman": [0.6917712143852598, 4.874732111924462e-44], "nsamples": 300}, "headlines": {"pearson": [0.7202653647852564, 6.347564099365513e-121], "spearman": [0.6971898374363231, 3.146356652230055e-110], "nsamples": 750}, "images": {"pearson": [0.8105507926409778, 5.744776234108191e-176], "spearman": [0.7812311658642478, 3.130700326151297e-155], "nsamples": 750}, "OnWN": {"pearson": [0.7762896172685727, 4.733786857962463e-152], "spearman": [0.7980490193636532, 1.0477260205827208e-166], "nsamples": 750}, "tweet-news": {"pearson": [0.7476159141277499, 4.331975616643419e-135], "spearman": [0.6941901881046785, 6.507638120457672e-109], "nsamples": 750}, "all": {"pearson": {"mean": 0.7237651319163915, "wmean": 0.7367814336774982}, "spearman": {"mean": 0.7050639541155282, "wmean": 0.7176280152492822}}}, "STS15": {"answers-forums": {"pearson": [0.720258118410282, 3.278839965169873e-61], "spearman": [0.724507743031919, 2.9727769326381558e-62], "nsamples": 375}, "answers-students": {"pearson": [0.7334994525604237, 1.4706423502719582e-127], "spearman": [0.7383954063334577, 4.083229842884426e-130], "nsamples": 750}, "belief": {"pearson": [0.7649558690769702, 2.927988300135751e-73], "spearman": [0.7904838880448919, 2.0102118129037863e-81], "nsamples": 375}, "headlines": {"pearson": [0.7690886116114836, 1.4634437472145974e-147], "spearman": [0.7701788047931623, 3.134403044708243e-148], "nsamples": 750}, "images": {"pearson": [0.8871830311099297, 1.816162460604482e-253], "spearman": [0.8943243363958603, 1.769175144864251e-263], "nsamples": 750}, "all": {"pearson": {"mean": 0.7749970165538178, "wmean": 0.7830945222563658}, "spearman": {"mean": 0.7835780357198583, "wmean": 0.7900985907652215}}}, "STS16": {"answer-answer": {"pearson": [0.7135560042073581, 8.015657216118817e-41], "spearman": [0.705076841812372, 1.7136277958377222e-39], "nsamples": 254}, "headlines": {"pearson": [0.7756617813370824, 2.7981845360246394e-51], "spearman": [0.7820787710452715, 1.203000682293237e-52], "nsamples": 249}, "plagiarism": {"pearson": [0.8373930687484028, 9.719742258666759e-62], "spearman": [0.8468142255694774, 1.9103560620756724e-64], "nsamples": 230}, "postediting": {"pearson": [0.8512923915653038, 9.899751060261993e-70], "spearman": [0.8531521164550507, 2.4329010891828645e-70], "nsamples": 244}, "question-question": {"pearson": [0.6761076736027399, 2.8359384376438595e-29], "spearman": [0.675918359741822, 2.978542543867118e-29], "nsamples": 209}, "all": {"pearson": {"mean": 0.7708021838921774, "wmean": 0.7723484500494451}, "spearman": {"mean": 0.7726080629247987, "wmean": 0.7740560348167521}}}}