{"MR": {"devacc": 67.47, "acc": 66.0, "ndev": 10662, "ntest": 10662}, "CR": {"devacc": 77.2, "acc": 76.32, "ndev": 3775, "ntest": 3775}, "SUBJ": {"devacc": 87.58, "acc": 86.99, "ndev": 10000, "ntest": 10000}, "MPQA": {"devacc": 83.91, "acc": 84.79, "ndev": 10606, "ntest": 10606}, "SST5": {"devacc": 35.6, "acc": 35.07, "ndev": 1101, "ntest": 2210}, "TREC": {"devacc": 73.83, "acc": 82.0, "ndev": 5452, "ntest": 500}, "MRPC": {"devacc": 71.81, "acc": 70.9, "f1": 77.98, "ndev": 4076, "ntest": 1725}, "STS12": {"MSRpar": {"pearson": [0.5966254707712626, 1.6634552894051344e-73], "spearman": [0.5751542153999865, 2.8922727095586086e-67], "nsamples": 750}, "MSRvid": {"pearson": [0.8806559128874639, 6.8407568371250895e-245], "spearman": [0.8831514808934933, 4.138214758775699e-248], "nsamples": 750}, "SMTeuroparl": {"pearson": [0.4678636455053655, 2.4112207938377112e-26], "spearman": [0.4842643371387227, 2.3096935551323415e-28], "nsamples": 459}, "surprise.OnWN": {"pearson": [0.6688850882982638, 1.987537363216223e-98], "spearman": [0.6651016128510986, 5.991691429680016e-97], "nsamples": 750}, "surprise.SMTnews": {"pearson": [0.5659571865124197, 3.641077714992067e-35], "spearman": [0.5440551235958236, 4.052679785742774e-32], "nsamples": 399}, "all": {"pearson": {"mean": 0.6359974607949551, "wmean": 0.6596496733182629}, "spearman": {"mean": 0.6303453539758249, "wmean": 0.6537679558944147}}}, "STS13": {"FNWN": {"pearson": [0.3901768348991999, 2.856386731126243e-08], "spearman": [0.3884662933896216, 3.32165196656303e-08], "nsamples": 189}, "headlines": {"pearson": [0.721798053137956, 1.132261475645115e-121], "spearman": [0.7121283266623475, 4.951154210832996e-117], "nsamples": 750}, "OnWN": {"pearson": [0.695714862421627, 2.3220374351922473e-82], "spearman": [0.6970718317177694, 8.30987892377563e-83], "nsamples": 561}, "all": {"pearson": {"mean": 0.6025632501529276, "wmean": 0.6702586663119656}, "spearman": {"mean": 0.5992221505899128, "wmean": 0.6657157813607117}}}, "STS14": {"deft-forum": {"pearson": [0.5543086263102597, 1.3127149746192416e-37], "spearman": [0.5463343984368962, 2.234377826509316e-36], "nsamples": 450}, "deft-news": {"pearson": [0.7201952830950298, 3.077293434877138e-49], "spearman": [0.6874245065512112, 2.6937281382994834e-43], "nsamples": 300}, "headlines": {"pearson": [0.703783333982707, 3.529709637105195e-113], "spearman": [0.6894623396331826, 7.151233382563322e-107], "nsamples": 750}, "images": {"pearson": [0.8020079363704046, 1.4441787538371872e-169], "spearman": [0.7726788923721174, 8.85878442134073e-150], "nsamples": 750}, "OnWN": {"pearson": [0.7703856131415272, 2.3376858013590317e-148], "spearman": [0.7938141150936926, 1.0242069647679211e-163], "nsamples": 750}, "tweet-news": {"pearson": [0.7263087196525172, 6.623855723377712e-124], "spearman": [0.6809653839568673, 2.6630052875040203e-103], "nsamples": 750}, "all": {"pearson": {"mean": 0.7128315854254076, "wmean": 0.7246297784342647}, "spearman": {"mean": 0.6951132726739946, "wmean": 0.7079382345476963}}}, "STS15": {"answers-forums": {"pearson": [0.6528524190744792, 6.397014538090358e-47], "spearman": [0.652878865766076, 6.325359335739213e-47], "nsamples": 375}, "answers-students": {"pearson": [0.7070539441787788, 1.1320536742729856e-114], "spearman": [0.7049266811171364, 1.0662241878848692e-113], "nsamples": 750}, "belief": {"pearson": [0.7573592056958464, 4.98745513909583e-71], "spearman": [0.7720815799839, 1.974354901777175e-75], "nsamples": 375}, "headlines": {"pearson": [0.767764981506406, 9.396126353648232e-147], "spearman": [0.7711047409876437, 8.410986369773464e-149], "nsamples": 750}, "images": {"pearson": [0.8723289086563334, 1.1844726236495442e-234], "spearman": [0.8796551777938194, 1.2748382001377624e-243], "nsamples": 750}, "all": {"pearson": {"mean": 0.7514718918223687, "wmean": 0.7630634116816704}, "spearman": {"mean": 0.7561294091297152, "wmean": 0.7670417056933969}}}, "STS16": {"answer-answer": {"pearson": [0.6893631429650794, 3.7797969113727945e-37], "spearman": [0.682876648603604, 3.175960596298441e-36], "nsamples": 254}, "headlines": {"pearson": [0.7574790367164964, 1.2160902067643565e-47], "spearman": [0.7616697347083947, 1.8855483539334385e-48], "nsamples": 249}, "plagiarism": {"pearson": [0.8142206066869039, 9.272355090790202e-56], "spearman": [0.8301050545025073, 9.233238738926511e-60], "nsamples": 230}, "postediting": {"pearson": [0.8511322810415066, 1.1161145224485548e-69], "spearman": [0.8539690477702716, 1.3053237922505703e-70], "nsamples": 244}, "question-question": {"pearson": [0.7253551374992613, 2.0455059910858393e-35], "spearman": [0.7318322676993866, 2.527335758410769e-36], "nsamples": 209}, "all": {"pearson": {"mean": 0.7675100409818495, "wmean": 0.7675014825505894}, "spearman": {"mean": 0.7720905506568327, "wmean": 0.771797628017201}}}}