{"MR": {"devacc": 69.28, "acc": 69.5, "ndev": 10662, "ntest": 10662}, "CR": {"devacc": 78.85, "acc": 77.93, "ndev": 3775, "ntest": 3775}, "SUBJ": {"devacc": 90.39, "acc": 89.78, "ndev": 10000, "ntest": 10000}, "MPQA": {"devacc": 86.74, "acc": 86.04, "ndev": 10606, "ntest": 10606}, "SST5": {"devacc": 37.33, "acc": 40.0, "ndev": 1101, "ntest": 2210}, "TREC": {"devacc": 82.37, "acc": 87.4, "ndev": 5452, "ntest": 500}, "MRPC": {"devacc": 73.11, "acc": 69.04, "f1": 75.46, "ndev": 4076, "ntest": 1725}, "STS12": {"MSRpar": {"pearson": [0.6260315119339775, 7.41101106423007e-83], "spearman": [0.6036781341235032, 1.1663661748383106e-75], "nsamples": 750}, "MSRvid": {"pearson": [0.8981979705908718, 3.250597321882703e-269], "spearman": [0.8969167947025461, 2.7182447086252888e-267], "nsamples": 750}, "SMTeuroparl": {"pearson": [0.5305806085713453, 1.086296587314865e-34], "spearman": [0.5681782246362252, 1.3497006466264795e-40], "nsamples": 459}, "surprise.OnWN": {"pearson": [0.7053320641082758, 6.964905805845126e-114], "spearman": [0.7017261664565393, 2.998396397179132e-112], "nsamples": 750}, "surprise.SMTnews": {"pearson": [0.6040302089403473, 4.897174500286493e-41], "spearman": [0.5990314011392313, 3.2056649014856463e-40], "nsamples": 399}, "all": {"pearson": {"mean": 0.6728344728289637, "wmean": 0.6939239744775708}, "spearman": {"mean": 0.6739061442116091, "wmean": 0.6922613113335013}}}, "STS13": {"FNWN": {"pearson": [0.5567195770728904, 8.931877919124641e-17], "spearman": [0.6173438193412343, 3.0682634138650216e-21], "nsamples": 189}, "headlines": {"pearson": [0.7597385487173888, 5.717629546081787e-142], "spearman": [0.7528070977237015, 5.492165155686656e-138], "nsamples": 750}, "OnWN": {"pearson": [0.7141536942126916, 1.2008049623769724e-88], "spearman": [0.7163123412311502, 2.045421155264994e-89], "nsamples": 561}, "all": {"pearson": {"mean": 0.676870606667657, "wmean": 0.7171094227054251}, "spearman": {"mean": 0.695487752765362, "wmean": 0.7220896857192964}}}, "STS14": {"deft-forum": {"pearson": [0.5798073807014292, 8.926118635232792e-42], "spearman": [0.569993377206448, 3.960501018313128e-40], "nsamples": 450}, "deft-news": {"pearson": [0.7628345576660234, 2.234522825258457e-58], "spearman": [0.7334639405532509, 6.820263163289003e-52], "nsamples": 300}, "headlines": {"pearson": [0.7378490093653038, 7.927911496066136e-130], "spearman": [0.7155617167994897, 1.172601954293342e-118], "nsamples": 750}, "images": {"pearson": [0.8517561485371039, 3.596925192920095e-212], "spearman": [0.8188626791050875, 1.6273672837460243e-182], "nsamples": 750}, "OnWN": {"pearson": [0.7834098147465021, 1.1676788643923696e-156], "spearman": [0.8095586484957824, 3.305044013531598e-175], "nsamples": 750}, "tweet-news": {"pearson": [0.7774902701011941, 8.132130765363239e-153], "spearman": [0.7107943818230471, 2.0884935627269774e-116], "nsamples": 750}, "all": {"pearson": {"mean": 0.7488578635195928, "wmean": 0.7607046988474743}, "spearman": {"mean": 0.7263724573305176, "wmean": 0.7380318057537151}}}, "STS15": {"answers-forums": {"pearson": [0.7406713137559181, 2.0990784601695393e-66], "spearman": [0.7460301487902361, 7.52736849053372e-68], "nsamples": 375}, "answers-students": {"pearson": [0.7530281814061617, 4.118766276379615e-138], "spearman": [0.7561067639052202, 7.254032616616099e-140], "nsamples": 750}, "belief": {"pearson": [0.8080741070818973, 9.615395095268918e-88], "spearman": [0.8245382006911962, 2.7804700044562546e-94], "nsamples": 375}, "headlines": {"pearson": [0.7893421326248222, 1.237684351842748e-160], "spearman": [0.7921047472291203, 1.5757828894404838e-162], "nsamples": 750}, "images": {"pearson": [0.9012039213090478, 7.929980006678398e-274], "spearman": [0.9076190074573421, 3.4561444057550703e-284], "nsamples": 750}, "all": {"pearson": {"mean": 0.7984639312355695, "wmean": 0.8044867364397348}, "spearman": {"mean": 0.8052797736146229, "wmean": 0.8102786733330997}}}, "STS16": {"answer-answer": {"pearson": [0.7400899252378675, 2.5696234014550542e-45], "spearman": [0.7304449973429495, 1.274071672715103e-43], "nsamples": 254}, "headlines": {"pearson": [0.7904191864897269, 1.710308401657406e-54], "spearman": [0.7948124953745437, 1.6821730634993873e-55], "nsamples": 249}, "plagiarism": {"pearson": [0.837769998381258, 7.6334132824211065e-62], "spearman": [0.8541822215990991, 1.0814798147731635e-66], "nsamples": 230}, "postediting": {"pearson": [0.8674256297787505, 2.5634048404846374e-75], "spearman": [0.8660445144928517, 8.226878848544073e-75], "nsamples": 244}, "question-question": {"pearson": [0.7237780180038423, 3.372890263013912e-35], "spearman": [0.7218302779828396, 6.225523280623847e-35], "nsamples": 209}, "all": {"pearson": {"mean": 0.791896551578289, "wmean": 0.7929222407275446}, "spearman": {"mean": 0.7934629013584567, "wmean": 0.7943344361516295}}}}