{"MR": {"devacc": 67.08, "acc": 64.59, "ndev": 10662, "ntest": 10662}, "CR": {"devacc": 75.79, "acc": 73.35, "ndev": 3775, "ntest": 3775}, "SUBJ": {"devacc": 87.32, "acc": 87.07, "ndev": 10000, "ntest": 10000}, "MPQA": {"devacc": 84.02, "acc": 84.35, "ndev": 10606, "ntest": 10606}, "SST5": {"devacc": 34.97, "acc": 35.38, "ndev": 1101, "ntest": 2210}, "TREC": {"devacc": 74.76, "acc": 83.4, "ndev": 5452, "ntest": 500}, "MRPC": {"devacc": 72.03, "acc": 70.38, "f1": 79.5, "ndev": 4076, "ntest": 1725}, "STS12": {"MSRpar": {"pearson": [0.5278179338041012, 5.018818909407001e-55], "spearman": [0.5123153853892782, 2.0134808201219308e-51], "nsamples": 750}, "MSRvid": {"pearson": [0.8737610943780798, 2.3155495437387715e-236], "spearman": [0.8746715082500575, 1.8512648108982206e-237], "nsamples": 750}, "SMTeuroparl": {"pearson": [0.5144223156021667, 2.261470025163517e-32], "spearman": [0.5500700418650402, 1.1696651679414439e-37], "nsamples": 459}, "surprise.OnWN": {"pearson": [0.6859600567033853, 2.193452715558403e-105], "spearman": [0.6719964875870601, 1.1624077667865232e-99], "nsamples": 750}, "surprise.SMTnews": {"pearson": [0.5521251849132425, 3.2459246624811834e-33], "spearman": [0.5612282663727759, 1.7308034523958437e-34], "nsamples": 399}, "all": {"pearson": {"mean": 0.6308173170801951, "wmean": 0.6506023504845408}, "spearman": {"mean": 0.6340563378928424, "wmean": 0.6501447115246421}}}, "STS13": {"FNWN": {"pearson": [0.44814874381058106, 1.0039169306244141e-10], "spearman": [0.4598185041334035, 2.812357541742246e-11], "nsamples": 189}, "headlines": {"pearson": [0.7090942661410007, 1.2924480760119179e-115], "spearman": [0.6955784604787008, 1.6090330150093275e-109], "nsamples": 750}, "OnWN": {"pearson": [0.6853799608011908, 4.8369852829472385e-79], "spearman": [0.6857677851652348, 3.6520678236475943e-79], "nsamples": 561}, "all": {"pearson": {"mean": 0.6142076569175908, "wmean": 0.6673459801302789}, "spearman": {"mean": 0.6137215832591131, "wmean": 0.662203513411957}}}, "STS14": {"deft-forum": {"pearson": [0.5323431154298178, 2.6973109379844267e-34], "spearman": [0.5172918459705681, 3.669123896711846e-32], "nsamples": 450}, "deft-news": {"pearson": [0.7252807166702949, 3.0849968473282e-50], "spearman": [0.6954209167499802, 1.133317698483866e-44], "nsamples": 300}, "headlines": {"pearson": [0.6912832140572912, 1.1830404983550829e-107], "spearman": [0.6632533650759163, 3.1066837660238116e-96], "nsamples": 750}, "images": {"pearson": [0.8147550015257097, 3.080666815933478e-179], "spearman": [0.7836208842832286, 8.473560858676833e-157], "nsamples": 750}, "OnWN": {"pearson": [0.7599905051993538, 4.072912745470811e-142], "spearman": [0.7851316859393412, 8.446708489749777e-158], "nsamples": 750}, "tweet-news": {"pearson": [0.7253609170653931, 1.9678358133530627e-123], "spearman": [0.651226096465135, 1.0505727621227621e-91], "nsamples": 750}, "all": {"pearson": {"mean": 0.7081689116579767, "wmean": 0.7201815587547513}, "spearman": {"mean": 0.6826574657473615, "wmean": 0.6943551012091908}}}, "STS15": {"answers-forums": {"pearson": [0.6387355633307998, 2.2341718032875485e-44], "spearman": [0.6326394742851695, 2.5509871551480717e-43], "nsamples": 375}, "answers-students": {"pearson": [0.733343588832647, 1.7699531202140254e-127], "spearman": [0.7341299106156026, 6.94212796465865e-128], "nsamples": 750}, "belief": {"pearson": [0.7595291647053758, 1.17215816948198e-71], "spearman": [0.7765402990697323, 7.875425576121969e-77], "nsamples": 375}, "headlines": {"pearson": [0.7633387793686202, 4.3134248326460415e-144], "spearman": [0.7616970951073249, 4.0485426205489335e-143], "nsamples": 750}, "images": {"pearson": [0.8695868442145017, 1.9427658311425082e-231], "spearman": [0.8760575564362749, 3.8062702051410373e-239], "nsamples": 750}, "all": {"pearson": {"mean": 0.752906788090389, "wmean": 0.7663503941084643}, "spearman": {"mean": 0.7562128671028209, "wmean": 0.7691186122091633}}}, "STS16": {"answer-answer": {"pearson": [0.7061540894696405, 1.1683760754605638e-39], "spearman": [0.7016980849593195, 5.6334026038957356e-39], "nsamples": 254}, "headlines": {"pearson": [0.7433816292298103, 4.915244632334536e-45], "spearman": [0.7508985780833888, 2.105841073058653e-46], "nsamples": 249}, "plagiarism": {"pearson": [0.7961785438888273, 1.1768855012894626e-51], "spearman": [0.8059057118066019, 8.16377931268996e-54], "nsamples": 230}, "postediting": {"pearson": [0.8399031561359291, 3.5902139377552723e-66], "spearman": [0.8406055646640825, 2.206763493188018e-66], "nsamples": 244}, "question-question": {"pearson": [0.6977223157689847, 8.143533583478796e-32], "spearman": [0.7040148947731822, 1.341789959815392e-32], "nsamples": 209}, "all": {"pearson": {"mean": 0.7566679468986385, "wmean": 0.7574591598573577}, "spearman": {"mean": 0.760624566857315, "wmean": 0.7612228027180273}}}}