{"MR": {"devacc": 68.45, "acc": 70.58, "ndev": 10662, "ntest": 10662}, "CR": {"devacc": 79.05, "acc": 78.76, "ndev": 3775, "ntest": 3775}, "SUBJ": {"devacc": 89.99, "acc": 89.82, "ndev": 10000, "ntest": 10000}, "MPQA": {"devacc": 86.49, "acc": 86.74, "ndev": 10606, "ntest": 10606}, "SST5": {"devacc": 37.24, "acc": 36.02, "ndev": 1101, "ntest": 2210}, "TREC": {"devacc": 82.06, "acc": 88.4, "ndev": 5452, "ntest": 500}, "MRPC": {"devacc": 72.57, "acc": 69.04, "f1": 74.93, "ndev": 4076, "ntest": 1725}, "STS12": {"MSRpar": {"pearson": [0.6277799096406459, 1.9145460503655637e-83], "spearman": [0.6014906689868015, 5.504615874311525e-75], "nsamples": 750}, "MSRvid": {"pearson": [0.8985931609323992, 8.200267929994183e-270], "spearman": [0.8993823572405613, 5.15143646632826e-271], "nsamples": 750}, "SMTeuroparl": {"pearson": [0.5488048105934111, 1.8479097423148941e-37], "spearman": [0.5915981948735912, 1.1231735968904428e-44], "nsamples": 459}, "surprise.OnWN": {"pearson": [0.6952214341868138, 2.306557490846412e-109], "spearman": [0.6934243719913267, 1.401863631729778e-108], "nsamples": 750}, "surprise.SMTnews": {"pearson": [0.5944809674070043, 1.723195772922629e-39], "spearman": [0.5718425834131825, 5.0497311601321136e-36], "nsamples": 399}, "all": {"pearson": {"mean": 0.6729760565520548, "wmean": 0.6934669216948727}, "spearman": {"mean": 0.6715476353010927, "wmean": 0.6902933754481517}}}, "STS13": {"FNWN": {"pearson": [0.5338439913767471, 2.5742666282317806e-15], "spearman": [0.5709043827742727, 9.728663890064033e-18], "nsamples": 189}, "headlines": {"pearson": [0.7499024508068504, 2.341503546372447e-136], "spearman": [0.7409923472266963, 1.7040938744415843e-131], "nsamples": 750}, "OnWN": {"pearson": [0.7154130164245206, 4.28451173066251e-89], "spearman": [0.7104504751458642, 2.4080976248444824e-87], "nsamples": 561}, "all": {"pearson": {"mean": 0.6663864862027061, "wmean": 0.709780036459666}, "spearman": {"mean": 0.6741157350489444, "wmean": 0.7081386035474597}}}, "STS14": {"deft-forum": {"pearson": [0.5693489128756744, 5.058059059767805e-40], "spearman": [0.5593671679955317, 2.0889171605804905e-38], "nsamples": 450}, "deft-news": {"pearson": [0.7637908782263328, 1.3252112689655912e-58], "spearman": [0.7397189095072273, 3.3615881757876225e-53], "nsamples": 300}, "headlines": {"pearson": [0.7352983666284783, 1.7171227563005063e-128], "spearman": [0.7180962093229687, 7.138700337613923e-120], "nsamples": 750}, "images": {"pearson": [0.8463663870046606, 7.687781335166257e-207], "spearman": [0.8105299938250147, 5.960043302578278e-176], "nsamples": 750}, "OnWN": {"pearson": [0.78122711516334, 3.1497914812687145e-155], "spearman": [0.8068505977246716, 3.722031881271295e-173], "nsamples": 750}, "tweet-news": {"pearson": [0.7752523987053356, 2.149078487628438e-151], "spearman": [0.7187977746607377, 3.2717477499775044e-120], "nsamples": 750}, "all": {"pearson": {"mean": 0.7452140097673036, "wmean": 0.7570539933035504}, "spearman": {"mean": 0.7255601088393586, "wmean": 0.7371564880267205}}}, "STS15": {"answers-forums": {"pearson": [0.7485251212110193, 1.5532207920933777e-68], "spearman": [0.752232917649765, 1.437368042892682e-69], "nsamples": 375}, "answers-students": {"pearson": [0.7542639927831707, 8.198310554477053e-139], "spearman": [0.7591596856373951, 1.2444295917623418e-141], "nsamples": 750}, "belief": {"pearson": [0.8012388700454227, 3.267797840891894e-85], "spearman": [0.8236526466883384, 6.501554700256104e-94], "nsamples": 375}, "headlines": {"pearson": [0.7783331147348175, 2.3459250319726587e-153], "spearman": [0.7813171171623235, 2.7517176555766232e-155], "nsamples": 750}, "images": {"pearson": [0.8984264700543962, 1.4669704679516389e-269], "spearman": [0.9040767995611368, 2.2384480518975535e-278], "nsamples": 750}, "all": {"pearson": {"mean": 0.7961575137657654, "wmean": 0.8014763933001514}, "spearman": {"mean": 0.8040878333397918, "wmean": 0.8081240961324767}}}, "STS16": {"answer-answer": {"pearson": [0.7299899964563633, 1.5253169444633223e-43], "spearman": [0.7208595439735326, 5.23583526812319e-42], "nsamples": 254}, "headlines": {"pearson": [0.7829875119001393, 7.638043399444643e-53], "spearman": [0.790084819341475, 2.0358252154133678e-54], "nsamples": 249}, "plagiarism": {"pearson": [0.8376449120992394, 8.271269613083083e-62], "spearman": [0.8546075560136388, 7.953083916150528e-67], "nsamples": 230}, "postediting": {"pearson": [0.8686843403180745, 8.755747330997528e-76], "spearman": [0.8689886596606882, 6.741812152924911e-76], "nsamples": 244}, "question-question": {"pearson": [0.7207992020807985, 8.593383242728901e-35], "spearman": [0.7253366806619452, 2.05755466619418e-35], "nsamples": 209}, "all": {"pearson": {"mean": 0.788021192570923, "wmean": 0.7889086775871611}, "spearman": {"mean": 0.791975451930256, "wmean": 0.7925950938313625}}}}