{"MR": {"devacc": 69.47, "acc": 67.18, "ndev": 10662, "ntest": 10662}, "CR": {"devacc": 78.65, "acc": 75.47, "ndev": 3775, "ntest": 3775}, "SUBJ": {"devacc": 90.35, "acc": 90.18, "ndev": 10000, "ntest": 10000}, "MPQA": {"devacc": 86.95, "acc": 86.52, "ndev": 10606, "ntest": 10606}, "SST5": {"devacc": 37.6, "acc": 37.65, "ndev": 1101, "ntest": 2210}, "TREC": {"devacc": 83.4, "acc": 91.2, "ndev": 5452, "ntest": 500}, "MRPC": {"devacc": 74.44, "acc": 69.97, "f1": 76.0, "ndev": 4076, "ntest": 1725}, "STS12": {"MSRpar": {"pearson": [0.6341921191011817, 1.2410067890949117e-85], "spearman": [0.6167252000615201, 8.641619412691722e-80], "nsamples": 750}, "MSRvid": {"pearson": [0.8997600544908333, 1.3588822427021565e-271], "spearman": [0.8978511681143303, 1.0835242120621253e-268], "nsamples": 750}, "SMTeuroparl": {"pearson": [0.5519400252433422, 5.928591733059063e-38], "spearman": [0.593506144511507, 5.0496586856955784e-45], "nsamples": 459}, "surprise.OnWN": {"pearson": [0.6975480207877535, 2.1858476667230942e-110], "spearman": [0.6963156946859343, 7.636271147756085e-110], "nsamples": 750}, "surprise.SMTnews": {"pearson": [0.6201399969729257, 9.109925476063525e-44], "spearman": [0.6117998442284173, 2.4698679360613137e-42], "nsamples": 399}, "all": {"pearson": {"mean": 0.6807160433192073, "wmean": 0.6996143745700507}, "spearman": {"mean": 0.6832396103203419, "wmean": 0.6997093002973805}}}, "STS13": {"FNWN": {"pearson": [0.5226511243818512, 1.2178872137632109e-14], "spearman": [0.5614178193101959, 4.336106935476717e-17], "nsamples": 189}, "headlines": {"pearson": [0.7595003186546767, 7.876516810449016e-142], "spearman": [0.7506369164854121, 9.110227294716514e-137], "nsamples": 750}, "OnWN": {"pearson": [0.7219770654127237, 1.8154757988452708e-91], "spearman": [0.7226374028331506, 1.0386953189993305e-91], "nsamples": 561}, "all": {"pearson": {"mean": 0.6680428361497506, "wmean": 0.7156236234638103}, "spearman": {"mean": 0.6782307128762528, "wmean": 0.716323492135389}}}, "STS14": {"deft-forum": {"pearson": [0.566265107920518, 1.6184363115014257e-39], "spearman": [0.5559044962870696, 7.375857861166059e-38], "nsamples": 450}, "deft-news": {"pearson": [0.7789504453907777, 2.3735328114948123e-62], "spearman": [0.7486073621698269, 4.006535634006852e-55], "nsamples": 300}, "headlines": {"pearson": [0.7393125806531097, 1.3356138816972567e-130], "spearman": [0.7182382202843605, 6.0969798912967765e-120], "nsamples": 750}, "images": {"pearson": [0.8402805035097795, 4.599082659992355e-201], "spearman": [0.8059970429816972, 1.6243989356821828e-172], "nsamples": 750}, "OnWN": {"pearson": [0.7851201036452652, 8.597956340483704e-158], "spearman": [0.8092831921534354, 5.362442889814049e-175], "nsamples": 750}, "tweet-news": {"pearson": [0.7854929475430058, 4.85329059373965e-158], "spearman": [0.7235461091717142, 1.562829863405443e-122], "nsamples": 750}, "all": {"pearson": {"mean": 0.7492369481104094, "wmean": 0.7603090756519564}, "spearman": {"mean": 0.7269294038413506, "wmean": 0.7380100414462761}}}, "STS15": {"answers-forums": {"pearson": [0.7408115390686658, 1.9260322967694654e-66], "spearman": [0.7478567647587666, 2.3748311810237272e-68], "nsamples": 375}, "answers-students": {"pearson": [0.7510209081028096, 5.55418499472212e-137], "spearman": [0.7549460808857472, 3.3496793390758627e-139], "nsamples": 750}, "belief": {"pearson": [0.803587242931071, 4.5274682877614404e-86], "spearman": [0.8224564802477765, 2.0325482158347575e-93], "nsamples": 375}, "headlines": {"pearson": [0.7909906616942721, 9.229908410455014e-162], "spearman": [0.7944302788942754, 3.799405182083992e-164], "nsamples": 750}, "images": {"pearson": [0.8961159246811254, 4.198780576326714e-266], "spearman": [0.9000051739776646, 5.706217826380395e-272], "nsamples": 750}, "all": {"pearson": {"mean": 0.7965052552955888, "wmean": 0.8025817213695191}, "spearman": {"mean": 0.803938955752846, "wmean": 0.8086345390652397}}}, "STS16": {"answer-answer": {"pearson": [0.7438784277483084, 5.2868320376283604e-46], "spearman": [0.7363025679168933, 1.2146891518059058e-44], "nsamples": 254}, "headlines": {"pearson": [0.7856393099594667, 2.0035768979126072e-53], "spearman": [0.7882365548625493, 5.302981491178448e-54], "nsamples": 249}, "plagiarism": {"pearson": [0.8412321359435435, 8.055916123551988e-63], "spearman": [0.8561555929287481, 2.5768996985824428e-67], "nsamples": 230}, "postediting": {"pearson": [0.8654671446394222, 1.3343522174278315e-74], "spearman": [0.8647190626842239, 2.4886394751123994e-74], "nsamples": 244}, "question-question": {"pearson": [0.7394740058652388, 1.9799030903140137e-37], "spearman": [0.7375669168107154, 3.769438925724937e-37], "nsamples": 209}, "all": {"pearson": {"mean": 0.7951382048311959, "wmean": 0.7957645452047609}, "spearman": {"mean": 0.796596139040626, "wmean": 0.7970914651717268}}}}