{"MR": {"devacc": 67.79, "acc": 67.95, "ndev": 10662, "ntest": 10662}, "CR": {"devacc": 77.64, "acc": 76.85, "ndev": 3775, "ntest": 3775}, "SUBJ": {"devacc": 88.73, "acc": 88.29, "ndev": 10000, "ntest": 10000}, "MPQA": {"devacc": 84.81, "acc": 85.89, "ndev": 10606, "ntest": 10606}, "SST5": {"devacc": 36.78, "acc": 37.51, "ndev": 1101, "ntest": 2210}, "TREC": {"devacc": 78.5, "acc": 86.2, "ndev": 5452, "ntest": 500}, "MRPC": {"devacc": 72.3, "acc": 72.58, "f1": 80.84, "ndev": 4076, "ntest": 1725}, "STS12": {"MSRpar": {"pearson": [0.6071250172877743, 9.8693672336975e-77], "spearman": [0.5912005431205746, 6.950461596509295e-72], "nsamples": 750}, "MSRvid": {"pearson": [0.886813235304906, 5.74169871624798e-253], "spearman": [0.8865689479868512, 1.2254910135554977e-252], "nsamples": 750}, "SMTeuroparl": {"pearson": [0.5267025468356953, 4.015992245413912e-34], "spearman": [0.5852722380296383, 1.5317567886511408e-43], "nsamples": 459}, "surprise.OnWN": {"pearson": [0.6904027349024804, 2.8285195350139594e-107], "spearman": [0.6961124131765273, 9.380602831741282e-110], "nsamples": 750}, "surprise.SMTnews": {"pearson": [0.6100936425641681, 4.793260721276077e-42], "spearman": [0.5953582769859258, 1.248583113472857e-39], "nsamples": 399}, "all": {"pearson": {"mean": 0.6642274353790049, "wmean": 0.683217365830778}, "spearman": {"mean": 0.6709024838599035, "wmean": 0.6874515244485049}}}, "STS13": {"FNWN": {"pearson": [0.5183639715627155, 2.175841874715163e-14], "spearman": [0.5477223267106346, 3.454238974333718e-16], "nsamples": 189}, "headlines": {"pearson": [0.7328010384683993, 3.3695839140394754e-127], "spearman": [0.7239686096057673, 9.661564302053738e-123], "nsamples": 750}, "OnWN": {"pearson": [0.6892616198512344, 2.8475162501659566e-80], "spearman": [0.6938162707807277, 9.684910252553002e-82], "nsamples": 561}, "all": {"pearson": {"mean": 0.6468088766274498, "wmean": 0.6894982254754635}, "spearman": {"mean": 0.6551690690323765, "wmean": 0.6904846032404157}}}, "STS14": {"deft-forum": {"pearson": [0.5543037051930628, 1.3150442624704162e-37], "spearman": [0.5465102418713329, 2.1007115899443166e-36], "nsamples": 450}, "deft-news": {"pearson": [0.743897322625616, 4.286603940123243e-54], "spearman": [0.719584510990535, 4.042507710517931e-49], "nsamples": 300}, "headlines": {"pearson": [0.7223272397057097, 6.227123001079075e-122], "spearman": [0.6987294484685408, 6.549166943033722e-111], "nsamples": 750}, "images": {"pearson": [0.8344525755343586, 9.3671041362683e-196], "spearman": [0.8050724807539563, 7.947909344806925e-172], "nsamples": 750}, "OnWN": {"pearson": [0.7622512675946831, 1.9050615268977388e-143], "spearman": [0.7874494811954784, 2.368923064002185e-159], "nsamples": 750}, "tweet-news": {"pearson": [0.7600150628089385, 3.940372807090783e-142], "spearman": [0.7079171862966998, 4.530216557781872e-115], "nsamples": 750}, "all": {"pearson": {"mean": 0.7295411955770614, "wmean": 0.7418374595619548}, "spearman": {"mean": 0.7108772249294238, "wmean": 0.7229817092467379}}}, "STS15": {"answers-forums": {"pearson": [0.7280400503084242, 3.9045986803037554e-63], "spearman": [0.7260689444197065, 1.2168134867234747e-62], "nsamples": 375}, "answers-students": {"pearson": [0.7476991047896614, 3.8978218180892656e-135], "spearman": [0.7526365328669362, 6.856013967809989e-138], "nsamples": 750}, "belief": {"pearson": [0.7933478314419287, 2.0717660426200107e-82], "spearman": [0.8054028749324622, 9.642149522031418e-87], "nsamples": 375}, "headlines": {"pearson": [0.7776397417846806, 6.525778384124993e-153], "spearman": [0.7797673631448254, 2.7932229374547217e-154], "nsamples": 750}, "images": {"pearson": [0.8802757499300216, 2.084634954997097e-244], "spearman": [0.8849436099616181, 1.8195917228906466e-250], "nsamples": 750}, "all": {"pearson": {"mean": 0.7854004956509433, "wmean": 0.7915771343448851}, "spearman": {"mean": 0.7897638650651098, "wmean": 0.795770853912366}}}, "STS16": {"answer-answer": {"pearson": [0.7131906926599962, 9.167145976355625e-41], "spearman": [0.708105334027071, 5.812578749374195e-40], "nsamples": 254}, "headlines": {"pearson": [0.7688513403903258, 7.056294229896384e-50], "spearman": [0.7792819902430528, 4.803215526598906e-52], "nsamples": 249}, "plagiarism": {"pearson": [0.8103136711895139, 7.814578865494966e-55], "spearman": [0.8288870980130852, 1.9350206127637104e-59], "nsamples": 230}, "postediting": {"pearson": [0.8625690714658726, 1.4621792730427308e-73], "spearman": [0.8619786889503999, 2.3653591716252307e-73], "nsamples": 244}, "question-question": {"pearson": [0.7174562859695314, 2.4195312325310442e-34], "spearman": [0.7184858740529407, 1.7618272315817756e-34], "nsamples": 209}, "all": {"pearson": {"mean": 0.7744762123350479, "wmean": 0.7751954310891428}, "spearman": {"mean": 0.7793477970573098, "wmean": 0.7799581372153188}}}}