{"MR": {"devacc": 67.44, "acc": 68.71, "ndev": 10662, "ntest": 10662}, "CR": {"devacc": 78.45, "acc": 78.38, "ndev": 3775, "ntest": 3775}, "SUBJ": {"devacc": 89.39, "acc": 89.14, "ndev": 10000, "ntest": 10000}, "MPQA": {"devacc": 85.58, "acc": 86.08, "ndev": 10606, "ntest": 10606}, "SST5": {"devacc": 36.6, "acc": 35.79, "ndev": 1101, "ntest": 2210}, "TREC": {"devacc": 82.02, "acc": 88.4, "ndev": 5452, "ntest": 500}, "MRPC": {"devacc": 71.83, "acc": 72.99, "f1": 81.58, "ndev": 4076, "ntest": 1725}, "STS12": {"MSRpar": {"pearson": [0.6164869232481303, 1.0322099969855415e-79], "spearman": [0.5964804043871911, 1.8397579547411213e-73], "nsamples": 750}, "MSRvid": {"pearson": [0.8899286970599696, 3.104845317215876e-257], "spearman": [0.8915531798649281, 1.6435347545555306e-259], "nsamples": 750}, "SMTeuroparl": {"pearson": [0.53361044951818, 3.8651753732203204e-35], "spearman": [0.5597085143746602, 3.363680707486551e-39], "nsamples": 459}, "surprise.OnWN": {"pearson": [0.6870123186894164, 7.882258205018999e-106], "spearman": [0.6884343008277657, 1.9632904953785632e-106], "nsamples": 750}, "surprise.SMTnews": {"pearson": [0.604797029124668, 3.660128856154093e-41], "spearman": [0.5903667264569556, 7.70549842774647e-39], "nsamples": 399}, "all": {"pearson": {"mean": 0.6663670835280728, "wmean": 0.6857503749027427}, "spearman": {"mean": 0.6653086251823002, "wmean": 0.6836594098340438}}}, "STS13": {"FNWN": {"pearson": [0.5363556764715, 1.8019483554563836e-15], "spearman": [0.571082567662779, 9.455007422834236e-18], "nsamples": 189}, "headlines": {"pearson": [0.7465264658951756, 1.7204974517530522e-134], "spearman": [0.7392828450427131, 1.3849933362738578e-130], "nsamples": 750}, "OnWN": {"pearson": [0.7347074827202859, 2.8585316983646406e-96], "spearman": [0.7286279750919424, 6.079542042311972e-94], "nsamples": 561}, "all": {"pearson": {"mean": 0.6725298750289871, "wmean": 0.7156246467203837}, "spearman": {"mean": 0.6796644625991449, "wmean": 0.7141046887312532}}}, "STS14": {"deft-forum": {"pearson": [0.5660409959787726, 1.7603429881883918e-39], "spearman": [0.5478271157466048, 1.3220051310318448e-36], "nsamples": 450}, "deft-news": {"pearson": [0.7595129876244814, 1.3458862289556527e-57], "spearman": [0.7215812935293906, 1.6524399243657618e-49], "nsamples": 300}, "headlines": {"pearson": [0.7294259079058455, 1.78538105267648e-125], "spearman": [0.7122532286439546, 4.3250445155285805e-117], "nsamples": 750}, "images": {"pearson": [0.8448114985294681, 2.4286611890746525e-205], "spearman": [0.8117520913616834, 6.809917117349181e-177], "nsamples": 750}, "OnWN": {"pearson": [0.7828545662590096, 2.7096516585037226e-156], "spearman": [0.807086614657096, 2.473275750042109e-173], "nsamples": 750}, "tweet-news": {"pearson": [0.7620605619323824, 2.46986823052004e-143], "spearman": [0.7057460155876083, 4.5055364933042674e-114], "nsamples": 750}, "all": {"pearson": {"mean": 0.7407844197049932, "wmean": 0.7525164654527524}, "spearman": {"mean": 0.7177077265877229, "wmean": 0.7308333474220122}}}, "STS15": {"answers-forums": {"pearson": [0.7355075741135406, 4.801137785276549e-65], "spearman": [0.7397317562160178, 3.730480813413534e-66], "nsamples": 375}, "answers-students": {"pearson": [0.73794742998215, 7.035707590376308e-130], "spearman": [0.7409850675933756, 1.7194267058653328e-131], "nsamples": 750}, "belief": {"pearson": [0.7912842180108681, 1.0690890749919175e-81], "spearman": [0.8095810236506544, 2.577435940670958e-88], "nsamples": 375}, "headlines": {"pearson": [0.785511348093339, 4.71809237692298e-158], "spearman": [0.7895793797783621, 8.530682003293275e-161], "nsamples": 750}, "images": {"pearson": [0.8920098391212475, 3.709884094018355e-260], "spearman": [0.8994540342263779, 4.0019759853254826e-271], "nsamples": 750}, "all": {"pearson": {"mean": 0.788452081864229, "wmean": 0.7947161283147353}, "spearman": {"mean": 0.7958662522929576, "wmean": 0.8011687178828629}}}, "STS16": {"answer-answer": {"pearson": [0.7318037476887377, 7.427071926624858e-44], "spearman": [0.7228702963088776, 2.4327261034114674e-42], "nsamples": 254}, "headlines": {"pearson": [0.7753503517821061, 3.2512203076634864e-51], "spearman": [0.7808133175842261, 2.256399973564088e-52], "nsamples": 249}, "plagiarism": {"pearson": [0.8319222484338358, 3.0279315254488157e-60], "spearman": [0.8466100750198167, 2.1962512373009988e-64], "nsamples": 230}, "postediting": {"pearson": [0.8694747412154824, 4.434738772800845e-76], "spearman": [0.8710505666777756, 1.1273964802536057e-76], "nsamples": 244}, "question-question": {"pearson": [0.7272390579577597, 1.1203549510216545e-35], "spearman": [0.7207266473170795, 8.790046362068187e-35], "nsamples": 209}, "all": {"pearson": {"mean": 0.7871580294155842, "wmean": 0.7878813715145155}, "spearman": {"mean": 0.7884141805815551, "wmean": 0.7891400473474974}}}}