{"MR": {"devacc": 69.13, "acc": 68.13, "ndev": 10662, "ntest": 10662}, "CR": {"devacc": 78.54, "acc": 78.12, "ndev": 3775, "ntest": 3775}, "SUBJ": {"devacc": 90.08, "acc": 90.17, "ndev": 10000, "ntest": 10000}, "MPQA": {"devacc": 86.02, "acc": 85.95, "ndev": 10606, "ntest": 10606}, "SST5": {"devacc": 34.79, "acc": 39.41, "ndev": 1101, "ntest": 2210}, "TREC": {"devacc": 81.07, "acc": 88.0, "ndev": 5452, "ntest": 500}, "MRPC": {"devacc": 72.89, "acc": 73.62, "f1": 80.65, "ndev": 4076, "ntest": 1725}, "STS12": {"MSRpar": {"pearson": [0.6304574713507495, 2.3689398991527273e-84], "spearman": [0.6136338750123185, 8.564341104241775e-79], "nsamples": 750}, "MSRvid": {"pearson": [0.8954457126474739, 4.0790342397911166e-265], "spearman": [0.8958948235601364, 8.904719517361228e-266], "nsamples": 750}, "SMTeuroparl": {"pearson": [0.5331368437133245, 4.5458912544102227e-35], "spearman": [0.5726277158165742, 2.400101297883325e-41], "nsamples": 459}, "surprise.OnWN": {"pearson": [0.7001910498547187, 1.4623622745953484e-111], "spearman": [0.7003562540213761, 1.23369654218683e-111], "nsamples": 750}, "surprise.SMTnews": {"pearson": [0.6006021641724294, 1.7826416411521878e-40], "spearman": [0.5897942534245398, 9.474844659186047e-39], "nsamples": 399}, "all": {"pearson": {"mean": 0.6719666483477391, "wmean": 0.6930246943883275}, "spearman": {"mean": 0.6744613843669891, "wmean": 0.6935578324071981}}}, "STS13": {"FNWN": {"pearson": [0.5454123047161211, 4.856753401062976e-16], "spearman": [0.5760672899187436, 4.226269596844828e-18], "nsamples": 189}, "headlines": {"pearson": [0.7569472352537143, 2.3829800343702294e-140], "spearman": [0.751025438761048, 5.521820875206241e-137], "nsamples": 750}, "OnWN": {"pearson": [0.7039951823342809, 4.009609925865021e-85], "spearman": [0.7036677334754188, 5.17821484679567e-85], "nsamples": 561}, "all": {"pearson": {"mean": 0.6687849074347055, "wmean": 0.7104897662141094}, "spearman": {"mean": 0.6769201540517368, "wmean": 0.7112689302300923}}}, "STS14": {"deft-forum": {"pearson": [0.5872594423770556, 4.594402063699542e-43], "spearman": [0.5738372788720518, 9.103945669294163e-41], "nsamples": 450}, "deft-news": {"pearson": [0.766489733926253, 2.992940332010951e-59], "spearman": [0.7365795173748628, 1.5393020776667787e-52], "nsamples": 300}, "headlines": {"pearson": [0.7445568334874407, 2.045417108812961e-133], "spearman": [0.7253035152297426, 2.1016674207317084e-123], "nsamples": 750}, "images": {"pearson": [0.8499800664565642, 2.1647303567244427e-210], "spearman": [0.8181673473673953, 5.916418124642616e-182], "nsamples": 750}, "OnWN": {"pearson": [0.7867030096293093, 7.525780826388383e-159], "spearman": [0.809616896406806, 2.983235469190568e-175], "nsamples": 750}, "tweet-news": {"pearson": [0.7777654885057039, 5.422159472288744e-153], "spearman": [0.7217865945719779, 1.1469975800110233e-121], "nsamples": 750}, "all": {"pearson": {"mean": 0.7521257623970544, "wmean": 0.7635913914151504}, "spearman": {"mean": 0.730881858303806, "wmean": 0.7427617055698196}}}, "STS15": {"answers-forums": {"pearson": [0.7471106005470943, 3.8090235952764475e-68], "spearman": [0.7509141221531428, 3.3675570643195215e-69], "nsamples": 375}, "answers-students": {"pearson": [0.7512172050036937, 4.311283477943477e-137], "spearman": [0.7542726757992156, 8.105577387203133e-139], "nsamples": 750}, "belief": {"pearson": [0.8110987948998633, 6.762493922302158e-89], "spearman": [0.8313859494500709, 3.3083370259230527e-97], "nsamples": 375}, "headlines": {"pearson": [0.7873048057765324, 2.9648528257057255e-159], "spearman": [0.7887027474018761, 3.366330045214533e-160], "nsamples": 750}, "images": {"pearson": [0.8985647206060566, 9.056406381288611e-270], "spearman": [0.9053023407947801, 2.3189923226337696e-280], "nsamples": 750}, "all": {"pearson": {"mean": 0.799059225366648, "wmean": 0.8040478572774403}, "spearman": {"mean": 0.8061155671198172, "wmean": 0.8098569499493696}}}, "STS16": {"answer-answer": {"pearson": [0.7379843031957314, 6.114511165169443e-45], "spearman": [0.7301706503159359, 1.420181931311859e-43], "nsamples": 254}, "headlines": {"pearson": [0.7936660057625963, 3.0979342082946068e-55], "spearman": [0.8012980780944519, 4.933625482534903e-57], "nsamples": 249}, "plagiarism": {"pearson": [0.8360559332585816, 2.2790579576529495e-61], "spearman": [0.8492796037184326, 3.4883839629260468e-65], "nsamples": 230}, "postediting": {"pearson": [0.8652984295211631, 1.5362488779964393e-74], "spearman": [0.8675735597208828, 2.2606720222315424e-75], "nsamples": 244}, "question-question": {"pearson": [0.7248635593979671, 2.3914598387172358e-35], "spearman": [0.7252342599651328, 2.1256979148606e-35], "nsamples": 209}, "all": {"pearson": {"mean": 0.7915736462272079, "wmean": 0.7925742106352571}, "spearman": {"mean": 0.7947112303629672, "wmean": 0.7956009986387975}}}}