{"MR": {"devacc": 68.04, "acc": 68.55, "ndev": 10662, "ntest": 10662}, "CR": {"devacc": 77.6, "acc": 76.45, "ndev": 3775, "ntest": 3775}, "SUBJ": {"devacc": 88.99, "acc": 88.74, "ndev": 10000, "ntest": 10000}, "MPQA": {"devacc": 85.69, "acc": 86.0, "ndev": 10606, "ntest": 10606}, "SST5": {"devacc": 37.33, "acc": 38.1, "ndev": 1101, "ntest": 2210}, "TREC": {"devacc": 78.47, "acc": 84.8, "ndev": 5452, "ntest": 500}, "MRPC": {"devacc": 71.86, "acc": 63.83, "f1": 67.57, "ndev": 4076, "ntest": 1725}, "STS12": {"MSRpar": {"pearson": [0.6061974202611531, 1.9240519062921134e-76], "spearman": [0.5800913343475707, 1.167513895666744e-68], "nsamples": 750}, "MSRvid": {"pearson": [0.8924978978990429, 7.503651346948222e-261], "spearman": [0.8942187982137095, 2.517133880413304e-263], "nsamples": 750}, "SMTeuroparl": {"pearson": [0.5254553945628453, 6.093329447774428e-34], "spearman": [0.5782666884000232, 2.5890083765064085e-42], "nsamples": 459}, "surprise.OnWN": {"pearson": [0.6947958193363828, 3.54086311737086e-109], "spearman": [0.6979446642853553, 1.459392692214608e-110], "nsamples": 750}, "surprise.SMTnews": {"pearson": [0.6008036543688205, 1.6529909406389164e-40], "spearman": [0.564090019293248, 6.758412352213935e-35], "nsamples": 399}, "all": {"pearson": {"mean": 0.6639500372856488, "wmean": 0.6840485963062868}, "spearman": {"mean": 0.6629223009079814, "wmean": 0.6820101111031509}}}, "STS13": {"FNWN": {"pearson": [0.5019894671570562, 1.854922915243206e-13], "spearman": [0.5323209090286093, 3.1913002370040116e-15], "nsamples": 189}, "headlines": {"pearson": [0.743676802441897, 6.136948742790025e-133], "spearman": [0.736611103712916, 3.5426847679239704e-129], "nsamples": 750}, "OnWN": {"pearson": [0.7018638671056705, 2.1055446160486147e-84], "spearman": [0.70279898761814, 1.0189182360893933e-84], "nsamples": 561}, "all": {"pearson": {"mean": 0.6491767122348746, "wmean": 0.6975861603802583}, "spearman": {"mean": 0.6572436667865551, "wmean": 0.6982248077632471}}}, "STS14": {"deft-forum": {"pearson": [0.5401054466355136, 1.9409817216180307e-35], "spearman": [0.5320749482800183, 2.950450604988565e-34], "nsamples": 450}, "deft-news": {"pearson": [0.7610869248701638, 5.7686473215780585e-58], "spearman": [0.7295424269070172, 4.3119972758776785e-51], "nsamples": 300}, "headlines": {"pearson": [0.7220141879318527, 8.870895610063856e-122], "spearman": [0.7013754126578582, 4.310373860779468e-112], "nsamples": 750}, "images": {"pearson": [0.832543666705668, 4.631175455214956e-194], "spearman": [0.7998454160195807, 5.372692959738515e-168], "nsamples": 750}, "OnWN": {"pearson": [0.7591138643790611, 1.3233209392862763e-141], "spearman": [0.784011920630437, 4.673660149757503e-157], "nsamples": 750}, "tweet-news": {"pearson": [0.7612447269014964, 7.479665670883889e-143], "spearman": [0.7046916885646797, 1.3642883253958942e-113], "nsamples": 750}, "all": {"pearson": {"mean": 0.7293514695706259, "wmean": 0.7406828967694904}, "spearman": {"mean": 0.7085903021765985, "wmean": 0.7201972755206747}}}, "STS15": {"answers-forums": {"pearson": [0.6970365032220499, 7.7271554902629155e-56], "spearman": [0.7017880803911147, 6.779333347632366e-57], "nsamples": 375}, "answers-students": {"pearson": [0.7265539283066165, 4.993980002345171e-124], "spearman": [0.7289238583444498, 3.2060596113890447e-125], "nsamples": 750}, "belief": {"pearson": [0.7695645018393116, 1.1784160858598803e-74], "spearman": [0.7828288116828727, 7.361383467367901e-79], "nsamples": 375}, "headlines": {"pearson": [0.7842158014766656, 3.42540810500739e-157], "spearman": [0.7896155091851973, 8.060314930361427e-161], "nsamples": 750}, "images": {"pearson": [0.8906087256092462, 3.4958225543186186e-258], "spearman": [0.8970347318650451, 1.812976828696056e-267], "nsamples": 750}, "all": {"pearson": {"mean": 0.7735958920907781, "wmean": 0.7836697394808022}, "spearman": {"mean": 0.7800381982937359, "wmean": 0.7894706363579215}}}, "STS16": {"answer-answer": {"pearson": [0.7280144868192464, 3.3182012164275167e-43], "spearman": [0.7260906063598822, 7.027209941822168e-43], "nsamples": 254}, "headlines": {"pearson": [0.7707347345090171, 2.922783014546217e-50], "spearman": [0.7760667771133682, 2.3012803466123228e-51], "nsamples": 249}, "plagiarism": {"pearson": [0.8221055507505168, 1.0729110437274367e-57], "spearman": [0.8347868775425323, 5.080916293037728e-61], "nsamples": 230}, "postediting": {"pearson": [0.8606955981968164, 6.676888432829308e-73], "spearman": [0.8645749554079384, 2.804921750541402e-74], "nsamples": 244}, "question-question": {"pearson": [0.6852784761263879, 2.5185598854875046e-30], "spearman": [0.6843787831730598, 3.206432988232792e-30], "nsamples": 209}, "all": {"pearson": {"mean": 0.7733657692803969, "wmean": 0.7749964862461137}, "spearman": {"mean": 0.7771795999193561, "wmean": 0.7788027640422661}}}}