{"MR": {"devacc": 68.57, "acc": 67.73, "ndev": 10662, "ntest": 10662}, "CR": {"devacc": 78.61, "acc": 78.07, "ndev": 3775, "ntest": 3775}, "SUBJ": {"devacc": 89.89, "acc": 89.42, "ndev": 10000, "ntest": 10000}, "MPQA": {"devacc": 85.96, "acc": 86.4, "ndev": 10606, "ntest": 10606}, "SST5": {"devacc": 36.06, "acc": 38.46, "ndev": 1101, "ntest": 2210}, "TREC": {"devacc": 82.06, "acc": 89.0, "ndev": 5452, "ntest": 500}, "MRPC": {"devacc": 72.79, "acc": 73.39, "f1": 81.53, "ndev": 4076, "ntest": 1725}, "STS12": {"MSRpar": {"pearson": [0.6138020902022006, 7.564410050853383e-79], "spearman": [0.5951478693788959, 4.6300842360897184e-73], "nsamples": 750}, "MSRvid": {"pearson": [0.8885584023636987, 2.423718073776887e-255], "spearman": [0.8894772243038227, 1.3131213926106383e-256], "nsamples": 750}, "SMTeuroparl": {"pearson": [0.5447724765005058, 7.835627984876506e-37], "spearman": [0.5794829832590537, 1.5924472685181237e-42], "nsamples": 459}, "surprise.OnWN": {"pearson": [0.6916329248930981, 8.361115198400884e-108], "spearman": [0.6878286966753969, 3.5522539386181423e-106], "nsamples": 750}, "surprise.SMTnews": {"pearson": [0.591324729871097, 5.447184943803043e-39], "spearman": [0.5811977504154067, 2.010874445243799e-37], "nsamples": 399}, "all": {"pearson": {"mean": 0.66601812476612, "wmean": 0.685805726199018}, "spearman": {"mean": 0.6666269048065152, "wmean": 0.6844340201094723}}}, "STS13": {"FNWN": {"pearson": [0.4960146668852683, 3.942210698469183e-13], "spearman": [0.5356088671448536, 2.0041815391887432e-15], "nsamples": 189}, "headlines": {"pearson": [0.7554552500011111, 1.7139286250606462e-139], "spearman": [0.7460583640795585, 3.105057260094581e-134], "nsamples": 750}, "OnWN": {"pearson": [0.7294308257046495, 3.0207182578046116e-94], "spearman": [0.7317388798113033, 3.987807601704377e-95], "nsamples": 561}, "all": {"pearson": {"mean": 0.6603002475303429, "wmean": 0.7130326018416383}, "spearman": {"mean": 0.6711353703452385, "wmean": 0.7141862403494582}}}, "STS14": {"deft-forum": {"pearson": [0.5783355143398573, 1.5894332403193067e-41], "spearman": [0.5727014250367598, 1.4085922597705976e-40], "nsamples": 450}, "deft-news": {"pearson": [0.7628750530379874, 2.1857399971104346e-58], "spearman": [0.734963414838663, 3.3404442180643338e-52], "nsamples": 300}, "headlines": {"pearson": [0.7272811293006676, 2.157154321766442e-124], "spearman": [0.7051148133600176, 8.751107746564009e-114], "nsamples": 750}, "images": {"pearson": [0.8398049845574451, 1.2699873545660644e-200], "spearman": [0.8041224012083451, 4.0271168515253667e-171], "nsamples": 750}, "OnWN": {"pearson": [0.7916035586030935, 3.4949458845896576e-162], "spearman": [0.8143190413087322, 6.78672752186792e-179], "nsamples": 750}, "tweet-news": {"pearson": [0.7852672853216254, 6.8614177268596114e-158], "spearman": [0.7281291541716791, 8.076969659641418e-125], "nsamples": 750}, "all": {"pearson": {"mean": 0.7475279208601128, "wmean": 0.7592216575203883}, "spearman": {"mean": 0.7265583749873662, "wmean": 0.737858326201259}}}, "STS15": {"answers-forums": {"pearson": [0.7457190395451566, 9.15266264504384e-68], "spearman": [0.7533927430648079, 6.767970509262078e-70], "nsamples": 375}, "answers-students": {"pearson": [0.7475015378222026, 5.0085688468800014e-135], "spearman": [0.7507013941745867, 8.384369581388255e-137], "nsamples": 750}, "belief": {"pearson": [0.7984690134624369, 3.2511274073246294e-84], "spearman": [0.8140406888064986, 4.882863477973781e-90], "nsamples": 375}, "headlines": {"pearson": [0.7858568664507641, 2.774230335864149e-158], "spearman": [0.7886180988475308, 3.842141565301414e-160], "nsamples": 750}, "images": {"pearson": [0.893371494612322, 4.212016388638219e-262], "spearman": [0.8996198273740893, 2.230083769147945e-271], "nsamples": 750}, "all": {"pearson": {"mean": 0.7941835903785763, "wmean": 0.7997059813472713}, "spearman": {"mean": 0.8012745504535026, "wmean": 0.8056640090829651}}}, "STS16": {"answer-answer": {"pearson": [0.7324762030471408, 5.679270151179191e-44], "spearman": [0.7245145788100913, 1.2932414891981523e-42], "nsamples": 254}, "headlines": {"pearson": [0.7642747099628895, 5.804425497223974e-49], "spearman": [0.7705399923911731, 3.202914471028955e-50], "nsamples": 249}, "plagiarism": {"pearson": [0.8364256775119404, 1.8019781760299676e-61], "spearman": [0.8524738701814542, 3.6804989440142953e-66], "nsamples": 230}, "postediting": {"pearson": [0.8680521102490275, 1.5039083084030339e-75], "spearman": [0.8676439376930223, 2.1293549524462046e-75], "nsamples": 244}, "question-question": {"pearson": [0.728440225911139, 7.612317501753014e-36], "spearman": [0.7309504059133729, 3.371751120864703e-36], "nsamples": 209}, "all": {"pearson": {"mean": 0.7859337853364274, "wmean": 0.7864923999145619}, "spearman": {"mean": 0.7892245569978227, "wmean": 0.789573277316941}}}}