{"MR": {"devacc": 68.55, "acc": 67.34, "ndev": 10662, "ntest": 10662}, "CR": {"devacc": 77.48, "acc": 76.48, "ndev": 3775, "ntest": 3775}, "SUBJ": {"devacc": 89.55, "acc": 89.21, "ndev": 10000, "ntest": 10000}, "MPQA": {"devacc": 85.69, "acc": 85.88, "ndev": 10606, "ntest": 10606}, "SST5": {"devacc": 37.06, "acc": 35.66, "ndev": 1101, "ntest": 2210}, "TREC": {"devacc": 80.91, "acc": 87.2, "ndev": 5452, "ntest": 500}, "MRPC": {"devacc": 71.98, "acc": 71.13, "f1": 78.1, "ndev": 4076, "ntest": 1725}, "STS12": {"MSRpar": {"pearson": [0.6228698704759955, 8.38225723463515e-82], "spearman": [0.6015081408948665, 5.43707204140394e-75], "nsamples": 750}, "MSRvid": {"pearson": [0.894122126815884, 3.475632191400307e-263], "spearman": [0.8941058210234788, 3.669915392224089e-263], "nsamples": 750}, "SMTeuroparl": {"pearson": [0.5362554133142293, 1.5547841945042307e-35], "spearman": [0.5721198770158055, 2.9269118950106593e-41], "nsamples": 459}, "surprise.OnWN": {"pearson": [0.6889147904103803, 1.2252258438730924e-106], "spearman": [0.6936223200216425, 1.1498983688074684e-108], "nsamples": 750}, "surprise.SMTnews": {"pearson": [0.6219060225941355, 4.4718635206230806e-44], "spearman": [0.6114435419769914, 2.8376054741495033e-42], "nsamples": 399}, "all": {"pearson": {"mean": 0.6728136447221249, "wmean": 0.6913487221695579}, "spearman": {"mean": 0.6745599401865569, "wmean": 0.6912793462850917}}}, "STS13": {"FNWN": {"pearson": [0.560044323641815, 5.362439398461189e-17], "spearman": [0.5884653944610138, 5.369046622305025e-19], "nsamples": 189}, "headlines": {"pearson": [0.75066858900696, 8.746169923129656e-137], "spearman": [0.7380679878396592, 6.078021998849383e-130], "nsamples": 750}, "OnWN": {"pearson": [0.7096665477012409, 4.515434289780476e-87], "spearman": [0.7071488925608804, 3.352859476733814e-86], "nsamples": 561}, "all": {"pearson": {"mean": 0.673459820116672, "wmean": 0.7113151681226128}, "spearman": {"mean": 0.6778940916205177, "wmean": 0.7076543194396866}}}, "STS14": {"deft-forum": {"pearson": [0.5709965216222702, 2.703490306010652e-40], "spearman": [0.5559472203216749, 7.262588950052933e-38], "nsamples": 450}, "deft-news": {"pearson": [0.7614274915612099, 4.798283357914095e-58], "spearman": [0.7218540878479415, 1.4614457101422983e-49], "nsamples": 300}, "headlines": {"pearson": [0.7216739166157174, 1.3024774234305976e-121], "spearman": [0.7036048281139153, 4.252867693634757e-113], "nsamples": 750}, "images": {"pearson": [0.8409902983589367, 1.0034820730801248e-201], "spearman": [0.8088257052067247, 1.1958842282054095e-174], "nsamples": 750}, "OnWN": {"pearson": [0.7835799877538948, 9.016967756974502e-157], "spearman": [0.8064952468995842, 6.879800265828032e-173], "nsamples": 750}, "tweet-news": {"pearson": [0.7666782117661102, 4.285426816510917e-146], "spearman": [0.7159819190296324, 7.388318682221044e-119], "nsamples": 750}, "all": {"pearson": {"mean": 0.7408910712796898, "wmean": 0.752018264818501}, "spearman": {"mean": 0.7187848345699122, "wmean": 0.7314435333164077}}}, "STS15": {"answers-forums": {"pearson": [0.7332003652296141, 1.8985533355662397e-64], "spearman": [0.7341715973553186, 1.0662046646608525e-64], "nsamples": 375}, "answers-students": {"pearson": [0.7485790915728574, 1.2722391147031422e-135], "spearman": [0.7525372727376953, 7.799980764142656e-138], "nsamples": 750}, "belief": {"pearson": [0.7813236797999523, 2.2845216452008076e-78], "spearman": [0.8003332865059701, 6.953468071960192e-85], "nsamples": 375}, "headlines": {"pearson": [0.7829239240716829, 2.439526165291734e-156], "spearman": [0.7846084004177889, 1.8812393937141015e-157], "nsamples": 750}, "images": {"pearson": [0.8863457280196038, 2.4463719820999933e-252], "spearman": [0.889843684749566, 4.0754398536377434e-257], "nsamples": 750}, "all": {"pearson": {"mean": 0.7864745577387421, "wmean": 0.7937776915447318}, "spearman": {"mean": 0.7922988483532678, "wmean": 0.7985604499589237}}}, "STS16": {"answer-answer": {"pearson": [0.7264421226374117, 6.129826791787477e-43], "spearman": [0.7138910420261423, 7.08589579557063e-41], "nsamples": 254}, "headlines": {"pearson": [0.7721139858171377, 1.5245745682147767e-50], "spearman": [0.7779263257557179, 9.328707521220736e-52], "nsamples": 249}, "plagiarism": {"pearson": [0.8347991561432803, 5.041820470265761e-61], "spearman": [0.8524813446314705, 3.6609535537474015e-66], "nsamples": 230}, "postediting": {"pearson": [0.8644134492263912, 3.2068727708183715e-74], "spearman": [0.8647552680913192, 2.4148963122103644e-74], "nsamples": 244}, "question-question": {"pearson": [0.7466986079914193, 1.63945986499647e-38], "spearman": [0.7524132319342743, 2.150625985712118e-39], "nsamples": 209}, "all": {"pearson": {"mean": 0.788893464363128, "wmean": 0.7889994757274624}, "spearman": {"mean": 0.7922934424877848, "wmean": 0.7920382292930837}}}}