{"MR": {"devacc": 69.26, "acc": 68.64, "ndev": 10662, "ntest": 10662}, "CR": {"devacc": 79.26, "acc": 79.55, "ndev": 3775, "ntest": 3775}, "SUBJ": {"devacc": 90.26, "acc": 90.17, "ndev": 10000, "ntest": 10000}, "MPQA": {"devacc": 86.45, "acc": 86.29, "ndev": 10606, "ntest": 10606}, "SST5": {"devacc": 36.6, "acc": 36.7, "ndev": 1101, "ntest": 2210}, "TREC": {"devacc": 83.09, "acc": 91.4, "ndev": 5452, "ntest": 500}, "MRPC": {"devacc": 73.28, "acc": 69.97, "f1": 77.0, "ndev": 4076, "ntest": 1725}, "STS12": {"MSRpar": {"pearson": [0.6262593669001444, 6.2156267683638744e-83], "spearman": [0.6132706891574446, 1.1194299999210911e-78], "nsamples": 750}, "MSRvid": {"pearson": [0.8982792143597647, 2.4501846045334817e-269], "spearman": [0.897671479836263, 2.0184411856878944e-268], "nsamples": 750}, "SMTeuroparl": {"pearson": [0.5365475656317443, 1.4053033899754044e-35], "spearman": [0.5809795309568749, 8.732636899425166e-43], "nsamples": 459}, "surprise.OnWN": {"pearson": [0.7026660425956429, 1.130769618082322e-112], "spearman": [0.697373818209424, 2.6096604908567455e-110], "nsamples": 750}, "surprise.SMTnews": {"pearson": [0.5986800250331363, 3.653725943710752e-40], "spearman": [0.6023058338964806, 9.398265000266681e-41], "nsamples": 399}, "all": {"pearson": {"mean": 0.6724864429040865, "wmean": 0.693549591539529}, "spearman": {"mean": 0.6783202704112974, "wmean": 0.6960188619164254}}}, "STS13": {"FNWN": {"pearson": [0.5558872742158348, 1.013973617993732e-16], "spearman": [0.5940087263424457, 2.0735722697642948e-19], "nsamples": 189}, "headlines": {"pearson": [0.7562679014737073, 5.861949171607055e-140], "spearman": [0.7488934242860725, 8.518965658892453e-136], "nsamples": 750}, "OnWN": {"pearson": [0.738712359044358, 7.71435566175246e-98], "spearman": [0.7356517839447833, 1.2269009478984292e-96], "nsamples": 561}, "all": {"pearson": {"mean": 0.6836225115779667, "wmean": 0.7244541695706388}, "spearman": {"mean": 0.6928513115244338, "wmean": 0.7244255788575333}}}, "STS14": {"deft-forum": {"pearson": [0.5781330798610304, 1.7203098547640676e-41], "spearman": [0.5710847362967799, 2.6140578782774815e-40], "nsamples": 450}, "deft-news": {"pearson": [0.7668462992260903, 2.4551189416888654e-59], "spearman": [0.7314728025159499, 1.7466641827044758e-51], "nsamples": 300}, "headlines": {"pearson": [0.7347098930154002, 3.473396271337992e-128], "spearman": [0.7121562466289669, 4.803791267328398e-117], "nsamples": 750}, "images": {"pearson": [0.8474209945752998, 7.231071251513485e-208], "spearman": [0.814328625892373, 6.670047948720419e-179], "nsamples": 750}, "OnWN": {"pearson": [0.7938628983627467, 9.469869337689208e-164], "spearman": [0.8165489405897365, 1.1682969819725334e-180], "nsamples": 750}, "tweet-news": {"pearson": [0.7749121978586623, 3.5236384969487276e-151], "spearman": [0.7185668608121925, 4.2307758320463344e-120], "nsamples": 750}, "all": {"pearson": {"mean": 0.7493142271498717, "wmean": 0.7609048702838326}, "spearman": {"mean": 0.7273597021226664, "wmean": 0.7393681273415433}}}, "STS15": {"answers-forums": {"pearson": [0.7315518303333911, 5.0262332645517205e-64], "spearman": [0.7381544312614637, 9.740910069564699e-66], "nsamples": 375}, "answers-students": {"pearson": [0.7533527688476627, 2.69799126812812e-138], "spearman": [0.7574226469145222, 1.2670008839806077e-140], "nsamples": 750}, "belief": {"pearson": [0.8133479141847659, 9.10512239002478e-90], "spearman": [0.8336850398749289, 3.22137023939842e-98], "nsamples": 375}, "headlines": {"pearson": [0.7904541504240635, 2.1539144046612153e-161], "spearman": [0.7924372701393736, 9.277816828664423e-163], "nsamples": 750}, "images": {"pearson": [0.8987561576625329, 4.638814639422994e-270], "spearman": [0.9039052171056465, 4.2234923061196194e-278], "nsamples": 750}, "all": {"pearson": {"mean": 0.7974925642904832, "wmean": 0.8037532372983344}, "spearman": {"mean": 0.805120921059187, "wmean": 0.8099212174319347}}}, "STS16": {"answer-answer": {"pearson": [0.7385165062441339, 4.915246436593976e-45], "spearman": [0.7283428133857017, 2.9174912933120897e-43], "nsamples": 254}, "headlines": {"pearson": [0.7859772675365095, 1.6871144754536196e-53], "spearman": [0.790502433885214, 1.6376246263721598e-54], "nsamples": 249}, "plagiarism": {"pearson": [0.844311039351431, 1.0416527650737067e-63], "spearman": [0.8583143279019538, 5.235044064974632e-68], "nsamples": 230}, "postediting": {"pearson": [0.8667047374036168, 4.719071931644998e-75], "spearman": [0.8670205899397866, 3.613458415905887e-75], "nsamples": 244}, "question-question": {"pearson": [0.726556375638396, 1.394274854221526e-35], "spearman": [0.7263910113644253, 1.4699921759252353e-35], "nsamples": 209}, "all": {"pearson": {"mean": 0.7924131852348174, "wmean": 0.7932624870896604}, "spearman": {"mean": 0.7941142352954162, "wmean": 0.7947851782253867}}}}