{"MR": {"devacc": 68.97, "acc": 68.97, "ndev": 10662, "ntest": 10662}, "CR": {"devacc": 78.98, "acc": 79.13, "ndev": 3775, "ntest": 3775}, "SUBJ": {"devacc": 90.14, "acc": 89.86, "ndev": 10000, "ntest": 10000}, "MPQA": {"devacc": 86.67, "acc": 86.93, "ndev": 10606, "ntest": 10606}, "SST5": {"devacc": 37.24, "acc": 35.16, "ndev": 1101, "ntest": 2210}, "TREC": {"devacc": 81.84, "acc": 87.4, "ndev": 5452, "ntest": 500}, "MRPC": {"devacc": 73.06, "acc": 73.04, "f1": 79.67, "ndev": 4076, "ntest": 1725}, "STS12": {"MSRpar": {"pearson": [0.6232284916663, 6.37490334105964e-82], "spearman": [0.5976332196007278, 8.250384980730948e-74], "nsamples": 750}, "MSRvid": {"pearson": [0.8996703408057057, 1.8657742460766144e-271], "spearman": [0.8980033575808317, 6.391663522414517e-269], "nsamples": 750}, "SMTeuroparl": {"pearson": [0.5346875369198723, 2.6701453361493554e-35], "spearman": [0.5723340022738818, 2.692098521706852e-41], "nsamples": 459}, "surprise.OnWN": {"pearson": [0.7082937035168275, 3.035134567831676e-115], "spearman": [0.7034527055466984, 4.9844065560880104e-113], "nsamples": 750}, "surprise.SMTnews": {"pearson": [0.602276218769255, 9.503744675101665e-41], "spearman": [0.5825260120329665, 1.2616738697327004e-37], "nsamples": 399}, "all": {"pearson": {"mean": 0.673631258335592, "wmean": 0.694698903708745}, "spearman": {"mean": 0.6707898594070212, "wmean": 0.6899762380601863}}}, "STS13": {"FNWN": {"pearson": [0.580380382536116, 2.0822892694092288e-18], "spearman": [0.6221316472953992, 1.2370250266446103e-21], "nsamples": 189}, "headlines": {"pearson": [0.7616357693495386, 4.400208350262005e-143], "spearman": [0.7534293682911062, 2.441411971565445e-138], "nsamples": 750}, "OnWN": {"pearson": [0.7341501925020434, 4.700999619558535e-96], "spearman": [0.7310260932374014, 7.469346298858832e-95], "nsamples": 561}, "all": {"pearson": {"mean": 0.6920554481292327, "wmean": 0.7285179848700842}, "spearman": {"mean": 0.7021957029413022, "wmean": 0.7285070305755615}}}, "STS14": {"deft-forum": {"pearson": [0.5704991712065366, 3.267463285257223e-40], "spearman": [0.5700758417539065, 3.838307273129017e-40], "nsamples": 450}, "deft-news": {"pearson": [0.768590770041984, 9.267696941242262e-60], "spearman": [0.7327986698631668, 9.346844731364394e-52], "nsamples": 300}, "headlines": {"pearson": [0.7390473974913765, 1.8459213793152813e-130], "spearman": [0.7188734885937581, 3.0071136388080466e-120], "nsamples": 750}, "images": {"pearson": [0.8437353663519598, 2.5916491711135766e-204], "spearman": [0.8103422615402943, 8.305459806327329e-176], "nsamples": 750}, "OnWN": {"pearson": [0.7963422001543106, 1.7136256192350237e-165], "spearman": [0.816182201843917, 2.2873674230328914e-180], "nsamples": 750}, "tweet-news": {"pearson": [0.7825155554352362, 4.524773678281039e-156], "spearman": [0.7159517927553041, 7.637303918641864e-119], "nsamples": 750}, "all": {"pearson": {"mean": 0.7501217434469005, "wmean": 0.7622752660347197}, "spearman": {"mean": 0.7273707093917245, "wmean": 0.7393029435461769}}}, "STS15": {"answers-forums": {"pearson": [0.737387445922957, 1.549532506005767e-65], "spearman": [0.7425791305862176, 6.48003672851858e-67], "nsamples": 375}, "answers-students": {"pearson": [0.7579373160846727, 6.383556895366049e-141], "spearman": [0.7621129398884865, 2.299922187746623e-143], "nsamples": 750}, "belief": {"pearson": [0.8101850743002168, 1.5154928457637706e-88], "spearman": [0.8322443147085811, 1.392319262715104e-97], "nsamples": 375}, "headlines": {"pearson": [0.7899824953547055, 4.5277088049136094e-161], "spearman": [0.7929685831405603, 3.9718086881499486e-163], "nsamples": 750}, "images": {"pearson": [0.8992953183068751, 6.997974072438343e-271], "spearman": [0.9054132045211442, 1.5290842607270392e-280], "nsamples": 750}, "all": {"pearson": {"mean": 0.7989575299938855, "wmean": 0.80525034746446}, "spearman": {"mean": 0.807063634568998, "wmean": 0.8119766125493977}}}, "STS16": {"answer-answer": {"pearson": [0.7338316739883008, 3.2986465023156297e-44], "spearman": [0.7209271885068104, 5.1031054117268474e-42], "nsamples": 254}, "headlines": {"pearson": [0.7837522155745503, 5.202708216435953e-53], "spearman": [0.7910157531730124, 1.2523616395830748e-54], "nsamples": 249}, "plagiarism": {"pearson": [0.8378941984145049, 7.048277192679484e-62], "spearman": [0.8492395250927987, 3.587030308659392e-65], "nsamples": 230}, "postediting": {"pearson": [0.8655318114872891, 1.2641381188064982e-74], "spearman": [0.8671747512120923, 3.1712474697117504e-75], "nsamples": 244}, "question-question": {"pearson": [0.7149929890055857, 5.138846667630576e-34], "spearman": [0.715089925066476, 4.98950797844355e-34], "nsamples": 209}, "all": {"pearson": {"mean": 0.7872005776940462, "wmean": 0.7882685575139068}, "spearman": {"mean": 0.788689428610238, "wmean": 0.7895851204273168}}}}