{"MR": {"devacc": 68.35, "acc": 68.05, "ndev": 10662, "ntest": 10662}, "CR": {"devacc": 77.74, "acc": 75.66, "ndev": 3775, "ntest": 3775}, "SUBJ": {"devacc": 89.5, "acc": 89.07, "ndev": 10000, "ntest": 10000}, "MPQA": {"devacc": 85.74, "acc": 85.29, "ndev": 10606, "ntest": 10606}, "SST5": {"devacc": 36.33, "acc": 36.92, "ndev": 1101, "ntest": 2210}, "TREC": {"devacc": 82.26, "acc": 85.4, "ndev": 5452, "ntest": 500}, "MRPC": {"devacc": 72.45, "acc": 71.36, "f1": 78.26, "ndev": 4076, "ntest": 1725}, "STS12": {"MSRpar": {"pearson": [0.6056712428243431, 2.80706863406896e-76], "spearman": [0.5951967111002966, 4.4764149808483705e-73], "nsamples": 750}, "MSRvid": {"pearson": [0.8939235113339187, 6.737608330028764e-263], "spearman": [0.8938287336771169, 9.235991702638047e-263], "nsamples": 750}, "SMTeuroparl": {"pearson": [0.5254620495239508, 6.079816661506259e-34], "spearman": [0.5593694224777299, 3.81852005286274e-39], "nsamples": 459}, "surprise.OnWN": {"pearson": [0.6898454397136577, 4.90303410897232e-107], "spearman": [0.6854235966106426, 3.689806086692972e-105], "nsamples": 750}, "surprise.SMTnews": {"pearson": [0.6122054956377367, 2.1084015158912857e-42], "spearman": [0.5968632340801632, 7.167982431787597e-40], "nsamples": 399}, "all": {"pearson": {"mean": 0.6654215478067214, "wmean": 0.6845357847152156}, "spearman": {"mean": 0.6661363395891898, "wmean": 0.6839561699988113}}}, "STS13": {"FNWN": {"pearson": [0.5116839294973449, 5.288463550857652e-14], "spearman": [0.5537104319578546, 1.410495726332076e-16], "nsamples": 189}, "headlines": {"pearson": [0.7529684260517318, 4.4520429133695617e-138], "spearman": [0.7447344980323061, 1.6376088630281675e-133], "nsamples": 750}, "OnWN": {"pearson": [0.7162061294214728, 2.232402406315884e-89], "spearman": [0.7132258472155723, 2.5567340836886154e-88], "nsamples": 561}, "all": {"pearson": {"mean": 0.6602861616568498, "wmean": 0.7088174805461622}, "spearman": {"mean": 0.6705569257352444, "wmean": 0.7088812303014669}}}, "STS14": {"deft-forum": {"pearson": [0.5727618576201975, 1.3763175846473039e-40], "spearman": [0.5631318853153816, 5.210649846663839e-39], "nsamples": 450}, "deft-news": {"pearson": [0.7369326076682027, 1.2986089226344226e-52], "spearman": [0.7047845195093888, 2.423488645800273e-46], "nsamples": 300}, "headlines": {"pearson": [0.7312359274880449, 2.13972380562333e-126], "spearman": [0.7114482588035922, 1.0324109931479339e-116], "nsamples": 750}, "images": {"pearson": [0.8410487382699345, 8.849708766955842e-202], "spearman": [0.8086542549767207, 1.6143113909708765e-174], "nsamples": 750}, "OnWN": {"pearson": [0.7776495861357715, 6.431840097757286e-153], "spearman": [0.7964992653488973, 1.3265302334889749e-165], "nsamples": 750}, "tweet-news": {"pearson": [0.7736246794316661, 2.2713599734533819e-150], "spearman": [0.7168648744526597, 2.791456182239727e-119], "nsamples": 750}, "all": {"pearson": {"mean": 0.7388755661023029, "wmean": 0.7523978177929633}, "spearman": {"mean": 0.7168971764011066, "wmean": 0.7306519185149708}}}, "STS15": {"answers-forums": {"pearson": [0.7433252014836361, 4.08064015066623e-67], "spearman": [0.7457692383094489, 8.868622691705042e-68], "nsamples": 375}, "answers-students": {"pearson": [0.7453035191754832, 8.023624914544615e-134], "spearman": [0.749444316694225, 4.2120437892249995e-136], "nsamples": 750}, "belief": {"pearson": [0.7959001558051167, 2.651887072381303e-83], "spearman": [0.8106026739024571, 1.0486361772828306e-88], "nsamples": 375}, "headlines": {"pearson": [0.7924604090898535, 8.941734753202579e-163], "spearman": [0.7956460459027437, 5.316214728537852e-165], "nsamples": 750}, "images": {"pearson": [0.8996893544612631, 1.7445806855963326e-271], "spearman": [0.9052413436514222, 2.9155298685712927e-280], "nsamples": 750}, "all": {"pearson": {"mean": 0.7953357280030706, "wmean": 0.8017664903427439}, "spearman": {"mean": 0.8013407236920594, "wmean": 0.8071294155885859}}}, "STS16": {"answer-answer": {"pearson": [0.7332691606512337, 4.1345849769030873e-44], "spearman": [0.724091986313735, 1.5219334252225787e-42], "nsamples": 254}, "headlines": {"pearson": [0.7813620729566627, 1.7186612262014977e-52], "spearman": [0.7861735376271327, 1.5265900537990625e-53], "nsamples": 249}, "plagiarism": {"pearson": [0.8476516488279024, 1.0758148494856393e-64], "spearman": [0.8604009213490186, 1.0936863145464393e-68], "nsamples": 230}, "postediting": {"pearson": [0.8595928191726335, 1.6155968905924385e-72], "spearman": [0.8601763321492186, 1.0131742442606034e-72], "nsamples": 244}, "question-question": {"pearson": [0.7227718276391701, 4.6322260807944794e-35], "spearman": [0.7285545649075467, 7.336578298630273e-36], "nsamples": 209}, "all": {"pearson": {"mean": 0.7889295058495204, "wmean": 0.7896874890866349}, "spearman": {"mean": 0.7918794684693303, "wmean": 0.7923437743787569}}}}