{"MR": {"devacc": 68.56, "acc": 69.15, "ndev": 10662, "ntest": 10662}, "CR": {"devacc": 78.57, "acc": 76.26, "ndev": 3775, "ntest": 3775}, "SUBJ": {"devacc": 89.9, "acc": 89.7, "ndev": 10000, "ntest": 10000}, "MPQA": {"devacc": 86.6, "acc": 85.77, "ndev": 10606, "ntest": 10606}, "SST5": {"devacc": 37.69, "acc": 37.47, "ndev": 1101, "ntest": 2210}, "TREC": {"devacc": 81.79, "acc": 87.0, "ndev": 5452, "ntest": 500}, "MRPC": {"devacc": 73.6, "acc": 69.33, "f1": 74.96, "ndev": 4076, "ntest": 1725}, "STS12": {"MSRpar": {"pearson": [0.6126234408795457, 1.8025620390543156e-78], "spearman": [0.5947845753805191, 5.950358680748314e-73], "nsamples": 750}, "MSRvid": {"pearson": [0.8973054507402779, 7.142034443024765e-268], "spearman": [0.8956539857158587, 2.015701508760859e-265], "nsamples": 750}, "SMTeuroparl": {"pearson": [0.5429951090929717, 1.4720666647895321e-36], "spearman": [0.5723608792501832, 2.663976246656458e-41], "nsamples": 459}, "surprise.OnWN": {"pearson": [0.6958804632236922, 1.186012785093075e-109], "spearman": [0.6951699975536512, 2.4292807355693e-109], "nsamples": 750}, "surprise.SMTnews": {"pearson": [0.5896137572655044, 1.0112050199154958e-38], "spearman": [0.5810696760170702, 2.1030786171315217e-37], "nsamples": 399}, "all": {"pearson": {"mean": 0.6676836442403984, "wmean": 0.6881749228942237}, "spearman": {"mean": 0.6678078227834565, "wmean": 0.686540174805073}}}, "STS13": {"FNWN": {"pearson": [0.5311111818472759, 3.782250287888149e-15], "spearman": [0.5621296679397787, 3.882528991310819e-17], "nsamples": 189}, "headlines": {"pearson": [0.7513140634069028, 3.8043871962631395e-137], "spearman": [0.7412109307375476, 1.302038697509218e-131], "nsamples": 750}, "OnWN": {"pearson": [0.7317035687310787, 4.1139282899497554e-95], "spearman": [0.726304733334726, 4.536986520532432e-93], "nsamples": 561}, "all": {"pearson": {"mean": 0.6713762713284191, "wmean": 0.7162341753216315}, "spearman": {"mean": 0.6765484440040175, "wmean": 0.7130717737963734}}}, "STS14": {"deft-forum": {"pearson": [0.5850324826059663, 1.123962177266698e-42], "spearman": [0.5822961771295173, 3.342324732333537e-42], "nsamples": 450}, "deft-news": {"pearson": [0.7727285398273274, 8.878772622193823e-61], "spearman": [0.7442836591167741, 3.536181747108826e-54], "nsamples": 300}, "headlines": {"pearson": [0.7324238684847291, 5.2668942789778875e-127], "spearman": [0.7107781226742693, 2.1253511120634868e-116], "nsamples": 750}, "images": {"pearson": [0.8469166800914273, 2.2443531543244432e-207], "spearman": [0.8132762957109362, 4.4507801863214203e-178], "nsamples": 750}, "OnWN": {"pearson": [0.784820541591471, 1.3601293496682524e-157], "spearman": [0.8086844499437753, 1.5312616751363685e-174], "nsamples": 750}, "tweet-news": {"pearson": [0.7793351002337275, 5.3135106279532644e-154], "spearman": [0.7177538625680278, 1.0437326336789356e-119], "nsamples": 750}, "all": {"pearson": {"mean": 0.7502095354724414, "wmean": 0.7607214191791731}, "spearman": {"mean": 0.7295120945238834, "wmean": 0.7395167801642858}}}, "STS15": {"answers-forums": {"pearson": [0.7440070366554873, 2.6703058079634027e-67], "spearman": [0.7442078962490303, 2.3561125609266215e-67], "nsamples": 375}, "answers-students": {"pearson": [0.749326877794643, 4.89519768229546e-136], "spearman": [0.7541037340562541, 1.0112773656602348e-138], "nsamples": 750}, "belief": {"pearson": [0.795655861126756, 3.232642914132223e-83], "spearman": [0.8124846444255458, 1.9720551043303548e-89], "nsamples": 375}, "headlines": {"pearson": [0.787185052947327, 3.569521689315676e-159], "spearman": [0.7904723536326067, 2.092952097997398e-161], "nsamples": 750}, "images": {"pearson": [0.8964455271794174, 1.36468563594835e-266], "spearman": [0.9015045593867101, 2.690241382446697e-274], "nsamples": 750}, "all": {"pearson": {"mean": 0.7945240711407261, "wmean": 0.8006972267031273}, "spearman": {"mean": 0.8005546375500293, "wmean": 0.8061067293532148}}}, "STS16": {"answer-answer": {"pearson": [0.729824430766447, 1.6284098968850648e-43], "spearman": [0.7210527602380578, 4.865470758904512e-42], "nsamples": 254}, "headlines": {"pearson": [0.7855304506338763, 2.117514424227157e-53], "spearman": [0.7923461214615891, 6.2274059468371765e-55], "nsamples": 249}, "plagiarism": {"pearson": [0.8388188666782641, 3.8841522877189702e-62], "spearman": [0.8552743641476227, 4.9024381967136024e-67], "nsamples": 230}, "postediting": {"pearson": [0.8626609832542346, 1.3564124468459159e-73], "spearman": [0.8650526988683338, 1.8855462653619937e-74], "nsamples": 244}, "question-question": {"pearson": [0.737243839766313, 4.201532310915321e-37], "spearman": [0.7403657464406007, 1.4623382273441219e-37], "nsamples": 209}, "all": {"pearson": {"mean": 0.790815714219827, "wmean": 0.7912934817737826}, "spearman": {"mean": 0.7948183382312408, "wmean": 0.7950792484218503}}}}