{"MR": {"devacc": 67.49, "acc": 67.4, "ndev": 10662, "ntest": 10662}, "CR": {"devacc": 77.49, "acc": 77.03, "ndev": 3775, "ntest": 3775}, "SUBJ": {"devacc": 88.44, "acc": 88.22, "ndev": 10000, "ntest": 10000}, "MPQA": {"devacc": 85.27, "acc": 85.43, "ndev": 10606, "ntest": 10606}, "SST5": {"devacc": 35.33, "acc": 35.7, "ndev": 1101, "ntest": 2210}, "TREC": {"devacc": 80.52, "acc": 85.0, "ndev": 5452, "ntest": 500}, "MRPC": {"devacc": 72.86, "acc": 72.46, "f1": 80.25, "ndev": 4076, "ntest": 1725}, "STS12": {"MSRpar": {"pearson": [0.598760309264796, 3.754833640098892e-74], "spearman": [0.5738959038473549, 6.497419068107091e-67], "nsamples": 750}, "MSRvid": {"pearson": [0.8880156243449966, 1.3404072050489594e-254], "spearman": [0.8867213178780262, 7.638760388992979e-253], "nsamples": 750}, "SMTeuroparl": {"pearson": [0.5326819019252791, 5.3111405312375e-35], "spearman": [0.5574940907026802, 7.68021363498747e-39], "nsamples": 459}, "surprise.OnWN": {"pearson": [0.697885363205512, 1.550319531511608e-110], "spearman": [0.6946100674206639, 4.268216848724757e-109], "nsamples": 750}, "surprise.SMTnews": {"pearson": [0.6181185687747536, 2.0456195438493536e-43], "spearman": [0.6246278728135622, 1.480216679295344e-44], "nsamples": 399}, "all": {"pearson": {"mean": 0.6670923535030674, "wmean": 0.6852079390399962}, "spearman": {"mean": 0.6674698505324574, "wmean": 0.6826051402009896}}}, "STS13": {"FNWN": {"pearson": [0.5409978315495455, 9.247465672802454e-16], "spearman": [0.5703571631559136, 1.0618450542962945e-17], "nsamples": 189}, "headlines": {"pearson": [0.7429195563663912, 1.5739138316446165e-132], "spearman": [0.7368591502168835, 2.626324426528056e-129], "nsamples": 750}, "OnWN": {"pearson": [0.7010048289172676, 4.0912717154100037e-84], "spearman": [0.7019301715602266, 2.0001110363393274e-84], "nsamples": 561}, "all": {"pearson": {"mean": 0.6616407389444015, "wmean": 0.7018013109734964}, "spearman": {"mean": 0.6697154949776746, "wmean": 0.7028164618296115}}}, "STS14": {"deft-forum": {"pearson": [0.5517184289495551, 3.3239530307652855e-37], "spearman": [0.5454541137711267, 3.0411118403458275e-36], "nsamples": 450}, "deft-news": {"pearson": [0.7447474505160455, 2.805435466248056e-54], "spearman": [0.7021828637394344, 7.160941227697666e-46], "nsamples": 300}, "headlines": {"pearson": [0.7238434113490791, 1.1142436690004538e-122], "spearman": [0.7025740826549979, 1.24418669779663e-112], "nsamples": 750}, "images": {"pearson": [0.8301814445611015, 5.403371934645206e-192], "spearman": [0.7964822507756036, 1.3638538551194635e-165], "nsamples": 750}, "OnWN": {"pearson": [0.7733966676824319, 3.1553607730772576e-150], "spearman": [0.799603213387221, 8.033291566918722e-168], "nsamples": 750}, "tweet-news": {"pearson": [0.7607696701885119, 1.4229744965829859e-142], "spearman": [0.7036356426015291, 4.118257328124929e-113], "nsamples": 750}, "all": {"pearson": {"mean": 0.7307761788744541, "wmean": 0.7434242462714552}, "spearman": {"mean": 0.7083220278216521, "wmean": 0.7220881606355603}}}, "STS15": {"answers-forums": {"pearson": [0.7315900322365775, 4.9145080988452574e-64], "spearman": [0.740402979817611, 2.4743594839280394e-66], "nsamples": 375}, "answers-students": {"pearson": [0.743593745750528, 6.805911938926685e-133], "spearman": [0.7473561706364034, 6.022404077272383e-135], "nsamples": 750}, "belief": {"pearson": [0.7764659393635523, 8.315208744484792e-77], "spearman": [0.7866106849949137, 4.107790190095851e-80], "nsamples": 375}, "headlines": {"pearson": [0.7699891141897256, 4.100752191412977e-148], "spearman": [0.7746347523172069, 5.270349047365948e-151], "nsamples": 750}, "images": {"pearson": [0.8841613714647996, 1.9655908316437897e-249], "spearman": [0.8883314098610727, 4.961055053624467e-255], "nsamples": 750}, "all": {"pearson": {"mean": 0.7811600406010365, "wmean": 0.7879430543012795}, "spearman": {"mean": 0.7874671995254415, "wmean": 0.7934572913052365}}}, "STS16": {"answer-answer": {"pearson": [0.7540103873459998, 6.6943528218391e-48], "spearman": [0.7524673813307236, 1.3200815718342397e-47], "nsamples": 254}, "headlines": {"pearson": [0.7599209684175359, 4.123538478525348e-48], "spearman": [0.7678764159617616, 1.1099273930918041e-49], "nsamples": 249}, "plagiarism": {"pearson": [0.8326623944240458, 1.915412681295588e-60], "spearman": [0.8466311163034625, 2.164928428378768e-64], "nsamples": 230}, "postediting": {"pearson": [0.8587286274055128, 3.212067971162763e-72], "spearman": [0.8640069046328124, 4.489041723377856e-74], "nsamples": 244}, "question-question": {"pearson": [0.7288929090195719, 6.577041181072894e-36], "spearman": [0.7279694950447101, 8.859286690619334e-36], "nsamples": 209}, "all": {"pearson": {"mean": 0.7868430573225332, "wmean": 0.787622017969154}, "spearman": {"mean": 0.791790262654694, "wmean": 0.7925939362369557}}}}