{"MR": {"devacc": 68.77, "acc": 70.01, "ndev": 10662, "ntest": 10662}, "CR": {"devacc": 79.2, "acc": 77.03, "ndev": 3775, "ntest": 3775}, "SUBJ": {"devacc": 90.26, "acc": 89.92, "ndev": 10000, "ntest": 10000}, "MPQA": {"devacc": 86.52, "acc": 86.21, "ndev": 10606, "ntest": 10606}, "SST5": {"devacc": 37.24, "acc": 39.95, "ndev": 1101, "ntest": 2210}, "TREC": {"devacc": 79.86, "acc": 86.8, "ndev": 5452, "ntest": 500}, "MRPC": {"devacc": 73.6, "acc": 70.26, "f1": 75.93, "ndev": 4076, "ntest": 1725}, "STS12": {"MSRpar": {"pearson": [0.6224943229939938, 1.116076228769249e-81], "spearman": [0.5999302520901851, 1.6529847793455489e-74], "nsamples": 750}, "MSRvid": {"pearson": [0.898920610037387, 2.6082459657904415e-270], "spearman": [0.8995131878138785, 3.2487552000568835e-271], "nsamples": 750}, "SMTeuroparl": {"pearson": [0.5414040908043389, 2.580401870063005e-36], "spearman": [0.5855162118892185, 1.3863950808198722e-43], "nsamples": 459}, "surprise.OnWN": {"pearson": [0.6995918310112322, 2.7069546856783253e-111], "spearman": [0.6961142483228354, 9.363203716486013e-110], "nsamples": 750}, "surprise.SMTnews": {"pearson": [0.6001063823510732, 2.146130497387688e-40], "spearman": [0.5898731474931768, 9.20897064369266e-39], "nsamples": 399}, "all": {"pearson": {"mean": 0.672503447439605, "wmean": 0.692954310575685}, "spearman": {"mean": 0.6741894095218588, "wmean": 0.6920140261509341}}}, "STS13": {"FNWN": {"pearson": [0.5608724352923563, 4.718308264511314e-17], "spearman": [0.6042775214670653, 3.3881262765692114e-20], "nsamples": 189}, "headlines": {"pearson": [0.7577584059677928, 8.102877435391667e-141], "spearman": [0.7502133326814583, 1.5708727794430949e-136], "nsamples": 750}, "OnWN": {"pearson": [0.7504932589989428, 1.2587424303445275e-102], "spearman": [0.7497833497448001, 2.4887940528983547e-102], "nsamples": 561}, "all": {"pearson": {"mean": 0.6897080334196973, "wmean": 0.7302336086963379}, "spearman": {"mean": 0.7014247346311079, "wmean": 0.7316646068501347}}}, "STS14": {"deft-forum": {"pearson": [0.5795794112768765, 9.762405539781693e-42], "spearman": [0.5679175405942678, 8.69154065841767e-40], "nsamples": 450}, "deft-news": {"pearson": [0.7715422896930961, 1.748128419844241e-60], "spearman": [0.7360856278929971, 1.951716939344555e-52], "nsamples": 300}, "headlines": {"pearson": [0.7379564455028432, 6.959162165281595e-130], "spearman": [0.7159577417647216, 7.587483534227001e-119], "nsamples": 750}, "images": {"pearson": [0.8450910022021547, 1.3092662143884663e-205], "spearman": [0.8140924141238466, 1.0223843334663862e-178], "nsamples": 750}, "OnWN": {"pearson": [0.7978249543394091, 1.514395482586623e-166], "spearman": [0.8198333771753548, 2.6599104655851765e-183], "nsamples": 750}, "tweet-news": {"pearson": [0.7809616832287661, 4.689981248374859e-155], "spearman": [0.7208026876952254, 3.4731010683718864e-121], "nsamples": 750}, "all": {"pearson": {"mean": 0.752159297707191, "wmean": 0.7636397295833075}, "spearman": {"mean": 0.7291148982077355, "wmean": 0.7411741992545816}}}, "STS15": {"answers-forums": {"pearson": [0.7569289258725784, 6.634286127216765e-71], "spearman": [0.7630121555091092, 1.1103574160841049e-72], "nsamples": 375}, "answers-students": {"pearson": [0.75466469174741, 4.8475417755736976e-139], "spearman": [0.7589629420297362, 1.6201238687557926e-141], "nsamples": 750}, "belief": {"pearson": [0.8095023998109988, 2.761510674928554e-88], "spearman": [0.8251162278103672, 1.5929619879002605e-94], "nsamples": 375}, "headlines": {"pearson": [0.789903952575731, 5.1230350263747664e-161], "spearman": [0.7937498641445806, 1.13556405011385e-163], "nsamples": 750}, "images": {"pearson": [0.9009441414682696, 2.012487570094884e-273], "spearman": [0.9053028100873125, 2.3149102469657415e-280], "nsamples": 750}, "all": {"pearson": {"mean": 0.8023888222949976, "wmean": 0.8071821121582998}, "spearman": {"mean": 0.8092287999162211, "wmean": 0.8130199519803418}}}, "STS16": {"answer-answer": {"pearson": [0.7426467504854188, 8.866726621872613e-46], "spearman": [0.733525053646647, 3.7311088209768326e-44], "nsamples": 254}, "headlines": {"pearson": [0.7831639347427881, 6.991512728851822e-53], "spearman": [0.7872877081667325, 8.636872993043738e-54], "nsamples": 249}, "plagiarism": {"pearson": [0.8337672005329427, 9.628803006914053e-61], "spearman": [0.8496403113491376, 2.7131176749530915e-65], "nsamples": 230}, "postediting": {"pearson": [0.8644807703737747, 3.0328254665477718e-74], "spearman": [0.8665874302779278, 5.210009810167052e-75], "nsamples": 244}, "question-question": {"pearson": [0.7318283603842949, 2.530572207732653e-36], "spearman": [0.7312349078489628, 3.072703278748801e-36], "nsamples": 209}, "all": {"pearson": {"mean": 0.7911774033038439, "wmean": 0.7919831246107473}, "spearman": {"mean": 0.7936550822578816, "wmean": 0.7943024479749697}}}}