{"MR": {"devacc": 67.58, "acc": 67.83, "ndev": 10662, "ntest": 10662}, "CR": {"devacc": 77.61, "acc": 76.69, "ndev": 3775, "ntest": 3775}, "SUBJ": {"devacc": 88.39, "acc": 88.2, "ndev": 10000, "ntest": 10000}, "MPQA": {"devacc": 84.84, "acc": 84.91, "ndev": 10606, "ntest": 10606}, "SST5": {"devacc": 33.7, "acc": 31.31, "ndev": 1101, "ntest": 2210}, "TREC": {"devacc": 76.21, "acc": 85.6, "ndev": 5452, "ntest": 500}, "MRPC": {"devacc": 72.2, "acc": 72.12, "f1": 81.62, "ndev": 4076, "ntest": 1725}, "STS12": {"MSRpar": {"pearson": [0.5761361434905604, 1.5342060042271296e-67], "spearman": [0.5691073858834111, 1.3695294343219582e-65], "nsamples": 750}, "MSRvid": {"pearson": [0.8768236774313392, 4.3583551444132327e-240], "spearman": [0.8765800215976476, 8.696281064875291e-240], "nsamples": 750}, "SMTeuroparl": {"pearson": [0.5454913799000146, 6.065147098121809e-37], "spearman": [0.5997343074120868, 3.578118530723308e-46], "nsamples": 459}, "surprise.OnWN": {"pearson": [0.6976641662361068, 1.9421153310341412e-110], "spearman": [0.6945021717006254, 4.757155780391883e-109], "nsamples": 750}, "surprise.SMTnews": {"pearson": [0.585732207996121, 4.0592821079289244e-38], "spearman": [0.5910477426114872, 6.022475128652361e-39], "nsamples": 399}, "all": {"pearson": {"mean": 0.6563695150108284, "wmean": 0.6747283412912046}, "spearman": {"mean": 0.6661943258410516, "wmean": 0.6809035652478747}}}, "STS13": {"FNWN": {"pearson": [0.49032369125317443, 7.975191512181457e-13], "spearman": [0.5165555485500831, 2.7725430675131108e-14], "nsamples": 189}, "headlines": {"pearson": [0.7423319243156067, 3.2613662215745393e-132], "spearman": [0.7328377411932856, 3.226134093530761e-127], "nsamples": 750}, "OnWN": {"pearson": [0.69296034520409, 1.8370806511416315e-81], "spearman": [0.6914477142989295, 5.6637310978464965e-81], "nsamples": 561}, "all": {"pearson": {"mean": 0.6418719869242904, "wmean": 0.6921139163620329}, "spearman": {"mean": 0.6469470013474328, "wmean": 0.6901063148617529}}}, "STS14": {"deft-forum": {"pearson": [0.5377702985009482, 4.314874790676028e-35], "spearman": [0.5365727232316637, 6.484109382668977e-35], "nsamples": 450}, "deft-news": {"pearson": [0.7398992666478369, 3.0781724604963234e-53], "spearman": [0.7087609761516688, 4.521129224814591e-47], "nsamples": 300}, "headlines": {"pearson": [0.7117036194550831, 7.836542166372516e-117], "spearman": [0.6937013224367226, 1.0624249241047094e-108], "nsamples": 750}, "images": {"pearson": [0.8209958253892241, 2.99635014607474e-184], "spearman": [0.7956172208892501, 5.570832185789795e-165], "nsamples": 750}, "OnWN": {"pearson": [0.7673510834509435, 1.6763782869980808e-146], "spearman": [0.7937196265972574, 1.192067846446954e-163], "nsamples": 750}, "tweet-news": {"pearson": [0.7602519394247876, 2.8632559083280997e-142], "spearman": [0.7116817260185194, 8.024066898056806e-117], "nsamples": 750}, "all": {"pearson": {"mean": 0.7229953388114706, "wmean": 0.7357848706959484}, "spearman": {"mean": 0.706675599220847, "wmean": 0.720033584068283}}}, "STS15": {"answers-forums": {"pearson": [0.6816604190372115, 1.4797898665700641e-52], "spearman": [0.6763286523049301, 1.8268475647588255e-51], "nsamples": 375}, "answers-students": {"pearson": [0.724967420411707, 3.088368479108577e-123], "spearman": [0.7294096454965587, 1.8195971974919937e-125], "nsamples": 750}, "belief": {"pearson": [0.7797900227951996, 7.177080243363441e-78], "spearman": [0.7969328109537963, 1.1447551391161572e-83], "nsamples": 375}, "headlines": {"pearson": [0.7751701739893897, 2.422078179104243e-151], "spearman": [0.776527415952139, 3.3425088794319447e-152], "nsamples": 750}, "images": {"pearson": [0.8781257876944834, 1.059658121801671e-241], "spearman": [0.8831187438138474, 4.565679684400474e-248], "nsamples": 750}, "all": {"pearson": {"mean": 0.7679427647855983, "wmean": 0.7772471507529464}, "spearman": {"mean": 0.7724634537042544, "wmean": 0.7814216342229772}}}, "STS16": {"answer-answer": {"pearson": [0.7150855173763849, 4.5590089627722446e-41], "spearman": [0.7049062126445104, 1.820512600529738e-39], "nsamples": 254}, "headlines": {"pearson": [0.7698835357686364, 4.35758367296407e-50], "spearman": [0.7729610467224104, 1.0199384554609125e-50], "nsamples": 249}, "plagiarism": {"pearson": [0.8133755678266971, 1.4765843105662335e-55], "spearman": [0.8234218764250829, 4.987978239908462e-58], "nsamples": 230}, "postediting": {"pearson": [0.8515315586298879, 8.273861124651508e-70], "spearman": [0.8527141058060616, 3.39181423145803e-70], "nsamples": 244}, "question-question": {"pearson": [0.7165672493813092, 3.178333281026308e-34], "spearman": [0.7266231069749223, 1.3648208352437094e-35], "nsamples": 209}, "all": {"pearson": {"mean": 0.7732886857965832, "wmean": 0.7739842814894763}, "spearman": {"mean": 0.7761252697145975, "wmean": 0.7764139809424896}}}}