{"MR": {"devacc": 68.36, "acc": 66.14, "ndev": 10662, "ntest": 10662}, "CR": {"devacc": 76.44, "acc": 75.71, "ndev": 3775, "ntest": 3775}, "SUBJ": {"devacc": 86.95, "acc": 86.53, "ndev": 10000, "ntest": 10000}, "MPQA": {"devacc": 84.47, "acc": 85.45, "ndev": 10606, "ntest": 10606}, "SST5": {"devacc": 37.24, "acc": 35.16, "ndev": 1101, "ntest": 2210}, "TREC": {"devacc": 73.48, "acc": 80.6, "ndev": 5452, "ntest": 500}, "MRPC": {"devacc": 71.59, "acc": 66.03, "f1": 70.64, "ndev": 4076, "ntest": 1725}, "STS12": {"MSRpar": {"pearson": [0.5687242734100563, 1.7440135114013825e-65], "spearman": [0.5735397982749364, 8.16471080238433e-67], "nsamples": 750}, "MSRvid": {"pearson": [0.8729867212258356, 1.9552697919183707e-235], "spearman": [0.878407413651547, 4.7164333637003084e-242], "nsamples": 750}, "SMTeuroparl": {"pearson": [0.5191341049914936, 4.9105185207640716e-33], "spearman": [0.5552903269113711, 1.7359845470244725e-38], "nsamples": 459}, "surprise.OnWN": {"pearson": [0.6769784596019575, 1.1466781766537359e-101], "spearman": [0.6721567811410478, 1.0032988653694487e-99], "nsamples": 750}, "surprise.SMTnews": {"pearson": [0.5571653966078969, 6.475842738225744e-34], "spearman": [0.516017115292435, 1.5673941322307802e-28], "nsamples": 399}, "all": {"pearson": {"mean": 0.638997791167448, "wmean": 0.6594622387760726}, "spearman": {"mean": 0.6390822870542674, "wmean": 0.6608259600561934}}}, "STS13": {"FNWN": {"pearson": [0.4596612380565405, 2.861922104036903e-11], "spearman": [0.491790283892423, 6.65922079112222e-13], "nsamples": 189}, "headlines": {"pearson": [0.7211559824333665, 2.3344597287059246e-121], "spearman": [0.7099455501265317, 5.197201062018279e-116], "nsamples": 750}, "OnWN": {"pearson": [0.6735054354074334, 2.1423130677013407e-75], "spearman": [0.6760831113545741, 3.580308077206478e-76], "nsamples": 561}, "all": {"pearson": {"mean": 0.61810755196578, "wmean": 0.6703863400541874}, "spearman": {"mean": 0.6259396484578429, "wmean": 0.6697934344803218}}}, "STS14": {"deft-forum": {"pearson": [0.5608708224917947, 1.202240251323947e-38], "spearman": [0.5614289547623017, 9.786357263907976e-39], "nsamples": 450}, "deft-news": {"pearson": [0.7202715840603183, 2.974029778814833e-49], "spearman": [0.6877414091644449, 2.3805041629534008e-43], "nsamples": 300}, "headlines": {"pearson": [0.6944660751292838, 4.932877557422389e-109], "spearman": [0.6750839597438557, 6.712575725866496e-101], "nsamples": 750}, "images": {"pearson": [0.8122409459052853, 2.8467839682872542e-177], "spearman": [0.7870897763965294, 4.1371800032520947e-159], "nsamples": 750}, "OnWN": {"pearson": [0.759027069011919, 1.4866700869680206e-141], "spearman": [0.7825668758284601, 4.187088954406928e-156], "nsamples": 750}, "tweet-news": {"pearson": [0.7214925015506972, 1.5980817155980623e-121], "spearman": [0.6672741897637527, 8.527018166056504e-98], "nsamples": 750}, "all": {"pearson": {"mean": 0.711394833024883, "wmean": 0.7223715437432779}, "spearman": {"mean": 0.6935308609432241, "wmean": 0.7047937476511514}}}, "STS15": {"answers-forums": {"pearson": [0.6759436013791015, 2.1859404887717898e-51], "spearman": [0.6777524724269915, 9.386012015977903e-52], "nsamples": 375}, "answers-students": {"pearson": [0.7361268854358741, 6.348246815184567e-129], "spearman": [0.7389082335417209, 2.1872262336016817e-130], "nsamples": 750}, "belief": {"pearson": [0.7541978937250258, 4.002268850584475e-70], "spearman": [0.7644596666657586, 4.119880179308473e-73], "nsamples": 375}, "headlines": {"pearson": [0.7482137092387464, 2.026344681051598e-135], "spearman": [0.7486517100898499, 1.1597156544257044e-135], "nsamples": 750}, "images": {"pearson": [0.8688285515466347, 1.4608443688629113e-230], "spearman": [0.8749148683665762, 9.391392203718891e-238], "nsamples": 750}, "all": {"pearson": {"mean": 0.7566621282650765, "wmean": 0.7670599734433298}, "spearman": {"mean": 0.7609373902181794, "wmean": 0.7708952203861306}}}, "STS16": {"answer-answer": {"pearson": [0.7174548711465971, 1.88814347114579e-41], "spearman": [0.7153637636664979, 4.112581048943207e-41], "nsamples": 254}, "headlines": {"pearson": [0.7698651852440661, 4.395181340857895e-50], "spearman": [0.7776656063810287, 1.0593305981825705e-51], "nsamples": 249}, "plagiarism": {"pearson": [0.8203108402923844, 3.0178126941336694e-57], "spearman": [0.8375966843461515, 8.531044367877243e-62], "nsamples": 230}, "postediting": {"pearson": [0.8415995465561118, 1.1038097396203939e-66], "spearman": [0.8414749903631084, 1.2042286667698547e-66], "nsamples": 244}, "question-question": {"pearson": [0.6292925026494023, 1.8972000231366956e-24], "spearman": [0.6330294802576236, 8.378387755796372e-25], "nsamples": 209}, "all": {"pearson": {"mean": 0.7557045891777123, "wmean": 0.7584096830334509}, "spearman": {"mean": 0.7610261050028819, "wmean": 0.7635846782312169}}}}