{"MR": {"devacc": 67.65, "acc": 66.77, "ndev": 10662, "ntest": 10662}, "CR": {"devacc": 77.36, "acc": 76.08, "ndev": 3775, "ntest": 3775}, "SUBJ": {"devacc": 89.09, "acc": 88.46, "ndev": 10000, "ntest": 10000}, "MPQA": {"devacc": 85.3, "acc": 85.5, "ndev": 10606, "ntest": 10606}, "SST5": {"devacc": 34.06, "acc": 36.15, "ndev": 1101, "ntest": 2210}, "TREC": {"devacc": 79.46, "acc": 82.2, "ndev": 5452, "ntest": 500}, "MRPC": {"devacc": 72.13, "acc": 72.41, "f1": 82.28, "ndev": 4076, "ntest": 1725}, "STS12": {"MSRpar": {"pearson": [0.6191561476948875, 1.3978568415356972e-80], "spearman": [0.5965392517473471, 1.7661029476229503e-73], "nsamples": 750}, "MSRvid": {"pearson": [0.8931725688193968, 8.133167569048191e-262], "spearman": [0.8946232548153674, 6.503668206985715e-264], "nsamples": 750}, "SMTeuroparl": {"pearson": [0.5421788024145601, 1.964066847606447e-36], "spearman": [0.5629372824785555, 9.980724324328903e-40], "nsamples": 459}, "surprise.OnWN": {"pearson": [0.6937526072243856, 1.0092216117777181e-108], "spearman": [0.6924355627030956, 3.762597255048974e-108], "nsamples": 750}, "surprise.SMTnews": {"pearson": [0.610152188363182, 4.6857509528122985e-42], "spearman": [0.5992951139542442, 2.9055569396007516e-40], "nsamples": 399}, "all": {"pearson": {"mean": 0.6716824629032825, "wmean": 0.6907566879888014}, "spearman": {"mean": 0.669166093139722, "wmean": 0.687003061478365}}}, "STS13": {"FNWN": {"pearson": [0.5523564143305816, 1.7298513882350454e-16], "spearman": [0.5891861523350219, 4.749212692651282e-19], "nsamples": 189}, "headlines": {"pearson": [0.7462001159808637, 2.5970523134776676e-134], "spearman": [0.7390106201798827, 1.9305878840371822e-130], "nsamples": 750}, "OnWN": {"pearson": [0.7064326101278757, 5.908047955185504e-86], "spearman": [0.702739824089722, 1.0668901374117702e-84], "nsamples": 561}, "all": {"pearson": {"mean": 0.6683297134797735, "wmean": 0.7069027623839106}, "spearman": {"mean": 0.6769788655348755, "wmean": 0.7065674594937102}}}, "STS14": {"deft-forum": {"pearson": [0.5676373395524267, 9.660228359499862e-40], "spearman": [0.5580280962997356, 3.408490556919496e-38], "nsamples": 450}, "deft-news": {"pearson": [0.7288134864931194, 6.053420189726733e-51], "spearman": [0.6933963152681886, 2.552686984633625e-44], "nsamples": 300}, "headlines": {"pearson": [0.7187719518671771, 3.3672081935506556e-120], "spearman": [0.6958255346902218, 1.2537081098023442e-109], "nsamples": 750}, "images": {"pearson": [0.8214994404659942, 1.1577736679860686e-184], "spearman": [0.7896813778836652, 7.268295611475735e-161], "nsamples": 750}, "OnWN": {"pearson": [0.7819921074407876, 9.968825153941324e-156], "spearman": [0.8034317981242229, 1.3026721009246014e-170], "nsamples": 750}, "tweet-news": {"pearson": [0.7671092381876365, 2.3498452596986264e-146], "spearman": [0.7230937033296607, 2.6129346269808565e-122], "nsamples": 750}, "all": {"pearson": {"mean": 0.7309705940011902, "wmean": 0.74429610725806}, "spearman": {"mean": 0.7105761375992824, "wmean": 0.7248415595829775}}}, "STS15": {"answers-forums": {"pearson": [0.7073337094101422, 3.7231854848890324e-58], "spearman": [0.709167957994097, 1.404567969455844e-58], "nsamples": 375}, "answers-students": {"pearson": [0.7478767337246985, 3.1105175716421597e-135], "spearman": [0.7540168081985786, 1.1331287982226226e-138], "nsamples": 750}, "belief": {"pearson": [0.7870805801169086, 2.858227593752992e-80], "spearman": [0.8056436737740252, 7.8443890044431994e-87], "nsamples": 375}, "headlines": {"pearson": [0.7811589563477659, 3.488994097465385e-155], "spearman": [0.7838702019929008, 5.799244968245664e-157], "nsamples": 750}, "images": {"pearson": [0.8814394841887404, 6.798771552753611e-246], "spearman": [0.889082067017805, 4.6154990763413793e-256], "nsamples": 750}, "all": {"pearson": {"mean": 0.7809778927576512, "wmean": 0.7894205797561825}, "spearman": {"mean": 0.7883561417954814, "wmean": 0.7960937232733365}}}, "STS16": {"answer-answer": {"pearson": [0.7223988089656649, 2.913495458451911e-42], "spearman": [0.7153450278183546, 4.1412344605867604e-41], "nsamples": 254}, "headlines": {"pearson": [0.7926532710102749, 5.295884387629431e-55], "spearman": [0.7972548081831908, 4.521135307890297e-56], "nsamples": 249}, "plagiarism": {"pearson": [0.8299787944034126, 9.972031400986937e-60], "spearman": [0.8449265218366635, 6.883616021917294e-64], "nsamples": 230}, "postediting": {"pearson": [0.8552258909222673, 4.971221316393315e-71], "spearman": [0.8563025460343344, 2.158486050185652e-71], "nsamples": 244}, "question-question": {"pearson": [0.7066610107332253, 6.196917461412855e-33], "spearman": [0.7088572226637532, 3.242342553312074e-33], "nsamples": 209}, "all": {"pearson": {"mean": 0.781383555206969, "wmean": 0.7825652220066607}, "spearman": {"mean": 0.7845372253072593, "wmean": 0.7855279638237869}}}}