{"MR": {"devacc": 67.46, "acc": 67.85, "ndev": 10662, "ntest": 10662}, "CR": {"devacc": 77.29, "acc": 76.77, "ndev": 3775, "ntest": 3775}, "SUBJ": {"devacc": 88.75, "acc": 88.6, "ndev": 10000, "ntest": 10000}, "MPQA": {"devacc": 85.57, "acc": 85.51, "ndev": 10606, "ntest": 10606}, "SST5": {"devacc": 37.15, "acc": 36.7, "ndev": 1101, "ntest": 2210}, "TREC": {"devacc": 76.58, "acc": 85.8, "ndev": 5452, "ntest": 500}, "MRPC": {"devacc": 71.07, "acc": 72.58, "f1": 80.32, "ndev": 4076, "ntest": 1725}, "STS12": {"MSRpar": {"pearson": [0.5826952086843497, 2.101018258435785e-69], "spearman": [0.5622088407092394, 1.0138546605175147e-63], "nsamples": 750}, "MSRvid": {"pearson": [0.8888134785699467, 1.0816695281044868e-255], "spearman": [0.8888444235085681, 9.806828102244513e-256], "nsamples": 750}, "SMTeuroparl": {"pearson": [0.5471771598817801, 3.318579992122639e-37], "spearman": [0.5910263504679477, 1.4257858672490319e-44], "nsamples": 459}, "surprise.OnWN": {"pearson": [0.6834900854482522, 2.382657757676516e-104], "spearman": [0.6850348250129791, 5.37513653079494e-105], "nsamples": 750}, "surprise.SMTnews": {"pearson": [0.5723620329145743, 4.233621855002204e-36], "spearman": [0.544931685004352, 3.090907671906211e-32], "nsamples": 399}, "all": {"pearson": {"mean": 0.6549075930997805, "wmean": 0.6743165531034633}, "spearman": {"mean": 0.6544092249406173, "wmean": 0.6727074981031578}}}, "STS13": {"FNWN": {"pearson": [0.5156593287509793, 3.124699110117576e-14], "spearman": [0.5529255275239843, 1.5878235389273054e-16], "nsamples": 189}, "headlines": {"pearson": [0.7353513404943655, 1.6114598706706396e-128], "spearman": [0.7262371056236937, 7.193000773918929e-124], "nsamples": 750}, "OnWN": {"pearson": [0.716098217084213, 2.4397907721603614e-89], "spearman": [0.7202980383344513, 7.454883455313536e-91], "nsamples": 561}, "all": {"pearson": {"mean": 0.6557029621098526, "wmean": 0.7004694788593018}, "spearman": {"mean": 0.6664868904940431, "wmean": 0.7021786356169537}}}, "STS14": {"deft-forum": {"pearson": [0.5590344867769497, 2.3596099466982885e-38], "spearman": [0.5480110088198701, 1.2390110895028731e-36], "nsamples": 450}, "deft-news": {"pearson": [0.7498403871070789, 2.1355418191167247e-55], "spearman": [0.7214401020722451, 1.7607984498551184e-49], "nsamples": 300}, "headlines": {"pearson": [0.7341656225919824, 6.652697343987143e-128], "spearman": [0.7123654217203141, 3.830207432345127e-117], "nsamples": 750}, "images": {"pearson": [0.8398971408864792, 1.043328234977532e-200], "spearman": [0.8061660639931367, 1.21403303744759e-172], "nsamples": 750}, "OnWN": {"pearson": [0.7822044355336419, 7.237812744529004e-156], "spearman": [0.8054631505001221, 4.067571382112752e-172], "nsamples": 750}, "tweet-news": {"pearson": [0.762846298375025, 8.460209600177852e-144], "spearman": [0.7091019795167799, 1.281842489047718e-115], "nsamples": 750}, "all": {"pearson": {"mean": 0.7379980618785261, "wmean": 0.750894068859226}, "spearman": {"mean": 0.7170912877704114, "wmean": 0.7300958523702346}}}, "STS15": {"answers-forums": {"pearson": [0.7095027570203766, 1.1746537712653837e-58], "spearman": [0.7125802515782061, 2.2443511478183804e-59], "nsamples": 375}, "answers-students": {"pearson": [0.7203084973158228, 6.047935492923276e-121], "spearman": [0.724739205096678, 4.009552547807638e-123], "nsamples": 750}, "belief": {"pearson": [0.779515272836093, 8.802143434298699e-78], "spearman": [0.7895094814034576, 4.320163701757899e-81], "nsamples": 375}, "headlines": {"pearson": [0.7842042038755659, 3.4865226666631096e-157], "spearman": [0.7869551445657778, 5.095861879064274e-159], "nsamples": 750}, "images": {"pearson": [0.8892829959307771, 2.437208940732449e-256], "spearman": [0.8959364991615508, 7.72920340871046e-266], "nsamples": 750}, "all": {"pearson": {"mean": 0.7765627453957271, "wmean": 0.7845761780126}, "spearman": {"mean": 0.781944116361134, "wmean": 0.7896689288287095}}}, "STS16": {"answer-answer": {"pearson": [0.7340707980759085, 2.996122194370836e-44], "spearman": [0.7288074049604116, 2.430968289356676e-43], "nsamples": 254}, "headlines": {"pearson": [0.7583518223247799, 8.274286448218327e-48], "spearman": [0.7674594448404184, 1.3462815324303001e-49], "nsamples": 249}, "plagiarism": {"pearson": [0.8256241276885805, 1.3651527506979512e-58], "spearman": [0.8378191207184196, 7.396452507518586e-62], "nsamples": 230}, "postediting": {"pearson": [0.8493883171939034, 4.0840608645313206e-69], "spearman": [0.8489656394083743, 5.579091504111705e-69], "nsamples": 244}, "question-question": {"pearson": [0.6902355470598706, 6.553679703078837e-31], "spearman": [0.6912615013890752, 4.9431806253615615e-31], "nsamples": 209}, "all": {"pearson": {"mean": 0.7715341224686086, "wmean": 0.7729233681023185}, "spearman": {"mean": 0.7748626222633399, "wmean": 0.7761670743645912}}}}