{"MR": {"devacc": 67.03, "acc": 68.26, "ndev": 10662, "ntest": 10662}, "CR": {"devacc": 77.24, "acc": 76.77, "ndev": 3775, "ntest": 3775}, "SUBJ": {"devacc": 88.85, "acc": 88.72, "ndev": 10000, "ntest": 10000}, "MPQA": {"devacc": 85.56, "acc": 85.88, "ndev": 10606, "ntest": 10606}, "SST5": {"devacc": 35.42, "acc": 35.57, "ndev": 1101, "ntest": 2210}, "TREC": {"devacc": 77.46, "acc": 86.4, "ndev": 5452, "ntest": 500}, "MRPC": {"devacc": 72.87, "acc": 70.32, "f1": 77.62, "ndev": 4076, "ntest": 1725}, "STS12": {"MSRpar": {"pearson": [0.6339023071506912, 1.5624106031714634e-85], "spearman": [0.6036888951115014, 1.1574623154546987e-75], "nsamples": 750}, "MSRvid": {"pearson": [0.8873544527658597, 1.0637399934500716e-253], "spearman": [0.8856727738350357, 1.9489234688408433e-251], "nsamples": 750}, "SMTeuroparl": {"pearson": [0.5238594061455794, 1.0362579417841594e-33], "spearman": [0.5564504542986642, 1.1309101094955218e-38], "nsamples": 459}, "surprise.OnWN": {"pearson": [0.6983719890688163, 9.436913096620256e-111], "spearman": [0.6980095338168015, 1.3660006349744038e-110], "nsamples": 750}, "surprise.SMTnews": {"pearson": [0.6113894749675902, 2.897958984945432e-42], "spearman": [0.5924591579048134, 3.607050004079864e-39], "nsamples": 399}, "all": {"pearson": {"mean": 0.6709755260197073, "wmean": 0.691479224476163}, "spearman": {"mean": 0.6672561629933632, "wmean": 0.686077980887906}}}, "STS13": {"FNWN": {"pearson": [0.5545480601453073, 1.2426176194187546e-16], "spearman": [0.5803900553139071, 2.0789618909787295e-18], "nsamples": 189}, "headlines": {"pearson": [0.7481329805161432, 2.2455806972576546e-135], "spearman": [0.737429417018425, 1.3181066617527557e-129], "nsamples": 750}, "OnWN": {"pearson": [0.707112579109418, 3.450692364874979e-86], "spearman": [0.7040461752176982, 3.8529240588818423e-85], "nsamples": 561}, "all": {"pearson": {"mean": 0.6699312065902895, "wmean": 0.7083996504233028}, "spearman": {"mean": 0.6739552158500101, "wmean": 0.7051571250101839}}}, "STS14": {"deft-forum": {"pearson": [0.5675938663454335, 9.819816992817212e-40], "spearman": [0.5632074585596017, 5.0664934079419786e-39], "nsamples": 450}, "deft-news": {"pearson": [0.7727795512719445, 8.623047106559044e-61], "spearman": [0.7320332927135518, 1.3415782876380365e-51], "nsamples": 300}, "headlines": {"pearson": [0.7200825485096325, 7.790600304174085e-121], "spearman": [0.697197197474508, 3.122912557695037e-110], "nsamples": 750}, "images": {"pearson": [0.8362613190275232, 2.2198966213921483e-197], "spearman": [0.8066095008441772, 5.6474841434413775e-173], "nsamples": 750}, "OnWN": {"pearson": [0.7661586328929784, 8.826968680157728e-146], "spearman": [0.7872802676696556, 3.079812292354722e-159], "nsamples": 750}, "tweet-news": {"pearson": [0.7635916780548638, 3.0500676993279827e-144], "spearman": [0.7023542607648116, 1.5633277912344365e-112], "nsamples": 750}, "all": {"pearson": {"mean": 0.737744599350396, "wmean": 0.747152463760207}, "spearman": {"mean": 0.714780329671051, "wmean": 0.7248358037948668}}}, "STS15": {"answers-forums": {"pearson": [0.702031371140635, 5.977375656000367e-57], "spearman": [0.6936787141442216, 4.192052530923265e-55], "nsamples": 375}, "answers-students": {"pearson": [0.7549804225297687, 3.2018289071114173e-139], "spearman": [0.7569490150670657, 2.377357626766512e-140], "nsamples": 750}, "belief": {"pearson": [0.8075714224781698, 1.4879123121037442e-87], "spearman": [0.8231276453863471, 1.0733584214647153e-93], "nsamples": 375}, "headlines": {"pearson": [0.771980573346901, 2.409724150677067e-149], "spearman": [0.7734104485494332, 3.0933230169617657e-150], "nsamples": 750}, "images": {"pearson": [0.8896214951481107, 8.288479468080802e-257], "spearman": [0.8964302029728721, 1.4380100180886158e-266], "nsamples": 750}, "all": {"pearson": {"mean": 0.785237056928717, "wmean": 0.7928459719585456}, "spearman": {"mean": 0.7887192052239879, "wmean": 0.7962982115886638}}}, "STS16": {"answer-answer": {"pearson": [0.7141193053165509, 6.514341818726293e-41], "spearman": [0.700515392999827, 8.510862382371986e-39], "nsamples": 254}, "headlines": {"pearson": [0.7546251250447191, 4.2354016067217842e-47], "spearman": [0.7585270492219511, 7.657190732184768e-48], "nsamples": 249}, "plagiarism": {"pearson": [0.8173937650307428, 1.5816146166693128e-56], "spearman": [0.8315027293185173, 3.9214276395609e-60], "nsamples": 230}, "postediting": {"pearson": [0.8564559381356567, 1.915532791564858e-71], "spearman": [0.8587955833624812, 3.046016310669142e-72], "nsamples": 244}, "question-question": {"pearson": [0.7246881314221506, 2.528397266307655e-35], "spearman": [0.7186077078230051, 1.6967590797677507e-34], "nsamples": 209}, "all": {"pearson": {"mean": 0.773456452989964, "wmean": 0.7737972968093926}, "spearman": {"mean": 0.7735896925451564, "wmean": 0.7738489933363697}}}}