{"MR": {"devacc": 68.32, "acc": 66.72, "ndev": 10662, "ntest": 10662}, "CR": {"devacc": 78.46, "acc": 77.75, "ndev": 3775, "ntest": 3775}, "SUBJ": {"devacc": 89.58, "acc": 89.01, "ndev": 10000, "ntest": 10000}, "MPQA": {"devacc": 85.7, "acc": 85.93, "ndev": 10606, "ntest": 10606}, "SST5": {"devacc": 38.33, "acc": 36.74, "ndev": 1101, "ntest": 2210}, "TREC": {"devacc": 81.16, "acc": 87.0, "ndev": 5452, "ntest": 500}, "MRPC": {"devacc": 72.06, "acc": 73.1, "f1": 80.73, "ndev": 4076, "ntest": 1725}, "STS12": {"MSRpar": {"pearson": [0.6243818693689327, 2.6367120046614663e-82], "spearman": [0.607647568955647, 6.769241308527362e-77], "nsamples": 750}, "MSRvid": {"pearson": [0.8858531758963594, 1.118776306472849e-251], "spearman": [0.8866351289616586, 9.981159388570226e-253], "nsamples": 750}, "SMTeuroparl": {"pearson": [0.5159521390095656, 1.3809468753386062e-32], "spearman": [0.5521828520195994, 5.426168787941535e-38], "nsamples": 459}, "surprise.OnWN": {"pearson": [0.6957402213348596, 1.366557697313068e-109], "spearman": [0.6896780203940602, 5.782686445463101e-107], "nsamples": 750}, "surprise.SMTnews": {"pearson": [0.6025516486385994, 8.566351998914389e-41], "spearman": [0.5893939593279488, 1.0945543675640427e-38], "nsamples": 399}, "all": {"pearson": {"mean": 0.6648958108496633, "wmean": 0.6858821073237792}, "spearman": {"mean": 0.6651075059317828, "wmean": 0.6842312283083566}}}, "STS13": {"FNWN": {"pearson": [0.5573345993814907, 8.13093021073595e-17], "spearman": [0.6042338661693812, 3.414793802480616e-20], "nsamples": 189}, "headlines": {"pearson": [0.7404629045809986, 3.2664805305594907e-131], "spearman": [0.7273613867583437, 1.965955060792e-124], "nsamples": 750}, "OnWN": {"pearson": [0.7152237869242188, 5.003916261469164e-89], "spearman": [0.7142190315854272, 1.1384418704104997e-88], "nsamples": 561}, "all": {"pearson": {"mean": 0.6710070969622359, "wmean": 0.7079493081222251}, "spearman": {"mean": 0.6819380948377174, "wmean": 0.7069320783294637}}}, "STS14": {"deft-forum": {"pearson": [0.5743274363960158, 7.537058735726416e-41], "spearman": [0.5650699030296993, 2.531861573542419e-39], "nsamples": 450}, "deft-news": {"pearson": [0.7602693898665369, 8.964808321169774e-58], "spearman": [0.728073445122288, 8.53251612222138e-51], "nsamples": 300}, "headlines": {"pearson": [0.7269216120366301, 3.267867780493082e-124], "spearman": [0.704626709000731, 1.4604637467617885e-113], "nsamples": 750}, "images": {"pearson": [0.8434806023142398, 4.527467143614694e-204], "spearman": [0.8113115379323038, 1.4912644354860077e-176], "nsamples": 750}, "OnWN": {"pearson": [0.7770639381780562, 1.5219204835672849e-152], "spearman": [0.7993109939497157, 1.3042254890611032e-167], "nsamples": 750}, "tweet-news": {"pearson": [0.7654839567525406, 2.2495133538509603e-145], "spearman": [0.7087487360745239, 1.8689314039423998e-115], "nsamples": 750}, "all": {"pearson": {"mean": 0.7412578225906699, "wmean": 0.7523308654131382}, "spearman": {"mean": 0.7195235541848769, "wmean": 0.730853859364802}}}, "STS15": {"answers-forums": {"pearson": [0.7371864495363362, 1.7495058388023625e-65], "spearman": [0.7381309200242638, 9.88075123931642e-66], "nsamples": 375}, "answers-students": {"pearson": [0.7388024502880114, 2.488107890422666e-130], "spearman": [0.744864175676025, 1.3921037990120332e-133], "nsamples": 750}, "belief": {"pearson": [0.7922530434329013, 4.9594865481265837e-82], "spearman": [0.807416232891714, 1.7021627108926198e-87], "nsamples": 375}, "headlines": {"pearson": [0.7756230798970132, 1.2526888668207484e-151], "spearman": [0.7768579133118408, 2.05925567238112e-152], "nsamples": 750}, "images": {"pearson": [0.8913481503911166, 3.199370835469972e-259], "spearman": [0.897694759415484, 1.86226515828208e-268], "nsamples": 750}, "all": {"pearson": {"mean": 0.7870426347090758, "wmean": 0.7926233567651899}, "spearman": {"mean": 0.7929928002638655, "wmean": 0.7980476062153347}}}, "STS16": {"answer-answer": {"pearson": [0.7290097038251836, 2.2450623964777154e-43], "spearman": [0.7155910755163212, 3.7801713196597717e-41], "nsamples": 254}, "headlines": {"pearson": [0.7875100096643618, 7.705904228780035e-54], "spearman": [0.7923210464360085, 6.310251543407188e-55], "nsamples": 249}, "plagiarism": {"pearson": [0.8299964248346543, 9.865459693138649e-60], "spearman": [0.8408132013753397, 1.0605456922332898e-62], "nsamples": 230}, "postediting": {"pearson": [0.8531367021989286, 2.4615622551783744e-70], "spearman": [0.8564814886118937, 1.877783348172585e-71], "nsamples": 244}, "question-question": {"pearson": [0.7342194678501167, 1.1514976922389723e-36], "spearman": [0.7341082839320473, 1.1946634823729244e-36], "nsamples": 209}, "all": {"pearson": {"mean": 0.7867744616746489, "wmean": 0.78733124705498}, "spearman": {"mean": 0.7878630191743221, "wmean": 0.7882337475743169}}}}