{"MR": {"devacc": 69.66, "acc": 67.98, "ndev": 10662, "ntest": 10662}, "CR": {"devacc": 78.78, "acc": 79.87, "ndev": 3775, "ntest": 3775}, "SUBJ": {"devacc": 90.36, "acc": 90.31, "ndev": 10000, "ntest": 10000}, "MPQA": {"devacc": 86.45, "acc": 86.59, "ndev": 10606, "ntest": 10606}, "SST5": {"devacc": 37.06, "acc": 37.38, "ndev": 1101, "ntest": 2210}, "TREC": {"devacc": 83.75, "acc": 87.4, "ndev": 5452, "ntest": 500}, "MRPC": {"devacc": 73.21, "acc": 69.8, "f1": 75.44, "ndev": 4076, "ntest": 1725}, "STS12": {"MSRpar": {"pearson": [0.6189516063135385, 1.6304096449576836e-80], "spearman": [0.5997566695953765, 1.8673627417173492e-74], "nsamples": 750}, "MSRvid": {"pearson": [0.8976570091716253, 2.122033165188002e-268], "spearman": [0.897344964228008, 6.232715201965833e-268], "nsamples": 750}, "SMTeuroparl": {"pearson": [0.5405347214376099, 3.502152767385682e-36], "spearman": [0.5778095923843936, 3.106180673426163e-42], "nsamples": 459}, "surprise.OnWN": {"pearson": [0.7022815303451402, 1.6859301675689282e-112], "spearman": [0.7011965498637055, 5.185677457165442e-112], "nsamples": 750}, "surprise.SMTnews": {"pearson": [0.6016459129971686, 1.2048589323912458e-40], "spearman": [0.5912793069088484, 5.537648903840623e-39], "nsamples": 399}, "all": {"pearson": {"mean": 0.6722141560530166, "wmean": 0.6925127946584496}, "spearman": {"mean": 0.6734774165960664, "wmean": 0.6917177233353876}}}, "STS13": {"FNWN": {"pearson": [0.5624208376561359, 3.71068408966129e-17], "spearman": [0.6011325581849286, 5.941848639193033e-20], "nsamples": 189}, "headlines": {"pearson": [0.7572820892010281, 1.5274040585573747e-140], "spearman": [0.7501836523682335, 1.6319333151680745e-136], "nsamples": 750}, "OnWN": {"pearson": [0.7283807863208017, 7.536609530789651e-94], "spearman": [0.7284327771254089, 7.203770271585833e-94], "nsamples": 561}, "all": {"pearson": {"mean": 0.6826945710593219, "wmean": 0.7219204842291671}, "spearman": {"mean": 0.6932496625595238, "wmean": 0.7232683871603206}}}, "STS14": {"deft-forum": {"pearson": [0.576909629971018, 2.7719483450522274e-41], "spearman": [0.5703387607716235, 3.473126005556973e-40], "nsamples": 450}, "deft-news": {"pearson": [0.7717923223747126, 1.5160268036259864e-60], "spearman": [0.7388203531211543, 5.207691530053756e-53], "nsamples": 300}, "headlines": {"pearson": [0.7324380226123931, 5.179419785374441e-127], "spearman": [0.7117604972242835, 7.369516398122132e-117], "nsamples": 750}, "images": {"pearson": [0.8447904270766184, 2.5443400914373756e-205], "spearman": [0.813937260157215, 1.353021173628984e-178], "nsamples": 750}, "OnWN": {"pearson": [0.7884683037927208, 4.8541575061126577e-160], "spearman": [0.8129120312968277, 8.561558552039607e-178], "nsamples": 750}, "tweet-news": {"pearson": [0.7769173334462325, 1.8873431869983695e-152], "spearman": [0.7193564036936715, 1.754823591306196e-120], "nsamples": 750}, "all": {"pearson": {"mean": 0.7485526732122826, "wmean": 0.7594953587720923}, "spearman": {"mean": 0.7278542177107958, "wmean": 0.7391395180166868}}}, "STS15": {"answers-forums": {"pearson": [0.7523148978576989, 1.363033238061461e-69], "spearman": [0.7587553513563202, 1.967955853656005e-71], "nsamples": 375}, "answers-students": {"pearson": [0.7500356755045355, 1.97350173283865e-136], "spearman": [0.7544742265572301, 6.2237010714936106e-139], "nsamples": 750}, "belief": {"pearson": [0.8150473181833449, 1.9653479900313517e-90], "spearman": [0.8327277181712329, 8.533376103399776e-98], "nsamples": 375}, "headlines": {"pearson": [0.7897737798987667, 6.286246857545937e-161], "spearman": [0.7922223292877763, 1.3067644980418225e-162], "nsamples": 750}, "images": {"pearson": [0.8909769305741491, 1.0650281700406643e-258], "spearman": [0.8950740604732684, 1.4296431216953353e-264], "nsamples": 750}, "all": {"pearson": {"mean": 0.7996297204036991, "wmean": 0.8036168734994934}, "spearman": {"mean": 0.8066507371691657, "wmean": 0.809378037770513}}}, "STS16": {"answer-answer": {"pearson": [0.7378040016859737, 6.583117588921391e-45], "spearman": [0.7290564260444562, 2.2041656697179182e-43], "nsamples": 254}, "headlines": {"pearson": [0.7777138860318309, 1.0346976231279102e-51], "spearman": [0.782167799199027, 1.150747845531621e-52], "nsamples": 249}, "plagiarism": {"pearson": [0.8361209046290244, 2.1870027897016738e-61], "spearman": [0.849736500050659, 2.536951045091535e-65], "nsamples": 230}, "postediting": {"pearson": [0.8702801763064368, 2.207149731865266e-76], "spearman": [0.8717652382281925, 6.0219699032777955e-77], "nsamples": 244}, "question-question": {"pearson": [0.716284165402611, 3.46598209838741e-34], "spearman": [0.7163296840893287, 3.418056006229023e-34], "nsamples": 209}, "all": {"pearson": {"mean": 0.7876406268111753, "wmean": 0.7887120874390853}, "spearman": {"mean": 0.7898111295223328, "wmean": 0.7907277667199407}}}}