{"MR": {"devacc": 69.29, "acc": 69.18, "ndev": 10662, "ntest": 10662}, "CR": {"devacc": 78.22, "acc": 78.12, "ndev": 3775, "ntest": 3775}, "SUBJ": {"devacc": 89.9, "acc": 89.41, "ndev": 10000, "ntest": 10000}, "MPQA": {"devacc": 85.89, "acc": 85.69, "ndev": 10606, "ntest": 10606}, "SST5": {"devacc": 37.51, "acc": 39.5, "ndev": 1101, "ntest": 2210}, "TREC": {"devacc": 81.03, "acc": 87.8, "ndev": 5452, "ntest": 500}, "MRPC": {"devacc": 71.81, "acc": 71.48, "f1": 78.59, "ndev": 4076, "ntest": 1725}, "STS12": {"MSRpar": {"pearson": [0.6456468283558945, 1.1301350272381718e-89], "spearman": [0.6144615624640702, 4.645974258311927e-79], "nsamples": 750}, "MSRvid": {"pearson": [0.8929004249487633, 1.9966276742579463e-261], "spearman": [0.8931212000261035, 9.637456222824781e-262], "nsamples": 750}, "SMTeuroparl": {"pearson": [0.5166319888942437, 1.1082348514738066e-32], "spearman": [0.5504421445389988, 1.0220841164226141e-37], "nsamples": 459}, "surprise.OnWN": {"pearson": [0.7039512954359155, 2.961569686725266e-113], "spearman": [0.6942412844355775, 6.182284256313271e-109], "nsamples": 750}, "surprise.SMTnews": {"pearson": [0.5959507503595142, 1.0038847170153472e-39], "spearman": [0.5728201691806012, 3.623089863050472e-36], "nsamples": 399}, "all": {"pearson": {"mean": 0.6710162575988663, "wmean": 0.6939486305827973}, "spearman": {"mean": 0.6650172721290704, "wmean": 0.686157087207456}}}, "STS13": {"FNWN": {"pearson": [0.536061338936444, 1.879154676052053e-15], "spearman": [0.5812872162275364, 1.7919577757776818e-18], "nsamples": 189}, "headlines": {"pearson": [0.7647209826959505, 6.454897590065171e-145], "spearman": [0.75971759892326, 5.881071943855937e-142], "nsamples": 750}, "OnWN": {"pearson": [0.7125018272038914, 4.60140409174344e-88], "spearman": [0.7112032558656826, 1.3141214789249913e-87], "nsamples": 561}, "all": {"pearson": {"mean": 0.671094716278762, "wmean": 0.7163799034282226}, "spearman": {"mean": 0.6840693570054931, "wmean": 0.7190910064000648}}}, "STS14": {"deft-forum": {"pearson": [0.548490559916359, 1.0460770722027156e-36], "spearman": [0.536320111186635, 7.064327513057004e-35], "nsamples": 450}, "deft-news": {"pearson": [0.7675313809856683, 1.676317679330159e-59], "spearman": [0.7380640499909817, 7.51698684743363e-53], "nsamples": 300}, "headlines": {"pearson": [0.7336674778575705, 1.2042344809742689e-127], "spearman": [0.7132224209128433, 1.511146329415176e-117], "nsamples": 750}, "images": {"pearson": [0.8461771781275024, 1.1726445317435403e-206], "spearman": [0.8125506624074911, 1.6360488352165348e-177], "nsamples": 750}, "OnWN": {"pearson": [0.7780092504762579, 3.784851222788989e-153], "spearman": [0.8064098675737825, 7.972519951771905e-173], "nsamples": 750}, "tweet-news": {"pearson": [0.7791193762917222, 7.320140415278698e-154], "spearman": [0.720688927903974, 3.946526728043309e-121], "nsamples": 750}, "all": {"pearson": {"mean": 0.7421658706091799, "wmean": 0.7546160342194271}, "spearman": {"mean": 0.7212093399959513, "wmean": 0.7339779131012929}}}, "STS15": {"answers-forums": {"pearson": [0.7414562741410243, 1.295842804198003e-66], "spearman": [0.7462643839871611, 6.495859522855885e-68], "nsamples": 375}, "answers-students": {"pearson": [0.7468979805438563, 1.0758317092332934e-134], "spearman": [0.7496559054286784, 3.2121164044072084e-136], "nsamples": 750}, "belief": {"pearson": [0.7972036005496482, 9.176797437658639e-84], "spearman": [0.8130339982385316, 1.2065235671928874e-89], "nsamples": 375}, "headlines": {"pearson": [0.7925033272362323, 8.350164204443067e-163], "spearman": [0.7948011798095673, 2.088140048600398e-164], "nsamples": 750}, "images": {"pearson": [0.898309479600142, 2.205157425374553e-269], "spearman": [0.9047009129983054, 2.2009944808290315e-279], "nsamples": 750}, "all": {"pearson": {"mean": 0.7952741324141807, "wmean": 0.8017601811813917}, "spearman": {"mean": 0.8016912760924487, "wmean": 0.8072017973373493}}}, "STS16": {"answer-answer": {"pearson": [0.7313531119781271, 8.886036880934155e-44], "spearman": [0.7234943357120279, 1.9150548778432235e-42], "nsamples": 254}, "headlines": {"pearson": [0.7807648073442197, 2.3112710075976565e-52], "spearman": [0.7865209832712762, 1.2786225587198618e-53], "nsamples": 249}, "plagiarism": {"pearson": [0.8312584442135654, 4.557141923456693e-60], "spearman": [0.8445508268764531, 8.865959336020187e-64], "nsamples": 230}, "postediting": {"pearson": [0.8588843848781711, 2.83883471764299e-72], "spearman": [0.8609178143556885, 5.582714405184382e-73], "nsamples": 244}, "question-question": {"pearson": [0.7245399017721114, 2.650109107563591e-35], "spearman": [0.7244458289662715, 2.7303306616867156e-35], "nsamples": 209}, "all": {"pearson": {"mean": 0.7853601300372389, "wmean": 0.7861384477410793}, "spearman": {"mean": 0.7879859578363434, "wmean": 0.7886434243201736}}}}