{"MR": {"devacc": 68.07, "acc": 68.54, "ndev": 10662, "ntest": 10662}, "CR": {"devacc": 78.41, "acc": 74.89, "ndev": 3775, "ntest": 3775}, "SUBJ": {"devacc": 89.6, "acc": 89.23, "ndev": 10000, "ntest": 10000}, "MPQA": {"devacc": 86.38, "acc": 86.49, "ndev": 10606, "ntest": 10606}, "SST5": {"devacc": 35.6, "acc": 39.23, "ndev": 1101, "ntest": 2210}, "TREC": {"devacc": 81.11, "acc": 86.6, "ndev": 5452, "ntest": 500}, "MRPC": {"devacc": 72.64, "acc": 71.71, "f1": 79.15, "ndev": 4076, "ntest": 1725}, "STS12": {"MSRpar": {"pearson": [0.6319818730617881, 7.143177674227471e-85], "spearman": [0.6074075902294909, 8.049681720123091e-77], "nsamples": 750}, "MSRvid": {"pearson": [0.8880680802006325, 1.1366381661602827e-254], "spearman": [0.889049846809163, 5.112576327100475e-256], "nsamples": 750}, "SMTeuroparl": {"pearson": [0.5379251339284795, 8.713489245506413e-36], "spearman": [0.5730360869665946, 2.0455976954971638e-41], "nsamples": 459}, "surprise.OnWN": {"pearson": [0.7035568649067356, 4.471160756167341e-113], "spearman": [0.695371829748632, 1.9820285392700042e-109], "nsamples": 750}, "surprise.SMTnews": {"pearson": [0.592907503385791, 3.06340765627706e-39], "spearman": [0.5706054548933172, 7.674474866572007e-36], "nsamples": 399}, "all": {"pearson": {"mean": 0.6708878910966855, "wmean": 0.6921437721849968}, "spearman": {"mean": 0.6670941617294396, "wmean": 0.6867976481694225}}}, "STS13": {"FNWN": {"pearson": [0.5327010227046876, 3.0249853101627743e-15], "spearman": [0.5737491045192762, 6.156410163115412e-18], "nsamples": 189}, "headlines": {"pearson": [0.7489333094489823, 8.09592845365902e-136], "spearman": [0.7374059864071001, 1.3560239317227326e-129], "nsamples": 750}, "OnWN": {"pearson": [0.727966310011662, 1.0799294997161191e-93], "spearman": [0.7289916031551787, 4.43023143666446e-94], "nsamples": 561}, "all": {"pearson": {"mean": 0.6698668807217772, "wmean": 0.7138463835296434}, "spearman": {"mean": 0.6800488980271849, "wmean": 0.7136382399530157}}}, "STS14": {"deft-forum": {"pearson": [0.5696759883466616, 4.467842862688373e-40], "spearman": [0.5572674366391107, 4.497008986511377e-38], "nsamples": 450}, "deft-news": {"pearson": [0.7592070166329127, 1.585643306162958e-57], "spearman": [0.7269378776880928, 1.4417041738770367e-50], "nsamples": 300}, "headlines": {"pearson": [0.734536362171494, 4.2738413472199524e-128], "spearman": [0.7123901459702795, 3.728981334623434e-117], "nsamples": 750}, "images": {"pearson": [0.8438375092031196, 2.071652629027906e-204], "spearman": [0.8096519732539634, 2.8047131354506217e-175], "nsamples": 750}, "OnWN": {"pearson": [0.7819892567206002, 1.0011741379449568e-155], "spearman": [0.8064883852165956, 6.961808797870892e-173], "nsamples": 750}, "tweet-news": {"pearson": [0.7688959549141445, 1.9197986688902526e-147], "spearman": [0.7096063859702216, 7.474321064579363e-116], "nsamples": 750}, "all": {"pearson": {"mean": 0.7430236813314887, "wmean": 0.7549494965341041}, "spearman": {"mean": 0.7203903674563773, "wmean": 0.7326545006939527}}}, "STS15": {"answers-forums": {"pearson": [0.7537222073347252, 5.460170773034939e-70], "spearman": [0.7564628750918334, 9.03065708413122e-71], "nsamples": 375}, "answers-students": {"pearson": [0.746542126731358, 1.6868078682416155e-134], "spearman": [0.75088106794861, 6.651664580145311e-137], "nsamples": 750}, "belief": {"pearson": [0.7983839946415919, 3.4866870434805134e-84], "spearman": [0.8149512593029564, 2.144171212479308e-90], "nsamples": 375}, "headlines": {"pearson": [0.7884132193664962, 5.289721137397076e-160], "spearman": [0.7921025952430593, 1.5811891455680969e-162], "nsamples": 750}, "images": {"pearson": [0.8964555473304225, 1.3187683741134039e-266], "spearman": [0.9036585717628638, 1.0498077691196951e-277], "nsamples": 750}, "all": {"pearson": {"mean": 0.7967034190809189, "wmean": 0.8018659986041089}, "spearman": {"mean": 0.8036112738698644, "wmean": 0.808087325537982}}}, "STS16": {"answer-answer": {"pearson": [0.7288067637517641, 2.43158108841194e-43], "spearman": [0.7231620598177955, 2.1754326880196183e-42], "nsamples": 254}, "headlines": {"pearson": [0.7765258026271759, 1.842977662293936e-51], "spearman": [0.7835398676882572, 5.788985228993025e-53], "nsamples": 249}, "plagiarism": {"pearson": [0.8415036962187408, 6.737878591420755e-63], "spearman": [0.8550529297409953, 5.758467518064788e-67], "nsamples": 230}, "postediting": {"pearson": [0.859882834842501, 1.2815267785942832e-72], "spearman": [0.8621821043551947, 2.004618308068503e-73], "nsamples": 244}, "question-question": {"pearson": [0.6996855419896709, 4.663113262037719e-32], "spearman": [0.6958903956202322, 1.3645615442292779e-31], "nsamples": 209}, "all": {"pearson": {"mean": 0.7812809278859706, "wmean": 0.7825154999619196}, "spearman": {"mean": 0.7839654714444949, "wmean": 0.7852110372983314}}}}