{"MR": {"devacc": 68.34, "acc": 68.27, "ndev": 10662, "ntest": 10662}, "CR": {"devacc": 77.72, "acc": 78.73, "ndev": 3775, "ntest": 3775}, "SUBJ": {"devacc": 89.86, "acc": 89.68, "ndev": 10000, "ntest": 10000}, "MPQA": {"devacc": 85.86, "acc": 86.28, "ndev": 10606, "ntest": 10606}, "SST5": {"devacc": 36.33, "acc": 36.79, "ndev": 1101, "ntest": 2210}, "TREC": {"devacc": 80.83, "acc": 86.4, "ndev": 5452, "ntest": 500}, "MRPC": {"devacc": 71.64, "acc": 69.8, "f1": 77.0, "ndev": 4076, "ntest": 1725}, "STS12": {"MSRpar": {"pearson": [0.6195484244819963, 1.040273960214174e-80], "spearman": [0.5994395955429616, 2.3328346032207942e-74], "nsamples": 750}, "MSRvid": {"pearson": [0.8939827193017748, 5.5318350931331324e-263], "spearman": [0.8944657696371555, 1.1022925996157684e-263], "nsamples": 750}, "SMTeuroparl": {"pearson": [0.5327658912712703, 5.16085036963971e-35], "spearman": [0.5634224894525036, 8.305520100918198e-40], "nsamples": 459}, "surprise.OnWN": {"pearson": [0.6987645307018269, 6.3183479106345865e-111], "spearman": [0.6931437825856281, 1.8559053930828995e-108], "nsamples": 750}, "surprise.SMTnews": {"pearson": [0.6084355591161071, 9.094860911668045e-42], "spearman": [0.6041185708062695, 4.735786530965148e-41], "nsamples": 399}, "all": {"pearson": {"mean": 0.6706994249745952, "wmean": 0.6906457812242723}, "spearman": {"mean": 0.6709180416049036, "wmean": 0.6885267352750031}}}, "STS13": {"FNWN": {"pearson": [0.526818876031256, 6.873578947578028e-15], "spearman": [0.5672863386131517, 1.7300065968633933e-17], "nsamples": 189}, "headlines": {"pearson": [0.7480058741473156, 2.639614257706535e-135], "spearman": [0.737840080052537, 8.014231285287585e-130], "nsamples": 750}, "OnWN": {"pearson": [0.7273469443953885, 1.8462968660021263e-93], "spearman": [0.7242132795343845, 2.7221139897061563e-92], "nsamples": 561}, "all": {"pearson": {"mean": 0.6673905648579866, "wmean": 0.7124098726574714}, "spearman": {"mean": 0.6764465660666911, "wmean": 0.7112538852373855}}}, "STS14": {"deft-forum": {"pearson": [0.5674654608413072, 1.030660304484248e-39], "spearman": [0.5614503944400948, 9.709227704150554e-39], "nsamples": 450}, "deft-news": {"pearson": [0.7676512867497963, 1.5678097005570142e-59], "spearman": [0.7393302970532669, 4.063092101817091e-53], "nsamples": 300}, "headlines": {"pearson": [0.7293538321526536, 1.9420734009744872e-125], "spearman": [0.7108933980154738, 1.8773862682410233e-116], "nsamples": 750}, "images": {"pearson": [0.8430890704956843, 1.0650142386859871e-203], "spearman": [0.8130157440673518, 7.107601231633168e-178], "nsamples": 750}, "OnWN": {"pearson": [0.7848272935187375, 1.3461524235166875e-157], "spearman": [0.8062207203881475, 1.1048661241918715e-172], "nsamples": 750}, "tweet-news": {"pearson": [0.7740215619692442, 1.2805299404061947e-150], "spearman": [0.7176373396384492, 1.1876360262438674e-119], "nsamples": 750}, "all": {"pearson": {"mean": 0.7444014176212371, "wmean": 0.7557663098682046}, "spearman": {"mean": 0.7247579822671307, "wmean": 0.7360739115189572}}}, "STS15": {"answers-forums": {"pearson": [0.7336954471631152, 1.4152303942782037e-64], "spearman": [0.7342964922013115, 9.897763404035439e-65], "nsamples": 375}, "answers-students": {"pearson": [0.7522278497148164, 1.1656258620857893e-137], "spearman": [0.7553645634071702, 1.931417605617461e-139], "nsamples": 750}, "belief": {"pearson": [0.8023880108541271, 1.2463969550321608e-85], "spearman": [0.8271835490017079, 2.1362572747306393e-95], "nsamples": 375}, "headlines": {"pearson": [0.7838994078122113, 5.547078506005621e-157], "spearman": [0.7854252267380505, 5.384971977512357e-158], "nsamples": 750}, "images": {"pearson": [0.8903592750132074, 7.801991450533117e-258], "spearman": [0.897697365644117, 1.8455485263391815e-268], "nsamples": 750}, "all": {"pearson": {"mean": 0.7925139981114955, "wmean": 0.7986320653872141}, "spearman": {"mean": 0.7999934393984715, "wmean": 0.8048067940977118}}}, "STS16": {"answer-answer": {"pearson": [0.7279756442281597, 3.369067710782383e-43], "spearman": [0.7176806225827368, 1.7352160061486784e-41], "nsamples": 254}, "headlines": {"pearson": [0.7765992875194405, 1.778518042205805e-51], "spearman": [0.783141480685802, 7.070691231329872e-53], "nsamples": 249}, "plagiarism": {"pearson": [0.8306395755307091, 6.660768775246323e-60], "spearman": [0.8447266718464217, 7.876238115082199e-64], "nsamples": 230}, "postediting": {"pearson": [0.8607324003852522, 6.482020930074216e-73], "spearman": [0.8609756248328031, 5.328461939277156e-73], "nsamples": 244}, "question-question": {"pearson": [0.7202204375868314, 1.02912217817524e-34], "spearman": [0.7176457565725516, 2.282572052484014e-34], "nsamples": 209}, "all": {"pearson": {"mean": 0.7832334690500786, "wmean": 0.784039557966278}, "spearman": {"mean": 0.784834031304063, "wmean": 0.7855364729631737}}}}