{"MR": {"devacc": 68.18, "acc": 66.52, "ndev": 10662, "ntest": 10662}, "CR": {"devacc": 77.5, "acc": 76.13, "ndev": 3775, "ntest": 3775}, "SUBJ": {"devacc": 87.93, "acc": 87.4, "ndev": 10000, "ntest": 10000}, "MPQA": {"devacc": 84.42, "acc": 84.39, "ndev": 10606, "ntest": 10606}, "SST5": {"devacc": 35.69, "acc": 35.93, "ndev": 1101, "ntest": 2210}, "TREC": {"devacc": 76.49, "acc": 86.8, "ndev": 5452, "ntest": 500}, "MRPC": {"devacc": 72.25, "acc": 70.09, "f1": 77.41, "ndev": 4076, "ntest": 1725}, "STS12": {"MSRpar": {"pearson": [0.5964165820816903, 1.9230976864306375e-73], "spearman": [0.5837766943710055, 1.025869897625212e-69], "nsamples": 750}, "MSRvid": {"pearson": [0.8902743262009304, 1.0250506804778089e-257], "spearman": [0.8898161765002749, 4.450200886927801e-257], "nsamples": 750}, "SMTeuroparl": {"pearson": [0.5318830075358689, 6.975784947617997e-35], "spearman": [0.5622335351958431, 1.302158507695752e-39], "nsamples": 459}, "surprise.OnWN": {"pearson": [0.6750464241894734, 6.950827391145851e-101], "spearman": [0.6732316402741686, 3.730033107157149e-100], "nsamples": 750}, "surprise.SMTnews": {"pearson": [0.5871401304407754, 2.45723345612802e-38], "spearman": [0.5535213132344284, 2.082664675085789e-33], "nsamples": 399}, "all": {"pearson": {"mean": 0.6561520940897476, "wmean": 0.6755811492467515}, "spearman": {"mean": 0.6525158719151442, "wmean": 0.6721488352620707}}}, "STS13": {"FNWN": {"pearson": [0.5192164075502034, 1.9399860202149688e-14], "spearman": [0.5401056048132356, 1.0520912204029137e-15], "nsamples": 189}, "headlines": {"pearson": [0.7240826395822135, 8.484174769070965e-123], "spearman": [0.7142412052266316, 4.9796546967192885e-118], "nsamples": 750}, "OnWN": {"pearson": [0.6997156909145494, 1.1037201381233256e-83], "spearman": [0.7105191424988818, 2.278847126796878e-87], "nsamples": 561}, "all": {"pearson": {"mean": 0.6476715793489888, "wmean": 0.6891562555444739}, "spearman": {"mean": 0.6549553175129162, "wmean": 0.6909080681143653}}}, "STS14": {"deft-forum": {"pearson": [0.5703454192385046, 3.4643394118512595e-40], "spearman": [0.5666721489309932, 1.3890837846371287e-39], "nsamples": 450}, "deft-news": {"pearson": [0.7370714559939977, 1.2145263845636627e-52], "spearman": [0.6975620694635389, 4.7664665975206587e-45], "nsamples": 300}, "headlines": {"pearson": [0.7101329176948371, 4.251042879212239e-116], "spearman": [0.6877846512413002, 3.708588519304859e-106], "nsamples": 750}, "images": {"pearson": [0.8301160368359467, 6.158038446162944e-192], "spearman": [0.7971676265111121, 4.4507619181797916e-166], "nsamples": 750}, "OnWN": {"pearson": [0.7700184806127081, 3.933715504889995e-148], "spearman": [0.7943639474541898, 4.228139331380858e-164], "nsamples": 750}, "tweet-news": {"pearson": [0.7473254295825769, 6.261703415664198e-135], "spearman": [0.693103246389422, 1.9326253660830867e-108], "nsamples": 750}, "all": {"pearson": {"mean": 0.7275016233264285, "wmean": 0.7389257397333541}, "spearman": {"mean": 0.7061089483317593, "wmean": 0.7182895177480071}}}, "STS15": {"answers-forums": {"pearson": [0.7234539752463909, 5.41378936774385e-62], "spearman": [0.7219775101792222, 1.2480855018148497e-61], "nsamples": 375}, "answers-students": {"pearson": [0.7380754001281309, 6.023572411484889e-130], "spearman": [0.7395194142265028, 1.0374124060049954e-130], "nsamples": 750}, "belief": {"pearson": [0.7849990855879572, 1.415177710476099e-79], "spearman": [0.8038997299374155, 3.4734031673201e-86], "nsamples": 375}, "headlines": {"pearson": [0.769560866882189, 7.515077263069848e-148], "spearman": [0.7730256523633294, 5.382606920071489e-150], "nsamples": 750}, "images": {"pearson": [0.8859620352205902, 7.999992204643953e-252], "spearman": [0.8908969975577293, 1.3790407428883876e-258], "nsamples": 750}, "all": {"pearson": {"mean": 0.7804102726130516, "wmean": 0.7869562081620209}, "spearman": {"mean": 0.7858638608528399, "wmean": 0.79159517105147}}}, "STS16": {"answer-answer": {"pearson": [0.7071137550963155, 8.294064563614398e-40], "spearman": [0.6987599219607894, 1.56439488287915e-38], "nsamples": 254}, "headlines": {"pearson": [0.7422623830253297, 7.783382803873607e-45], "spearman": [0.746247665646259, 1.4983172662005984e-45], "nsamples": 249}, "plagiarism": {"pearson": [0.8119013840127217, 3.306131572228643e-55], "spearman": [0.8194761357314257, 4.862657547082471e-57], "nsamples": 230}, "postediting": {"pearson": [0.8558601443228315, 3.0435609246166173e-71], "spearman": [0.858566854953028, 3.6511777081193556e-72], "nsamples": 244}, "question-question": {"pearson": [0.6815708779037074, 6.774847143442983e-30], "spearman": [0.6834106917660658, 4.1537779783181106e-30], "nsamples": 209}, "all": {"pearson": {"mean": 0.7597417088721812, "wmean": 0.7609154588426164}, "spearman": {"mean": 0.7612922540115136, "wmean": 0.7623131090470772}}}}