{"MR": {"devacc": 67.78, "acc": 68.59, "ndev": 10662, "ntest": 10662}, "CR": {"devacc": 78.41, "acc": 77.17, "ndev": 3775, "ntest": 3775}, "SUBJ": {"devacc": 89.73, "acc": 89.65, "ndev": 10000, "ntest": 10000}, "MPQA": {"devacc": 85.39, "acc": 86.39, "ndev": 10606, "ntest": 10606}, "SST5": {"devacc": 36.88, "acc": 38.24, "ndev": 1101, "ntest": 2210}, "TREC": {"devacc": 80.54, "acc": 87.8, "ndev": 5452, "ntest": 500}, "MRPC": {"devacc": 73.09, "acc": 66.38, "f1": 70.44, "ndev": 4076, "ntest": 1725}, "STS12": {"MSRpar": {"pearson": [0.608894657094788, 2.744812407965976e-77], "spearman": [0.5896508286292839, 1.9927474788722196e-71], "nsamples": 750}, "MSRvid": {"pearson": [0.8874225758216386, 8.598188590996284e-254], "spearman": [0.8879752354130288, 1.521782995578949e-254], "nsamples": 750}, "SMTeuroparl": {"pearson": [0.5467194468576685, 3.910260755731568e-37], "spearman": [0.5898115541977735, 2.3630234797132865e-44], "nsamples": 459}, "surprise.OnWN": {"pearson": [0.692427570442928, 3.792681548268272e-108], "spearman": [0.6901154306614204, 3.7565642721161043e-107], "nsamples": 750}, "surprise.SMTnews": {"pearson": [0.6051238851518702, 3.2321627225675054e-41], "spearman": [0.5896709061959439, 9.905836731355295e-39], "nsamples": 399}, "all": {"pearson": {"mean": 0.6681176270737786, "wmean": 0.6865982171180123}, "spearman": {"mean": 0.6694447910194901, "wmean": 0.685910011575534}}}, "STS13": {"FNWN": {"pearson": [0.5486020821934314, 3.0317272879507473e-16], "spearman": [0.5936612658098583, 2.202171788435728e-19], "nsamples": 189}, "headlines": {"pearson": [0.74962723627804, 3.332315753079222e-136], "spearman": [0.7368908456209423, 2.5277164783931013e-129], "nsamples": 750}, "OnWN": {"pearson": [0.7279496020592784, 1.0956874969944997e-93], "spearman": [0.7264726821391327, 3.926155181413676e-93], "nsamples": 561}, "all": {"pearson": {"mean": 0.6753929735102501, "wmean": 0.7161906316655624}, "spearman": {"mean": 0.6856749311899778, "wmean": 0.714947525422549}}}, "STS14": {"deft-forum": {"pearson": [0.5613371816956307, 1.0123431453046767e-38], "spearman": [0.553902584494975, 1.5193384094937423e-37], "nsamples": 450}, "deft-news": {"pearson": [0.7707880086453327, 2.683683217589833e-60], "spearman": [0.7361201267076385, 1.9196550273673913e-52], "nsamples": 300}, "headlines": {"pearson": [0.7343825196150007, 5.135759496272832e-128], "spearman": [0.7115827742335069, 8.92894526743983e-117], "nsamples": 750}, "images": {"pearson": [0.8397458344562602, 1.4406901950254494e-200], "spearman": [0.8063017317179189, 9.608000556914043e-173], "nsamples": 750}, "OnWN": {"pearson": [0.7824895929933486, 4.705806705336588e-156], "spearman": [0.7995555967299288, 8.69383321788578e-168], "nsamples": 750}, "tweet-news": {"pearson": [0.7766569446364441, 2.764842058043415e-152], "spearman": [0.7216175289669834, 1.3879941927292323e-121], "nsamples": 750}, "all": {"pearson": {"mean": 0.7442333470070027, "wmean": 0.7556784808353131}, "spearman": {"mean": 0.7215133904751586, "wmean": 0.7331694466056756}}}, "STS15": {"answers-forums": {"pearson": [0.7307290155723127, 8.149073056942884e-64], "spearman": [0.7402474179500218, 2.721666913517671e-66], "nsamples": 375}, "answers-students": {"pearson": [0.7444857604973318, 2.2355891353889878e-133], "spearman": [0.7472477254954023, 6.909661546623662e-135], "nsamples": 750}, "belief": {"pearson": [0.7961967491597646, 2.0844087366447348e-83], "spearman": [0.8110313594017681, 7.17854170734152e-89], "nsamples": 375}, "headlines": {"pearson": [0.7842310567659003, 3.346641769846563e-157], "spearman": [0.7885765742588436, 4.099487981192807e-160], "nsamples": 750}, "images": {"pearson": [0.8883253846724856, 5.056177900353447e-255], "spearman": [0.8950080779828297, 1.7853090186711232e-264], "nsamples": 750}, "all": {"pearson": {"mean": 0.788793593333559, "wmean": 0.795126271075439}, "spearman": {"mean": 0.7964222310177731, "wmean": 0.8016179416032425}}}, "STS16": {"answer-answer": {"pearson": [0.7335760605439261, 3.6554670333253475e-44], "spearman": [0.7231297242441955, 2.2025670968421355e-42], "nsamples": 254}, "headlines": {"pearson": [0.7787983270109573, 6.090037953669239e-52], "spearman": [0.7826037877514048, 9.255564076719714e-53], "nsamples": 249}, "plagiarism": {"pearson": [0.828252981059266, 2.837789128864219e-59], "spearman": [0.8411115798142442, 8.719952880303145e-63], "nsamples": 230}, "postediting": {"pearson": [0.8678708817595333, 1.7552514975980676e-75], "spearman": [0.8697661686862295, 3.44710897187318e-76], "nsamples": 244}, "question-question": {"pearson": [0.7467424344943113, 1.6144539445391187e-38], "spearman": [0.7504464867889494, 4.353713896793381e-39], "nsamples": 209}, "all": {"pearson": {"mean": 0.7910481369735989, "wmean": 0.7913802296847842}, "spearman": {"mean": 0.7934115494570047, "wmean": 0.793478260846317}}}}