{"MR": {"devacc": 67.34, "acc": 68.02, "ndev": 10662, "ntest": 10662}, "CR": {"devacc": 77.06, "acc": 76.11, "ndev": 3775, "ntest": 3775}, "SUBJ": {"devacc": 88.74, "acc": 88.38, "ndev": 10000, "ntest": 10000}, "MPQA": {"devacc": 85.28, "acc": 85.77, "ndev": 10606, "ntest": 10606}, "SST5": {"devacc": 35.42, "acc": 35.52, "ndev": 1101, "ntest": 2210}, "TREC": {"devacc": 77.62, "acc": 88.2, "ndev": 5452, "ntest": 500}, "MRPC": {"devacc": 72.01, "acc": 66.78, "f1": 71.31, "ndev": 4076, "ntest": 1725}, "STS12": {"MSRpar": {"pearson": [0.6308016926018531, 1.808169537657384e-84], "spearman": [0.6107669234242905, 7.025448169812486e-78], "nsamples": 750}, "MSRvid": {"pearson": [0.8881801548452112, 7.989031445566549e-255], "spearman": [0.8895807244749889, 9.440057691112871e-257], "nsamples": 750}, "SMTeuroparl": {"pearson": [0.5092753421031714, 1.167301750824769e-31], "spearman": [0.5483809295496672, 2.152948473678576e-37], "nsamples": 459}, "surprise.OnWN": {"pearson": [0.6925688982150084, 3.2943533952838436e-108], "spearman": [0.6883350780958356, 2.1638151804243863e-106], "nsamples": 750}, "surprise.SMTnews": {"pearson": [0.5664000899530088, 3.142403752310441e-35], "spearman": [0.5432358336657723, 5.216738189629912e-32], "nsamples": 399}, "all": {"pearson": {"mean": 0.6574452355436505, "wmean": 0.6816004109276578}, "spearman": {"mean": 0.6560598978421108, "wmean": 0.6788835227774378}}}, "STS13": {"FNWN": {"pearson": [0.4953408029643426, 4.288143195041543e-13], "spearman": [0.5294799598943217, 4.750897515366793e-15], "nsamples": 189}, "headlines": {"pearson": [0.743470172726531, 7.937931706639232e-133], "spearman": [0.7355401588510591, 1.284853061269878e-128], "nsamples": 750}, "OnWN": {"pearson": [0.7086168181894138, 1.0444171486096622e-86], "spearman": [0.7050685451124598, 1.729495897005142e-85], "nsamples": 561}, "all": {"pearson": {"mean": 0.6491425979600959, "wmean": 0.6991707175396135}, "spearman": {"mean": 0.656696221285947, "wmean": 0.6981801902442739}}}, "STS14": {"deft-forum": {"pearson": [0.5447018912265665, 3.954748554108298e-36], "spearman": [0.5368356621550745, 5.930275284851229e-35], "nsamples": 450}, "deft-news": {"pearson": [0.7479843277440895, 5.498447353204884e-55], "spearman": [0.7201558246073219, 3.132080312871006e-49], "nsamples": 300}, "headlines": {"pearson": [0.728769443066118, 3.8375451799060375e-125], "spearman": [0.7083468283840241, 2.868225363032957e-115], "nsamples": 750}, "images": {"pearson": [0.8280592376539478, 3.652294919330966e-190], "spearman": [0.7920353169275456, 1.7598571990741836e-162], "nsamples": 750}, "OnWN": {"pearson": [0.7852215569871069, 7.359770677835606e-158], "spearman": [0.8080879160792388, 4.339661600236586e-174], "nsamples": 750}, "tweet-news": {"pearson": [0.7373359339995152, 1.4759920112629446e-129], "spearman": [0.6761825272193205, 2.4130673330920686e-101], "nsamples": 750}, "all": {"pearson": {"mean": 0.7286787317795573, "wmean": 0.7410802075080527}, "spearman": {"mean": 0.7069406792287541, "wmean": 0.7189632631492204}}}, "STS15": {"answers-forums": {"pearson": [0.7219974061728729, 1.2341610744214117e-61], "spearman": [0.7241542259898188, 3.636097647674425e-62], "nsamples": 375}, "answers-students": {"pearson": [0.7410986884094788, 1.4950339588753905e-131], "spearman": [0.7457390870096471, 4.641293611041232e-134], "nsamples": 750}, "belief": {"pearson": [0.7868162888936858, 3.505401674079288e-80], "spearman": [0.8054172855072473, 9.523890886088245e-87], "nsamples": 375}, "headlines": {"pearson": [0.7729954698601211, 5.621369312685576e-150], "spearman": [0.7763193889581982, 4.532075331581267e-152], "nsamples": 750}, "images": {"pearson": [0.8879683993975357, 1.554816948984784e-254], "spearman": [0.8960879523811381, 4.618173129719646e-266], "nsamples": 750}, "all": {"pearson": {"mean": 0.782175250546739, "wmean": 0.7891173513001037}, "spearman": {"mean": 0.7895435879692099, "wmean": 0.7957330460243791}}}, "STS16": {"answer-answer": {"pearson": [0.7266110243739095, 5.739912625652131e-43], "spearman": [0.7117293903473314, 1.564997950050751e-40], "nsamples": 254}, "headlines": {"pearson": [0.7647951357312643, 4.578692872357358e-49], "spearman": [0.7706455914582968, 3.0478698475168346e-50], "nsamples": 249}, "plagiarism": {"pearson": [0.8259403593557153, 1.1316831562989704e-58], "spearman": [0.8419509336410562, 5.016683187060211e-63], "nsamples": 230}, "postediting": {"pearson": [0.8613531899101635, 3.927937578447339e-73], "spearman": [0.8610688021226877, 4.9425909194399156e-73], "nsamples": 244}, "question-question": {"pearson": [0.7059684510902458, 7.591856593189724e-33], "spearman": [0.700283774922059, 3.930974052929465e-32], "nsamples": 209}, "all": {"pearson": {"mean": 0.7769336320922596, "wmean": 0.7779739091532997}, "spearman": {"mean": 0.7771356984982862, "wmean": 0.778059720771861}}}}