{"MR": {"devacc": 69.08, "acc": 68.55, "ndev": 10662, "ntest": 10662}, "CR": {"devacc": 78.77, "acc": 75.76, "ndev": 3775, "ntest": 3775}, "SUBJ": {"devacc": 90.37, "acc": 89.94, "ndev": 10000, "ntest": 10000}, "MPQA": {"devacc": 86.82, "acc": 86.85, "ndev": 10606, "ntest": 10606}, "SST5": {"devacc": 36.6, "acc": 36.11, "ndev": 1101, "ntest": 2210}, "TREC": {"devacc": 82.1, "acc": 89.8, "ndev": 5452, "ntest": 500}, "MRPC": {"devacc": 73.5, "acc": 65.86, "f1": 69.65, "ndev": 4076, "ntest": 1725}, "STS12": {"MSRpar": {"pearson": [0.6322925007582143, 5.590334287079864e-85], "spearman": [0.6126390983979597, 1.7819312634387826e-78], "nsamples": 750}, "MSRvid": {"pearson": [0.895676618219368, 1.8668983881458563e-265], "spearman": [0.8956442855400868, 2.0830440750383324e-265], "nsamples": 750}, "SMTeuroparl": {"pearson": [0.5349263055951095, 2.459502056768543e-35], "spearman": [0.5721904285933648, 2.8473839872131383e-41], "nsamples": 459}, "surprise.OnWN": {"pearson": [0.6997695762692216, 2.2554046592191833e-111], "spearman": [0.7028958900500584, 8.90326333622678e-113], "nsamples": 750}, "surprise.SMTnews": {"pearson": [0.6051917290587017, 3.1497509371589046e-41], "spearman": [0.5935015146627499, 2.4662417938861376e-39], "nsamples": 399}, "all": {"pearson": {"mean": 0.673571345980123, "wmean": 0.6942749985835521}, "spearman": {"mean": 0.675374243448844, "wmean": 0.6942815207740896}}}, "STS13": {"FNWN": {"pearson": [0.5406183422266866, 9.769546631531338e-16], "spearman": [0.5847734035711627, 1.001679613377356e-18], "nsamples": 189}, "headlines": {"pearson": [0.7549382528894499, 3.384321877990042e-139], "spearman": [0.7448199053672893, 1.4714903102771161e-133], "nsamples": 750}, "OnWN": {"pearson": [0.7300514516723279, 1.7560831744098137e-94], "spearman": [0.7318730209605758, 3.542784025380338e-95], "nsamples": 561}, "all": {"pearson": {"mean": 0.6752026822628214, "wmean": 0.7186262804907382}, "spearman": {"mean": 0.6871554432996759, "wmean": 0.7198119113728665}}}, "STS14": {"deft-forum": {"pearson": [0.5674415266770988, 1.0399946274930232e-39], "spearman": [0.5588342506239588, 2.538999754936221e-38], "nsamples": 450}, "deft-news": {"pearson": [0.7624622210929262, 2.7367589890195734e-58], "spearman": [0.7332073138869187, 7.702732416391623e-52], "nsamples": 300}, "headlines": {"pearson": [0.7393719757347992, 1.2421707811086969e-130], "spearman": [0.7176971935478776, 1.1114073355421911e-119], "nsamples": 750}, "images": {"pearson": [0.8464028946371763, 7.085856634371252e-207], "spearman": [0.8147604595179139, 3.0503143877094457e-179], "nsamples": 750}, "OnWN": {"pearson": [0.7953443773464476, 8.671101749333199e-165], "spearman": [0.8160001989895141, 3.1907840523603756e-180], "nsamples": 750}, "tweet-news": {"pearson": [0.7795398274289633, 3.919138850157504e-154], "spearman": [0.7170206969344872, 2.3499722108843995e-119], "nsamples": 750}, "all": {"pearson": {"mean": 0.7484271371529019, "wmean": 0.7612217759181634}, "spearman": {"mean": 0.7262533522501117, "wmean": 0.7388124049837871}}}, "STS15": {"answers-forums": {"pearson": [0.749659725934778, 7.53108912887624e-69], "spearman": [0.7554532228756419, 1.7571947029663535e-70], "nsamples": 375}, "answers-students": {"pearson": [0.7497296674407697, 2.9223448899807474e-136], "spearman": [0.753225976794805, 3.1830457846469885e-138], "nsamples": 750}, "belief": {"pearson": [0.8082302622786975, 8.393670809322229e-88], "spearman": [0.8287675138784126, 4.5000219209257945e-96], "nsamples": 375}, "headlines": {"pearson": [0.7865029200878971, 1.0251040685909935e-158], "spearman": [0.788937801068175, 2.331215309553136e-160], "nsamples": 750}, "images": {"pearson": [0.8998746176685877, 9.061082508292807e-272], "spearman": [0.9056960949436386, 5.2710469592989526e-281], "nsamples": 750}, "all": {"pearson": {"mean": 0.7987994386821461, "wmean": 0.8037630498259981}, "spearman": {"mean": 0.8064161219121345, "wmean": 0.8099925602959115}}}, "STS16": {"answer-answer": {"pearson": [0.7404465598310989, 2.2168705800537308e-45], "spearman": [0.7328002907900995, 4.988930339962186e-44], "nsamples": 254}, "headlines": {"pearson": [0.7818900874363318, 1.3216285469488969e-52], "spearman": [0.7859033310824706, 1.7518226515863604e-53], "nsamples": 249}, "plagiarism": {"pearson": [0.8384577743368491, 4.903988086182445e-62], "spearman": [0.8536932623663654, 1.5379607708770153e-66], "nsamples": 230}, "postediting": {"pearson": [0.8637076770695543, 5.7459877701374475e-74], "spearman": [0.8649670612527156, 2.0249028290795916e-74], "nsamples": 244}, "question-question": {"pearson": [0.7333321378334658, 1.5438032061701726e-36], "spearman": [0.7341676207426554, 1.1714318122971198e-36], "nsamples": 209}, "all": {"pearson": {"mean": 0.79156684730146, "wmean": 0.7922600641470376}, "spearman": {"mean": 0.7943063132468613, "wmean": 0.7948260112355497}}}}