{"MR": {"devacc": 66.45, "acc": 65.36, "ndev": 10662, "ntest": 10662}, "CR": {"devacc": 76.1, "acc": 75.87, "ndev": 3775, "ntest": 3775}, "SUBJ": {"devacc": 87.6, "acc": 87.22, "ndev": 10000, "ntest": 10000}, "MPQA": {"devacc": 83.52, "acc": 84.1, "ndev": 10606, "ntest": 10606}, "SST5": {"devacc": 37.6, "acc": 35.52, "ndev": 1101, "ntest": 2210}, "TREC": {"devacc": 74.07, "acc": 85.8, "ndev": 5452, "ntest": 500}, "MRPC": {"devacc": 71.42, "acc": 71.83, "f1": 81.0, "ndev": 4076, "ntest": 1725}, "STS12": {"MSRpar": {"pearson": [0.5750260101110858, 3.1413932427200475e-67], "spearman": [0.5642616979382026, 2.8462825699246435e-64], "nsamples": 750}, "MSRvid": {"pearson": [0.8620755891389399, 5.4184748105537295e-223], "spearman": [0.8631321470712897, 3.770868633109711e-224], "nsamples": 750}, "SMTeuroparl": {"pearson": [0.5342743207150308, 3.0777214865385714e-35], "spearman": [0.5807865019457742, 9.43789901705253e-43], "nsamples": 459}, "surprise.OnWN": {"pearson": [0.679646729048367, 9.304832013808025e-103], "spearman": [0.6701260313364827, 6.432307209312725e-99], "nsamples": 750}, "surprise.SMTnews": {"pearson": [0.5852964194774728, 4.739269041859907e-38], "spearman": [0.5636058151963871, 7.929124123767024e-35], "nsamples": 399}, "all": {"pearson": {"mean": 0.6472638136981793, "wmean": 0.6648411939522219}, "spearman": {"mean": 0.6483824386976272, "wmean": 0.6642855958545528}}}, "STS13": {"FNWN": {"pearson": [0.46399025142721884, 1.7635459023495867e-11], "spearman": [0.5018232154217224, 1.894622533878297e-13], "nsamples": 189}, "headlines": {"pearson": [0.7348469677060337, 2.948228113612392e-128], "spearman": [0.7320648675127112, 8.05159220538064e-127], "nsamples": 750}, "OnWN": {"pearson": [0.6699741452344816, 2.4130536332548522e-74], "spearman": [0.6636177697061193, 1.7355908507555183e-72], "nsamples": 561}, "all": {"pearson": {"mean": 0.6229371214559114, "wmean": 0.6764565858505426}, "spearman": {"mean": 0.6325019508801842, "wmean": 0.6774552047695812}}}, "STS14": {"deft-forum": {"pearson": [0.5602173939035702, 1.52899376590863e-38], "spearman": [0.5560783434738764, 6.925608454311791e-38], "nsamples": 450}, "deft-news": {"pearson": [0.7355930781908708, 2.4717208154716433e-52], "spearman": [0.7090939591876058, 3.923078754716053e-47], "nsamples": 300}, "headlines": {"pearson": [0.6972219867362531, 3.045223125614779e-110], "spearman": [0.6755598747349019, 4.311622375126909e-101], "nsamples": 750}, "images": {"pearson": [0.8055610635384071, 3.438104942488168e-172], "spearman": [0.7791323675656298, 7.180335547368429e-154], "nsamples": 750}, "OnWN": {"pearson": [0.7642409800579194, 1.250287417451814e-144], "spearman": [0.7853817063525319, 5.756895461791458e-158], "nsamples": 750}, "tweet-news": {"pearson": [0.746704642881941, 1.373739055299194e-134], "spearman": [0.7009858923772909, 6.44601972046864e-112], "nsamples": 750}, "all": {"pearson": {"mean": 0.7182565242181602, "wmean": 0.7288192681666023}, "spearman": {"mean": 0.7010386906153062, "wmean": 0.7116688861579445}}}, "STS15": {"answers-forums": {"pearson": [0.6547672763645476, 2.821588080062668e-47], "spearman": [0.6526993590343244, 6.827801901374459e-47], "nsamples": 375}, "answers-students": {"pearson": [0.7222800782076474, 6.568300249052967e-122], "spearman": [0.7250194457681188, 2.909841177009518e-123], "nsamples": 750}, "belief": {"pearson": [0.7438441156506662, 2.955425750329473e-67], "spearman": [0.7703407073288479, 6.809193462332475e-75], "nsamples": 375}, "headlines": {"pearson": [0.7642582599078754, 1.2209154063144946e-144], "spearman": [0.7705854689381917, 1.7602408425340842e-148], "nsamples": 750}, "images": {"pearson": [0.8748848898771474, 1.0211060739848556e-237], "spearman": [0.8850755358545809, 1.2159880531202478e-250], "nsamples": 750}, "all": {"pearson": {"mean": 0.7520069240015768, "wmean": 0.7651822310000692}, "spearman": {"mean": 0.7607441033848128, "wmean": 0.7730501209356195}}}, "STS16": {"answer-answer": {"pearson": [0.7167851462787194, 2.4246287600848593e-41], "spearman": [0.7019635607963663, 5.133625225124888e-39], "nsamples": 254}, "headlines": {"pearson": [0.7654703577631913, 3.362666758453306e-49], "spearman": [0.7701043980418265, 3.9292747256982534e-50], "nsamples": 249}, "plagiarism": {"pearson": [0.8148279144606886, 6.627204609109061e-56], "spearman": [0.829577155908368, 1.2733318064545134e-59], "nsamples": 230}, "postediting": {"pearson": [0.8473943789201103, 1.7642092297580145e-68], "spearman": [0.8529904146523358, 2.7507655526603278e-70], "nsamples": 244}, "question-question": {"pearson": [0.6830398268229974, 4.5855912044326014e-30], "spearman": [0.6838793981067375, 3.664953159775116e-30], "nsamples": 209}, "all": {"pearson": {"mean": 0.7655035248491414, "wmean": 0.7669439450474713}, "spearman": {"mean": 0.7677029855011268, "wmean": 0.7689021423213277}}}}