{"MR": {"devacc": 67.84, "acc": 67.63, "ndev": 10662, "ntest": 10662}, "CR": {"devacc": 77.33, "acc": 75.42, "ndev": 3775, "ntest": 3775}, "SUBJ": {"devacc": 89.01, "acc": 88.13, "ndev": 10000, "ntest": 10000}, "MPQA": {"devacc": 85.34, "acc": 85.69, "ndev": 10606, "ntest": 10606}, "SST5": {"devacc": 35.97, "acc": 37.74, "ndev": 1101, "ntest": 2210}, "TREC": {"devacc": 76.94, "acc": 86.6, "ndev": 5452, "ntest": 500}, "MRPC": {"devacc": 72.72, "acc": 72.29, "f1": 81.21, "ndev": 4076, "ntest": 1725}, "STS12": {"MSRpar": {"pearson": [0.5754585841536513, 2.376767659909216e-67], "spearman": [0.5661810519585107, 8.608953786869968e-65], "nsamples": 750}, "MSRvid": {"pearson": [0.8878846592195234, 2.0224545209188974e-254], "spearman": [0.8878615545665617, 2.17456003072514e-254], "nsamples": 750}, "SMTeuroparl": {"pearson": [0.5453615443236808, 6.352578738398571e-37], "spearman": [0.5918397935575512, 1.0153402356662694e-44], "nsamples": 459}, "surprise.OnWN": {"pearson": [0.6801974940619469, 5.522301839639169e-103], "spearman": [0.6824861104374839, 6.240298801122225e-104], "nsamples": 750}, "surprise.SMTnews": {"pearson": [0.5859099435601243, 3.8105469437377074e-38], "spearman": [0.5751767758190293, 1.619941100044663e-36], "nsamples": 399}, "all": {"pearson": {"mean": 0.6549624450637852, "wmean": 0.6730227057276063}, "spearman": {"mean": 0.6607090572678274, "wmean": 0.6768167749409992}}}, "STS13": {"FNWN": {"pearson": [0.4730007992655163, 6.297187345374267e-12], "spearman": [0.5022862731349286, 1.7860538849838806e-13], "nsamples": 189}, "headlines": {"pearson": [0.7160989069220132, 6.495768543454905e-119], "spearman": [0.7051056245590014, 8.835976814094991e-114], "nsamples": 750}, "OnWN": {"pearson": [0.6615103402937601, 6.999339293898017e-72], "spearman": [0.6586909716894122, 4.442314142934617e-71], "nsamples": 561}, "all": {"pearson": {"mean": 0.6168700154937632, "wmean": 0.665052421438328}, "spearman": {"mean": 0.6220276231277807, "wmean": 0.6621913061063418}}}, "STS14": {"deft-forum": {"pearson": [0.5439034198521845, 5.2228173831300917e-36], "spearman": [0.5348876284481275, 1.1469466525655206e-34], "nsamples": 450}, "deft-news": {"pearson": [0.7361176007998269, 1.9219847057896115e-52], "spearman": [0.7061244874146299, 1.3806569734427675e-46], "nsamples": 300}, "headlines": {"pearson": [0.7146362010112417, 3.2337782701158518e-118], "spearman": [0.6991907177440633, 4.084340086482485e-111], "nsamples": 750}, "images": {"pearson": [0.8186725876387869, 2.3172651630539382e-182], "spearman": [0.7859602557045433, 2.366190771960115e-158], "nsamples": 750}, "OnWN": {"pearson": [0.7375935546858692, 1.080515505365936e-129], "spearman": [0.7605489949182532, 1.9174481774880704e-142], "nsamples": 750}, "tweet-news": {"pearson": [0.7555507892305362, 1.5111527745293279e-139], "spearman": [0.7058372374451487, 4.09275008899326e-114], "nsamples": 750}, "all": {"pearson": {"mean": 0.7177456922030743, "wmean": 0.7294484449595351}, "spearman": {"mean": 0.6987582202791277, "wmean": 0.7109839155693474}}}, "STS15": {"answers-forums": {"pearson": [0.736604481620642, 2.48469730222019e-65], "spearman": [0.7514599239916921, 2.369039054226891e-69], "nsamples": 375}, "answers-students": {"pearson": [0.7281628050083053, 7.767579834381442e-125], "spearman": [0.7346473704357603, 3.7429351402641884e-128], "nsamples": 750}, "belief": {"pearson": [0.7831988535583698, 5.564645885665436e-79], "spearman": [0.7894509579216954, 4.522719920098342e-81], "nsamples": 375}, "headlines": {"pearson": [0.7797224624399456, 2.9863762234444874e-154], "spearman": [0.7820037113141236, 9.796018000940545e-156], "nsamples": 750}, "images": {"pearson": [0.8845070523907175, 6.88162269748068e-250], "spearman": [0.88900894939763, 5.821088114584037e-256], "nsamples": 750}, "all": {"pearson": {"mean": 0.782439131003596, "wmean": 0.7880734968571186}, "spearman": {"mean": 0.7893141826121803, "wmean": 0.7940288680260519}}}, "STS16": {"answer-answer": {"pearson": [0.7026695699975157, 4.007820368546452e-39], "spearman": [0.6905853967006801, 2.5150913068880557e-37], "nsamples": 254}, "headlines": {"pearson": [0.7602568189139116, 3.550023799146648e-48], "spearman": [0.7643535699529269, 5.599717422422805e-49], "nsamples": 249}, "plagiarism": {"pearson": [0.826712231886339, 7.148402148178829e-59], "spearman": [0.8418774967328921, 5.265980541205975e-63], "nsamples": 230}, "postediting": {"pearson": [0.8629782119450916, 1.0463140868175692e-73], "spearman": [0.8661596553702279, 7.468478444260984e-75], "nsamples": 244}, "question-question": {"pearson": [0.7012179263931465, 3.0081840947509134e-32], "spearman": [0.7039403581846668, 1.3711388624475057e-32], "nsamples": 209}, "all": {"pearson": {"mean": 0.7707669518272009, "wmean": 0.7715405247500514}, "spearman": {"mean": 0.7733832953882788, "wmean": 0.7738878960368867}}}}