{"MR": {"devacc": 68.71, "acc": 69.05, "ndev": 10662, "ntest": 10662}, "CR": {"devacc": 78.52, "acc": 77.32, "ndev": 3775, "ntest": 3775}, "SUBJ": {"devacc": 89.71, "acc": 89.24, "ndev": 10000, "ntest": 10000}, "MPQA": {"devacc": 85.75, "acc": 85.73, "ndev": 10606, "ntest": 10606}, "SST5": {"devacc": 37.33, "acc": 37.65, "ndev": 1101, "ntest": 2210}, "TREC": {"devacc": 82.28, "acc": 87.2, "ndev": 5452, "ntest": 500}, "MRPC": {"devacc": 72.69, "acc": 73.04, "f1": 81.36, "ndev": 4076, "ntest": 1725}, "STS12": {"MSRpar": {"pearson": [0.5926410672607082, 2.597627702580407e-72], "spearman": [0.5763467587423353, 1.3387540311910822e-67], "nsamples": 750}, "MSRvid": {"pearson": [0.8803048423259398, 1.9144995952401457e-244], "spearman": [0.8823050804504996, 5.206094114515071e-247], "nsamples": 750}, "SMTeuroparl": {"pearson": [0.5465033981727159, 4.224745201635016e-37], "spearman": [0.5836719797745725, 2.9397667614413694e-43], "nsamples": 459}, "surprise.OnWN": {"pearson": [0.7203585896499552, 5.717599221908256e-121], "spearman": [0.7148094512767511, 2.6753113279447268e-118], "nsamples": 750}, "surprise.SMTnews": {"pearson": [0.6003687058945177, 1.9455012114543297e-40], "spearman": [0.5743318431976084, 2.163524306787752e-36], "nsamples": 399}, "all": {"pearson": {"mean": 0.6680353206607673, "wmean": 0.6870561608238872}, "spearman": {"mean": 0.6662930226883533, "wmean": 0.6844143539268225}}}, "STS13": {"FNWN": {"pearson": [0.5346314153876481, 2.3026420826300176e-15], "spearman": [0.5540044370238901, 1.3491879922727973e-16], "nsamples": 189}, "headlines": {"pearson": [0.7451246813491638, 1.0042439171616179e-133], "spearman": [0.7358002182274552, 9.402326471305123e-129], "nsamples": 750}, "OnWN": {"pearson": [0.7219819273004078, 1.8080380031805254e-91], "spearman": [0.7212105440909322, 3.4642340322579045e-91], "nsamples": 561}, "all": {"pearson": {"mean": 0.6672460080124066, "wmean": 0.709947139823778}, "spearman": {"mean": 0.6703383997807592, "wmean": 0.7074374116687465}}}, "STS14": {"deft-forum": {"pearson": [0.5560754221281985, 6.932944716064579e-38], "spearman": [0.541113190861076, 1.3723186048370345e-35], "nsamples": 450}, "deft-news": {"pearson": [0.7246714346420112, 4.0748888780176343e-50], "spearman": [0.686313409004406, 4.149895167104691e-43], "nsamples": 300}, "headlines": {"pearson": [0.7225249551575574, 4.978723717839196e-122], "spearman": [0.6960907721141552, 9.588227781384774e-110], "nsamples": 750}, "images": {"pearson": [0.8282258286792084, 2.62924652999835e-190], "spearman": [0.7991695987259493, 1.648396295244743e-167], "nsamples": 750}, "OnWN": {"pearson": [0.7865907864616799, 8.950486442652614e-159], "spearman": [0.8100787990075925, 1.3223355724597728e-175], "nsamples": 750}, "tweet-news": {"pearson": [0.7726448321637995, 9.302662957996441e-150], "spearman": [0.7111520349053567, 1.4209410136384842e-116], "nsamples": 750}, "all": {"pearson": {"mean": 0.7317888765387425, "wmean": 0.7467000459191937}, "spearman": {"mean": 0.7073196341030893, "wmean": 0.7231368965742923}}}, "STS15": {"answers-forums": {"pearson": [0.7223453130025378, 1.0141478532042072e-61], "spearman": [0.7341928123702542, 1.0528213818030607e-64], "nsamples": 375}, "answers-students": {"pearson": [0.7280800436888059, 8.550657421251292e-125], "spearman": [0.732157668169485, 7.215432960586864e-127], "nsamples": 750}, "belief": {"pearson": [0.7742477327010355, 4.1657577221840734e-76], "spearman": [0.793004067197764, 2.7266161499001885e-82], "nsamples": 375}, "headlines": {"pearson": [0.7818552441247137, 1.2251292176373762e-155], "spearman": [0.7847188424283381, 1.589020255225785e-157], "nsamples": 750}, "images": {"pearson": [0.8833135514729717, 2.542542312697097e-248], "spearman": [0.8912045056350947, 5.0979302139548494e-259], "nsamples": 750}, "all": {"pearson": {"mean": 0.7779683769980128, "wmean": 0.7853863405345695}, "spearman": {"mean": 0.7870555791601872, "wmean": 0.7929198640042316}}}, "STS16": {"answer-answer": {"pearson": [0.7145104586729845, 5.63896138999833e-41], "spearman": [0.6960278782526166, 3.9993618627394073e-38], "nsamples": 254}, "headlines": {"pearson": [0.7687699106847573, 7.328994165086112e-50], "spearman": [0.7723016857370828, 1.3948575038876501e-50], "nsamples": 249}, "plagiarism": {"pearson": [0.8338479845921494, 9.154735202987158e-61], "spearman": [0.8503734588947893, 1.6245078946171258e-65], "nsamples": 230}, "postediting": {"pearson": [0.8616806770663139, 3.0128377832352955e-73], "spearman": [0.8619424841167196, 2.4359928051842362e-73], "nsamples": 244}, "question-question": {"pearson": [0.7325228742215889, 2.0149987294296253e-36], "spearman": [0.7344594862577547, 1.0634899008962742e-36], "nsamples": 209}, "all": {"pearson": {"mean": 0.7822663810475587, "wmean": 0.7824972737235495}, "spearman": {"mean": 0.7830209986517926, "wmean": 0.7828803500192664}}}}