{"MR": {"devacc": 67.36, "acc": 67.75, "ndev": 10662, "ntest": 10662}, "CR": {"devacc": 77.97, "acc": 76.55, "ndev": 3775, "ntest": 3775}, "SUBJ": {"devacc": 88.77, "acc": 88.34, "ndev": 10000, "ntest": 10000}, "MPQA": {"devacc": 84.91, "acc": 85.41, "ndev": 10606, "ntest": 10606}, "SST5": {"devacc": 34.42, "acc": 38.69, "ndev": 1101, "ntest": 2210}, "TREC": {"devacc": 77.79, "acc": 85.2, "ndev": 5452, "ntest": 500}, "MRPC": {"devacc": 72.35, "acc": 70.09, "f1": 80.21, "ndev": 4076, "ntest": 1725}, "STS12": {"MSRpar": {"pearson": [0.569977841493077, 7.89842972684123e-66], "spearman": [0.5480682843396855, 5.05135817962169e-60], "nsamples": 750}, "MSRvid": {"pearson": [0.8746115949646097, 2.187440937298416e-237], "spearman": [0.873460762416861, 5.305567327094654e-236], "nsamples": 750}, "SMTeuroparl": {"pearson": [0.5395848594574026, 4.8845361535830225e-36], "spearman": [0.5715879918993338, 3.6017184409769746e-41], "nsamples": 459}, "surprise.OnWN": {"pearson": [0.6904804822100327, 2.619308650935515e-107], "spearman": [0.6873481580074757, 5.680577066898733e-106], "nsamples": 750}, "surprise.SMTnews": {"pearson": [0.5799011733667311, 3.1630118798924415e-37], "spearman": [0.5875169356857655, 2.147439740645785e-38], "nsamples": 399}, "all": {"pearson": {"mean": 0.6509111902983706, "wmean": 0.6693540726078067}, "spearman": {"mean": 0.6535964264698244, "wmean": 0.668737467565454}}}, "STS13": {"FNWN": {"pearson": [0.504115033262012, 1.413521346070346e-13], "spearman": [0.519287569567144, 1.9214653701433827e-14], "nsamples": 189}, "headlines": {"pearson": [0.7246351559152323, 4.515904266866316e-123], "spearman": [0.7133589188006586, 1.3026740412847161e-117], "nsamples": 750}, "OnWN": {"pearson": [0.7066495188674217, 4.977587028392677e-86], "spearman": [0.7103991523827885, 2.509439091591391e-87], "nsamples": 561}, "all": {"pearson": {"mean": 0.6451332360148886, "wmean": 0.6901229922050454}, "spearman": {"mean": 0.647681880250197, "wmean": 0.6877989761569523}}}, "STS14": {"deft-forum": {"pearson": [0.5497892924117389, 6.605124149659831e-37], "spearman": [0.5407371582933488, 1.5620582443420057e-35], "nsamples": 450}, "deft-news": {"pearson": [0.7269850663314519, 1.4106940230160542e-50], "spearman": [0.7041097564157126, 3.2134392148784673e-46], "nsamples": 300}, "headlines": {"pearson": [0.7157067731108238, 9.998659447758644e-119], "spearman": [0.6946909024852677, 3.9350019609294828e-109], "nsamples": 750}, "images": {"pearson": [0.8278338241422092, 5.694484806439866e-190], "spearman": [0.7986745207515502, 3.7371578852856325e-167], "nsamples": 750}, "OnWN": {"pearson": [0.7768850353580267, 1.9789324816767567e-152], "spearman": [0.7986776970552459, 3.717611010629325e-167], "nsamples": 750}, "tweet-news": {"pearson": [0.7511111150816654, 4.943983597445869e-137], "spearman": [0.7005552647552811, 1.0050381306964264e-111], "nsamples": 750}, "all": {"pearson": {"mean": 0.7247185177393193, "wmean": 0.7384408699344698}, "spearman": {"mean": 0.7062408832927344, "wmean": 0.7197369165179278}}}, "STS15": {"answers-forums": {"pearson": [0.6866034622931474, 1.371794189098864e-53], "spearman": [0.691413269657136, 1.2948910824617376e-54], "nsamples": 375}, "answers-students": {"pearson": [0.7184876349321623, 4.620591553080145e-120], "spearman": [0.7241798036148483, 7.59446052837636e-123], "nsamples": 750}, "belief": {"pearson": [0.7736282218400206, 6.512047515156003e-76], "spearman": [0.7951075460322038, 5.036894986418441e-83], "nsamples": 375}, "headlines": {"pearson": [0.7637327700094699, 2.513369626681919e-144], "spearman": [0.7668889549611307, 3.195031471673735e-146], "nsamples": 750}, "images": {"pearson": [0.8768706003957941, 3.814816313625674e-240], "spearman": [0.8837240553425167, 7.379775343662204e-249], "nsamples": 750}, "all": {"pearson": {"mean": 0.7638645378941189, "wmean": 0.7723017118510026}, "spearman": {"mean": 0.7722627259215671, "wmean": 0.7795133054407914}}}, "STS16": {"answer-answer": {"pearson": [0.7045471103021377, 2.0674481406997998e-39], "spearman": [0.6883191784075837, 5.344216406954243e-37], "nsamples": 254}, "headlines": {"pearson": [0.7460515674052254, 1.6260202553176067e-45], "spearman": [0.7501206182503688, 2.9327737795173107e-46], "nsamples": 249}, "plagiarism": {"pearson": [0.8139983558168383, 1.0481784746179383e-55], "spearman": [0.8251391984993628, 1.8187485919469603e-58], "nsamples": 230}, "postediting": {"pearson": [0.8502936704701428, 2.0869661259173306e-69], "spearman": [0.8532499667244876, 2.258511934046179e-70], "nsamples": 244}, "question-question": {"pearson": [0.7241583799727099, 2.990588163289378e-35], "spearman": [0.7272201309940952, 1.1271796360495507e-35], "nsamples": 209}, "all": {"pearson": {"mean": 0.7678098167934108, "wmean": 0.7679276434633457}, "spearman": {"mean": 0.7688098185751796, "wmean": 0.7686147724901032}}}}