{"MR": {"devacc": 68.75, "acc": 68.18, "ndev": 10662, "ntest": 10662}, "CR": {"devacc": 78.99, "acc": 78.44, "ndev": 3775, "ntest": 3775}, "SUBJ": {"devacc": 90.53, "acc": 90.12, "ndev": 10000, "ntest": 10000}, "MPQA": {"devacc": 86.19, "acc": 87.02, "ndev": 10606, "ntest": 10606}, "SST5": {"devacc": 36.42, "acc": 39.59, "ndev": 1101, "ntest": 2210}, "TREC": {"devacc": 81.73, "acc": 89.0, "ndev": 5452, "ntest": 500}, "MRPC": {"devacc": 72.82, "acc": 63.83, "f1": 67.9, "ndev": 4076, "ntest": 1725}, "STS12": {"MSRpar": {"pearson": [0.6274132734900544, 2.5447203617651197e-83], "spearman": [0.603696659727411, 1.1510797523051077e-75], "nsamples": 750}, "MSRvid": {"pearson": [0.9005073286274348, 9.578587430437073e-273], "spearman": [0.9011763627297427, 8.754520820731046e-274], "nsamples": 750}, "SMTeuroparl": {"pearson": [0.5546441371203245, 2.202404280426904e-38], "spearman": [0.5979908442630157, 7.550993014105895e-46], "nsamples": 459}, "surprise.OnWN": {"pearson": [0.6996061761091776, 2.6673910502052255e-111], "spearman": [0.7007092460098329, 8.575304867382361e-112], "nsamples": 750}, "surprise.SMTnews": {"pearson": [0.6108090255326786, 3.631686493385039e-42], "spearman": [0.5973832721833033, 5.913113623698116e-40], "nsamples": 399}, "all": {"pearson": {"mean": 0.6785959881759339, "wmean": 0.6978569960732843}, "spearman": {"mean": 0.6801912769826611, "wmean": 0.6972395188121306}}}, "STS13": {"FNWN": {"pearson": [0.5567776010438229, 8.85313070015554e-17], "spearman": [0.6001365046581782, 7.089720107519664e-20], "nsamples": 189}, "headlines": {"pearson": [0.7592284672873436, 1.1347176641262372e-141], "spearman": [0.7510751384756771, 5.17889923168866e-137], "nsamples": 750}, "OnWN": {"pearson": [0.7215499267303951, 2.603026637692595e-91], "spearman": [0.7206369293181849, 5.610306541839951e-91], "nsamples": 561}, "all": {"pearson": {"mean": 0.6791853316871871, "wmean": 0.7196278839723612}, "spearman": {"mean": 0.6906161908173467, "wmean": 0.7206729803897701}}}, "STS14": {"deft-forum": {"pearson": [0.5847337245419036, 1.2666191807769986e-42], "spearman": [0.577364587776752, 2.3219061099212414e-41], "nsamples": 450}, "deft-news": {"pearson": [0.7716525805323228, 1.6416985181247067e-60], "spearman": [0.7408998818329503, 1.885802049924237e-53], "nsamples": 300}, "headlines": {"pearson": [0.7382759036810476, 4.721587880381712e-130], "spearman": [0.7142307044680195, 5.037083751551561e-118], "nsamples": 750}, "images": {"pearson": [0.8493186467784, 9.822034964399138e-210], "spearman": [0.8203568076642435, 9.970696375935767e-184], "nsamples": 750}, "OnWN": {"pearson": [0.7858484262219373, 2.8104847916022774e-158], "spearman": [0.810206465869963, 1.0556211484455484e-175], "nsamples": 750}, "tweet-news": {"pearson": [0.7826987589894608, 3.4301031404461755e-156], "spearman": [0.7287773149630984, 3.802544356283612e-125], "nsamples": 750}, "all": {"pearson": {"mean": 0.7520880067908453, "wmean": 0.7631286005217834}, "spearman": {"mean": 0.7319726270958378, "wmean": 0.7432699996729112}}}, "STS15": {"answers-forums": {"pearson": [0.7569696674489635, 6.4576161937276865e-71], "spearman": [0.7667586587112382, 8.406444628570068e-74], "nsamples": 375}, "answers-students": {"pearson": [0.7586983035923246, 2.3093636650303395e-141], "spearman": [0.7640191143736662, 1.6962517976371514e-144], "nsamples": 750}, "belief": {"pearson": [0.8049531153713174, 1.4165076237482665e-86], "spearman": [0.8206929147074353, 1.0742958264860447e-92], "nsamples": 375}, "headlines": {"pearson": [0.7858893606446015, 2.63895206778356e-158], "spearman": [0.7881822635878156, 7.581944411715688e-160], "nsamples": 750}, "images": {"pearson": [0.9003060866672545, 1.960661948410921e-272], "spearman": [0.9068562227274208, 6.4510706032975135e-283], "nsamples": 750}, "all": {"pearson": {"mean": 0.8013633067448923, "wmean": 0.8064637855785802}, "spearman": {"mean": 0.8093018348215152, "wmean": 0.8131958468495598}}}, "STS16": {"answer-answer": {"pearson": [0.7399564026533574, 2.7155142496023722e-45], "spearman": [0.7339825834294215, 3.10439055865949e-44], "nsamples": 254}, "headlines": {"pearson": [0.7900309348686163, 2.0937336647160434e-54], "spearman": [0.7962187720389481, 7.911501221059761e-56], "nsamples": 249}, "plagiarism": {"pearson": [0.8415283493844143, 6.629364494581951e-63], "spearman": [0.8556297719427414, 3.7842982675803525e-67], "nsamples": 230}, "postediting": {"pearson": [0.865265280664819, 1.5793360733191218e-74], "spearman": [0.8670591302578631, 3.497490061229616e-75], "nsamples": 244}, "question-question": {"pearson": [0.7200529184896614, 1.0841621994092373e-34], "spearman": [0.7233036633010359, 3.917744598234039e-35], "nsamples": 209}, "all": {"pearson": {"mean": 0.7913667772121737, "wmean": 0.7924400825136665}, "spearman": {"mean": 0.795238784194002, "wmean": 0.7961364176968269}}}}