{"MR": {"devacc": 67.77, "acc": 66.8, "ndev": 10662, "ntest": 10662}, "CR": {"devacc": 76.99, "acc": 77.62, "ndev": 3775, "ntest": 3775}, "SUBJ": {"devacc": 88.44, "acc": 88.34, "ndev": 10000, "ntest": 10000}, "MPQA": {"devacc": 84.77, "acc": 85.37, "ndev": 10606, "ntest": 10606}, "SST5": {"devacc": 35.79, "acc": 36.61, "ndev": 1101, "ntest": 2210}, "TREC": {"devacc": 75.93, "acc": 85.2, "ndev": 5452, "ntest": 500}, "MRPC": {"devacc": 72.33, "acc": 73.28, "f1": 80.97, "ndev": 4076, "ntest": 1725}, "STS12": {"MSRpar": {"pearson": [0.5691008980287112, 1.3751506733891451e-65], "spearman": [0.5557773024745553, 5.124778601330046e-62], "nsamples": 750}, "MSRvid": {"pearson": [0.8853250137272229, 5.666622479962584e-251], "spearman": [0.8866011022224638, 1.1092090168320847e-252], "nsamples": 750}, "SMTeuroparl": {"pearson": [0.5525008758346784, 4.831454160765445e-38], "spearman": [0.6098800694978898, 4.226797477879137e-48], "nsamples": 459}, "surprise.OnWN": {"pearson": [0.672340260450013, 8.476288803136329e-100], "spearman": [0.6858682672321059, 2.3977877292531636e-105], "nsamples": 750}, "surprise.SMTnews": {"pearson": [0.5735972007462149, 2.7805191229739075e-36], "spearman": [0.5669294916953741, 2.634355900143407e-35], "nsamples": 399}, "all": {"pearson": {"mean": 0.6505728497573682, "wmean": 0.6684484601867174}, "spearman": {"mean": 0.6610112466244777, "wmean": 0.6764236882345012}}}, "STS13": {"FNWN": {"pearson": [0.4707894267524133, 8.13056397670586e-12], "spearman": [0.49706723775057826, 3.4555779663597356e-13], "nsamples": 189}, "headlines": {"pearson": [0.7297969787412124, 1.1573124978574444e-125], "spearman": [0.722196794735921, 7.21688521428366e-122], "nsamples": 750}, "OnWN": {"pearson": [0.7015226571616131, 2.7420676093420972e-84], "spearman": [0.6950094986217583, 3.9524046288075793e-82], "nsamples": 561}, "all": {"pearson": {"mean": 0.634036354218413, "wmean": 0.6865874309198536}, "spearman": {"mean": 0.6380911770360859, "wmean": 0.683662421809071}}}, "STS14": {"deft-forum": {"pearson": [0.5601712392626198, 1.55514981102174e-38], "spearman": [0.5607519303210202, 1.2560497644616415e-38], "nsamples": 450}, "deft-news": {"pearson": [0.7501788796001777, 1.795610519365158e-55], "spearman": [0.712519740057184, 9.006926141620327e-48], "nsamples": 300}, "headlines": {"pearson": [0.7226151134034081, 4.495527957826373e-122], "spearman": [0.6988521403769694, 5.776701197051707e-111], "nsamples": 750}, "images": {"pearson": [0.8418840796180209, 1.459912179301849e-202], "spearman": [0.8125086226591769, 1.7639041519732315e-177], "nsamples": 750}, "OnWN": {"pearson": [0.7632451499249456, 4.9034068890270395e-144], "spearman": [0.7867008834136417, 7.550549413299508e-159], "nsamples": 750}, "tweet-news": {"pearson": [0.7499349025889972, 2.2460067179021856e-136], "spearman": [0.6888652080481238, 1.2863672766585348e-106], "nsamples": 750}, "all": {"pearson": {"mean": 0.731338227399695, "wmean": 0.7427707081866031}, "spearman": {"mean": 0.7100330874793527, "wmean": 0.7216771817426795}}}, "STS15": {"answers-forums": {"pearson": [0.7097497660468517, 1.0293492967957711e-58], "spearman": [0.7089884927332415, 1.5456513955289268e-58], "nsamples": 375}, "answers-students": {"pearson": [0.7448788834351763, 1.3666854863478214e-133], "spearman": [0.7447545483881127, 1.5970059145882402e-133], "nsamples": 750}, "belief": {"pearson": [0.7638043997138682, 6.45928231290084e-73], "spearman": [0.780940795356441, 3.042903111786512e-78], "nsamples": 375}, "headlines": {"pearson": [0.7801452216393578, 1.5902264720431576e-154], "spearman": [0.7821024492869556, 8.441302952419848e-156], "nsamples": 750}, "images": {"pearson": [0.8884098222313875, 3.874240819672037e-255], "spearman": [0.8980118952669318, 6.2050299230985e-269], "nsamples": 750}, "all": {"pearson": {"mean": 0.7773976186133283, "wmean": 0.7875527525465704}, "spearman": {"mean": 0.7829596362063365, "wmean": 0.7924583842467103}}}, "STS16": {"answer-answer": {"pearson": [0.7341277903035006, 2.9281680775821723e-44], "spearman": [0.7289303240326662, 2.3162717417104304e-43], "nsamples": 254}, "headlines": {"pearson": [0.7681769816561462, 9.65495095438273e-50], "spearman": [0.7720576358085999, 1.5657965754290581e-50], "nsamples": 249}, "plagiarism": {"pearson": [0.8283216288604494, 2.722766906319332e-59], "spearman": [0.840470986770937, 1.3268412489325506e-62], "nsamples": 230}, "postediting": {"pearson": [0.8537710060491457, 1.5185243227265642e-70], "spearman": [0.8544980954501887, 8.704037494796756e-71], "nsamples": 244}, "question-question": {"pearson": [0.7120628611286982, 1.2459897242515222e-33], "spearman": [0.7082397878737905, 3.892343570764441e-33], "nsamples": 209}, "all": {"pearson": {"mean": 0.779292053599588, "wmean": 0.7802696165761066}, "spearman": {"mean": 0.7808393659872365, "wmean": 0.7818032306352634}}}}