{"MR": {"devacc": 67.09, "acc": 65.22, "ndev": 10662, "ntest": 10662}, "CR": {"devacc": 76.26, "acc": 74.3, "ndev": 3775, "ntest": 3775}, "SUBJ": {"devacc": 87.41, "acc": 87.18, "ndev": 10000, "ntest": 10000}, "MPQA": {"devacc": 83.67, "acc": 83.9, "ndev": 10606, "ntest": 10606}, "SST5": {"devacc": 34.06, "acc": 34.25, "ndev": 1101, "ntest": 2210}, "TREC": {"devacc": 72.98, "acc": 81.2, "ndev": 5452, "ntest": 500}, "MRPC": {"devacc": 71.49, "acc": 72.23, "f1": 80.86, "ndev": 4076, "ntest": 1725}, "STS12": {"MSRpar": {"pearson": [0.5657690501747101, 1.113562575308006e-64], "spearman": [0.5510510179667011, 8.67289617164523e-61], "nsamples": 750}, "MSRvid": {"pearson": [0.8764208048082197, 1.3646836109186175e-239], "spearman": [0.8784774202626695, 3.8555756476382584e-242], "nsamples": 750}, "SMTeuroparl": {"pearson": [0.5428691369583991, 1.5391293507145927e-36], "spearman": [0.6073267948387175, 1.3111983816659206e-47], "nsamples": 459}, "surprise.OnWN": {"pearson": [0.6529638927062121, 2.3977428254848886e-92], "spearman": [0.6545437404975832, 6.205970181862288e-93], "nsamples": 750}, "surprise.SMTnews": {"pearson": [0.5838172502808334, 8.003119424573671e-38], "spearman": [0.5895545258241609, 1.0330264893999466e-38], "nsamples": 399}, "all": {"pearson": {"mean": 0.6443680269856749, "wmean": 0.6607095648303778}, "spearman": {"mean": 0.6561906998779664, "wmean": 0.6682913090991077}}}, "STS13": {"FNWN": {"pearson": [0.5019051347828045, 1.874958445723371e-13], "spearman": [0.5297532636442397, 4.5732137333051924e-15], "nsamples": 189}, "headlines": {"pearson": [0.726277360752227, 6.867336265184284e-124], "spearman": [0.7162945466661932, 5.236728164239606e-119], "nsamples": 750}, "OnWN": {"pearson": [0.660755118414213, 1.1505078620107602e-71], "spearman": [0.657520299124456, 9.512766991636617e-71], "nsamples": 561}, "all": {"pearson": {"mean": 0.6296458713164149, "wmean": 0.6735011416456625}, "spearman": {"mean": 0.634522703144963, "wmean": 0.6708087764248173}}}, "STS14": {"deft-forum": {"pearson": [0.5647102783625821, 2.8957525124130405e-39], "spearman": [0.558575084272495, 2.791377014632426e-38], "nsamples": 450}, "deft-news": {"pearson": [0.7029175149622732, 5.27985144977179e-46], "spearman": [0.6853158075576027, 6.1070880189329155e-43], "nsamples": 300}, "headlines": {"pearson": [0.6925296398629778, 3.42584257328396e-108], "spearman": [0.6660062069166472, 2.665978068919159e-97], "nsamples": 750}, "images": {"pearson": [0.820337894537786, 1.033112149729047e-183], "spearman": [0.7908866106318841, 1.0880728819957826e-161], "nsamples": 750}, "OnWN": {"pearson": [0.7339723787958121, 8.376081139327921e-128], "spearman": [0.7546956316742612, 4.654602054967713e-139], "nsamples": 750}, "tweet-news": {"pearson": [0.7379337775174241, 7.1532222589030104e-130], "spearman": [0.6778896888232525, 4.8781018074024816e-102], "nsamples": 750}, "all": {"pearson": {"mean": 0.7087335806731425, "wmean": 0.7209533727432917}, "spearman": {"mean": 0.6888948383126904, "wmean": 0.6997499023265167}}}, "STS15": {"answers-forums": {"pearson": [0.6466247539968054, 8.79999847817504e-46], "spearman": [0.6512910066844045, 1.2414884440405623e-46], "nsamples": 375}, "answers-students": {"pearson": [0.7512752699677637, 3.9998578747309155e-137], "spearman": [0.7579227993688518, 6.508340586892897e-141], "nsamples": 750}, "belief": {"pearson": [0.7309134342655046, 7.313717758312052e-64], "spearman": [0.7501059236060175, 5.659285966445949e-69], "nsamples": 375}, "headlines": {"pearson": [0.7602525099582081, 2.861053358446754e-142], "spearman": [0.760735164060515, 1.490939244351165e-142], "nsamples": 750}, "images": {"pearson": [0.8701062917209986, 4.842106657193081e-232], "spearman": [0.8760104369271747, 4.3469187745767456e-239], "nsamples": 750}, "all": {"pearson": {"mean": 0.7518344519818561, "wmean": 0.7676007914445314}, "spearman": {"mean": 0.7592130661293928, "wmean": 0.7738417163754381}}}, "STS16": {"answer-answer": {"pearson": [0.7105019150083756, 2.4462958670471785e-40], "spearman": [0.703570119049952, 2.9194797564715578e-39], "nsamples": 254}, "headlines": {"pearson": [0.7491588527633186, 4.409474325952623e-46], "spearman": [0.7601465336042956, 3.729067573554786e-48], "nsamples": 249}, "plagiarism": {"pearson": [0.8307464744027068, 6.238788576402509e-60], "spearman": [0.8476268613938547, 1.0943104413985218e-64], "nsamples": 230}, "postediting": {"pearson": [0.8507697010287112, 1.4636301746454718e-69], "spearman": [0.8546978527679087, 7.465971083098642e-71], "nsamples": 244}, "question-question": {"pearson": [0.6930471635402863, 3.0172450702546646e-31], "spearman": [0.6833161938764926, 4.259843886786645e-30], "nsamples": 209}, "all": {"pearson": {"mean": 0.7668448213486797, "wmean": 0.7677187134011313}, "spearman": {"mean": 0.7698715121385008, "wmean": 0.7709079560053126}}}}