{"MR": {"devacc": 67.93, "acc": 68.86, "ndev": 10662, "ntest": 10662}, "CR": {"devacc": 78.45, "acc": 78.07, "ndev": 3775, "ntest": 3775}, "SUBJ": {"devacc": 89.8, "acc": 89.26, "ndev": 10000, "ntest": 10000}, "MPQA": {"devacc": 86.16, "acc": 86.36, "ndev": 10606, "ntest": 10606}, "SST5": {"devacc": 36.42, "acc": 34.43, "ndev": 1101, "ntest": 2210}, "TREC": {"devacc": 81.03, "acc": 88.2, "ndev": 5452, "ntest": 500}, "MRPC": {"devacc": 72.4, "acc": 72.58, "f1": 79.93, "ndev": 4076, "ntest": 1725}, "STS12": {"MSRpar": {"pearson": [0.5945191717805159, 7.145813157517309e-73], "spearman": [0.5852209522698099, 3.9218701113190085e-70], "nsamples": 750}, "MSRvid": {"pearson": [0.8991713601206984, 1.082030533927002e-270], "spearman": [0.8978578912904895, 1.0585708952924967e-268], "nsamples": 750}, "SMTeuroparl": {"pearson": [0.5135823211516561, 2.9617639752066804e-32], "spearman": [0.551549285661622, 6.835490980330754e-38], "nsamples": 459}, "surprise.OnWN": {"pearson": [0.7034931804400418, 4.778342692407829e-113], "spearman": [0.7003223773722499, 1.2774838834424716e-111], "nsamples": 750}, "surprise.SMTnews": {"pearson": [0.5846732214021253, 5.911845754957262e-38], "spearman": [0.5747324479366986, 1.886371695013066e-36], "nsamples": 399}, "all": {"pearson": {"mean": 0.6590878509790075, "wmean": 0.6811154070154439}, "spearman": {"mean": 0.661936590906174, "wmean": 0.6821204261727282}}}, "STS13": {"FNWN": {"pearson": [0.5356584814207535, 1.990085090032621e-15], "spearman": [0.5707611975701439, 9.954172288662647e-18], "nsamples": 189}, "headlines": {"pearson": [0.7554023510574406, 1.837637935577283e-139], "spearman": [0.7435864807495319, 6.867772129484712e-133], "nsamples": 750}, "OnWN": {"pearson": [0.7055306870285779, 1.202760932133789e-85], "spearman": [0.707357864773861, 2.8411683236866017e-86], "nsamples": 561}, "all": {"pearson": {"mean": 0.6655305065022573, "wmean": 0.7090626211364234}, "spearman": {"mean": 0.6739018476978456, "wmean": 0.7082609926940281}}}, "STS14": {"deft-forum": {"pearson": [0.5682476363651703, 7.67322898647653e-40], "spearman": [0.5586395996165711, 2.726319722837205e-38], "nsamples": 450}, "deft-news": {"pearson": [0.7655158482236099, 5.131907703007921e-59], "spearman": [0.7357927740529199, 2.2461397680139955e-52], "nsamples": 300}, "headlines": {"pearson": [0.7312509081794264, 2.102328646316274e-126], "spearman": [0.7105605467663494, 2.6856437324791945e-116], "nsamples": 750}, "images": {"pearson": [0.846312581524401, 8.669019688228413e-207], "spearman": [0.819231427194453, 8.188851468448923e-183], "nsamples": 750}, "OnWN": {"pearson": [0.7749879383396844, 3.1565716733861244e-151], "spearman": [0.7991645614690321, 1.6622010192039646e-167], "nsamples": 750}, "tweet-news": {"pearson": [0.780287981873607, 1.2849948602449737e-154], "spearman": [0.7211393391548119, 2.3785928478553767e-121], "nsamples": 750}, "all": {"pearson": {"mean": 0.7444338157509831, "wmean": 0.755998866205133}, "spearman": {"mean": 0.7240880413756895, "wmean": 0.7359193487951514}}}, "STS15": {"answers-forums": {"pearson": [0.7496577854896993, 7.540443474882561e-69], "spearman": [0.757711638539004, 3.946294884210614e-71], "nsamples": 375}, "answers-students": {"pearson": [0.7351939506478222, 1.946023244848334e-128], "spearman": [0.7360919176666364, 6.621032070179531e-129], "nsamples": 750}, "belief": {"pearson": [0.7966826188988974, 1.4037850052229427e-83], "spearman": [0.8169873928926634, 3.3484517252213163e-91], "nsamples": 375}, "headlines": {"pearson": [0.787832873830594, 1.3059649066610743e-159], "spearman": [0.7905031776854821, 1.99361850652305e-161], "nsamples": 750}, "images": {"pearson": [0.8996516978362566, 1.9927498943318233e-271], "spearman": [0.9063154431759467, 5.059597371381908e-282], "nsamples": 750}, "all": {"pearson": {"mean": 0.7938037853406539, "wmean": 0.7989621811272427}, "spearman": {"mean": 0.8015219139919465, "wmean": 0.8050650135609747}}}, "STS16": {"answer-answer": {"pearson": [0.7249791498788625, 1.0809030353780839e-42], "spearman": [0.7164856930525827, 2.7108554409772625e-41], "nsamples": 254}, "headlines": {"pearson": [0.7784497651023241, 7.223555795839133e-52], "spearman": [0.7883755553308532, 4.9362358713265286e-54], "nsamples": 249}, "plagiarism": {"pearson": [0.8212609860512117, 1.748011939032271e-57], "spearman": [0.8353499823715352, 3.562958932885056e-61], "nsamples": 230}, "postediting": {"pearson": [0.8638715207076337, 5.019868311005301e-74], "spearman": [0.8636673417139857, 5.940145237328903e-74], "nsamples": 244}, "question-question": {"pearson": [0.7221328363755205, 5.662104302328076e-35], "spearman": [0.7154822030294304, 4.427640790148309e-34], "nsamples": 209}, "all": {"pearson": {"mean": 0.7821388516231106, "wmean": 0.7829503678133515}, "spearman": {"mean": 0.7838721550996774, "wmean": 0.7847335472761847}}}}