{"MR": {"devacc": 66.97, "acc": 66.59, "ndev": 10662, "ntest": 10662}, "CR": {"devacc": 76.49, "acc": 75.63, "ndev": 3775, "ntest": 3775}, "SUBJ": {"devacc": 86.94, "acc": 86.8, "ndev": 10000, "ntest": 10000}, "MPQA": {"devacc": 84.65, "acc": 84.38, "ndev": 10606, "ntest": 10606}, "SST5": {"devacc": 36.78, "acc": 33.94, "ndev": 1101, "ntest": 2210}, "TREC": {"devacc": 72.43, "acc": 81.6, "ndev": 5452, "ntest": 500}, "MRPC": {"devacc": 71.88, "acc": 66.49, "f1": 72.99, "ndev": 4076, "ntest": 1725}, "STS12": {"MSRpar": {"pearson": [0.5796933020081968, 1.515402263457369e-68], "spearman": [0.5507876830883833, 1.0139946677280297e-60], "nsamples": 750}, "MSRvid": {"pearson": [0.8729377146286036, 2.236862087740099e-235], "spearman": [0.876473449655768, 1.1758570321777903e-239], "nsamples": 750}, "SMTeuroparl": {"pearson": [0.5349743847882421, 2.4191208232226214e-35], "spearman": [0.5805332221010162, 1.044959367893891e-42], "nsamples": 459}, "surprise.OnWN": {"pearson": [0.6710928259537187, 2.660750493876957e-99], "spearman": [0.6734931718495735, 2.9300813878756247e-100], "nsamples": 750}, "surprise.SMTnews": {"pearson": [0.5590344939857839, 3.537108078461921e-34], "spearman": [0.5341751342173274, 8.133506424578811e-31], "nsamples": 399}, "all": {"pearson": {"mean": 0.6435465442729089, "wmean": 0.663256398861332}, "spearman": {"mean": 0.6430925321824137, "wmean": 0.661250436274895}}}, "STS13": {"FNWN": {"pearson": [0.5225613646846008, 1.23287769765953e-14], "spearman": [0.5552444051215412, 1.118068305450036e-16], "nsamples": 189}, "headlines": {"pearson": [0.7246311977750677, 4.536375878343218e-123], "spearman": [0.7139976166934486, 6.496241311121989e-118], "nsamples": 750}, "OnWN": {"pearson": [0.6940897111796918, 7.889820893680473e-82], "spearman": [0.6933137887635161, 1.4107059998972342e-81], "nsamples": 561}, "all": {"pearson": {"mean": 0.6470940912131201, "wmean": 0.6877478828189982}, "spearman": {"mean": 0.6541852701928353, "wmean": 0.6862589603895936}}}, "STS14": {"deft-forum": {"pearson": [0.5083159593154526, 6.125869429213631e-31], "spearman": [0.4893400491823513, 1.8012919025047e-28], "nsamples": 450}, "deft-news": {"pearson": [0.709614768145213, 3.141046353544542e-47], "spearman": [0.6730920183029381, 6.144973154470609e-41], "nsamples": 300}, "headlines": {"pearson": [0.6998414889615246, 2.0947971507687467e-111], "spearman": [0.6796340105450537, 9.417489253707781e-103], "nsamples": 750}, "images": {"pearson": [0.8041546990072692, 3.8115388315446966e-171], "spearman": [0.7780854825631922, 3.382075200696163e-153], "nsamples": 750}, "OnWN": {"pearson": [0.7685108523568327, 3.3002144069412403e-147], "spearman": [0.7960239304721173, 2.8770290107411593e-165], "nsamples": 750}, "tweet-news": {"pearson": [0.7442180676612679, 3.1239198022310075e-133], "spearman": [0.676740933871861, 1.4321140798671053e-101], "nsamples": 750}, "all": {"pearson": {"mean": 0.7057759725745933, "wmean": 0.7211121181668502}, "spearman": {"mean": 0.6821527374895856, "wmean": 0.6986650388565621}}}, "STS15": {"answers-forums": {"pearson": [0.6815219942850946, 1.5806362854851815e-52], "spearman": [0.6836032581217911, 5.8433703103605005e-53], "nsamples": 375}, "answers-students": {"pearson": [0.7165746288602907, 3.8456019358767225e-119], "spearman": [0.7247161826025043, 4.1164804761316115e-123], "nsamples": 750}, "belief": {"pearson": [0.7423877978709968, 7.29413683170817e-67], "spearman": [0.7561392109135736, 1.1182790473978358e-70], "nsamples": 375}, "headlines": {"pearson": [0.7562461015731949, 6.033446134757544e-140], "spearman": [0.7593975627276812, 9.042531320267398e-142], "nsamples": 750}, "images": {"pearson": [0.8695940354200427, 1.9058333903340326e-231], "spearman": [0.8767981900918614, 4.6852715340615547e-240], "nsamples": 750}, "all": {"pearson": {"mean": 0.7532649116019239, "wmean": 0.7635924154828936}, "spearman": {"mean": 0.7601308808914823, "wmean": 0.7701957924849324}}}, "STS16": {"answer-answer": {"pearson": [0.7118287788638644, 1.5092511721513258e-40], "spearman": [0.7039499122989001, 2.5533944816136784e-39], "nsamples": 254}, "headlines": {"pearson": [0.7451318496366847, 2.3839294916130886e-45], "spearman": [0.7491033165757811, 4.514286785082853e-46], "nsamples": 249}, "plagiarism": {"pearson": [0.8153671985532045, 4.913121250933389e-56], "spearman": [0.822087914092759, 1.0839316231570467e-57], "nsamples": 230}, "postediting": {"pearson": [0.8574072954816008, 9.105346576483184e-72], "spearman": [0.8578284823195776, 6.539595381493093e-72], "nsamples": 244}, "question-question": {"pearson": [0.6918280845439176, 4.228130395409947e-31], "spearman": [0.6902434374448714, 6.5395098953969754e-31], "nsamples": 209}, "all": {"pearson": {"mean": 0.7643126414158543, "wmean": 0.7653256710163427}, "spearman": {"mean": 0.7646426125463778, "wmean": 0.7655828430898649}}}}