{"MR": {"devacc": 67.98, "acc": 67.28, "ndev": 10662, "ntest": 10662}, "CR": {"devacc": 77.5, "acc": 78.15, "ndev": 3775, "ntest": 3775}, "SUBJ": {"devacc": 88.66, "acc": 88.01, "ndev": 10000, "ntest": 10000}, "MPQA": {"devacc": 85.66, "acc": 86.1, "ndev": 10606, "ntest": 10606}, "SST5": {"devacc": 36.78, "acc": 35.66, "ndev": 1101, "ntest": 2210}, "TREC": {"devacc": 78.56, "acc": 85.2, "ndev": 5452, "ntest": 500}, "MRPC": {"devacc": 71.81, "acc": 72.35, "f1": 81.88, "ndev": 4076, "ntest": 1725}, "STS12": {"MSRpar": {"pearson": [0.6052016323930473, 3.930028931227376e-76], "spearman": [0.5871802771165409, 1.0558529118718296e-70], "nsamples": 750}, "MSRvid": {"pearson": [0.884745381371113, 3.331109342656897e-250], "spearman": [0.8863027667487617, 2.7940206634096347e-252], "nsamples": 750}, "SMTeuroparl": {"pearson": [0.5209389397442296, 2.7183709432392833e-33], "spearman": [0.5661218807611222, 2.9718123381056366e-40], "nsamples": 459}, "surprise.OnWN": {"pearson": [0.6846273870981262, 7.967929899588154e-105], "spearman": [0.6795407539697774, 1.0286089338224317e-102], "nsamples": 750}, "surprise.SMTnews": {"pearson": [0.5732297564011422, 3.151543828976288e-36], "spearman": [0.5637136922646863, 7.652047138780111e-35], "nsamples": 399}, "all": {"pearson": {"mean": 0.6537486194015317, "wmean": 0.6752768490326164}, "spearman": {"mean": 0.6565718741721778, "wmean": 0.6755275273034991}}}, "STS13": {"FNWN": {"pearson": [0.5427762148201692, 7.142444876177113e-16], "spearman": [0.5797840388713941, 2.297819209597837e-18], "nsamples": 189}, "headlines": {"pearson": [0.7402541957239425, 4.2197536608391313e-131], "spearman": [0.7291480833637088, 2.468842834141657e-125], "nsamples": 750}, "OnWN": {"pearson": [0.6823160098701996, 4.385636193493375e-78], "spearman": [0.6778335104710098, 1.0514299070374912e-76], "nsamples": 561}, "all": {"pearson": {"mean": 0.6551154734714371, "wmean": 0.6937030886207671}, "spearman": {"mean": 0.6622552109020375, "wmean": 0.6911365634958078}}}, "STS14": {"deft-forum": {"pearson": [0.5635506504928903, 4.4600161845324e-39], "spearman": [0.5569719384159293, 5.007233603740525e-38], "nsamples": 450}, "deft-news": {"pearson": [0.7474953248733004, 7.044573631038578e-55], "spearman": [0.7196610761017391, 3.906748882233144e-49], "nsamples": 300}, "headlines": {"pearson": [0.7169566628560416, 2.522285413256834e-119], "spearman": [0.6974856520199265, 2.329063367621661e-110], "nsamples": 750}, "images": {"pearson": [0.8394237915528204, 2.860104427646167e-200], "spearman": [0.8072668250989258, 1.8095532612337345e-173], "nsamples": 750}, "OnWN": {"pearson": [0.773293539875485, 3.660704364867771e-150], "spearman": [0.7991312480845971, 1.7564431682259404e-167], "nsamples": 750}, "tweet-news": {"pearson": [0.7592798958680474, 1.0590317584013968e-141], "spearman": [0.6992155623346905, 3.981673992518453e-111], "nsamples": 750}, "all": {"pearson": {"mean": 0.7333333109197642, "wmean": 0.7452164820794898}, "spearman": {"mean": 0.7132887170093013, "wmean": 0.7250293762056786}}}, "STS15": {"answers-forums": {"pearson": [0.7154615520123817, 4.6714742443527673e-60], "spearman": [0.7186514452191446, 8.032655702286917e-61], "nsamples": 375}, "answers-students": {"pearson": [0.7468274282145102, 1.1762378969266505e-134], "spearman": [0.7514638148378823, 3.1350823935491014e-137], "nsamples": 750}, "belief": {"pearson": [0.781807392742577, 1.5891257266218605e-78], "spearman": [0.7908254824917766, 1.5358319396390987e-81], "nsamples": 375}, "headlines": {"pearson": [0.7764809253607087, 3.5779557331577993e-152], "spearman": [0.7812152502742414, 3.2063814381852745e-155], "nsamples": 750}, "images": {"pearson": [0.8901388748386337, 1.5832731473736859e-257], "spearman": [0.8965249413205233, 1.0403660650540064e-266], "nsamples": 750}, "all": {"pearson": {"mean": 0.7821432346337623, "wmean": 0.7905204251978329}, "spearman": {"mean": 0.7877361868287136, "wmean": 0.795985617572027}}}, "STS16": {"answer-answer": {"pearson": [0.6990239640808769, 1.4279225197571677e-38], "spearman": [0.6929572890162288, 1.1342654626440162e-37], "nsamples": 254}, "headlines": {"pearson": [0.75592355671576, 2.4058153747077444e-47], "spearman": [0.7626117810300326, 1.2335523748892401e-48], "nsamples": 249}, "plagiarism": {"pearson": [0.8243750270788339, 2.8531867354304553e-58], "spearman": [0.8379312969902515, 6.882267956903355e-62], "nsamples": 230}, "postediting": {"pearson": [0.8594518939948813, 1.8077483330667411e-72], "spearman": [0.8638485541954982, 5.115890429861335e-74], "nsamples": 244}, "question-question": {"pearson": [0.6813891170750819, 7.108929620715424e-30], "spearman": [0.6835519386557988, 4.000072752515493e-30], "nsamples": 209}, "all": {"pearson": {"mean": 0.7640327117890868, "wmean": 0.7651769783561061}, "spearman": {"mean": 0.768180171977562, "wmean": 0.7691965308576068}}}}