{"MR": {"devacc": 69.3, "acc": 70.79, "ndev": 10662, "ntest": 10662}, "CR": {"devacc": 78.81, "acc": 79.92, "ndev": 3775, "ntest": 3775}, "SUBJ": {"devacc": 90.65, "acc": 90.11, "ndev": 10000, "ntest": 10000}, "MPQA": {"devacc": 86.46, "acc": 86.75, "ndev": 10606, "ntest": 10606}, "SST5": {"devacc": 36.24, "acc": 37.1, "ndev": 1101, "ntest": 2210}, "TREC": {"devacc": 82.47, "acc": 87.6, "ndev": 5452, "ntest": 500}, "MRPC": {"devacc": 73.48, "acc": 74.03, "f1": 79.89, "ndev": 4076, "ntest": 1725}, "STS12": {"MSRpar": {"pearson": [0.6291242460575118, 6.722627821426491e-84], "spearman": [0.6097047239471419, 1.523804851027412e-77], "nsamples": 750}, "MSRvid": {"pearson": [0.9023439343098056, 1.2910701986951702e-275], "spearman": [0.9015610074616476, 2.1951904090899394e-274], "nsamples": 750}, "SMTeuroparl": {"pearson": [0.5283086686268925, 2.3415644292215062e-34], "spearman": [0.5669093264455426, 2.1980700852706886e-40], "nsamples": 459}, "surprise.OnWN": {"pearson": [0.7000519407660469, 1.687320655912197e-111], "spearman": [0.7034089209357227, 5.21729630598745e-113], "nsamples": 750}, "surprise.SMTnews": {"pearson": [0.593242735801327, 2.7107166140827057e-39], "spearman": [0.5984726491460766, 3.9467165800098566e-40], "nsamples": 399}, "all": {"pearson": {"mean": 0.6706143051123168, "wmean": 0.6926761973405715}, "spearman": {"mean": 0.6760113255872262, "wmean": 0.6949832551821663}}}, "STS13": {"FNWN": {"pearson": [0.5729706345668524, 6.98072639646139e-18], "spearman": [0.6188476998002277, 2.3104778945599718e-21], "nsamples": 189}, "headlines": {"pearson": [0.7612841672521229, 7.090280070508411e-143], "spearman": [0.7535338090750429, 2.1303040341473694e-138], "nsamples": 750}, "OnWN": {"pearson": [0.7307801248904356, 9.271090774312201e-95], "spearman": [0.7274188321992094, 1.7350093813098285e-93], "nsamples": 561}, "all": {"pearson": {"mean": 0.6883449755698036, "wmean": 0.7261481502905077}, "spearman": {"mean": 0.6999334470248266, "wmean": 0.7267963579548544}}}, "STS14": {"deft-forum": {"pearson": [0.5714090776754229, 2.309732386407535e-40], "spearman": [0.5594299085128277, 2.0414300550573972e-38], "nsamples": 450}, "deft-news": {"pearson": [0.7716765918483068, 1.6193931057248225e-60], "spearman": [0.7421137949623311, 1.0375619365161908e-53], "nsamples": 300}, "headlines": {"pearson": [0.7409981428439216, 1.6919842273953567e-131], "spearman": [0.7201106010354271, 7.549607109537695e-121], "nsamples": 750}, "images": {"pearson": [0.8485963850291177, 5.079475334936245e-209], "spearman": [0.8162610648012454, 1.9799153522115727e-180], "nsamples": 750}, "OnWN": {"pearson": [0.7959447711124491, 3.2722807903455297e-165], "spearman": [0.8196831581267436, 3.5229718571819778e-183], "nsamples": 750}, "tweet-news": {"pearson": [0.7844136077966362, 2.5330720543435472e-157], "spearman": [0.7261336205902081, 8.10254166624055e-124], "nsamples": 750}, "all": {"pearson": {"mean": 0.7521730960509756, "wmean": 0.7642937980253403}, "spearman": {"mean": 0.7306220246714639, "wmean": 0.7429383815292506}}}, "STS15": {"answers-forums": {"pearson": [0.7488822203823688, 1.23728716931021e-68], "spearman": [0.7554257346036014, 1.7892501651608095e-70], "nsamples": 375}, "answers-students": {"pearson": [0.7466555789984265, 1.4616028909961978e-134], "spearman": [0.7494861023055452, 3.9926196665468135e-136], "nsamples": 750}, "belief": {"pearson": [0.8125193902839473, 1.9118055013498116e-89], "spearman": [0.8288492239246203, 4.15079711090861e-96], "nsamples": 375}, "headlines": {"pearson": [0.7905174323733849, 1.949283989719286e-161], "spearman": [0.7925377671078263, 7.903792644367676e-163], "nsamples": 750}, "images": {"pearson": [0.9037589271694715, 7.250074485774023e-278], "spearman": [0.9095299847846803, 2.0190856653950538e-287], "nsamples": 750}, "all": {"pearson": {"mean": 0.8004667098415199, "wmean": 0.8054081859686103}, "spearman": {"mean": 0.8071657625452549, "wmean": 0.8109228333655407}}}, "STS16": {"answer-answer": {"pearson": [0.7436400447234165, 5.844664145677662e-46], "spearman": [0.7357312549733276, 1.5318514877454408e-44], "nsamples": 254}, "headlines": {"pearson": [0.784426705124119, 3.7032640838629104e-53], "spearman": [0.7908428516228163, 1.3708876038003718e-54], "nsamples": 249}, "plagiarism": {"pearson": [0.8250406323787203, 1.9277465322812897e-58], "spearman": [0.8377069005666447, 7.948839571551022e-62], "nsamples": 230}, "postediting": {"pearson": [0.8657365441117145, 1.0650990615481287e-74], "spearman": [0.8685446081698079, 9.870081632076536e-76], "nsamples": 244}, "question-question": {"pearson": [0.7288329976160177, 6.70563889381734e-36], "spearman": [0.7262136160398811, 1.5557288166208997e-35], "nsamples": 209}, "all": {"pearson": {"mean": 0.7895353847907975, "wmean": 0.7904991396692792}, "spearman": {"mean": 0.7918078462744955, "wmean": 0.7927248955256349}}}}