{"MR": {"devacc": 67.04, "acc": 66.86, "ndev": 10662, "ntest": 10662}, "CR": {"devacc": 75.89, "acc": 75.36, "ndev": 3775, "ntest": 3775}, "SUBJ": {"devacc": 87.56, "acc": 87.39, "ndev": 10000, "ntest": 10000}, "MPQA": {"devacc": 84.08, "acc": 85.05, "ndev": 10606, "ntest": 10606}, "SST5": {"devacc": 35.88, "acc": 36.43, "ndev": 1101, "ntest": 2210}, "TREC": {"devacc": 74.28, "acc": 80.2, "ndev": 5452, "ntest": 500}, "MRPC": {"devacc": 71.42, "acc": 64.23, "f1": 69.8, "ndev": 4076, "ntest": 1725}, "STS12": {"MSRpar": {"pearson": [0.5604288435910206, 3.0285077462756917e-63], "spearman": [0.5500830895268406, 1.539358129736156e-60], "nsamples": 750}, "MSRvid": {"pearson": [0.8601613205687139, 6.406256081280462e-221], "spearman": [0.8655245049706485, 8.307457511990002e-227], "nsamples": 750}, "SMTeuroparl": {"pearson": [0.5199870933725019, 3.714866457306184e-33], "spearman": [0.5605521677898289, 2.451889236062565e-39], "nsamples": 459}, "surprise.OnWN": {"pearson": [0.6661046953795482, 2.4405687982648984e-97], "spearman": [0.6665605240902288, 1.6208192456935107e-97], "nsamples": 750}, "surprise.SMTnews": {"pearson": [0.5663984250513915, 3.144145424265369e-35], "spearman": [0.5734793715377686, 2.8945236688238844e-36], "nsamples": 399}, "all": {"pearson": {"mean": 0.6346160755926352, "wmean": 0.6530528288635603}, "spearman": {"mean": 0.6432399315830631, "wmean": 0.6588602970398615}}}, "STS13": {"FNWN": {"pearson": [0.47652508654214476, 4.174784292388995e-12], "spearman": [0.48896048806681747, 9.42332111503289e-13], "nsamples": 189}, "headlines": {"pearson": [0.7387647825190554, 2.6049214782118823e-130], "spearman": [0.7282338230375989, 7.152840852467208e-125], "nsamples": 750}, "OnWN": {"pearson": [0.6848301687083054, 7.198632755888938e-79], "spearman": [0.6885193036627368, 4.9114223123923046e-80], "nsamples": 561}, "all": {"pearson": {"mean": 0.6333733459231685, "wmean": 0.6855510352607442}, "spearman": {"mean": 0.6352378715890511, "wmean": 0.6832321525850821}}}, "STS14": {"deft-forum": {"pearson": [0.547242736212505, 1.6240468255275298e-36], "spearman": [0.5331303643496182, 2.0718761904983335e-34], "nsamples": 450}, "deft-news": {"pearson": [0.7158460918258951, 2.1137020533490192e-48], "spearman": [0.7002493494745671, 1.5898749013702058e-45], "nsamples": 300}, "headlines": {"pearson": [0.6988030249669603, 6.074392780093199e-111], "spearman": [0.6850928295538404, 5.0819296998667325e-105], "nsamples": 750}, "images": {"pearson": [0.8141537923973924, 9.15044924594414e-179], "spearman": [0.7819281480917054, 1.0977290837700573e-155], "nsamples": 750}, "OnWN": {"pearson": [0.7767324795132052, 2.475094068466422e-152], "spearman": [0.7986567214667861, 3.8486045012157045e-167], "nsamples": 750}, "tweet-news": {"pearson": [0.7236267429675808, 1.4258709879385657e-122], "spearman": [0.675380343932066, 5.0957215260772516e-101], "nsamples": 750}, "all": {"pearson": {"mean": 0.7127341446472565, "wmean": 0.7256000236606}, "spearman": {"mean": 0.6957396261447638, "wmean": 0.7082072002887991}}}, "STS15": {"answers-forums": {"pearson": [0.6391910245139854, 1.858403564347344e-44], "spearman": [0.6364100656654454, 5.693342617180033e-44], "nsamples": 375}, "answers-students": {"pearson": [0.7412668042228753, 1.2154332997445889e-131], "spearman": [0.7459151170997956, 3.7189846384431986e-134], "nsamples": 750}, "belief": {"pearson": [0.7298747241928969, 1.3433313858051597e-63], "spearman": [0.7476286513520748, 2.744329048208411e-68], "nsamples": 375}, "headlines": {"pearson": [0.7660913574223307, 9.691370356399352e-146], "spearman": [0.7668087946849644, 3.5726901422788444e-146], "nsamples": 750}, "images": {"pearson": [0.8726414532247462, 5.0392657701844525e-235], "spearman": [0.8828280550334291, 1.0915216703320604e-247], "nsamples": 750}, "all": {"pearson": {"mean": 0.7498130727153669, "wmean": 0.7661331223058483}, "spearman": {"mean": 0.7559181367671419, "wmean": 0.7718928313317374}}}, "STS16": {"answer-answer": {"pearson": [0.7210058665929111, 4.952905468350502e-42], "spearman": [0.7102024449622965, 2.7269976204613946e-40], "nsamples": 254}, "headlines": {"pearson": [0.7592427942965041, 5.575397088400934e-48], "spearman": [0.769958203382546, 4.2078533910194264e-50], "nsamples": 249}, "plagiarism": {"pearson": [0.810556652221357, 6.854271089919627e-55], "spearman": [0.8213038276123935, 1.7053690128280316e-57], "nsamples": 230}, "postediting": {"pearson": [0.839430156748206, 4.975970773845419e-66], "spearman": [0.8392072210955266, 5.801389206724988e-66], "nsamples": 244}, "question-question": {"pearson": [0.6822298783631632, 5.688258370226941e-30], "spearman": [0.6851152514163077, 2.631516951722439e-30], "nsamples": 209}, "all": {"pearson": {"mean": 0.7624930696444283, "wmean": 0.7639308420993292}, "spearman": {"mean": 0.7651573896938141, "wmean": 0.7664136117258386}}}}