{"MR": {"devacc": 67.69, "acc": 66.67, "ndev": 10662, "ntest": 10662}, "CR": {"devacc": 77.48, "acc": 77.72, "ndev": 3775, "ntest": 3775}, "SUBJ": {"devacc": 89.05, "acc": 89.04, "ndev": 10000, "ntest": 10000}, "MPQA": {"devacc": 84.6, "acc": 85.25, "ndev": 10606, "ntest": 10606}, "SST5": {"devacc": 36.69, "acc": 40.27, "ndev": 1101, "ntest": 2210}, "TREC": {"devacc": 78.15, "acc": 90.0, "ndev": 5452, "ntest": 500}, "MRPC": {"devacc": 73.06, "acc": 69.74, "f1": 77.82, "ndev": 4076, "ntest": 1725}, "STS12": {"MSRpar": {"pearson": [0.5995571362072386, 2.1481571735363528e-74], "spearman": [0.5884186564883492, 4.585617791624213e-71], "nsamples": 750}, "MSRvid": {"pearson": [0.8995579303712691, 2.7744932730403334e-271], "spearman": [0.8968598399986166, 3.3048879552779864e-267], "nsamples": 750}, "SMTeuroparl": {"pearson": [0.5619884201118533, 1.4283290756069254e-39], "spearman": [0.6166932326774277, 1.9585305908993777e-49], "nsamples": 459}, "surprise.OnWN": {"pearson": [0.6820900664565785, 9.113603664274472e-104], "spearman": [0.6766940754603217, 1.4962743823524156e-101], "nsamples": 750}, "surprise.SMTnews": {"pearson": [0.5684649319743852, 1.5767464797696684e-35], "spearman": [0.5292820133672935, 3.464438888314665e-30], "nsamples": 399}, "all": {"pearson": {"mean": 0.662331697024265, "wmean": 0.6823275554908091}, "spearman": {"mean": 0.6615895635984017, "wmean": 0.6807352464906548}}}, "STS13": {"FNWN": {"pearson": [0.5094192699931025, 7.11524396663349e-14], "spearman": [0.5424378060314576, 7.503154116782768e-16], "nsamples": 189}, "headlines": {"pearson": [0.7343479980025113, 5.351810388179767e-128], "spearman": [0.7242129360284388, 7.31283948199081e-123], "nsamples": 750}, "OnWN": {"pearson": [0.7110412064909291, 1.4973753580557243e-87], "spearman": [0.7122656628748277, 5.57138298867536e-88], "nsamples": 561}, "all": {"pearson": {"mean": 0.6516028248288476, "wmean": 0.6972902382479941}, "spearman": {"mean": 0.6596388016449081, "wmean": 0.6968409894893688}}}, "STS14": {"deft-forum": {"pearson": [0.5550381632729923, 1.008995584885021e-37], "spearman": [0.541383851181089, 1.250054832016785e-35], "nsamples": 450}, "deft-news": {"pearson": [0.7526845774163605, 4.932233697892944e-56], "spearman": [0.7274259802720188, 1.1510705652178272e-50], "nsamples": 300}, "headlines": {"pearson": [0.7272082976942261, 2.3466422858123526e-124], "spearman": [0.7054610593740521, 6.08137876995508e-114], "nsamples": 750}, "images": {"pearson": [0.8412380344343412, 5.888188111905133e-202], "spearman": [0.8099971577195167, 1.5270951176108795e-175], "nsamples": 750}, "OnWN": {"pearson": [0.7759899854645912, 7.334632201915331e-152], "spearman": [0.7936955691181838, 1.2390175718541636e-163], "nsamples": 750}, "tweet-news": {"pearson": [0.7701973822189435, 3.0529443173980984e-148], "spearman": [0.7081450766728775, 3.5552720921147704e-115], "nsamples": 750}, "all": {"pearson": {"mean": 0.7370594067502424, "wmean": 0.7497460857484882}, "spearman": {"mean": 0.7143514490562897, "wmean": 0.7266199131404183}}}, "STS15": {"answers-forums": {"pearson": [0.7064488044680264, 5.9428034295822504e-58], "spearman": [0.705444095123459, 1.0084267329478778e-57], "nsamples": 375}, "answers-students": {"pearson": [0.7409453694170617, 1.805492177538475e-131], "spearman": [0.7454554637880461, 6.629715413627959e-134], "nsamples": 750}, "belief": {"pearson": [0.7908655491185054, 1.4880517626114805e-81], "spearman": [0.8078295145272929, 1.1893132288075281e-87], "nsamples": 375}, "headlines": {"pearson": [0.7728674138392767, 6.75744776268502e-150], "spearman": [0.7749576647560277, 3.298480434935297e-151], "nsamples": 750}, "images": {"pearson": [0.8915595804612008, 1.6096765866353967e-259], "spearman": [0.8996453691160512, 2.0377842764686998e-271], "nsamples": 750}, "all": {"pearson": {"mean": 0.7805373434608143, "wmean": 0.7885073851277012}, "spearman": {"mean": 0.7866664214621754, "wmean": 0.7941738256213752}}}, "STS16": {"answer-answer": {"pearson": [0.739838818653367, 2.8507536444435437e-45], "spearman": [0.7316521402005937, 7.889327039915458e-44], "nsamples": 254}, "headlines": {"pearson": [0.757628439297688, 1.1386465710345767e-47], "spearman": [0.7650042025614684, 4.161805979405211e-49], "nsamples": 249}, "plagiarism": {"pearson": [0.8356473132414411, 2.9525088825165483e-61], "spearman": [0.8518673900336564, 5.663921843087416e-66], "nsamples": 230}, "postediting": {"pearson": [0.8614808382404027, 3.542429939150425e-73], "spearman": [0.8637538790663105, 5.53130373804526e-74], "nsamples": 244}, "question-question": {"pearson": [0.7123376229607059, 1.1472286964999427e-33], "spearman": [0.7086079668492598, 3.4907442074056955e-33], "nsamples": 209}, "all": {"pearson": {"mean": 0.7813866064787209, "wmean": 0.7823333145852082}, "spearman": {"mean": 0.7841771157422578, "wmean": 0.7850844867792348}}}}