{"MR": {"devacc": 68.67, "acc": 68.71, "ndev": 10662, "ntest": 10662}, "CR": {"devacc": 77.62, "acc": 76.29, "ndev": 3775, "ntest": 3775}, "SUBJ": {"devacc": 89.32, "acc": 89.13, "ndev": 10000, "ntest": 10000}, "MPQA": {"devacc": 85.79, "acc": 85.59, "ndev": 10606, "ntest": 10606}, "SST5": {"devacc": 36.78, "acc": 37.83, "ndev": 1101, "ntest": 2210}, "TREC": {"devacc": 79.09, "acc": 86.8, "ndev": 5452, "ntest": 500}, "MRPC": {"devacc": 71.86, "acc": 71.54, "f1": 78.75, "ndev": 4076, "ntest": 1725}, "STS12": {"MSRpar": {"pearson": [0.5938707328239939, 1.1168560991600098e-72], "spearman": [0.5765486169784415, 1.1747306076390637e-67], "nsamples": 750}, "MSRvid": {"pearson": [0.8921202287073421, 2.5862070335627128e-260], "spearman": [0.8930947758318369, 1.0516241434870183e-261], "nsamples": 750}, "SMTeuroparl": {"pearson": [0.5377890798488832, 9.135575549350764e-36], "spearman": [0.5858679851194387, 1.200566990750244e-43], "nsamples": 459}, "surprise.OnWN": {"pearson": [0.6853486790269332, 3.9674229515064246e-105], "spearman": [0.6843752023876066, 1.0162921965090543e-104], "nsamples": 750}, "surprise.SMTnews": {"pearson": [0.6130669810152645, 1.5054993405612258e-42], "spearman": [0.5994385890377593, 2.754150136572138e-40], "nsamples": 399}, "all": {"pearson": {"mean": 0.6644391402844834, "wmean": 0.6820989843933173}, "spearman": {"mean": 0.6678650338710167, "wmean": 0.6832700606802774}}}, "STS13": {"FNWN": {"pearson": [0.49484170105002645, 4.563242270430546e-13], "spearman": [0.5305383781320494, 4.098110718283542e-15], "nsamples": 189}, "headlines": {"pearson": [0.742098142181258, 4.355546173880115e-132], "spearman": [0.729993961595001, 9.191252541864529e-126], "nsamples": 750}, "OnWN": {"pearson": [0.6989599709430762, 1.9699150064731836e-83], "spearman": [0.6959953822527444, 1.8785289376016534e-82], "nsamples": 561}, "all": {"pearson": {"mean": 0.6452999380581201, "wmean": 0.6948101545556429}, "spearman": {"mean": 0.6521759073265984, "wmean": 0.6921470894046652}}}, "STS14": {"deft-forum": {"pearson": [0.5665182221122571, 1.4717590440718263e-39], "spearman": [0.5500857085397175, 5.945438118808797e-37], "nsamples": 450}, "deft-news": {"pearson": [0.7398685879526855, 3.1246528151571743e-53], "spearman": [0.7068765616573764, 1.0053858990174488e-46], "nsamples": 300}, "headlines": {"pearson": [0.724224103824634, 7.220278566841819e-123], "spearman": [0.703573691466518, 4.393336462053634e-113], "nsamples": 750}, "images": {"pearson": [0.838669790317859, 1.4160525666147622e-199], "spearman": [0.8026485809781818, 4.90450129166001e-170], "nsamples": 750}, "OnWN": {"pearson": [0.7780828980138138, 3.395004086417953e-153], "spearman": [0.8017685117423134, 2.1600569643706127e-169], "nsamples": 750}, "tweet-news": {"pearson": [0.7655171161442187, 2.148585545234228e-145], "spearman": [0.711030196745841, 1.620252124186497e-116], "nsamples": 750}, "all": {"pearson": {"mean": 0.735480119727578, "wmean": 0.748470455349791}, "spearman": {"mean": 0.7126638751883246, "wmean": 0.7263646061439271}}}, "STS15": {"answers-forums": {"pearson": [0.7151595380343406, 5.511875297697756e-60], "spearman": [0.7158332700092866, 3.8097648172789207e-60], "nsamples": 375}, "answers-students": {"pearson": [0.7417381663643556, 6.795794534271444e-132], "spearman": [0.7422474664831612, 3.62081251548149e-132], "nsamples": 750}, "belief": {"pearson": [0.7789412455938667, 1.3470112326813705e-77], "spearman": [0.8021221078773387, 1.5586995432207345e-85], "nsamples": 375}, "headlines": {"pearson": [0.7793997588344289, 4.8266665717033505e-154], "spearman": [0.7797508087913813, 2.8629429892639556e-154], "nsamples": 750}, "images": {"pearson": [0.8953729290352799, 5.216582934049308e-265], "spearman": [0.9010855832080483, 1.2124294220539504e-273], "nsamples": 750}, "all": {"pearson": {"mean": 0.7821223275724544, "wmean": 0.790890311512042}, "spearman": {"mean": 0.7882078472738432, "wmean": 0.7955153868564757}}}, "STS16": {"answer-answer": {"pearson": [0.7454423696338809, 2.730134577053831e-46], "spearman": [0.7400698480779019, 2.5910546426168283e-45], "nsamples": 254}, "headlines": {"pearson": [0.7856829206497351, 1.9596529338269128e-53], "spearman": [0.7909896688316326, 1.269570490151167e-54], "nsamples": 249}, "plagiarism": {"pearson": [0.8267610880386562, 6.943001292620359e-59], "spearman": [0.8392925111932859, 2.85826758176161e-62], "nsamples": 230}, "postediting": {"pearson": [0.8663292862877409, 6.47560232510098e-75], "spearman": [0.8686277330247321, 9.191310496932302e-76], "nsamples": 244}, "question-question": {"pearson": [0.7082531069282729, 3.8770517566127716e-33], "spearman": [0.7135656641080331, 7.92207511264144e-34], "nsamples": 209}, "all": {"pearson": {"mean": 0.7864937543076572, "wmean": 0.7879778284822078}, "spearman": {"mean": 0.790509085047117, "wmean": 0.7917806384333329}}}}