{"MR": {"devacc": 72.78, "acc": 72.39, "ndev": 10662, "ntest": 10662}, "CR": {"devacc": 80.6, "acc": 79.97, "ndev": 3775, "ntest": 3775}, "SUBJ": {"devacc": 91.26, "acc": 91.03, "ndev": 10000, "ntest": 10000}, "MPQA": {"devacc": 87.57, "acc": 87.57, "ndev": 10606, "ntest": 10606}, "SST5": {"devacc": 41.24, "acc": 41.81, "ndev": 1101, "ntest": 2210}, "TREC": {"devacc": 86.59, "acc": 92.2, "ndev": 5452, "ntest": 500}, "MRPC": {"devacc": 75.34, "acc": 69.8, "f1": 74.62, "ndev": 4076, "ntest": 1725}, "STS12": {"MSRpar": {"pearson": [0.6270786227244495, 3.298293553263786e-83], "spearman": [0.6134446303026421, 9.847243523584328e-79], "nsamples": 750}, "MSRvid": {"pearson": [0.8998296750501819, 1.0623072954569484e-271], "spearman": [0.9030922400308261, 8.415119039242576e-277], "nsamples": 750}, "SMTeuroparl": {"pearson": [0.5443961501839304, 8.957647274364099e-37], "spearman": [0.5844694496442543, 2.1252893370806175e-43], "nsamples": 459}, "surprise.OnWN": {"pearson": [0.7401397926347835, 4.855113514084928e-131], "spearman": [0.706597404453182, 1.834996844748792e-114], "nsamples": 750}, "surprise.SMTnews": {"pearson": [0.6674989654653187, 8.558616100747742e-53], "spearman": [0.5999573322121106, 2.2691205431212095e-40], "nsamples": 399}, "all": {"pearson": {"mean": 0.6957886412117327, "wmean": 0.7131582972851183}, "spearman": {"mean": 0.681512211328603, "wmean": 0.6998086097262974}}}, "STS13": {"FNWN": {"pearson": [0.5789133793231136, 2.6522256169947798e-18], "spearman": [0.6197626792027077, 1.9427907219878413e-21], "nsamples": 189}, "headlines": {"pearson": [0.7589885352938994, 1.56548773749551e-141], "spearman": [0.7565769623868445, 3.8936170152241684e-140], "nsamples": 750}, "OnWN": {"pearson": [0.7368413203699156, 4.2055551379699727e-97], "spearman": [0.7342834761302477, 4.174161857404532e-96], "nsamples": 561}, "all": {"pearson": {"mean": 0.6915810783289761, "wmean": 0.7280160072600105}, "spearman": {"mean": 0.7035410392399332, "wmean": 0.731000598845676}}}, "STS14": {"deft-forum": {"pearson": [0.5863547892394512, 6.613326786477255e-43], "spearman": [0.5784167282500732, 1.5397458393819565e-41], "nsamples": 450}, "deft-news": {"pearson": [0.7809727774175709, 7.129546202228367e-63], "spearman": [0.7391333199503146, 4.472211406375477e-53], "nsamples": 300}, "headlines": {"pearson": [0.7497853428544105, 2.7210096435194117e-136], "spearman": [0.7234639502943592, 1.715860422516885e-122], "nsamples": 750}, "images": {"pearson": [0.8617171043165044, 1.3316940853063287e-222], "spearman": [0.8201491462691836, 1.4721614532546008e-183], "nsamples": 750}, "OnWN": {"pearson": [0.808954579764157, 9.542464261102341e-175], "spearman": [0.8200316769389943, 1.834797456677992e-183], "nsamples": 750}, "tweet-news": {"pearson": [0.8058452468119763, 2.1094095493113776e-172], "spearman": [0.7293517819956423, 1.946725324000491e-125], "nsamples": 750}, "all": {"pearson": {"mean": 0.7656049734006783, "wmean": 0.7781008516515495}, "spearman": {"mean": 0.7350911006164278, "wmean": 0.7471399840856698}}}, "STS15": {"answers-forums": {"pearson": [0.7648785597736091, 3.0881703731255555e-73], "spearman": [0.7707979519313254, 4.924204682585178e-75], "nsamples": 375}, "answers-students": {"pearson": [0.7510741641628834, 5.185413506440487e-137], "spearman": [0.7602325579505165, 2.9390902687968364e-142], "nsamples": 750}, "belief": {"pearson": [0.8205609991219857, 1.2158808075386976e-92], "spearman": [0.8400775078395519, 4.0931748667326977e-101], "nsamples": 375}, "headlines": {"pearson": [0.7962863726594681, 1.8767958837001838e-165], "spearman": [0.7988302597584471, 2.889508102922041e-167], "nsamples": 750}, "images": {"pearson": [0.9015242910799108, 2.5056764310353254e-274], "spearman": [0.9089252834281754, 2.1679129772918876e-286], "nsamples": 750}, "all": {"pearson": {"mean": 0.8068648773595714, "wmean": 0.8104011518375149}, "spearman": {"mean": 0.8157727121816032, "wmean": 0.8183564577556445}}}, "STS16": {"answer-answer": {"pearson": [0.7365772478524768, 1.0862548632799538e-44], "spearman": [0.7322312590293946, 6.262936737729954e-44], "nsamples": 254}, "headlines": {"pearson": [0.7825325165877786, 9.591320467219755e-53], "spearman": [0.793035188359922, 4.327868248078715e-55], "nsamples": 249}, "plagiarism": {"pearson": [0.850113254283858, 1.9494594099247517e-65], "spearman": [0.8548445208876991, 6.698600535406111e-67], "nsamples": 230}, "postediting": {"pearson": [0.8432235782171785, 3.522339033858977e-67], "spearman": [0.8703241654653355, 2.1243348003975208e-76], "nsamples": 244}, "question-question": {"pearson": [0.7280218783191968, 8.711123978864712e-36], "spearman": [0.736146415381723, 6.067143175347795e-37], "nsamples": 209}, "all": {"pearson": {"mean": 0.7880936950520978, "wmean": 0.7886765528869114}, "spearman": {"mean": 0.7973163098248148, "wmean": 0.7978755806809271}}}}