{"MR": {"devacc": 74.11, "acc": 74.05, "ndev": 10662, "ntest": 10662}, "CR": {"devacc": 82.89, "acc": 82.38, "ndev": 3775, "ntest": 3775}, "SUBJ": {"devacc": 90.29, "acc": 90.11, "ndev": 10000, "ntest": 10000}, "MPQA": {"devacc": 87.32, "acc": 87.47, "ndev": 10606, "ntest": 10606}, "SST5": {"devacc": 40.51, "acc": 41.58, "ndev": 1101, "ntest": 2210}, "TREC": {"devacc": 76.43, "acc": 88.0, "ndev": 5452, "ntest": 500}, "MRPC": {"devacc": 73.11, "acc": 69.22, "f1": 74.85, "ndev": 4076, "ntest": 1725}, "STS12": {"MSRpar": {"pearson": [0.6418508144052479, 2.5781754401608255e-88], "spearman": [0.6293603258950727, 5.59098387128498e-84], "nsamples": 750}, "MSRvid": {"pearson": [0.7106955797798741, 2.3226995792625815e-116], "spearman": [0.7145431850889795, 3.5800574032642705e-118], "nsamples": 750}, "SMTeuroparl": {"pearson": [0.5239613732567325, 1.0017760345675086e-33], "spearman": [0.54179466022953, 2.2488920260286184e-36], "nsamples": 459}, "surprise.OnWN": {"pearson": [0.6491936725003982, 5.84108731693558e-91], "spearman": [0.6806596484518914, 3.561244858866116e-103], "nsamples": 750}, "surprise.SMTnews": {"pearson": [0.6559080251679901, 1.9614774492239707e-50], "spearman": [0.6020315314123399, 1.0421328501069518e-40], "nsamples": 399}, "all": {"pearson": {"mean": 0.6363218930220487, "wmean": 0.6446301873812769}, "spearman": {"mean": 0.6336778702155627, "wmean": 0.645854793969059}}}, "STS13": {"FNWN": {"pearson": [0.5348497147425049, 2.2324337332403385e-15], "spearman": [0.5452139669233559, 5.000343232027636e-16], "nsamples": 189}, "headlines": {"pearson": [0.7483537496896674, 1.6954245739727856e-135], "spearman": [0.7403740092075396, 3.6430035990605325e-131], "nsamples": 750}, "OnWN": {"pearson": [0.6095607114252448, 2.2679735323330427e-58], "spearman": [0.6254693737515191, 3.082621141479341e-62], "nsamples": 561}, "all": {"pearson": {"mean": 0.6309213919524723, "wmean": 0.669543644975431}, "spearman": {"mean": 0.6370191166274716, "wmean": 0.6728095102191807}}}, "STS14": {"deft-forum": {"pearson": [0.3733393507522992, 2.4870895534692243e-16], "spearman": [0.3582128034589309, 4.528743902662595e-15], "nsamples": 450}, "deft-news": {"pearson": [0.7662062047698532, 3.502621700792765e-59], "spearman": [0.7579623007680709, 3.0813976514211636e-57], "nsamples": 300}, "headlines": {"pearson": [0.7417025786895594, 7.101048519149056e-132], "spearman": [0.719887384546457, 9.693152622468205e-121], "nsamples": 750}, "images": {"pearson": [0.7467316562325356, 1.3276306658883534e-134], "spearman": [0.7427328122357444, 1.984402191056802e-132], "nsamples": 750}, "OnWN": {"pearson": [0.70040710994419, 1.1707533188775391e-111], "spearman": [0.7413387228920416, 1.1123531142120336e-131], "nsamples": 750}, "tweet-news": {"pearson": [0.7516277692937148, 2.5361442545196986e-137], "spearman": [0.7266470727002318, 4.48556182182848e-124], "nsamples": 750}, "all": {"pearson": {"mean": 0.6800024449470253, "wmean": 0.694191041303864}, "spearman": {"mean": 0.674463516100246, "wmean": 0.6897437189514123}}}, "STS15": {"answers-forums": {"pearson": [0.6013883291915657, 2.9910432654945907e-38], "spearman": [0.6007136184998092, 3.7944782575418285e-38], "nsamples": 375}, "answers-students": {"pearson": [0.7769237040253629, 1.869782902958638e-152], "spearman": [0.7839907379166681, 4.8269092674997267e-157], "nsamples": 750}, "belief": {"pearson": [0.7546852049811889, 2.909303498992733e-70], "spearman": [0.7574510998280479, 4.692249059496278e-71], "nsamples": 375}, "headlines": {"pearson": [0.7832900157861354, 1.4005338435678843e-156], "spearman": [0.7855097578700584, 4.729626878040831e-158], "nsamples": 750}, "images": {"pearson": [0.8018360658537915, 1.928221295498096e-169], "spearman": [0.8116559440046504, 8.08185083712057e-177], "nsamples": 750}, "all": {"pearson": {"mean": 0.7436246639676088, "wmean": 0.7600216381879169}, "spearman": {"mean": 0.7478642316238469, "wmean": 0.7650596997388263}}}, "STS16": {"answer-answer": {"pearson": [0.691668564754363, 1.7499864490991521e-37], "spearman": [0.6874497146882069, 7.12317066393291e-37], "nsamples": 254}, "headlines": {"pearson": [0.7912841325089321, 1.0881720544913537e-54], "spearman": [0.7990298338536006, 1.7202695544232996e-56], "nsamples": 249}, "plagiarism": {"pearson": [0.7861989161786238, 1.4687015706721588e-49], "spearman": [0.7939731042749362, 3.498911571243274e-51], "nsamples": 230}, "postediting": {"pearson": [0.8577028917210545, 7.218745433288608e-72], "spearman": [0.8537367476984528, 1.5587542904651807e-70], "nsamples": 244}, "question-question": {"pearson": [0.4948716209978211, 2.608168633628503e-14], "spearman": [0.46861953880992363, 8.319620401069961e-13], "nsamples": 209}, "all": {"pearson": {"mean": 0.7243452252321589, "wmean": 0.7303937517132358}, "spearman": {"mean": 0.720561787865024, "wmean": 0.7271818888644881}}}}