{"MR": {"devacc": 75.38, "acc": 74.85, "ndev": 10662, "ntest": 10662}, "CR": {"devacc": 84.64, "acc": 84.32, "ndev": 3775, "ntest": 3775}, "SUBJ": {"devacc": 91.64, "acc": 91.38, "ndev": 10000, "ntest": 10000}, "MPQA": {"devacc": 88.0, "acc": 88.32, "ndev": 10606, "ntest": 10606}, "SST5": {"devacc": 40.51, "acc": 39.32, "ndev": 1101, "ntest": 2210}, "TREC": {"devacc": 80.85, "acc": 90.2, "ndev": 5452, "ntest": 500}, "MRPC": {"devacc": 73.53, "acc": 73.39, "f1": 80.53, "ndev": 4076, "ntest": 1725}, "STS12": {"MSRpar": {"pearson": [0.6885649446122354, 1.7272220316567944e-106], "spearman": [0.6747996268259785, 8.741270012094173e-101], "nsamples": 750}, "MSRvid": {"pearson": [0.7700348996581742, 3.843296883076665e-148], "spearman": [0.7747164673956825, 4.6813164469134086e-151], "nsamples": 750}, "SMTeuroparl": {"pearson": [0.5445045757930982, 8.618985463683031e-37], "spearman": [0.5996763608893669, 3.668317684722293e-46], "nsamples": 459}, "surprise.OnWN": {"pearson": [0.6740348874629692, 1.7757952520924e-100], "spearman": [0.6831643686862363, 3.257644386320584e-104], "nsamples": 750}, "surprise.SMTnews": {"pearson": [0.6591065636854353, 4.4849198218478885e-51], "spearman": [0.5910478103020086, 6.022327435905221e-39], "nsamples": 399}, "all": {"pearson": {"mean": 0.6672491742423825, "wmean": 0.6796612509651077}, "spearman": {"mean": 0.6646809268198546, "wmean": 0.6790829707656512}}}, "STS13": {"FNWN": {"pearson": [0.5352630943826394, 2.105167384429994e-15], "spearman": [0.5163851524379918, 2.836372974073124e-14], "nsamples": 189}, "headlines": {"pearson": [0.7590718718563243, 1.399987675168684e-141], "spearman": [0.7559461342394231, 8.969193129692686e-140], "nsamples": 750}, "OnWN": {"pearson": [0.5730471628540491, 2.8104825258005346e-50], "spearman": [0.578317561870882, 2.2035826121252184e-51], "nsamples": 561}, "all": {"pearson": {"mean": 0.622460709697671, "wmean": 0.6612987247277891}, "spearman": {"mean": 0.616882949516099, "wmean": 0.6593283644666084}}}, "STS14": {"deft-forum": {"pearson": [0.39002904897716634, 8.439905873450103e-18], "spearman": [0.3621624974412551, 2.154320088253137e-15], "nsamples": 450}, "deft-news": {"pearson": [0.8054848284306807, 1.107086025859291e-69], "spearman": [0.7935292471772615, 3.0237164798925976e-66], "nsamples": 300}, "headlines": {"pearson": [0.757923018253959, 6.50644115320572e-141], "spearman": [0.7408615859843279, 2.0014781640790956e-131], "nsamples": 750}, "images": {"pearson": [0.7634855451846853, 3.527747660115083e-144], "spearman": [0.7576880630853583, 8.898938141455468e-141], "nsamples": 750}, "OnWN": {"pearson": [0.7119685171671498, 5.885540676110002e-117], "spearman": [0.7502906705732605, 1.42225036700383e-136], "nsamples": 750}, "tweet-news": {"pearson": [0.7600861153617685, 3.580611559483893e-142], "spearman": [0.7228494985415758, 3.4469439861090677e-122], "nsamples": 750}, "all": {"pearson": {"mean": 0.6981628455625682, "wmean": 0.7099349113452269}, "spearman": {"mean": 0.6878969271338399, "wmean": 0.7012798031040359}}}, "STS15": {"answers-forums": {"pearson": [0.6513838434206576, 1.1936270797264845e-46], "spearman": [0.6360137515024783, 6.671964088783322e-44], "nsamples": 375}, "answers-students": {"pearson": [0.7925827316494084, 7.356612568311553e-163], "spearman": [0.7991413739842096, 1.727247590506707e-167], "nsamples": 750}, "belief": {"pearson": [0.7477796797699652, 2.4938084400573796e-68], "spearman": [0.7491414312100342, 1.0487599981700585e-68], "nsamples": 375}, "headlines": {"pearson": [0.7914301254891967, 4.601826514208005e-162], "spearman": [0.7952819007451438, 9.594739922050625e-165], "nsamples": 750}, "images": {"pearson": [0.8350378187321886, 2.8046985169505495e-196], "spearman": [0.8430881456320242, 1.0671654386623436e-203], "nsamples": 750}, "all": {"pearson": {"mean": 0.7636428398122833, "wmean": 0.7796581093665264}, "spearman": {"mean": 0.7645333206147781, "wmean": 0.7825222529294085}}}, "STS16": {"answer-answer": {"pearson": [0.677629099836697, 1.707459150702956e-35], "spearman": [0.6752355363172302, 3.635200356956311e-35], "nsamples": 254}, "headlines": {"pearson": [0.7933629402458681, 3.638271689862663e-55], "spearman": [0.8026151104213002, 2.3712370855171403e-57], "nsamples": 249}, "plagiarism": {"pearson": [0.8120143142496763, 3.1089434735910565e-55], "spearman": [0.839905213182664, 1.9193854849353639e-62], "nsamples": 230}, "postediting": {"pearson": [0.868906119019248, 7.237588503747776e-76], "spearman": [0.8678131799593578, 1.8436919477148388e-75], "nsamples": 244}, "question-question": {"pearson": [0.4947169668217784, 2.6642556104513772e-14], "spearman": [0.4800946733508222, 1.8990890248678037e-13], "nsamples": 209}, "all": {"pearson": {"mean": 0.7293258880346535, "wmean": 0.735107415567973}, "spearman": {"mean": 0.7331327426462748, "wmean": 0.739144511291651}}}}