{"MR": {"devacc": 75.06, "acc": 73.88, "ndev": 10662, "ntest": 10662}, "CR": {"devacc": 84.32, "acc": 83.76, "ndev": 3775, "ntest": 3775}, "SUBJ": {"devacc": 91.51, "acc": 91.0, "ndev": 10000, "ntest": 10000}, "MPQA": {"devacc": 88.37, "acc": 88.42, "ndev": 10606, "ntest": 10606}, "SST5": {"devacc": 41.78, "acc": 41.81, "ndev": 1101, "ntest": 2210}, "TREC": {"devacc": 78.03, "acc": 87.0, "ndev": 5452, "ntest": 500}, "MRPC": {"devacc": 73.21, "acc": 70.26, "f1": 75.77, "ndev": 4076, "ntest": 1725}, "STS12": {"MSRpar": {"pearson": [0.6539448216404316, 1.0369395583462563e-92], "spearman": [0.6454260687327782, 1.3572074798122661e-89], "nsamples": 750}, "MSRvid": {"pearson": [0.7180127451841491, 7.831798579828877e-120], "spearman": [0.7233023055771074, 2.0618620717222225e-122], "nsamples": 750}, "SMTeuroparl": {"pearson": [0.5474763453662399, 2.9806978362478544e-37], "spearman": [0.6003768225156013, 2.714064280024323e-46], "nsamples": 459}, "surprise.OnWN": {"pearson": [0.6694071826387462, 1.2372914822452486e-98], "spearman": [0.7100631222471407, 4.581563320921088e-116], "nsamples": 750}, "surprise.SMTnews": {"pearson": [0.6565338825588866, 1.4716602094405983e-50], "spearman": [0.6038741347114105, 5.195655698901874e-41], "nsamples": 399}, "all": {"pearson": {"mean": 0.6490749954776907, "wmean": 0.6577452457405389}, "spearman": {"mean": 0.6566084907568076, "wmean": 0.6678289458501555}}}, "STS13": {"FNWN": {"pearson": [0.6247456738618737, 7.483486755875251e-22], "spearman": [0.625870689838797, 6.019059496937766e-22], "nsamples": 189}, "headlines": {"pearson": [0.7615171305016849, 5.169210945692217e-143], "spearman": [0.7573762793655183, 1.3476029273825522e-140], "nsamples": 750}, "OnWN": {"pearson": [0.5737956129066988, 1.9632940638893882e-50], "spearman": [0.5739631252145891, 1.8115966913653095e-50], "nsamples": 561}, "all": {"pearson": {"mean": 0.6533528057567525, "wmean": 0.6740760793845438}, "spearman": {"mean": 0.6524033648063015, "wmean": 0.672210055432704}}}, "STS14": {"deft-forum": {"pearson": [0.3685362576061373, 6.354757728356525e-16], "spearman": [0.3562438652749608, 6.533722133840726e-15], "nsamples": 450}, "deft-news": {"pearson": [0.7860862239962477, 3.214710626778193e-64], "spearman": [0.7751759870352789, 2.165924879750562e-61], "nsamples": 300}, "headlines": {"pearson": [0.7482971750457927, 1.8220797820513707e-135], "spearman": [0.7279363628710184, 1.0101401699933138e-124], "nsamples": 750}, "images": {"pearson": [0.7457523153449276, 4.564691724870023e-134], "spearman": [0.7349274178492695, 2.6776669866095857e-128], "nsamples": 750}, "OnWN": {"pearson": [0.6865691405590792, 1.213614243446609e-105], "spearman": [0.7284158847305786, 5.789372170085273e-125], "nsamples": 750}, "tweet-news": {"pearson": [0.7684773947217793, 3.4590926527854916e-147], "spearman": [0.7427222038622512, 2.0106877210449902e-132], "nsamples": 750}, "all": {"pearson": {"mean": 0.6839530845456606, "wmean": 0.6969304539667521}, "spearman": {"mean": 0.6775702869372262, "wmean": 0.6915637166584412}}}, "STS15": {"answers-forums": {"pearson": [0.6697183151587478, 3.831830895904104e-50], "spearman": [0.6531597418949654, 5.611748405630621e-47], "nsamples": 375}, "answers-students": {"pearson": [0.7874352025752327, 2.421989804259178e-159], "spearman": [0.7946671598443841, 2.5927048452084966e-164], "nsamples": 750}, "belief": {"pearson": [0.7600218503153988, 8.419105752125344e-72], "spearman": [0.7615652863644484, 2.9701420202247517e-72], "nsamples": 375}, "headlines": {"pearson": [0.7901867293116918, 3.282979417821073e-161], "spearman": [0.792411054572462, 9.673818370863137e-163], "nsamples": 750}, "images": {"pearson": [0.8132190731347162, 4.932982174981453e-178], "spearman": [0.8228220263328453, 9.394156013862333e-186], "nsamples": 750}, "all": {"pearson": {"mean": 0.7641162340991575, "wmean": 0.7764277719396785}, "spearman": {"mean": 0.764925053801821, "wmean": 0.7793156887198496}}}, "STS16": {"answer-answer": {"pearson": [0.7038889509952546, 2.6089391008376884e-39], "spearman": [0.6937013788822842, 8.821234074234117e-38], "nsamples": 254}, "headlines": {"pearson": [0.789129752602077, 3.342802173341484e-54], "spearman": [0.7974762797081026, 4.0097378096068814e-56], "nsamples": 249}, "plagiarism": {"pearson": [0.8134649128573556, 1.405861174973834e-55], "spearman": [0.8387860175618373, 3.967507307157402e-62], "nsamples": 230}, "postediting": {"pearson": [0.8590899129802346, 2.411322982756111e-72], "spearman": [0.8560656813200319, 2.594845658373485e-71], "nsamples": 244}, "question-question": {"pearson": [0.4705570387842683, 6.508069164873114e-13], "spearman": [0.4404859791698383, 2.4852822033573394e-11], "nsamples": 209}, "all": {"pearson": {"mean": 0.727226113643838, "wmean": 0.7338468733397917}, "spearman": {"mean": 0.7253030673284189, "wmean": 0.7324065124883847}}}}