{"MR": {"devacc": 76.06, "acc": 76.49, "ndev": 10662, "ntest": 10662}, "CR": {"devacc": 85.38, "acc": 84.4, "ndev": 3775, "ntest": 3775}, "SUBJ": {"devacc": 92.21, "acc": 91.88, "ndev": 10000, "ntest": 10000}, "MPQA": {"devacc": 88.79, "acc": 88.78, "ndev": 10606, "ntest": 10606}, "SST5": {"devacc": 42.42, "acc": 43.48, "ndev": 1101, "ntest": 2210}, "TREC": {"devacc": 83.69, "acc": 89.6, "ndev": 5452, "ntest": 500}, "MRPC": {"devacc": 75.07, "acc": 73.39, "f1": 81.98, "ndev": 4076, "ntest": 1725}, "STS12": {"MSRpar": {"pearson": [0.6508727355421189, 1.417022173106462e-91], "spearman": [0.6453706393762672, 1.4210230626073237e-89], "nsamples": 750}, "MSRvid": {"pearson": [0.7271840401381208, 2.413364688570537e-124], "spearman": [0.7319028860689779, 9.748830741476903e-127], "nsamples": 750}, "SMTeuroparl": {"pearson": [0.5546583801921444, 2.1908944090974324e-38], "spearman": [0.6052265292927742, 3.301904540654391e-47], "nsamples": 459}, "surprise.OnWN": {"pearson": [0.6739181397557749, 1.97835301353655e-100], "spearman": [0.7154078712780141, 1.388370969330117e-118], "nsamples": 750}, "surprise.SMTnews": {"pearson": [0.6498489607492607, 3.0574152967456518e-49], "spearman": [0.6078970578106085, 1.1188823771132505e-41], "nsamples": 399}, "all": {"pearson": {"mean": 0.6512964512754839, "wmean": 0.6605080818610554}, "spearman": {"mean": 0.6611609967653285, "wmean": 0.6724134332542667}}}, "STS13": {"FNWN": {"pearson": [0.6472191438893451, 8.113868419920734e-24], "spearman": [0.6591504488070314, 6.272587831728934e-25], "nsamples": 189}, "headlines": {"pearson": [0.7622194130483567, 1.989537285864035e-143], "spearman": [0.7559460969069967, 8.969635391056947e-140], "nsamples": 750}, "OnWN": {"pearson": [0.5881708383882966, 1.6645061783594942e-53], "spearman": [0.5931981732102768, 1.2892994317801009e-54], "nsamples": 561}, "all": {"pearson": {"mean": 0.6658697984419996, "wmean": 0.6826352122114587}, "spearman": {"mean": 0.6694315729747683, "wmean": 0.6828821217838278}}}, "STS14": {"deft-forum": {"pearson": [0.3981405174184639, 1.51820163077516e-18], "spearman": [0.384240833481496, 2.789333300018334e-17], "nsamples": 450}, "deft-news": {"pearson": [0.804571947806144, 2.0650105063665333e-69], "spearman": [0.7845549044531331, 8.204593271156811e-64], "nsamples": 300}, "headlines": {"pearson": [0.754388049782299, 6.968183033833614e-139], "spearman": [0.7338577228153769, 9.60190246585116e-128], "nsamples": 750}, "images": {"pearson": [0.7561501274094188, 6.849896173119777e-140], "spearman": [0.7509755667873902, 5.888667628213011e-137], "nsamples": 750}, "OnWN": {"pearson": [0.7131261401057236, 1.6778733752645407e-117], "spearman": [0.7571096183953558, 1.920817381094634e-140], "nsamples": 750}, "tweet-news": {"pearson": [0.7725696792647664, 1.0362022793354752e-149], "spearman": [0.7385033162935243, 3.5810424716774517e-130], "nsamples": 750}, "all": {"pearson": {"mean": 0.6998244102978025, "wmean": 0.7113894172271487}, "spearman": {"mean": 0.6915403270377127, "wmean": 0.7049625372323596}}}, "STS15": {"answers-forums": {"pearson": [0.6840405660723693, 4.735854737505523e-53], "spearman": [0.6783801001468842, 6.989909676481148e-52], "nsamples": 375}, "answers-students": {"pearson": [0.7882631767472251, 6.683868956574122e-160], "spearman": [0.795487500055736, 6.87566093482863e-165], "nsamples": 750}, "belief": {"pearson": [0.7814443090684822, 2.0869937946032408e-78], "spearman": [0.7855258270585181, 9.456720906870992e-80], "nsamples": 375}, "headlines": {"pearson": [0.7973318668880501, 3.401050931734693e-166], "spearman": [0.8002758773536158, 2.624849543077906e-168], "nsamples": 750}, "images": {"pearson": [0.8260924421411469, 1.7225069754491703e-188], "spearman": [0.8350116911453572, 2.960131002170279e-196], "nsamples": 750}, "all": {"pearson": {"mean": 0.7754344721834547, "wmean": 0.786107480836712}, "spearman": {"mean": 0.7789361991520223, "wmean": 0.7906820080393527}}}, "STS16": {"answer-answer": {"pearson": [0.7017559835990353, 5.52045972828691e-39], "spearman": [0.6949873683610815, 5.702185546392203e-38], "nsamples": 254}, "headlines": {"pearson": [0.802343443905256, 2.759341865571194e-57], "spearman": [0.8117424874029948, 1.263748090697704e-59], "nsamples": 249}, "plagiarism": {"pearson": [0.8035849943353436, 2.7410717129644345e-53], "spearman": [0.8298885626711122, 1.0535549683375258e-59], "nsamples": 230}, "postediting": {"pearson": [0.8649789972410459, 2.0048844533720944e-74], "spearman": [0.8632419631022958, 8.427922461350194e-74], "nsamples": 244}, "question-question": {"pearson": [0.48369014935747107, 1.1818293905810953e-13], "spearman": [0.464192019275826, 1.4498223858719447e-12], "nsamples": 209}, "all": {"pearson": {"mean": 0.7312707136876304, "wmean": 0.7377742011856825}, "spearman": {"mean": 0.732810480162662, "wmean": 0.7396055745084521}}}}