{"MR": {"devacc": 74.25, "acc": 71.79, "ndev": 10662, "ntest": 10662}, "CR": {"devacc": 82.22, "acc": 81.35, "ndev": 3775, "ntest": 3775}, "SUBJ": {"devacc": 89.83, "acc": 89.65, "ndev": 10000, "ntest": 10000}, "MPQA": {"devacc": 86.7, "acc": 86.23, "ndev": 10606, "ntest": 10606}, "SST5": {"devacc": 39.87, "acc": 41.22, "ndev": 1101, "ntest": 2210}, "TREC": {"devacc": 73.11, "acc": 79.2, "ndev": 5452, "ntest": 500}, "MRPC": {"devacc": 73.23, "acc": 70.55, "f1": 78.44, "ndev": 4076, "ntest": 1725}, "STS12": {"MSRpar": {"pearson": [0.6365647414697775, 1.865900802599458e-86], "spearman": [0.6147219016991621, 3.8314821256970635e-79], "nsamples": 750}, "MSRvid": {"pearson": [0.6874802411119884, 4.993330397711833e-106], "spearman": [0.6913320858140722, 1.1270610269232877e-107], "nsamples": 750}, "SMTeuroparl": {"pearson": [0.5817031927117663, 6.523673805925503e-43], "spearman": [0.6199210600616494, 4.450561771202586e-50], "nsamples": 459}, "surprise.OnWN": {"pearson": [0.6508990807288165, 1.385779233630885e-91], "spearman": [0.6875750214366925, 4.551826936852556e-106], "nsamples": 750}, "surprise.SMTnews": {"pearson": [0.6243288334546407, 1.672287400951088e-44], "spearman": [0.5881844220453645, 1.6906696419120092e-38], "nsamples": 399}, "all": {"pearson": {"mean": 0.6361952178953978, "wmean": 0.6426373930135261}, "spearman": {"mean": 0.6403468982113881, "wmean": 0.648150292045316}}}, "STS13": {"FNWN": {"pearson": [0.5740959504301921, 5.820577279911231e-18], "spearman": [0.5797372653173762, 2.3156193007446607e-18], "nsamples": 189}, "headlines": {"pearson": [0.7238029053568193, 1.1668371215174406e-122], "spearman": [0.7162702192036747, 5.378976875238517e-119], "nsamples": 750}, "OnWN": {"pearson": [0.587250889924486, 2.6452997169668543e-53], "spearman": [0.591373405427451, 3.279773269803798e-54], "nsamples": 561}, "all": {"pearson": {"mean": 0.6283832485704992, "wmean": 0.6538693752643717}, "spearman": {"mean": 0.6291269633161672, "wmean": 0.6523556586616934}}}, "STS14": {"deft-forum": {"pearson": [0.3598014628168183, 3.3630379056809316e-15], "spearman": [0.35237514673306264, 1.3326837167963664e-14], "nsamples": 450}, "deft-news": {"pearson": [0.7492572645533512, 2.876984918291836e-55], "spearman": [0.737817245814996, 8.471119578252866e-53], "nsamples": 300}, "headlines": {"pearson": [0.7328121756360495, 3.3253962802453505e-127], "spearman": [0.711714734934914, 7.743011571361418e-117], "nsamples": 750}, "images": {"pearson": [0.7284814837008989, 5.364380340803616e-125], "spearman": [0.7194197284965356, 1.635021135758876e-120], "nsamples": 750}, "OnWN": {"pearson": [0.6944684073162818, 4.921331419402541e-109], "spearman": [0.7344712300670561, 4.619598265171176e-128], "nsamples": 750}, "tweet-news": {"pearson": [0.75455079067101, 5.629041324913561e-139], "spearman": [0.7282457340696794, 7.054592442413872e-125], "nsamples": 750}, "all": {"pearson": {"mean": 0.669895264115735, "wmean": 0.6851793281671343}, "spearman": {"mean": 0.6640073033527073, "wmean": 0.6800806827868042}}}, "STS15": {"answers-forums": {"pearson": [0.6339864597752934, 1.496454154030594e-43], "spearman": [0.6308809869985831, 5.098031989690876e-43], "nsamples": 375}, "answers-students": {"pearson": [0.7691714885142497, 1.3020609223140516e-147], "spearman": [0.7757602551818803, 1.0256120047681091e-151], "nsamples": 750}, "belief": {"pearson": [0.7362869668113489, 3.007652872321767e-65], "spearman": [0.7263371396716304, 1.043062974384773e-62], "nsamples": 375}, "headlines": {"pearson": [0.7732201262788936, 4.0688398242686274e-150], "spearman": [0.7743493839450445, 7.969288284018878e-151], "nsamples": 750}, "images": {"pearson": [0.8009343209419758, 8.745387512859274e-169], "spearman": [0.810323056626619, 8.59206232655434e-176], "nsamples": 750}, "all": {"pearson": {"mean": 0.7427198724643522, "wmean": 0.75711566225711}, "spearman": {"mean": 0.7435301644847514, "wmean": 0.7597604397721627}}}, "STS16": {"answer-answer": {"pearson": [0.7067952399014967, 9.294505912105366e-40], "spearman": [0.7064396800084826, 1.0552589988323116e-39], "nsamples": 254}, "headlines": {"pearson": [0.787343360848105, 8.393858674182821e-54], "spearman": [0.7935646030306664, 3.269243614421001e-55], "nsamples": 249}, "plagiarism": {"pearson": [0.8155783844676555, 4.368611802111591e-56], "spearman": [0.8380906095664287, 6.212262507464144e-62], "nsamples": 230}, "postediting": {"pearson": [0.8548205314849455, 6.7938194704343916e-71], "spearman": [0.8536504508992815, 1.664831754604457e-70], "nsamples": 244}, "question-question": {"pearson": [0.4559041506793257, 4.014344418122076e-12], "spearman": [0.42837919717073547, 9.767507364561768e-11], "nsamples": 209}, "all": {"pearson": {"mean": 0.7240883334763056, "wmean": 0.7310435863305438}, "spearman": {"mean": 0.7240249081351189, "wmean": 0.7315481174579912}}}}