{"MR": {"devacc": 72.88, "acc": 71.07, "ndev": 10662, "ntest": 10662}, "CR": {"devacc": 80.69, "acc": 79.63, "ndev": 3775, "ntest": 3775}, "SUBJ": {"devacc": 89.25, "acc": 88.95, "ndev": 10000, "ntest": 10000}, "MPQA": {"devacc": 85.61, "acc": 85.62, "ndev": 10606, "ntest": 10606}, "SST5": {"devacc": 38.51, "acc": 40.59, "ndev": 1101, "ntest": 2210}, "TREC": {"devacc": 71.18, "acc": 81.8, "ndev": 5452, "ntest": 500}, "MRPC": {"devacc": 72.2, "acc": 72.06, "f1": 81.42, "ndev": 4076, "ntest": 1725}, "STS12": {"MSRpar": {"pearson": [0.6245403110003007, 2.3348937059599037e-82], "spearman": [0.6151622294546687, 2.764424010693791e-79], "nsamples": 750}, "MSRvid": {"pearson": [0.6820678018992994, 9.30956284255554e-104], "spearman": [0.6844668141462756, 9.30342551605942e-105], "nsamples": 750}, "SMTeuroparl": {"pearson": [0.5076988811089749, 1.9190522835770437e-31], "spearman": [0.5484020851985062, 2.136605037189768e-37], "nsamples": 459}, "surprise.OnWN": {"pearson": [0.6159660113482295, 1.5214241660905426e-79], "spearman": [0.6639341516868139, 1.6967612669244102e-96], "nsamples": 750}, "surprise.SMTnews": {"pearson": [0.589895384330028, 9.135376261867666e-39], "spearman": [0.570735837726679, 7.343900626828421e-36], "nsamples": 399}, "all": {"pearson": {"mean": 0.6040336779373665, "wmean": 0.6146501409145988}, "spearman": {"mean": 0.6165402236425888, "wmean": 0.6280928419642465}}}, "STS13": {"FNWN": {"pearson": [0.5424105781221007, 7.532938015276087e-16], "spearman": [0.5357004556324942, 1.9782350041595706e-15], "nsamples": 189}, "headlines": {"pearson": [0.7521109831442785, 1.3563950552218906e-137], "spearman": [0.7477599822430003, 3.607846775832897e-135], "nsamples": 750}, "OnWN": {"pearson": [0.5357582235582512, 5.363085535735878e-43], "spearman": [0.5423592492512933, 3.2094037681154794e-44], "nsamples": 561}, "all": {"pearson": {"mean": 0.6100932616082101, "wmean": 0.6447728000263099}, "spearman": {"mean": 0.608606562375596, "wmean": 0.6442206077511782}}}, "STS14": {"deft-forum": {"pearson": [0.3336559967044694, 3.6614075845156036e-13], "spearman": [0.32363518573558014, 1.9713189644545566e-12], "nsamples": 450}, "deft-news": {"pearson": [0.7373020424692883, 1.0866434120296249e-52], "spearman": [0.730596806267262, 2.634701362012999e-51], "nsamples": 300}, "headlines": {"pearson": [0.7399247274405346, 6.318597750682026e-131], "spearman": [0.7238587352424269, 1.0949685187088898e-122], "nsamples": 750}, "images": {"pearson": [0.7363615500109543, 4.785835880010231e-129], "spearman": [0.7387463760070394, 2.6639742603542488e-130], "nsamples": 750}, "OnWN": {"pearson": [0.6651065030020797, 5.965564405071556e-97], "spearman": [0.6986238888471222, 7.295565044418706e-111], "nsamples": 750}, "tweet-news": {"pearson": [0.7280207281301494, 9.15981187211871e-125], "spearman": [0.711812831811831, 6.964329288108694e-117], "nsamples": 750}, "all": {"pearson": {"mean": 0.6567285912929126, "wmean": 0.672905584718823}, "spearman": {"mean": 0.6545456373185436, "wmean": 0.6718923331713346}}}, "STS15": {"answers-forums": {"pearson": [0.6111192297578377, 9.074668279855494e-40], "spearman": [0.5964974978972162, 1.6569645174222756e-37], "nsamples": 375}, "answers-students": {"pearson": [0.7587749131959084, 2.0842406789387412e-141], "spearman": [0.7611148948424534, 8.918325296894855e-143], "nsamples": 750}, "belief": {"pearson": [0.7108594424855925, 5.677906420418831e-59], "spearman": [0.7145484598591486, 7.698066026050383e-60], "nsamples": 375}, "headlines": {"pearson": [0.7791351515540145, 7.150723747289332e-154], "spearman": [0.7822937788233304, 6.324945416589676e-156], "nsamples": 750}, "images": {"pearson": [0.7882707280723547, 6.605669430741535e-160], "spearman": [0.7967318253682839, 9.075898932865116e-166], "nsamples": 750}, "all": {"pearson": {"mean": 0.7296318930131415, "wmean": 0.7467925322359981}, "spearman": {"mean": 0.7302372913580866, "wmean": 0.7489158694780627}}}, "STS16": {"answer-answer": {"pearson": [0.6829665190946008, 3.084830581224034e-36], "spearman": [0.6682119632230592, 3.2055786053968993e-34], "nsamples": 254}, "headlines": {"pearson": [0.7560541177458494, 2.27236445639026e-47], "spearman": [0.7590380838509055, 6.105698480162509e-48], "nsamples": 249}, "plagiarism": {"pearson": [0.8075534145890841, 3.4204052289798063e-54], "spearman": [0.8258344222377085, 1.2051218218358696e-58], "nsamples": 230}, "postediting": {"pearson": [0.8530015077299553, 2.7277033315268677e-70], "spearman": [0.8568125445742706, 1.4504161725533048e-71], "nsamples": 244}, "question-question": {"pearson": [0.45900487001497786, 2.7512590556928876e-12], "spearman": [0.44785010700358796, 1.0523626697882582e-11], "nsamples": 209}, "all": {"pearson": {"mean": 0.7117160858348935, "wmean": 0.7179870507955092}, "spearman": {"mean": 0.7115494241779065, "wmean": 0.7178171769747702}}}}