{"MR": {"devacc": 72.75, "acc": 72.28, "ndev": 10662, "ntest": 10662}, "CR": {"devacc": 82.52, "acc": 82.46, "ndev": 3775, "ntest": 3775}, "SUBJ": {"devacc": 90.27, "acc": 90.11, "ndev": 10000, "ntest": 10000}, "MPQA": {"devacc": 86.58, "acc": 86.79, "ndev": 10606, "ntest": 10606}, "SST5": {"devacc": 39.87, "acc": 43.03, "ndev": 1101, "ntest": 2210}, "TREC": {"devacc": 73.59, "acc": 86.0, "ndev": 5452, "ntest": 500}, "MRPC": {"devacc": 73.18, "acc": 71.77, "f1": 79.82, "ndev": 4076, "ntest": 1725}, "STS12": {"MSRpar": {"pearson": [0.5943951195794744, 7.783757856822351e-73], "spearman": [0.5880257305052923, 5.977114440810906e-71], "nsamples": 750}, "MSRvid": {"pearson": [0.7095251228706335, 8.153555136927635e-116], "spearman": [0.7130475009526247, 1.8275511717498463e-117], "nsamples": 750}, "SMTeuroparl": {"pearson": [0.5262539653228905, 4.666642496445628e-34], "spearman": [0.5711514950583515, 4.269026043946084e-41], "nsamples": 459}, "surprise.OnWN": {"pearson": [0.6568045645566399, 8.843613658154124e-94], "spearman": [0.6849425813235601, 5.876495774014505e-105], "nsamples": 750}, "surprise.SMTnews": {"pearson": [0.6180393349901663, 2.1112668579359553e-43], "spearman": [0.5794151908809273, 3.7463427835242464e-37], "nsamples": 399}, "all": {"pearson": {"mean": 0.6210036214639609, "wmean": 0.6302097393820283}, "spearman": {"mean": 0.6273164997441512, "wmean": 0.6379848960680119}}}, "STS13": {"FNWN": {"pearson": [0.6144732197540582, 5.250621159111912e-21], "spearman": [0.6114921518712257, 9.120072063689526e-21], "nsamples": 189}, "headlines": {"pearson": [0.7407224460208109, 2.3748599450235485e-131], "spearman": [0.734684368743061, 3.581014811796004e-128], "nsamples": 750}, "OnWN": {"pearson": [0.5711021714699048, 7.108523017601054e-50], "spearman": [0.5804533932753012, 7.750235521893019e-52], "nsamples": 561}, "all": {"pearson": {"mean": 0.6420992790815913, "wmean": 0.6613770608291613}, "spearman": {"mean": 0.6422099712965292, "wmean": 0.6614797645922676}}}, "STS14": {"deft-forum": {"pearson": [0.3914786787258741, 6.2330390726604266e-18], "spearman": [0.3833151976834209, 3.3695584643006e-17], "nsamples": 450}, "deft-news": {"pearson": [0.7558807257912002, 9.276840500135462e-57], "spearman": [0.7512186720483738, 1.05234131547894e-55], "nsamples": 300}, "headlines": {"pearson": [0.724739143254795, 4.009836033600034e-123], "spearman": [0.7054473090667658, 6.16997576382053e-114], "nsamples": 750}, "images": {"pearson": [0.7488612889202527, 8.875769495433628e-136], "spearman": [0.7439067160140734, 4.607633631815e-133], "nsamples": 750}, "OnWN": {"pearson": [0.6848522283809034, 6.4126797973138574e-105], "spearman": [0.7296418677909836, 1.387367778639513e-125], "nsamples": 750}, "tweet-news": {"pearson": [0.7506293296692521, 9.19965137614727e-137], "spearman": [0.7124684205464432, 3.42575279254964e-117], "nsamples": 750}, "all": {"pearson": {"mean": 0.6760735657903796, "wmean": 0.6892642975554416}, "spearman": {"mean": 0.6709996971916768, "wmean": 0.6843881801695336}}}, "STS15": {"answers-forums": {"pearson": [0.6198637176033832, 3.5324950836685395e-41], "spearman": [0.6142329923666092, 2.8900018669962497e-40], "nsamples": 375}, "answers-students": {"pearson": [0.7695655149020749, 7.46588442627102e-148], "spearman": [0.7790295276208264, 8.364186138315094e-154], "nsamples": 750}, "belief": {"pearson": [0.7050083281273152, 1.2675018934858933e-57], "spearman": [0.7026404863950555, 4.358888308573852e-57], "nsamples": 375}, "headlines": {"pearson": [0.7716377843315353, 3.933074474848521e-149], "spearman": [0.77458549598946, 5.660501207198121e-151], "nsamples": 750}, "images": {"pearson": [0.8027013448456027, 4.4863024163337245e-170], "spearman": [0.8112037744759256, 1.8058697050484684e-176], "nsamples": 750}, "all": {"pearson": {"mean": 0.7337553379619822, "wmean": 0.7515851667361406}, "spearman": {"mean": 0.7363384553695753, "wmean": 0.755813884366761}}}, "STS16": {"answer-answer": {"pearson": [0.6776133221232776, 1.716025583124176e-35], "spearman": [0.6597311862860078, 4.107696260070926e-33], "nsamples": 254}, "headlines": {"pearson": [0.7870043185697142, 9.986537835008585e-54], "spearman": [0.7943742960565109, 2.1253595113334498e-55], "nsamples": 249}, "plagiarism": {"pearson": [0.8129170837257963, 1.8987275182923692e-55], "spearman": [0.8330261278966233, 1.528152622081995e-60], "nsamples": 230}, "postediting": {"pearson": [0.8610877375893309, 4.867626045403179e-73], "spearman": [0.855348849413528, 4.520995039265771e-71], "nsamples": 244}, "question-question": {"pearson": [0.49354911401884277, 3.12753544328015e-14], "spearman": [0.4646828541412022, 1.363781553483191e-12], "nsamples": 209}, "all": {"pearson": {"mean": 0.7264343152053924, "wmean": 0.7321298155158849}, "spearman": {"mean": 0.7214326627587744, "wmean": 0.7274795667987796}}}}