{"MR": {"devacc": 74.98, "acc": 73.9, "ndev": 10662, "ntest": 10662}, "CR": {"devacc": 84.68, "acc": 83.95, "ndev": 3775, "ntest": 3775}, "SUBJ": {"devacc": 91.46, "acc": 91.12, "ndev": 10000, "ntest": 10000}, "MPQA": {"devacc": 88.12, "acc": 88.22, "ndev": 10606, "ntest": 10606}, "SST5": {"devacc": 39.87, "acc": 39.55, "ndev": 1101, "ntest": 2210}, "TREC": {"devacc": 78.3, "acc": 86.0, "ndev": 5452, "ntest": 500}, "MRPC": {"devacc": 74.02, "acc": 71.01, "f1": 77.72, "ndev": 4076, "ntest": 1725}, "STS12": {"MSRpar": {"pearson": [0.6487871156531829, 8.21955185866812e-91], "spearman": [0.6335453066343872, 2.0742341019922e-85], "nsamples": 750}, "MSRvid": {"pearson": [0.7211449177093411, 2.3637083220630076e-121], "spearman": [0.727754512163273, 1.2471712853825405e-124], "nsamples": 750}, "SMTeuroparl": {"pearson": [0.5592576568844487, 3.9814000391621995e-39], "spearman": [0.6072506532895029, 1.35600642662183e-47], "nsamples": 459}, "surprise.OnWN": {"pearson": [0.6590034627960972, 1.3079196869976593e-94], "spearman": [0.7006766219020826, 8.8686627313211e-112], "nsamples": 750}, "surprise.SMTnews": {"pearson": [0.6483891047188604, 5.870518634102683e-49], "spearman": [0.6211216267482798, 6.137459325277151e-44], "nsamples": 399}, "all": {"pearson": {"mean": 0.647316451552386, "wmean": 0.6554401992959308}, "spearman": {"mean": 0.6580697441475051, "wmean": 0.6670006143684855}}}, "STS13": {"FNWN": {"pearson": [0.6339081393394304, 1.2374047764021364e-22], "spearman": [0.6271644794712604, 4.680461647782315e-22], "nsamples": 189}, "headlines": {"pearson": [0.7534865636987363, 2.2658181748917276e-138], "spearman": [0.743842986946348, 4.9887766369685205e-133], "nsamples": 750}, "OnWN": {"pearson": [0.5862535563111274, 4.363773272655529e-53], "spearman": [0.5890800399276049, 1.0515068985945094e-53], "nsamples": 561}, "all": {"pearson": {"mean": 0.6578827531164314, "wmean": 0.6758745374664981}, "spearman": {"mean": 0.6533625021150712, "wmean": 0.671260152819477}}}, "STS14": {"deft-forum": {"pearson": [0.38535151925133376, 2.2216497657968798e-17], "spearman": [0.37361641499641707, 2.3549540554890117e-16], "nsamples": 450}, "deft-news": {"pearson": [0.7936552830083355, 2.789376298701932e-66], "spearman": [0.7746590864030054, 2.9220705544732623e-61], "nsamples": 300}, "headlines": {"pearson": [0.7480225786767761, 2.584136928897096e-135], "spearman": [0.7278486163171618, 1.1183118467839458e-124], "nsamples": 750}, "images": {"pearson": [0.7573526077215189, 1.390701604005864e-140], "spearman": [0.7493592193239916, 4.696746458057995e-136], "nsamples": 750}, "OnWN": {"pearson": [0.7142205789270464, 5.09308537624129e-118], "spearman": [0.7580842835960329, 5.247000816816666e-141], "nsamples": 750}, "tweet-news": {"pearson": [0.7704618175314446, 2.0980690443667315e-148], "spearman": [0.7242174499313525, 7.275285881111185e-123], "nsamples": 750}, "all": {"pearson": {"mean": 0.6948440641860759, "wmean": 0.7077461215221841}, "spearman": {"mean": 0.6846308450946603, "wmean": 0.6987086105455182}}}, "STS15": {"answers-forums": {"pearson": [0.6457182248802196, 1.2823217045150617e-45], "spearman": [0.6345331125841821, 1.204276917383138e-43], "nsamples": 375}, "answers-students": {"pearson": [0.7845562275674338, 2.0373369328314813e-157], "spearman": [0.7895722477872813, 8.626716317715364e-161], "nsamples": 750}, "belief": {"pearson": [0.7756471924791769, 1.5104759412029396e-76], "spearman": [0.7789118149153277, 1.3766709987900422e-77], "nsamples": 375}, "headlines": {"pearson": [0.7942806520748971, 4.835416740433779e-164], "spearman": [0.7952947417920659, 9.397220512437776e-165], "nsamples": 750}, "images": {"pearson": [0.8204159760567954, 8.922101800226561e-184], "spearman": [0.8281314682518419, 3.1673631036398937e-190], "nsamples": 750}, "all": {"pearson": {"mean": 0.7641236546117045, "wmean": 0.7774838910947062}, "spearman": {"mean": 0.7652886770661397, "wmean": 0.779930230395236}}}, "STS16": {"answer-answer": {"pearson": [0.7105846702359443, 2.3738970152228785e-40], "spearman": [0.7100118882139436, 2.9219451923168584e-40], "nsamples": 254}, "headlines": {"pearson": [0.7923338891784362, 6.267684953674512e-55], "spearman": [0.7989542184409073, 1.792913349983112e-56], "nsamples": 249}, "plagiarism": {"pearson": [0.7998216972613373, 1.8886241781357007e-52], "spearman": [0.8254458470195948, 1.5171592081986288e-58], "nsamples": 230}, "postediting": {"pearson": [0.8568889219372527, 1.3664003922389775e-71], "spearman": [0.8517902186295938, 6.812198627583056e-70], "nsamples": 244}, "question-question": {"pearson": [0.5145801120750559, 1.5841708644447663e-15], "spearman": [0.4865083511034969, 8.117149087602057e-14], "nsamples": 209}, "all": {"pearson": {"mean": 0.7348418581376053, "wmean": 0.7406127954400037}, "spearman": {"mean": 0.7345421046815073, "wmean": 0.7408534768456038}}}}