{"MR": {"devacc": 74.34, "acc": 75.58, "ndev": 10662, "ntest": 10662}, "CR": {"devacc": 84.18, "acc": 82.52, "ndev": 3775, "ntest": 3775}, "SUBJ": {"devacc": 91.05, "acc": 90.77, "ndev": 10000, "ntest": 10000}, "MPQA": {"devacc": 87.67, "acc": 87.57, "ndev": 10606, "ntest": 10606}, "SST5": {"devacc": 42.05, "acc": 42.49, "ndev": 1101, "ntest": 2210}, "TREC": {"devacc": 78.21, "acc": 88.2, "ndev": 5452, "ntest": 500}, "MRPC": {"devacc": 74.12, "acc": 70.49, "f1": 77.16, "ndev": 4076, "ntest": 1725}, "STS12": {"MSRpar": {"pearson": [0.6360720943033078, 2.769141752007302e-86], "spearman": [0.626399489199452, 5.5779528942130994e-83], "nsamples": 750}, "MSRvid": {"pearson": [0.7410765542812721, 1.536330668417034e-131], "spearman": [0.7471127441481681, 8.197968272102344e-135], "nsamples": 750}, "SMTeuroparl": {"pearson": [0.5497583244374786, 1.3094061139995877e-37], "spearman": [0.5832816959138414, 3.4444944955036857e-43], "nsamples": 459}, "surprise.OnWN": {"pearson": [0.660370113547488, 3.9550601116164347e-95], "spearman": [0.7009530157446953, 6.668532585748797e-112], "nsamples": 750}, "surprise.SMTnews": {"pearson": [0.6816494285804054, 7.993241579575562e-56], "spearman": [0.6299858439599465, 1.626046839019764e-45], "nsamples": 399}, "all": {"pearson": {"mean": 0.6537853030299904, "wmean": 0.6603784634875918}, "spearman": {"mean": 0.6575465577932207, "wmean": 0.6676124797244879}}}, "STS13": {"FNWN": {"pearson": [0.5494458703145104, 2.6741647660106786e-16], "spearman": [0.5519457559072356, 1.839976378799174e-16], "nsamples": 189}, "headlines": {"pearson": [0.7532612531213888, 3.0399769546110895e-138], "spearman": [0.7486340511030297, 1.1861308568417782e-135], "nsamples": 750}, "OnWN": {"pearson": [0.5877325913970268, 2.0759113803035063e-53], "spearman": [0.5975014108812724, 1.3924719496344785e-55], "nsamples": 561}, "all": {"pearson": {"mean": 0.6301465716109753, "wmean": 0.6656727954028108}, "spearman": {"mean": 0.6326937392971792, "wmean": 0.6673277184654224}}}, "STS14": {"deft-forum": {"pearson": [0.38744664791949324, 1.4428851798385174e-17], "spearman": [0.370931123320986, 3.988519824832272e-16], "nsamples": 450}, "deft-news": {"pearson": [0.7847828010502654, 7.140186439070647e-64], "spearman": [0.7677034056820246, 1.522843252311899e-59], "nsamples": 300}, "headlines": {"pearson": [0.7409666446649023, 1.7588470866635798e-131], "spearman": [0.7142778963710588, 4.7840623250368884e-118], "nsamples": 750}, "images": {"pearson": [0.7498028512892133, 2.6605980873026378e-136], "spearman": [0.7516239614870387, 2.548667569274896e-137], "nsamples": 750}, "OnWN": {"pearson": [0.6968985327761082, 4.2294788833626994e-110], "spearman": [0.7410236637998532, 1.6396713289026016e-131], "nsamples": 750}, "tweet-news": {"pearson": [0.7797335022596189, 2.9376855118548445e-154], "spearman": [0.7428479180096601, 1.720291079188116e-132], "nsamples": 750}, "all": {"pearson": {"mean": 0.6899384966599335, "wmean": 0.702756528032329}, "spearman": {"mean": 0.6814013281117702, "wmean": 0.6958826951866025}}}, "STS15": {"answers-forums": {"pearson": [0.6185745482022141, 5.737288255402873e-41], "spearman": [0.6102895972366938, 1.228301589687451e-39], "nsamples": 375}, "answers-students": {"pearson": [0.7871322857674485, 3.873571811126519e-159], "spearman": [0.794580675254483, 2.9810612507447457e-164], "nsamples": 750}, "belief": {"pearson": [0.7620469017978589, 2.1422840958267604e-72], "spearman": [0.7624615255775735, 1.616011569877238e-72], "nsamples": 375}, "headlines": {"pearson": [0.788184383644542, 7.55694555686956e-160], "spearman": [0.7916851859739047, 3.0701698648908486e-162], "nsamples": 750}, "images": {"pearson": [0.820995662635534, 2.9972696208858223e-184], "spearman": [0.8308966565481045, 1.2889365091105226e-192], "nsamples": 750}, "all": {"pearson": {"mean": 0.7553867564095195, "wmean": 0.7716557642618903}, "spearman": {"mean": 0.7579827281181519, "wmean": 0.7758845197959066}}}, "STS16": {"answer-answer": {"pearson": [0.6891708605954334, 4.029215845139672e-37], "spearman": [0.6830229594996942, 3.028924516940796e-36], "nsamples": 254}, "headlines": {"pearson": [0.7895812110916487, 2.645118298110773e-54], "spearman": [0.8013485676688209, 4.7974690992821257e-57], "nsamples": 249}, "plagiarism": {"pearson": [0.8122656963415164, 2.7108011404127458e-55], "spearman": [0.836824080531203, 1.3981440429817494e-61], "nsamples": 230}, "postediting": {"pearson": [0.8550516388831608, 5.686251401042198e-71], "spearman": [0.8564487479535112, 1.9262907313512514e-71], "nsamples": 244}, "question-question": {"pearson": [0.5144640998349197, 1.6113684108329301e-15], "spearman": [0.49366508097030043, 3.0782240770038756e-14], "nsamples": 209}, "all": {"pearson": {"mean": 0.7321067013493358, "wmean": 0.737463597862225}, "spearman": {"mean": 0.734261887324706, "wmean": 0.7400022428398692}}}}