{"MR": {"devacc": 74.65, "acc": 75.39, "ndev": 10662, "ntest": 10662}, "CR": {"devacc": 84.32, "acc": 84.37, "ndev": 3775, "ntest": 3775}, "SUBJ": {"devacc": 91.57, "acc": 90.88, "ndev": 10000, "ntest": 10000}, "MPQA": {"devacc": 88.05, "acc": 88.19, "ndev": 10606, "ntest": 10606}, "SST5": {"devacc": 39.87, "acc": 41.36, "ndev": 1101, "ntest": 2210}, "TREC": {"devacc": 75.37, "acc": 85.2, "ndev": 5452, "ntest": 500}, "MRPC": {"devacc": 73.31, "acc": 71.01, "f1": 77.88, "ndev": 4076, "ntest": 1725}, "STS12": {"MSRpar": {"pearson": [0.6387905320353587, 3.1069296960205275e-87], "spearman": [0.6285759851349171, 1.0308102652390108e-83], "nsamples": 750}, "MSRvid": {"pearson": [0.6921259985692998, 5.121163917648868e-108], "spearman": [0.695458335216029, 1.8164057320123003e-109], "nsamples": 750}, "SMTeuroparl": {"pearson": [0.5447228486963519, 7.975218185417897e-37], "spearman": [0.5808046178452907, 9.369376836102286e-43], "nsamples": 459}, "surprise.OnWN": {"pearson": [0.6595365261436094, 8.209224245847486e-95], "spearman": [0.7023334592780032, 1.5974568623734248e-112], "nsamples": 750}, "surprise.SMTnews": {"pearson": [0.6608170397580282, 2.0222134096147103e-51], "spearman": [0.643730937938388, 4.59617722504082e-48], "nsamples": 399}, "all": {"pearson": {"mean": 0.6391985890405296, "wmean": 0.6456028246384427}, "spearman": {"mean": 0.6501806670825255, "wmean": 0.6574046970881973}}}, "STS13": {"FNWN": {"pearson": [0.6235620170917512, 9.401463382406296e-22], "spearman": [0.6444928008117647, 1.433372286464137e-23], "nsamples": 189}, "headlines": {"pearson": [0.7542742714819209, 8.088649788513955e-139], "spearman": [0.745300224805386, 8.056878700261247e-134], "nsamples": 750}, "OnWN": {"pearson": [0.6439141608616555, 5.1985701138979396e-67], "spearman": [0.6492067383236193, 1.926697631428292e-68], "nsamples": 561}, "all": {"pearson": {"mean": 0.6739168164784425, "wmean": 0.6965298460567804}, "spearman": {"mean": 0.6796665879802566, "wmean": 0.696659525438009}}}, "STS14": {"deft-forum": {"pearson": [0.3824761383285006, 3.997092072625992e-17], "spearman": [0.37373395066949183, 2.301006148398171e-16], "nsamples": 450}, "deft-news": {"pearson": [0.7779438164531929, 4.298676558640944e-62], "spearman": [0.7575124806897665, 3.9137458210115777e-57], "nsamples": 300}, "headlines": {"pearson": [0.7485422725232314, 1.3333814318685558e-135], "spearman": [0.722190735390619, 7.266490127426729e-122], "nsamples": 750}, "images": {"pearson": [0.7512668249838302, 4.0437188248447145e-137], "spearman": [0.7481927239194772, 2.0811944370706476e-135], "nsamples": 750}, "OnWN": {"pearson": [0.7401225699108083, 4.958685843581106e-131], "spearman": [0.7797723162001957, 2.7726934658754425e-154], "nsamples": 750}, "tweet-news": {"pearson": [0.7559450347198833, 8.982227777245555e-140], "spearman": [0.7344142868628538, 4.944632545295143e-128], "nsamples": 750}, "all": {"pearson": {"mean": 0.6927161094865744, "wmean": 0.7073079823432262}, "spearman": {"mean": 0.6859694156220674, "wmean": 0.7023630850101497}}}, "STS15": {"answers-forums": {"pearson": [0.618196898866589, 6.610317347425017e-41], "spearman": [0.6111428742621491, 8.996592443933248e-40], "nsamples": 375}, "answers-students": {"pearson": [0.7865705226605468, 9.23501464947378e-159], "spearman": [0.7930112626877044, 3.7097423736178206e-163], "nsamples": 750}, "belief": {"pearson": [0.7660900283818403, 1.3371712109101865e-73], "spearman": [0.7639801188217146, 5.726302320110341e-73], "nsamples": 375}, "headlines": {"pearson": [0.7974324373747576, 2.884203165092609e-166], "spearman": [0.8000058385503588, 4.114776546641881e-168], "nsamples": 750}, "images": {"pearson": [0.8135204804811705, 2.8683284709945436e-178], "spearman": [0.8218595039643538, 5.8555625498760446e-185], "nsamples": 750}, "all": {"pearson": {"mean": 0.7563620735529808, "wmean": 0.7724167260351723}, "spearman": {"mean": 0.757999919657256, "wmean": 0.7756095254360873}}}, "STS16": {"answer-answer": {"pearson": [0.6971258181966833, 2.746127534197953e-38], "spearman": [0.6849425268425914, 1.6220921788721495e-36], "nsamples": 254}, "headlines": {"pearson": [0.8004364588241026, 7.943995711055811e-57], "spearman": [0.8038627630146776, 1.178469358622034e-57], "nsamples": 249}, "plagiarism": {"pearson": [0.8139520161100233, 1.0752958064326454e-55], "spearman": [0.8390131696577176, 3.4253790459383527e-62], "nsamples": 230}, "postediting": {"pearson": [0.85828805060148, 4.551734918381485e-72], "spearman": [0.858714071985224, 3.2493350316157195e-72], "nsamples": 244}, "question-question": {"pearson": [0.5042230697573236, 7.060925530001211e-15], "spearman": [0.4838730180652283, 1.1534890061978545e-13], "nsamples": 209}, "all": {"pearson": {"mean": 0.7348050826979226, "wmean": 0.7406344904726022}, "spearman": {"mean": 0.7340811099130878, "wmean": 0.7401061999746842}}}}