{"MR": {"devacc": 75.8, "acc": 75.54, "ndev": 10662, "ntest": 10662}, "CR": {"devacc": 85.44, "acc": 85.22, "ndev": 3775, "ntest": 3775}, "SUBJ": {"devacc": 92.24, "acc": 91.68, "ndev": 10000, "ntest": 10000}, "MPQA": {"devacc": 88.96, "acc": 88.81, "ndev": 10606, "ntest": 10606}, "SST5": {"devacc": 42.96, "acc": 43.39, "ndev": 1101, "ntest": 2210}, "TREC": {"devacc": 83.84, "acc": 87.8, "ndev": 5452, "ntest": 500}, "MRPC": {"devacc": 75.42, "acc": 70.78, "f1": 81.9, "ndev": 4076, "ntest": 1725}, "STS12": {"MSRpar": {"pearson": [0.6623884353555604, 6.683867432546993e-96], "spearman": [0.6482643521982963, 1.2743034118991007e-90], "nsamples": 750}, "MSRvid": {"pearson": [0.7464205313853453, 1.9666722527887386e-134], "spearman": [0.749808623835852, 2.640974738200678e-136], "nsamples": 750}, "SMTeuroparl": {"pearson": [0.5616100675150644, 1.647249145619269e-39], "spearman": [0.6093362295925837, 5.384032125582723e-48], "nsamples": 459}, "surprise.OnWN": {"pearson": [0.6695503105681841, 1.0863464048798392e-98], "spearman": [0.713439178569986, 1.19374001118206e-117], "nsamples": 750}, "surprise.SMTnews": {"pearson": [0.6545347822851452, 3.6755627396038205e-50], "spearman": [0.6170330742606712, 3.1508235461635874e-43], "nsamples": 399}, "all": {"pearson": {"mean": 0.6589008254218598, "wmean": 0.6685031715260633}, "spearman": {"mean": 0.6675762916914778, "wmean": 0.6787373365399306}}}, "STS13": {"FNWN": {"pearson": [0.5859918405727997, 8.160726419549458e-19], "spearman": [0.5794100384271222, 2.4439810868516342e-18], "nsamples": 189}, "headlines": {"pearson": [0.7609432566319939, 1.1251508758779371e-142], "spearman": [0.7537460485036822, 1.614535807668884e-138], "nsamples": 750}, "OnWN": {"pearson": [0.6112899141494704, 8.830074312666707e-59], "spearman": [0.6153486901046201, 9.426936494813408e-60], "nsamples": 561}, "all": {"pearson": {"mean": 0.6527416704514214, "wmean": 0.6829290281200716}, "spearman": {"mean": 0.6495015923451416, "wmean": 0.6800190991927865}}}, "STS14": {"deft-forum": {"pearson": [0.38948720040021323, 9.448758673916829e-18], "spearman": [0.37414389361821754, 2.1221789153540108e-16], "nsamples": 450}, "deft-news": {"pearson": [0.8047594683401503, 1.817291737018043e-69], "spearman": [0.7894563834400555, 3.97818382731602e-65], "nsamples": 300}, "headlines": {"pearson": [0.7527329732594357, 6.048055351725888e-138], "spearman": [0.733296613173748, 1.871538681853889e-127], "nsamples": 750}, "images": {"pearson": [0.7641704965079141, 1.377567401264745e-144], "spearman": [0.7635573906258207, 3.196882928478488e-144], "nsamples": 750}, "OnWN": {"pearson": [0.7139779518605677, 6.637096836836122e-118], "spearman": [0.7564756331627186, 4.452869271943938e-140], "nsamples": 750}, "tweet-news": {"pearson": [0.7762506194822988, 5.01160071467024e-152], "spearman": [0.7462486003531211, 2.443039913198179e-134], "nsamples": 750}, "all": {"pearson": {"mean": 0.7002297849750967, "wmean": 0.7125456297372809}, "spearman": {"mean": 0.693863085728947, "wmean": 0.7079694253724722}}}, "STS15": {"answers-forums": {"pearson": [0.6737393180604008, 6.07466636493088e-51], "spearman": [0.6653278473556875, 2.770550918392576e-49], "nsamples": 375}, "answers-students": {"pearson": [0.7921064119599888, 1.5716133640705503e-162], "spearman": [0.8012649249317041, 5.028482116037499e-169], "nsamples": 750}, "belief": {"pearson": [0.7753095598213409, 1.9306312049597713e-76], "spearman": [0.7766201182072192, 7.429030535655511e-77], "nsamples": 375}, "headlines": {"pearson": [0.7995988860178393, 8.091195397925822e-168], "spearman": [0.8016149062804048, 2.7958388181793523e-169], "nsamples": 750}, "images": {"pearson": [0.8232578543470505, 4.08720274832804e-186], "spearman": [0.833055902881298, 1.6338410715770322e-194], "nsamples": 750}, "all": {"pearson": {"mean": 0.7728024060413239, "wmean": 0.7848718978164373}, "spearman": {"mean": 0.7755767399312627, "wmean": 0.789227429218715}}}, "STS16": {"answer-answer": {"pearson": [0.6992371462953927, 1.3263772459595258e-38], "spearman": [0.688361920832457, 5.269120529842705e-37], "nsamples": 254}, "headlines": {"pearson": [0.7944026961574479, 2.0934258364600634e-55], "spearman": [0.803023578703122, 1.887126330285074e-57], "nsamples": 249}, "plagiarism": {"pearson": [0.8157678427537776, 3.9311730330169926e-56], "spearman": [0.8385410369626503, 4.647549803631757e-62], "nsamples": 230}, "postediting": {"pearson": [0.8663534930949625, 6.345013096588116e-75], "spearman": [0.8654546800596825, 1.3483234415874317e-74], "nsamples": 244}, "question-question": {"pearson": [0.5127397041129352, 2.073721728165303e-15], "spearman": [0.4794881821657765, 2.0561532342580925e-13], "nsamples": 209}, "all": {"pearson": {"mean": 0.7377001764829031, "wmean": 0.7433321760627128}, "spearman": {"mean": 0.7349738797447377, "wmean": 0.7411848309419399}}}}