{"MR": {"devacc": 75.54, "acc": 76.5, "ndev": 10662, "ntest": 10662}, "CR": {"devacc": 85.51, "acc": 84.53, "ndev": 3775, "ntest": 3775}, "SUBJ": {"devacc": 92.15, "acc": 92.06, "ndev": 10000, "ntest": 10000}, "MPQA": {"devacc": 88.97, "acc": 88.93, "ndev": 10606, "ntest": 10606}, "SST5": {"devacc": 40.24, "acc": 43.39, "ndev": 1101, "ntest": 2210}, "TREC": {"devacc": 81.55, "acc": 89.8, "ndev": 5452, "ntest": 500}, "MRPC": {"devacc": 75.12, "acc": 72.23, "f1": 79.8, "ndev": 4076, "ntest": 1725}, "STS12": {"MSRpar": {"pearson": [0.6715625471678365, 1.7306946690809615e-99], "spearman": [0.6552189130675065, 3.474324524807754e-93], "nsamples": 750}, "MSRvid": {"pearson": [0.7357546280770307, 9.931657213532446e-129], "spearman": [0.7410418727606386, 1.6033345744023302e-131], "nsamples": 750}, "SMTeuroparl": {"pearson": [0.5362966595271712, 1.5327625768425104e-35], "spearman": [0.5882906885807094, 4.4346340246682233e-44], "nsamples": 459}, "surprise.OnWN": {"pearson": [0.6620012245130912, 9.410758024151916e-96], "spearman": [0.7084070921472211, 2.689929455588305e-115], "nsamples": 750}, "surprise.SMTnews": {"pearson": [0.66156940168912, 1.42215799675801e-51], "spearman": [0.6183672433249509, 1.852442764523753e-43], "nsamples": 399}, "all": {"pearson": {"mean": 0.6534368921948499, "wmean": 0.6634862155133201}, "spearman": {"mean": 0.6622651619762053, "wmean": 0.6741489268425759}}}, "STS13": {"FNWN": {"pearson": [0.6149158945689815, 4.834885486813271e-21], "spearman": [0.6192869255503958, 2.1261665687076754e-21], "nsamples": 189}, "headlines": {"pearson": [0.7605560384793147, 1.8992911791556605e-142], "spearman": [0.7527101344421081, 6.230374854576219e-138], "nsamples": 750}, "OnWN": {"pearson": [0.5614138230249679, 6.602873014620508e-48], "spearman": [0.5639886241024298, 2.0093456221310513e-48], "nsamples": 561}, "all": {"pearson": {"mean": 0.6456285853577547, "wmean": 0.6677261917666871}, "spearman": {"mean": 0.6453285613649778, "wmean": 0.6653169652547126}}}, "STS14": {"deft-forum": {"pearson": [0.4127984528608972, 6.053970467002037e-20], "spearman": [0.4020803093716386, 6.486410190224151e-19], "nsamples": 450}, "deft-news": {"pearson": [0.804819294412705, 1.7446412552740994e-69], "spearman": [0.7858965744831858, 3.611757683049029e-64], "nsamples": 300}, "headlines": {"pearson": [0.7558693838379589, 9.925893678175397e-140], "spearman": [0.734837143223154, 2.9830817610504005e-128], "nsamples": 750}, "images": {"pearson": [0.7614815842989181, 5.424688331047844e-143], "spearman": [0.7541520486210412, 9.492905513004072e-139], "nsamples": 750}, "OnWN": {"pearson": [0.7032548113568576, 6.126603254770293e-113], "spearman": [0.7456669872653263, 5.081880230105834e-134], "nsamples": 750}, "tweet-news": {"pearson": [0.7686254499369427, 2.809145322322143e-147], "spearman": [0.7339909005174129, 8.193244325548707e-128], "nsamples": 750}, "all": {"pearson": {"mean": 0.7011414961173799, "wmean": 0.7117676037824594}, "spearman": {"mean": 0.6927706605802931, "wmean": 0.7048507790086384}}}, "STS15": {"answers-forums": {"pearson": [0.6735103607867089, 6.751616054518731e-51], "spearman": [0.6699254604580902, 3.487438529958594e-50], "nsamples": 375}, "answers-students": {"pearson": [0.7916321609225685, 3.3398229162567083e-162], "spearman": [0.797384044076851, 3.1223230879099404e-166], "nsamples": 750}, "belief": {"pearson": [0.7857970392602637, 7.680793380561647e-80], "spearman": [0.7892179781392168, 5.426951908836849e-81], "nsamples": 375}, "headlines": {"pearson": [0.7919141292166781, 2.133941020134547e-162], "spearman": [0.7942061295771254, 5.4520142441092926e-164], "nsamples": 750}, "images": {"pearson": [0.8219572015432629, 4.865453377047217e-185], "spearman": [0.8312893913594973, 5.85057288457012e-193], "nsamples": 750}, "all": {"pearson": {"mean": 0.7729621783458963, "wmean": 0.7837892979264989}, "spearman": {"mean": 0.7764046007221561, "wmean": 0.7881128210780318}}}, "STS16": {"answer-answer": {"pearson": [0.6989001470869045, 1.490387505207265e-38], "spearman": [0.6926153496172421, 1.2728538661647243e-37], "nsamples": 254}, "headlines": {"pearson": [0.7996469946326525, 1.226589514661963e-56], "spearman": [0.8071396159640618, 1.833431978772043e-58], "nsamples": 249}, "plagiarism": {"pearson": [0.8250118693929421, 1.96075442356424e-58], "spearman": [0.8479580110381548, 8.712252106667577e-65], "nsamples": 230}, "postediting": {"pearson": [0.8658642671821816, 9.56996471957563e-75], "spearman": [0.8634112053686313, 7.333938242919275e-74], "nsamples": 244}, "question-question": {"pearson": [0.4763006346804776, 3.1139894784074413e-13], "spearman": [0.4513050857180825, 6.981685623573738e-12], "nsamples": 209}, "all": {"pearson": {"mean": 0.7331447825950317, "wmean": 0.7396316887223044}, "spearman": {"mean": 0.7324858535412344, "wmean": 0.7393992434583742}}}}