{"MR": {"devacc": 73.28, "acc": 72.45, "ndev": 10662, "ntest": 10662}, "CR": {"devacc": 83.52, "acc": 83.31, "ndev": 3775, "ntest": 3775}, "SUBJ": {"devacc": 90.3, "acc": 89.79, "ndev": 10000, "ntest": 10000}, "MPQA": {"devacc": 87.01, "acc": 87.4, "ndev": 10606, "ntest": 10606}, "SST5": {"devacc": 39.6, "acc": 42.31, "ndev": 1101, "ntest": 2210}, "TREC": {"devacc": 73.29, "acc": 87.4, "ndev": 5452, "ntest": 500}, "MRPC": {"devacc": 73.82, "acc": 72.29, "f1": 81.62, "ndev": 4076, "ntest": 1725}, "STS12": {"MSRpar": {"pearson": [0.6416224609421911, 3.107438371381581e-88], "spearman": [0.6316923077708603, 8.974649780052414e-85], "nsamples": 750}, "MSRvid": {"pearson": [0.7167127970283649, 3.301818603174769e-119], "spearman": [0.7174743314822106, 1.4226818550188815e-119], "nsamples": 750}, "SMTeuroparl": {"pearson": [0.5739275340878677, 1.442002840060318e-41], "spearman": [0.6221599516295206, 1.5762926662772044e-50], "nsamples": 459}, "surprise.OnWN": {"pearson": [0.6630130845799873, 3.844522547170885e-96], "spearman": [0.6929666395994809, 2.215187858669467e-108], "nsamples": 750}, "surprise.SMTnews": {"pearson": [0.634005268159305, 3.0139682989691988e-46], "spearman": [0.5988160426851886, 3.4733624869817295e-40], "nsamples": 399}, "all": {"pearson": {"mean": 0.6458562289595432, "wmean": 0.6539292461566285}, "spearman": {"mean": 0.6526218546334521, "wmean": 0.6615505077119544}}}, "STS13": {"FNWN": {"pearson": [0.5460574892135575, 4.416987011779945e-16], "spearman": [0.557790222847369, 7.58330303573632e-17], "nsamples": 189}, "headlines": {"pearson": [0.7473401155786825, 6.14622316415554e-135], "spearman": [0.739362074064117, 1.257283351208479e-130], "nsamples": 750}, "OnWN": {"pearson": [0.5822123833800643, 3.258722571701903e-52], "spearman": [0.5856008220815803, 6.04965037218554e-53], "nsamples": 561}, "all": {"pearson": {"mean": 0.6252033293907681, "wmean": 0.6602207328143935}, "spearman": {"mean": 0.6275843729976888, "wmean": 0.658977312569338}}}, "STS14": {"deft-forum": {"pearson": [0.4166706779657359, 2.51602311812182e-20], "spearman": [0.3929826747956695, 4.5439742294016166e-18], "nsamples": 450}, "deft-news": {"pearson": [0.7785344779440276, 3.0349220774971034e-62], "spearman": [0.752285575831329, 6.0653040348753725e-56], "nsamples": 300}, "headlines": {"pearson": [0.742921781952251, 1.5695707948277842e-132], "spearman": [0.7218818621334845, 1.0300632154661597e-121], "nsamples": 750}, "images": {"pearson": [0.7595441674968093, 7.425747554092083e-142], "spearman": [0.7541310284528421, 9.757797019636944e-139], "nsamples": 750}, "OnWN": {"pearson": [0.6959264145396417, 1.1321866589906733e-109], "spearman": [0.7375622122648497, 1.1223257157353403e-129], "nsamples": 750}, "tweet-news": {"pearson": [0.7634306735108429, 3.8032358111466563e-144], "spearman": [0.7377996243925242, 8.417197105180338e-130], "nsamples": 750}, "all": {"pearson": {"mean": 0.6928380322348847, "wmean": 0.7046478470913196}, "spearman": {"mean": 0.6827738296451166, "wmean": 0.6976157124907268}}}, "STS15": {"answers-forums": {"pearson": [0.6406855336996647, 1.0133547456363906e-44], "spearman": [0.6257292733257758, 3.778188115095733e-42], "nsamples": 375}, "answers-students": {"pearson": [0.7871346934286925, 3.8591527196911045e-159], "spearman": [0.7913323553101479, 5.373293287540765e-162], "nsamples": 750}, "belief": {"pearson": [0.7475330631409837, 2.9156348832051042e-68], "spearman": [0.7428176007477243, 5.590553838698165e-67], "nsamples": 375}, "headlines": {"pearson": [0.7884882627904939, 4.70532008222868e-160], "spearman": [0.7921525448188466, 1.4603411917528441e-162], "nsamples": 750}, "images": {"pearson": [0.8134666486154726, 3.1602216336449454e-178], "spearman": [0.8240586671331307, 8.80462999979315e-187], "nsamples": 750}, "all": {"pearson": {"mean": 0.7554616403350615, "wmean": 0.7707997258137457}, "spearman": {"mean": 0.7552180882671251, "wmean": 0.7729542510747187}}}, "STS16": {"answer-answer": {"pearson": [0.6726554653607049, 8.143876444171605e-35], "spearman": [0.653221329141171, 2.75287325061858e-32], "nsamples": 254}, "headlines": {"pearson": [0.7941839229224301, 2.352222430574281e-55], "spearman": [0.8003664208002007, 8.256773991819887e-57], "nsamples": 249}, "plagiarism": {"pearson": [0.8147671912748219, 6.853914255148258e-56], "spearman": [0.8343246760075361, 6.79236528268212e-61], "nsamples": 230}, "postediting": {"pearson": [0.8637233453687823, 5.672273803533194e-74], "spearman": [0.8586868424070465, 3.3202058871080417e-72], "nsamples": 244}, "question-question": {"pearson": [0.5029525167158313, 8.452451057311322e-15], "spearman": [0.46849971328881646, 8.446511786606545e-13], "nsamples": 209}, "all": {"pearson": {"mean": 0.7296564883285142, "wmean": 0.7351334833609653}, "spearman": {"mean": 0.7230197963289542, "wmean": 0.7289546049641844}}}}