{"MR": {"devacc": 75.56, "acc": 76.15, "ndev": 10662, "ntest": 10662}, "CR": {"devacc": 85.53, "acc": 84.74, "ndev": 3775, "ntest": 3775}, "SUBJ": {"devacc": 92.12, "acc": 91.61, "ndev": 10000, "ntest": 10000}, "MPQA": {"devacc": 88.87, "acc": 88.85, "ndev": 10606, "ntest": 10606}, "SST5": {"devacc": 42.69, "acc": 42.08, "ndev": 1101, "ntest": 2210}, "TREC": {"devacc": 83.82, "acc": 90.8, "ndev": 5452, "ntest": 500}, "MRPC": {"devacc": 75.24, "acc": 61.91, "f1": 63.36, "ndev": 4076, "ntest": 1725}, "STS12": {"MSRpar": {"pearson": [0.6507767255689834, 1.5369326653812032e-91], "spearman": [0.6395194676411702, 1.7216970702827197e-87], "nsamples": 750}, "MSRvid": {"pearson": [0.7184423606824569, 4.8592099596852954e-120], "spearman": [0.7227144640800439, 4.0170054009903364e-122], "nsamples": 750}, "SMTeuroparl": {"pearson": [0.5579845503805586, 6.400149540823026e-39], "spearman": [0.6012686098305942, 1.8474195030668934e-46], "nsamples": 459}, "surprise.OnWN": {"pearson": [0.6744534877203101, 1.2050790641604853e-100], "spearman": [0.7138547873422022, 7.591159124816188e-118], "nsamples": 750}, "surprise.SMTnews": {"pearson": [0.6559409851919091, 1.9320553991655414e-50], "spearman": [0.6062778900014939, 2.081267213242318e-41], "nsamples": 399}, "all": {"pearson": {"mean": 0.6515196219088437, "wmean": 0.6597779254166865}, "spearman": {"mean": 0.6567270437791008, "wmean": 0.6676170235908625}}}, "STS13": {"FNWN": {"pearson": [0.6023683992824674, 4.768428030868326e-20], "spearman": [0.6154318954875614, 4.390927713781361e-21], "nsamples": 189}, "headlines": {"pearson": [0.7639709588541961, 1.812281438530624e-144], "spearman": [0.7563514621310099, 5.248397032703161e-140], "nsamples": 750}, "OnWN": {"pearson": [0.6145226406389466, 1.4902463488577388e-59], "spearman": [0.6206254120515137, 4.896148907739319e-61], "nsamples": 561}, "all": {"pearson": {"mean": 0.6602873329252034, "wmean": 0.6877153653356549}, "spearman": {"mean": 0.6641362565566951, "wmean": 0.6878340540042037}}}, "STS14": {"deft-forum": {"pearson": [0.38519316851339874, 2.2950285030034126e-17], "spearman": [0.3713563560683857, 3.6704319373204406e-16], "nsamples": 450}, "deft-news": {"pearson": [0.7984269186800522, 1.2614994321395043e-67], "spearman": [0.7811546567674805, 6.394590919739165e-63], "nsamples": 300}, "headlines": {"pearson": [0.7622454790110768, 1.9201421290002413e-143], "spearman": [0.740027092451872, 5.574084286887585e-131], "nsamples": 750}, "images": {"pearson": [0.7633666496666062, 4.151876988228604e-144], "spearman": [0.7588064806763302, 1.9979664091179401e-141], "nsamples": 750}, "OnWN": {"pearson": [0.7060399314950132, 3.30545437153057e-114], "spearman": [0.7491730601768463, 5.959548564302774e-136], "nsamples": 750}, "tweet-news": {"pearson": [0.7870382994079196, 4.4804358574929255e-159], "spearman": [0.7472777752556673, 6.651518616586087e-135], "nsamples": 750}, "all": {"pearson": {"mean": 0.7003850744623444, "wmean": 0.7138354056321351}, "spearman": {"mean": 0.6912992368994303, "wmean": 0.7061120169817479}}}, "STS15": {"answers-forums": {"pearson": [0.6680307069848802, 8.229763133120058e-50], "spearman": [0.6596603962965032, 3.3903869815948806e-48], "nsamples": 375}, "answers-students": {"pearson": [0.7926771218257341, 6.327703974370564e-163], "spearman": [0.8004591218931912, 1.9339486107360258e-168], "nsamples": 750}, "belief": {"pearson": [0.7642084206143058, 4.896014027470137e-73], "spearman": [0.7615524437043398, 2.9961012574780595e-72], "nsamples": 375}, "headlines": {"pearson": [0.7958313877080071, 3.934454333152029e-165], "spearman": [0.7981865898215924, 8.354424412075999e-167], "nsamples": 750}, "images": {"pearson": [0.8205014759387165, 7.598033210928185e-184], "spearman": [0.8295984913703052, 1.7292024985800026e-191], "nsamples": 750}, "all": {"pearson": {"mean": 0.7682498226143288, "wmean": 0.7812823873180128}, "spearman": {"mean": 0.7698914086171864, "wmean": 0.7847126557713776}}}, "STS16": {"answer-answer": {"pearson": [0.710746548419698, 2.2383450126677156e-40], "spearman": [0.7032697352817519, 3.2453485282030516e-39], "nsamples": 254}, "headlines": {"pearson": [0.811618069582735, 1.3598102491681552e-59], "spearman": [0.8213235920734661, 3.7836379499925387e-62], "nsamples": 249}, "plagiarism": {"pearson": [0.8207164706368154, 2.3912354949732677e-57], "spearman": [0.843907564935029, 1.365324692430382e-63], "nsamples": 230}, "postediting": {"pearson": [0.862961228754881, 1.0609730277602799e-73], "spearman": [0.8601754943162169, 1.0138548216732859e-72], "nsamples": 244}, "question-question": {"pearson": [0.5080973569278481, 4.061031026435848e-15], "spearman": [0.4771987783546767, 2.771496085718311e-13], "nsamples": 209}, "all": {"pearson": {"mean": 0.7428279348643955, "wmean": 0.7488551418931562}, "spearman": {"mean": 0.7411750329922281, "wmean": 0.7477708199091054}}}}