{"MR": {"devacc": 75.5, "acc": 76.24, "ndev": 10662, "ntest": 10662}, "CR": {"devacc": 84.83, "acc": 84.29, "ndev": 3775, "ntest": 3775}, "SUBJ": {"devacc": 92.0, "acc": 91.53, "ndev": 10000, "ntest": 10000}, "MPQA": {"devacc": 88.53, "acc": 88.36, "ndev": 10606, "ntest": 10606}, "SST5": {"devacc": 43.23, "acc": 43.62, "ndev": 1101, "ntest": 2210}, "TREC": {"devacc": 80.1, "acc": 89.2, "ndev": 5452, "ntest": 500}, "MRPC": {"devacc": 74.21, "acc": 71.25, "f1": 76.6, "ndev": 4076, "ntest": 1725}, "STS12": {"MSRpar": {"pearson": [0.6690285566460266, 1.7449889081686936e-98], "spearman": [0.6527586388230919, 2.8563163688773348e-92], "nsamples": 750}, "MSRvid": {"pearson": [0.7336978276692977, 1.1615190916219543e-127], "spearman": [0.7391049619593357, 1.7207660383244708e-130], "nsamples": 750}, "SMTeuroparl": {"pearson": [0.5664953881796947, 2.5759524521032604e-40], "spearman": [0.6082119342022424, 8.86608587262503e-48], "nsamples": 459}, "surprise.OnWN": {"pearson": [0.6708686205920733, 3.266161495622895e-99], "spearman": [0.7094131664713773, 9.191125283054251e-116], "nsamples": 750}, "surprise.SMTnews": {"pearson": [0.6713366104122541, 1.3407341963172756e-53], "spearman": [0.6356284613685239, 1.5151455266544058e-46], "nsamples": 399}, "all": {"pearson": {"mean": 0.6622854006998693, "wmean": 0.6702319640957264}, "spearman": {"mean": 0.6690234325649143, "wmean": 0.678488613039004}}}, "STS13": {"FNWN": {"pearson": [0.5868769386658553, 7.02818157223542e-19], "spearman": [0.5696196697281422, 1.1944650360182914e-17], "nsamples": 189}, "headlines": {"pearson": [0.7629904909601354, 6.946999974971087e-144], "spearman": [0.7560371931839251, 7.952615240467015e-140], "nsamples": 750}, "OnWN": {"pearson": [0.5913418985510783, 3.3329010760035946e-54], "spearman": [0.597975497836662, 1.0874370669266368e-55], "nsamples": 561}, "all": {"pearson": {"mean": 0.647069776059023, "wmean": 0.6766036098100687}, "spearman": {"mean": 0.6412107869162431, "wmean": 0.67343351116862}}}, "STS14": {"deft-forum": {"pearson": [0.3881834270045532, 1.2387814034811224e-17], "spearman": [0.37874365679977917, 8.493892878351101e-17], "nsamples": 450}, "deft-news": {"pearson": [0.7906840883993239, 1.8406127136777354e-65], "spearman": [0.7739161377367288, 4.487497909501219e-61], "nsamples": 300}, "headlines": {"pearson": [0.75690639086406, 2.5157107553127084e-140], "spearman": [0.7352853583942655, 1.7441077427155059e-128], "nsamples": 750}, "images": {"pearson": [0.7606527985580513, 1.666529675613329e-142], "spearman": [0.7575310997014848, 1.0967399179318336e-140], "nsamples": 750}, "OnWN": {"pearson": [0.7074840231938619, 7.176049624158468e-115], "spearman": [0.7512793424480113, 3.9788762429935136e-137], "nsamples": 750}, "tweet-news": {"pearson": [0.7713542309452639, 5.894528023739692e-149], "spearman": [0.736008555901033, 7.319364582589692e-129], "nsamples": 750}, "all": {"pearson": {"mean": 0.6958774931608523, "wmean": 0.7091162270247398}, "spearman": {"mean": 0.6887940251635505, "wmean": 0.7033834011238708}}}, "STS15": {"answers-forums": {"pearson": [0.6563955351330588, 1.400147337160516e-47], "spearman": [0.6474370883892685, 6.2731486844273594e-46], "nsamples": 375}, "answers-students": {"pearson": [0.7938724641315302, 9.325397847375296e-164], "spearman": [0.7998897785306562, 4.990765186418568e-168], "nsamples": 750}, "belief": {"pearson": [0.7827900114621221, 7.58032138020019e-79], "spearman": [0.7842780061581173, 2.45286454146095e-79], "nsamples": 375}, "headlines": {"pearson": [0.7930026556540857, 3.7611671103361547e-163], "spearman": [0.7945631579369341, 3.0665171014990702e-164], "nsamples": 750}, "images": {"pearson": [0.8206030208725282, 6.277611874595554e-184], "spearman": [0.8294114955807288, 2.508924761381155e-191], "nsamples": 750}, "all": {"pearson": {"mean": 0.7693327374506651, "wmean": 0.7817677284889337}, "spearman": {"mean": 0.7711159053191409, "wmean": 0.784930494830503}}}, "STS16": {"answer-answer": {"pearson": [0.6967132034006843, 3.163483184404307e-38], "spearman": [0.6873182023125507, 7.4389297519560035e-37], "nsamples": 254}, "headlines": {"pearson": [0.8005245622898383, 7.567146421899224e-57], "spearman": [0.8102811767667703, 2.977701381577298e-59], "nsamples": 249}, "plagiarism": {"pearson": [0.8228919716275819, 6.79460960233265e-58], "spearman": [0.8478047102951051, 9.682667036464193e-65], "nsamples": 230}, "postediting": {"pearson": [0.8669645708842869, 3.7888422517430257e-75], "spearman": [0.8635821233009703, 6.3719712361328854e-74], "nsamples": 244}, "question-question": {"pearson": [0.46333298546168034, 1.6132971378439011e-12], "spearman": [0.433456915553904, 5.537856571148658e-11], "nsamples": 209}, "all": {"pearson": {"mean": 0.7300854587328143, "wmean": 0.7368776327196834}, "spearman": {"mean": 0.72848862564586, "wmean": 0.7357845305281538}}}}