{"MR": {"devacc": 75.09, "acc": 75.94, "ndev": 10662, "ntest": 10662}, "CR": {"devacc": 84.76, "acc": 84.5, "ndev": 3775, "ntest": 3775}, "SUBJ": {"devacc": 91.46, "acc": 90.81, "ndev": 10000, "ntest": 10000}, "MPQA": {"devacc": 88.32, "acc": 88.01, "ndev": 10606, "ntest": 10606}, "SST5": {"devacc": 40.78, "acc": 42.49, "ndev": 1101, "ntest": 2210}, "TREC": {"devacc": 78.34, "acc": 85.2, "ndev": 5452, "ntest": 500}, "MRPC": {"devacc": 74.66, "acc": 72.0, "f1": 79.01, "ndev": 4076, "ntest": 1725}, "STS12": {"MSRpar": {"pearson": [0.6562069624703966, 1.48255367696436e-93], "spearman": [0.6464215529661481, 5.936882634422688e-90], "nsamples": 750}, "MSRvid": {"pearson": [0.7324843666925197, 4.903008769294609e-127], "spearman": [0.7371743367895776, 1.7946004838585898e-129], "nsamples": 750}, "SMTeuroparl": {"pearson": [0.5426947629593902, 1.6369791747086935e-36], "spearman": [0.5844519693395672, 2.1404772201264345e-43], "nsamples": 459}, "surprise.OnWN": {"pearson": [0.6624159949116843, 6.522934985432025e-96], "spearman": [0.7002603444100287, 1.3617153944836588e-111], "nsamples": 750}, "surprise.SMTnews": {"pearson": [0.6670159008345173, 1.0786739926456676e-52], "spearman": [0.6033118081299211, 6.428353930186812e-41], "nsamples": 399}, "all": {"pearson": {"mean": 0.6521635975737017, "wmean": 0.6607357572996406}, "spearman": {"mean": 0.6543240023270485, "wmean": 0.6666271045672508}}}, "STS13": {"FNWN": {"pearson": [0.613876220569856, 5.867255032297762e-21], "spearman": [0.6136999383712799, 6.062546569880707e-21], "nsamples": 189}, "headlines": {"pearson": [0.756885540315975, 2.586282339356025e-140], "spearman": [0.7483684105987015, 1.664059348634801e-135], "nsamples": 750}, "OnWN": {"pearson": [0.5831504572867761, 2.0485406539348173e-52], "spearman": [0.5826820815450168, 2.583364861702514e-52], "nsamples": 561}, "all": {"pearson": {"mean": 0.6513040727242024, "wmean": 0.6738894449750437}, "spearman": {"mean": 0.6482501435049994, "wmean": 0.6694334960319682}}}, "STS14": {"deft-forum": {"pearson": [0.39652649603186274, 2.1439427219640257e-18], "spearman": [0.3842511144909712, 2.783475284031199e-17], "nsamples": 450}, "deft-news": {"pearson": [0.7740799034351643, 4.0831649470997815e-61], "spearman": [0.7596859331296594, 1.2266426913608625e-57], "nsamples": 300}, "headlines": {"pearson": [0.7535314689276447, 2.136822094805349e-138], "spearman": [0.7313200598515359, 1.937975485081054e-126], "nsamples": 750}, "images": {"pearson": [0.7555673567593454, 1.4785055035402698e-139], "spearman": [0.751120234676615, 4.886141794369234e-137], "nsamples": 750}, "OnWN": {"pearson": [0.7040129283619332, 2.776776086063256e-113], "spearman": [0.7431720755285152, 1.1501181264679858e-132], "nsamples": 750}, "tweet-news": {"pearson": [0.7745096262954183, 6.318482255824112e-151], "spearman": [0.7426598978353934, 2.1722226958181085e-132], "nsamples": 750}, "all": {"pearson": {"mean": 0.6930379633018947, "wmean": 0.707033847867505}, "spearman": {"mean": 0.685368219252115, "wmean": 0.7005394619677012}}}, "STS15": {"answers-forums": {"pearson": [0.6506268198140285, 1.6440754920316874e-46], "spearman": [0.6406392523473334, 1.032617888146975e-44], "nsamples": 375}, "answers-students": {"pearson": [0.7837752814410117, 6.70038831646792e-157], "spearman": [0.7882921984747682, 6.388273760498487e-160], "nsamples": 750}, "belief": {"pearson": [0.7708385701392737, 4.784276146356385e-75], "spearman": [0.772798716697145, 1.1818013744636282e-75], "nsamples": 375}, "headlines": {"pearson": [0.7913233364210865, 5.450644009437061e-162], "spearman": [0.7927572699224713, 5.56750124589955e-163], "nsamples": 750}, "images": {"pearson": [0.8215650281038402, 1.0226930675364721e-184], "spearman": [0.8308004516823984, 1.563603115010723e-192], "nsamples": 750}, "all": {"pearson": {"mean": 0.7636258071838482, "wmean": 0.7768490852356474}, "spearman": {"mean": 0.7650575778248232, "wmean": 0.7796422261504693}}}, "STS16": {"answer-answer": {"pearson": [0.699611498211427, 1.1650375920764671e-38], "spearman": [0.6955147727166924, 4.764747062628014e-38], "nsamples": 254}, "headlines": {"pearson": [0.79884324410456, 1.9050565680973317e-56], "spearman": [0.8087926661214012, 7.074964258549908e-59], "nsamples": 249}, "plagiarism": {"pearson": [0.8118419036243383, 3.414912881689778e-55], "spearman": [0.8358499633496, 2.5969803920108015e-61], "nsamples": 230}, "postediting": {"pearson": [0.8615197440437206, 3.432562956239443e-73], "spearman": [0.8601847104792351, 1.006393304887217e-72], "nsamples": 244}, "question-question": {"pearson": [0.49067475870708754, 4.6285516412695615e-14], "spearman": [0.4552748741018447, 4.332245916431009e-12], "nsamples": 209}, "all": {"pearson": {"mean": 0.7324982297382266, "wmean": 0.7387004791549618}, "spearman": {"mean": 0.7311233973537548, "wmean": 0.7380549205302661}}}}