{"MR": {"devacc": 75.12, "acc": 74.97, "ndev": 10662, "ntest": 10662}, "CR": {"devacc": 85.07, "acc": 84.69, "ndev": 3775, "ntest": 3775}, "SUBJ": {"devacc": 91.15, "acc": 90.89, "ndev": 10000, "ntest": 10000}, "MPQA": {"devacc": 87.8, "acc": 88.09, "ndev": 10606, "ntest": 10606}, "SST5": {"devacc": 41.6, "acc": 42.94, "ndev": 1101, "ntest": 2210}, "TREC": {"devacc": 78.69, "acc": 83.4, "ndev": 5452, "ntest": 500}, "MRPC": {"devacc": 75.17, "acc": 68.23, "f1": 73.37, "ndev": 4076, "ntest": 1725}, "STS12": {"MSRpar": {"pearson": [0.6384166241923224, 4.203101106603731e-87], "spearman": [0.6361879010016456, 2.5238812781517272e-86], "nsamples": 750}, "MSRvid": {"pearson": [0.7156483213688214, 1.0661917561037433e-118], "spearman": [0.7205510889709068, 4.60704685623533e-121], "nsamples": 750}, "SMTeuroparl": {"pearson": [0.5351812607926795, 2.252727775837379e-35], "spearman": [0.5762203745313922, 5.837801632135728e-42], "nsamples": 459}, "surprise.OnWN": {"pearson": [0.6465073669473181, 5.527656147782079e-90], "spearman": [0.6861790074999913, 1.7733677004269267e-105], "nsamples": 750}, "surprise.SMTnews": {"pearson": [0.6408276456084505, 1.6278192910185467e-47], "spearman": [0.5938811659720138, 2.1465783394100313e-39], "nsamples": 399}, "all": {"pearson": {"mean": 0.6353162437819184, "wmean": 0.6440693898593817}, "spearman": {"mean": 0.64260390759519, "wmean": 0.6543218260093792}}}, "STS13": {"FNWN": {"pearson": [0.5839493752902742, 1.150028361374824e-18], "spearman": [0.5849890072862555, 9.6606718270701e-19], "nsamples": 189}, "headlines": {"pearson": [0.7587491272857049, 2.157460647128266e-141], "spearman": [0.7519123675904102, 1.754588405447301e-137], "nsamples": 750}, "OnWN": {"pearson": [0.5434493167953456, 2.0037606589146332e-44], "spearman": [0.5481922778519934, 2.528873251663498e-45], "nsamples": 561}, "all": {"pearson": {"mean": 0.6287159397904415, "wmean": 0.6562022294108862}, "spearman": {"mean": 0.6283645509095531, "wmean": 0.6546887106299188}}}, "STS14": {"deft-forum": {"pearson": [0.38364615107709005, 3.149622940301812e-17], "spearman": [0.368350478875019, 6.587502887954161e-16], "nsamples": 450}, "deft-news": {"pearson": [0.7954683310297165, 8.685942629392113e-67], "spearman": [0.7746790927627334, 2.8884425236045987e-61], "nsamples": 300}, "headlines": {"pearson": [0.750616545171673, 9.352322116854816e-137], "spearman": [0.7324894774421923, 4.8734409213988175e-127], "nsamples": 750}, "images": {"pearson": [0.7444279292176124, 2.4032509511509967e-133], "spearman": [0.7406457279633801, 2.6096213881606903e-131], "nsamples": 750}, "OnWN": {"pearson": [0.6778370629270251, 5.1253636406749245e-102], "spearman": [0.7170427125540579, 2.2934798362841575e-119], "nsamples": 750}, "tweet-news": {"pearson": [0.7553356329945514, 2.006425393050465e-139], "spearman": [0.7250537554887662, 2.797769729899302e-123], "nsamples": 750}, "all": {"pearson": {"mean": 0.6845552754029446, "wmean": 0.6953184386738005}, "spearman": {"mean": 0.6763768741810248, "wmean": 0.6892227195757002}}}, "STS15": {"answers-forums": {"pearson": [0.6253856717203554, 4.312440935106924e-42], "spearman": [0.614433802864355, 2.683243542654643e-40], "nsamples": 375}, "answers-students": {"pearson": [0.7906582650881829, 1.5607711389725639e-161], "spearman": [0.7972494614717089, 3.8926030371133136e-166], "nsamples": 750}, "belief": {"pearson": [0.7493403829042113, 9.236598111417566e-69], "spearman": [0.7482716186741389, 1.8249168589664864e-68], "nsamples": 375}, "headlines": {"pearson": [0.7893201215149073, 1.2811338810928807e-160], "spearman": [0.7929449727649107, 4.124627453867561e-163], "nsamples": 750}, "images": {"pearson": [0.8139093214789755, 1.423001426996838e-178], "spearman": [0.8236228074194841, 2.0323778243548083e-186], "nsamples": 750}, "all": {"pearson": {"mean": 0.7537227525413266, "wmean": 0.7703126838485873}, "spearman": {"mean": 0.7553045326389195, "wmean": 0.7737924881063377}}}, "STS16": {"answer-answer": {"pearson": [0.6923372337019801, 1.3978043257569025e-37], "spearman": [0.6805151549722348, 6.799709829190302e-36], "nsamples": 254}, "headlines": {"pearson": [0.793828217236726, 2.8421849805541646e-55], "spearman": [0.8003025599215751, 8.552572883438932e-57], "nsamples": 249}, "plagiarism": {"pearson": [0.8128574289811735, 1.9617761080454725e-55], "spearman": [0.8465006520135422, 2.366516027373704e-64], "nsamples": 230}, "postediting": {"pearson": [0.8605131956230047, 7.731717866473557e-73], "spearman": [0.8601277378351222, 1.0534053837010092e-72], "nsamples": 244}, "question-question": {"pearson": [0.48153764001310434, 1.5709581051318115e-13], "spearman": [0.4441403228554505, 1.6266519233223812e-11], "nsamples": 209}, "all": {"pearson": {"mean": 0.7282147431111976, "wmean": 0.734469374884207}, "spearman": {"mean": 0.726317285519585, "wmean": 0.7331516292201463}}}}