{"MR": {"devacc": 75.31, "acc": 74.83, "ndev": 10662, "ntest": 10662}, "CR": {"devacc": 85.02, "acc": 83.47, "ndev": 3775, "ntest": 3775}, "SUBJ": {"devacc": 91.97, "acc": 91.65, "ndev": 10000, "ntest": 10000}, "MPQA": {"devacc": 88.54, "acc": 87.5, "ndev": 10606, "ntest": 10606}, "SST5": {"devacc": 41.69, "acc": 41.31, "ndev": 1101, "ntest": 2210}, "TREC": {"devacc": 81.03, "acc": 86.0, "ndev": 5452, "ntest": 500}, "MRPC": {"devacc": 74.51, "acc": 72.64, "f1": 81.42, "ndev": 4076, "ntest": 1725}, "STS12": {"MSRpar": {"pearson": [0.6500355718566518, 2.874456554216931e-91], "spearman": [0.642618267491166, 1.374918778626751e-88], "nsamples": 750}, "MSRvid": {"pearson": [0.715050452839595, 2.0546492595707657e-118], "spearman": [0.7191779879310747, 2.1414730686139702e-120], "nsamples": 750}, "SMTeuroparl": {"pearson": [0.5535507827580503, 3.2904417287245513e-38], "spearman": [0.6096564252513627, 4.669334466755005e-48], "nsamples": 459}, "surprise.OnWN": {"pearson": [0.6716462801154126, 1.602832094941979e-99], "spearman": [0.7130098308737666, 1.9038901073717334e-117], "nsamples": 750}, "surprise.SMTnews": {"pearson": [0.6469271513907593, 1.124218237391515e-48], "spearman": [0.6036438141065218, 5.669341014520336e-41], "nsamples": 399}, "all": {"pearson": {"mean": 0.6474420477920938, "wmean": 0.656291174806822}, "spearman": {"mean": 0.6576212651307783, "wmean": 0.6682080906502198}}}, "STS13": {"FNWN": {"pearson": [0.5746681491306158, 5.3053440048573755e-18], "spearman": [0.5708215268011173, 9.858540288193825e-18], "nsamples": 189}, "headlines": {"pearson": [0.7644329489586077, 9.599823749356194e-145], "spearman": [0.7585667128616724, 2.7540163229183525e-141], "nsamples": 750}, "OnWN": {"pearson": [0.5505629237034034, 8.875923451816791e-46], "spearman": [0.5557681282643488, 8.648430815562354e-47], "nsamples": 561}, "all": {"pearson": {"mean": 0.629888007264209, "wmean": 0.6605351947348344}, "spearman": {"mean": 0.6283854559757129, "wmean": 0.6590641487786434}}}, "STS14": {"deft-forum": {"pearson": [0.3904489386009505, 7.731705100580346e-18], "spearman": [0.3690022026102789, 5.805959082249224e-16], "nsamples": 450}, "deft-news": {"pearson": [0.7958068731937135, 6.976494751624275e-67], "spearman": [0.774592759649695, 3.036356887929526e-61], "nsamples": 300}, "headlines": {"pearson": [0.7561005803143078, 7.313565452561723e-140], "spearman": [0.7351426364001302, 2.0694108289911647e-128], "nsamples": 750}, "images": {"pearson": [0.7609715404132311, 1.0828918355844599e-142], "spearman": [0.7603547594203826, 2.4923839693478898e-142], "nsamples": 750}, "OnWN": {"pearson": [0.6888761044081974, 1.272675317760904e-106], "spearman": [0.7326158056816279, 4.196456584319855e-127], "nsamples": 750}, "tweet-news": {"pearson": [0.7744742933709323, 6.650395852262731e-151], "spearman": [0.740313070743915, 3.9257929225768616e-131], "nsamples": 750}, "all": {"pearson": {"mean": 0.6944463883835553, "wmean": 0.7066029261889449}, "spearman": {"mean": 0.6853368724176717, "wmean": 0.6999329395344202}}}, "STS15": {"answers-forums": {"pearson": [0.6765015892995337, 1.6852349577137997e-51], "spearman": [0.6795089442480646, 4.106107917553743e-52], "nsamples": 375}, "answers-students": {"pearson": [0.7820282687325164, 9.440084985158721e-156], "spearman": [0.7853862293243453, 5.71707971582764e-158], "nsamples": 750}, "belief": {"pearson": [0.773544986686912, 6.914150117517628e-76], "spearman": [0.7753863537195624, 1.8258831913631664e-76], "nsamples": 375}, "headlines": {"pearson": [0.8029513972392321, 2.939653611775337e-170], "spearman": [0.8069529397028192, 3.1177348637060993e-173], "nsamples": 750}, "images": {"pearson": [0.8249777372541901, 1.4974561279488317e-187], "spearman": [0.834087243093895, 1.983780953610715e-195], "nsamples": 750}, "all": {"pearson": {"mean": 0.7720007958424768, "wmean": 0.7837451728047904}, "spearman": {"mean": 0.7762643420177373, "wmean": 0.7884685152762183}}}, "STS16": {"answer-answer": {"pearson": [0.7071079363268226, 8.311349475027741e-40], "spearman": [0.6999246182452702, 1.045102538107621e-38], "nsamples": 254}, "headlines": {"pearson": [0.7983454931137813, 2.4996871165830554e-56], "spearman": [0.8062973609346459, 2.967795897770352e-58], "nsamples": 249}, "plagiarism": {"pearson": [0.8184033564580416, 8.944987182763471e-57], "spearman": [0.8379113015573776, 6.971257272609301e-62], "nsamples": 230}, "postediting": {"pearson": [0.8689640172214249, 6.886194766383825e-76], "spearman": [0.8658149482503965, 9.973868655255121e-75], "nsamples": 244}, "question-question": {"pearson": [0.48823208882483976, 6.439813832901006e-14], "spearman": [0.4534304825310187, 5.411709590293056e-12], "nsamples": 209}, "all": {"pearson": {"mean": 0.7362105783889821, "wmean": 0.742574993561647}, "spearman": {"mean": 0.7326757423037418, "wmean": 0.7397085273923287}}}}