{"MR": {"devacc": 74.03, "acc": 73.4, "ndev": 10662, "ntest": 10662}, "CR": {"devacc": 84.01, "acc": 82.22, "ndev": 3775, "ntest": 3775}, "SUBJ": {"devacc": 90.48, "acc": 89.28, "ndev": 10000, "ntest": 10000}, "MPQA": {"devacc": 87.4, "acc": 87.35, "ndev": 10606, "ntest": 10606}, "SST5": {"devacc": 41.69, "acc": 41.0, "ndev": 1101, "ntest": 2210}, "TREC": {"devacc": 75.26, "acc": 84.0, "ndev": 5452, "ntest": 500}, "MRPC": {"devacc": 73.5, "acc": 74.43, "f1": 81.37, "ndev": 4076, "ntest": 1725}, "STS12": {"MSRpar": {"pearson": [0.6242166543224839, 2.9928359037407235e-82], "spearman": [0.6190868927589182, 1.4726424792426534e-80], "nsamples": 750}, "MSRvid": {"pearson": [0.7171684048309528, 1.995912799928056e-119], "spearman": [0.7235568984074827, 1.5437709266646652e-122], "nsamples": 750}, "SMTeuroparl": {"pearson": [0.5605668034484417, 2.4384578933238902e-39], "spearman": [0.5980243206823851, 7.443803629295738e-46], "nsamples": 459}, "surprise.OnWN": {"pearson": [0.6604256613882389, 3.766890948580947e-95], "spearman": [0.7020811811700779, 2.0754519995756402e-112], "nsamples": 750}, "surprise.SMTnews": {"pearson": [0.6093714741993304, 6.338491159860283e-42], "spearman": [0.5758480478188018, 1.2864836611417383e-36], "nsamples": 399}, "all": {"pearson": {"mean": 0.6343497996378895, "wmean": 0.6440789644126848}, "spearman": {"mean": 0.6437194681675331, "wmean": 0.655662890452148}}}, "STS13": {"FNWN": {"pearson": [0.5644612095649767, 2.6986035433319324e-17], "spearman": [0.5690049921021018, 1.3172750613822916e-17], "nsamples": 189}, "headlines": {"pearson": [0.7543350672511295, 7.469280550817868e-139], "spearman": [0.7465081668627014, 1.7607124555630045e-134], "nsamples": 750}, "OnWN": {"pearson": [0.601638388318003, 1.5873600309659842e-56], "spearman": [0.6085179065337526, 3.994620708564385e-58], "nsamples": 561}, "all": {"pearson": {"mean": 0.6401448883780364, "wmean": 0.673302403261685}, "spearman": {"mean": 0.6413436884995186, "wmean": 0.672534409479839}}}, "STS14": {"deft-forum": {"pearson": [0.3629713611988196, 1.847892712600022e-15], "spearman": [0.3465888352075738, 3.8007579012919845e-14], "nsamples": 450}, "deft-news": {"pearson": [0.781010407844298, 6.970916300648206e-63], "spearman": [0.753236519069605, 3.7027743051425857e-56], "nsamples": 300}, "headlines": {"pearson": [0.7485223091391556, 1.3677479565649101e-135], "spearman": [0.7282991941141121, 6.629923844546236e-125], "nsamples": 750}, "images": {"pearson": [0.7405960195732102, 2.773932728093315e-131], "spearman": [0.7398656891442602, 6.792208960368616e-131], "nsamples": 750}, "OnWN": {"pearson": [0.6971877738857073, 3.152961130491732e-110], "spearman": [0.7386034138784972, 3.1704146584952614e-130], "nsamples": 750}, "tweet-news": {"pearson": [0.7620493112703441, 2.5079738935930533e-143], "spearman": [0.7255578555488986, 1.5699863552814356e-123], "nsamples": 750}, "all": {"pearson": {"mean": 0.6820561971519224, "wmean": 0.6957084787450857}, "spearman": {"mean": 0.6720252511604912, "wmean": 0.6883148122876308}}}, "STS15": {"answers-forums": {"pearson": [0.6551673863643795, 2.376228046386545e-47], "spearman": [0.6591988915824172, 4.1474466634051735e-48], "nsamples": 375}, "answers-students": {"pearson": [0.7794728070674954, 4.329929910726473e-154], "spearman": [0.7839745970175694, 4.947035227720973e-157], "nsamples": 750}, "belief": {"pearson": [0.737881239167697, 1.1494470466584928e-65], "spearman": [0.7282736265560912, 3.410291913556321e-63], "nsamples": 375}, "headlines": {"pearson": [0.7857327885037259, 3.357456422935448e-158], "spearman": [0.7881520545946997, 7.947241084313155e-160], "nsamples": 750}, "images": {"pearson": [0.7997536933296531, 6.257201957960849e-168], "spearman": [0.8091496942446013, 6.778041488268344e-175], "nsamples": 750}, "all": {"pearson": {"mean": 0.7516015828865902, "wmean": 0.7653709004167281}, "spearman": {"mean": 0.7537497727990757, "wmean": 0.768753151231531}}}, "STS16": {"answer-answer": {"pearson": [0.673478113773913, 6.302651420575315e-35], "spearman": [0.6700195964528718, 1.8410747283230114e-34], "nsamples": 254}, "headlines": {"pearson": [0.7854489844812962, 2.2069532367739534e-53], "spearman": [0.7910538805463494, 1.2276220224756964e-54], "nsamples": 249}, "plagiarism": {"pearson": [0.7954008252047914, 1.7308714409247165e-51], "spearman": [0.8172526760169582, 1.7122584095207548e-56], "nsamples": 230}, "postediting": {"pearson": [0.8623965408926593, 1.6832475051791835e-73], "spearman": [0.8574979571321628, 8.479961332515837e-72], "nsamples": 244}, "question-question": {"pearson": [0.4971639983958726, 1.9003085525405102e-14], "spearman": [0.466018340136543, 1.1540831584866276e-12], "nsamples": 209}, "all": {"pearson": {"mean": 0.7227776925497065, "wmean": 0.7284270315970193}, "spearman": {"mean": 0.7203684900569771, "wmean": 0.726604421473656}}}}