{"MR": {"devacc": 75.5, "acc": 74.92, "ndev": 10662, "ntest": 10662}, "CR": {"devacc": 84.19, "acc": 84.64, "ndev": 3775, "ntest": 3775}, "SUBJ": {"devacc": 91.82, "acc": 91.35, "ndev": 10000, "ntest": 10000}, "MPQA": {"devacc": 88.25, "acc": 87.8, "ndev": 10606, "ntest": 10606}, "SST5": {"devacc": 41.42, "acc": 41.22, "ndev": 1101, "ntest": 2210}, "TREC": {"devacc": 79.04, "acc": 82.6, "ndev": 5452, "ntest": 500}, "MRPC": {"devacc": 74.17, "acc": 67.07, "f1": 71.46, "ndev": 4076, "ntest": 1725}, "STS12": {"MSRpar": {"pearson": [0.6507868500943597, 1.523825579149316e-91], "spearman": [0.6447016595403847, 2.4723546593835644e-89], "nsamples": 750}, "MSRvid": {"pearson": [0.7150984747120833, 1.949310374367533e-118], "spearman": [0.7199506384079002, 9.030631847980976e-121], "nsamples": 750}, "SMTeuroparl": {"pearson": [0.5432917320660782, 1.3253721144422115e-36], "spearman": [0.5850667283647776, 1.6658550522172094e-43], "nsamples": 459}, "surprise.OnWN": {"pearson": [0.6603424200233525, 4.05233909121882e-95], "spearman": [0.7029496755260515, 8.418587098890492e-113], "nsamples": 750}, "surprise.SMTnews": {"pearson": [0.6521610377490173, 1.0800219829182525e-49], "spearman": [0.6199159129463718, 9.967478248530758e-44], "nsamples": 399}, "all": {"pearson": {"mean": 0.6443361029289781, "wmean": 0.6529131170214075}, "spearman": {"mean": 0.6545169229570972, "wmean": 0.664927142114153}}}, "STS13": {"FNWN": {"pearson": [0.5992705488946163, 8.262298794519929e-20], "spearman": [0.6034017427400568, 3.964297928358871e-20], "nsamples": 189}, "headlines": {"pearson": [0.759579376783552, 7.082473801091074e-142], "spearman": [0.7551256948157619, 2.6450167954296416e-139], "nsamples": 750}, "OnWN": {"pearson": [0.6201207938353599, 6.512592317782764e-61], "spearman": [0.6184800452996734, 1.6407827407535513e-60], "nsamples": 561}, "all": {"pearson": {"mean": 0.6596569065045094, "wmean": 0.6872229544469222}, "spearman": {"mean": 0.659002494285164, "wmean": 0.6849030039352059}}}, "STS14": {"deft-forum": {"pearson": [0.39088690693654643, 7.055308462121843e-18], "spearman": [0.3751241606792041, 1.74808211340297e-16], "nsamples": 450}, "deft-news": {"pearson": [0.7792249819287935, 2.0174922831513857e-62], "spearman": [0.758514976588832, 2.2953348297114307e-57], "nsamples": 300}, "headlines": {"pearson": [0.7515646193548349, 2.751989675426058e-137], "spearman": [0.7311054083897194, 2.494872474373566e-126], "nsamples": 750}, "images": {"pearson": [0.7582305787052606, 4.316069862072315e-141], "spearman": [0.7555991817372429, 1.417751184211094e-139], "nsamples": 750}, "OnWN": {"pearson": [0.7206671859063687, 4.044070501232885e-121], "spearman": [0.7613322119359074, 6.64313484580934e-143], "nsamples": 750}, "tweet-news": {"pearson": [0.7709373143588192, 1.0674550188291396e-148], "spearman": [0.740250363911053, 4.2396286047872166e-131], "nsamples": 750}, "all": {"pearson": {"mean": 0.6952519311984372, "wmean": 0.7095243670517457}, "spearman": {"mean": 0.6869877172069931, "wmean": 0.7033535306033957}}}, "STS15": {"answers-forums": {"pearson": [0.679823526643524, 3.53882874315025e-52], "spearman": [0.6779481209571863, 8.562710561130945e-52], "nsamples": 375}, "answers-students": {"pearson": [0.7840852497920787, 4.179640119761913e-157], "spearman": [0.7890350726395912, 2.002103393508009e-160], "nsamples": 750}, "belief": {"pearson": [0.7587611563821771, 1.9603354088363435e-71], "spearman": [0.7691367354779454, 1.5928413440790159e-74], "nsamples": 375}, "headlines": {"pearson": [0.7871460463440798, 3.7918794002626917e-159], "spearman": [0.7895720639603463, 8.629205790600235e-161], "nsamples": 750}, "images": {"pearson": [0.8161966890803296, 2.227522411569897e-180], "spearman": [0.825568065602248, 4.773173652565215e-188], "nsamples": 750}, "all": {"pearson": {"mean": 0.7652025336484378, "wmean": 0.7766800816823346}, "spearman": {"mean": 0.7702520117274635, "wmean": 0.7819294076049379}}}, "STS16": {"answer-answer": {"pearson": [0.704844827273664, 1.8605551162239017e-39], "spearman": [0.6924736830426278, 1.3350566058831728e-37], "nsamples": 254}, "headlines": {"pearson": [0.798318445247174, 2.5368050514110586e-56], "spearman": [0.8062982251913732, 2.9663331415169843e-58], "nsamples": 249}, "plagiarism": {"pearson": [0.8163792030820701, 2.7944794023404694e-56], "spearman": [0.8462303299483005, 2.845186333562771e-64], "nsamples": 230}, "postediting": {"pearson": [0.8664824589955383, 5.692013898237003e-75], "spearman": [0.8644392264616692, 3.139091411280546e-74], "nsamples": 244}, "question-question": {"pearson": [0.500759471369355, 1.15097010617686e-14], "spearman": [0.4756619547976348, 3.382296343401346e-13], "nsamples": 209}, "all": {"pearson": {"mean": 0.7373568811935604, "wmean": 0.7433891612260031}, "spearman": {"mean": 0.7370206838883211, "wmean": 0.7433609352975897}}}}