{"MR": {"devacc": 75.16, "acc": 75.94, "ndev": 10662, "ntest": 10662}, "CR": {"devacc": 84.88, "acc": 83.84, "ndev": 3775, "ntest": 3775}, "SUBJ": {"devacc": 91.75, "acc": 91.67, "ndev": 10000, "ntest": 10000}, "MPQA": {"devacc": 88.23, "acc": 87.41, "ndev": 10606, "ntest": 10606}, "SST5": {"devacc": 44.14, "acc": 42.9, "ndev": 1101, "ntest": 2210}, "TREC": {"devacc": 78.28, "acc": 86.8, "ndev": 5452, "ntest": 500}, "MRPC": {"devacc": 74.88, "acc": 71.3, "f1": 78.52, "ndev": 4076, "ntest": 1725}, "STS12": {"MSRpar": {"pearson": [0.6527536560463117, 2.8684722360253708e-92], "spearman": [0.6428389656748776, 1.1471353418710997e-88], "nsamples": 750}, "MSRvid": {"pearson": [0.7157968703347769, 9.055928697811414e-119], "spearman": [0.720635775649118, 4.189245951796057e-121], "nsamples": 750}, "SMTeuroparl": {"pearson": [0.5317327493778765, 7.342227367910217e-35], "spearman": [0.5682795768986486, 1.2980163632024587e-40], "nsamples": 459}, "surprise.OnWN": {"pearson": [0.6590468323773627, 1.259329273372315e-94], "spearman": [0.698810698641619, 6.026894591797867e-111], "nsamples": 750}, "surprise.SMTnews": {"pearson": [0.648320742336906, 6.052095848180439e-49], "spearman": [0.624535526712943, 1.5370708182627506e-44], "nsamples": 399}, "all": {"pearson": {"mean": 0.6415301700946469, "wmean": 0.6510435415784135}, "spearman": {"mean": 0.6510201087154412, "wmean": 0.6617580697970253}}}, "STS13": {"FNWN": {"pearson": [0.5802695817654987, 2.120778092337011e-18], "spearman": [0.5813005800941744, 1.787990550676879e-18], "nsamples": 189}, "headlines": {"pearson": [0.7513233723408225, 3.758915687914585e-137], "spearman": [0.7441969299401513, 3.2074952346178583e-133], "nsamples": 750}, "OnWN": {"pearson": [0.5748997932583513, 1.1545405393182983e-50], "spearman": [0.5811948411816781, 5.3825736685958805e-52], "nsamples": 561}, "all": {"pearson": {"mean": 0.6354975824548909, "wmean": 0.6637881761514874}, "spearman": {"mean": 0.6355641170720013, "wmean": 0.6627092086638892}}}, "STS14": {"deft-forum": {"pearson": [0.38083856736113647, 5.570414751974091e-17], "spearman": [0.3613312304074423, 2.5211145709777343e-15], "nsamples": 450}, "deft-news": {"pearson": [0.7771636879326542, 6.796832669488293e-62], "spearman": [0.7612210190947013, 5.3653194755478455e-58], "nsamples": 300}, "headlines": {"pearson": [0.7588287226494721, 1.939324667616073e-141], "spearman": [0.7356106976677256, 1.1805493037317555e-128], "nsamples": 750}, "images": {"pearson": [0.7580706346702997, 5.343450159487276e-141], "spearman": [0.7561585356209192, 6.774170550074555e-140], "nsamples": 750}, "OnWN": {"pearson": [0.7038564984542987, 3.269981148372125e-113], "spearman": [0.7450823584916364, 1.0589944471609777e-133], "nsamples": 750}, "tweet-news": {"pearson": [0.7758912215217516, 8.472213690630582e-152], "spearman": [0.7366564059367529, 3.354314115383526e-129], "nsamples": 750}, "all": {"pearson": {"mean": 0.6924415554316021, "wmean": 0.7072031385771131}, "spearman": {"mean": 0.682676707869863, "wmean": 0.6989590287198761}}}, "STS15": {"answers-forums": {"pearson": [0.6606131366463325, 2.2338631192899022e-48], "spearman": [0.6580666467235894, 6.790074997097274e-48], "nsamples": 375}, "answers-students": {"pearson": [0.7848884187953391, 1.225957096845405e-157], "spearman": [0.7902577648471847, 2.935439361613891e-161], "nsamples": 750}, "belief": {"pearson": [0.7542247958631785, 3.9324920483786705e-70], "spearman": [0.7553678936289968, 1.8586095288136135e-70], "nsamples": 375}, "headlines": {"pearson": [0.7918155601422727, 2.4958783471462243e-162], "spearman": [0.7957976719257766, 4.1559822159174343e-165], "nsamples": 750}, "images": {"pearson": [0.82462820467352, 2.9408925384249766e-187], "spearman": [0.8340584357136605, 2.1045391939448198e-195], "nsamples": 750}, "all": {"pearson": {"mean": 0.7632340232241286, "wmean": 0.777187787466472}, "spearman": {"mean": 0.7667096825678417, "wmean": 0.7817077856657288}}}, "STS16": {"answer-answer": {"pearson": [0.697918059452738, 2.0914617538867866e-38], "spearman": [0.690165034166925, 2.8939969455802197e-37], "nsamples": 254}, "headlines": {"pearson": [0.802585783047721, 2.4103858198220938e-57], "spearman": [0.8117046439120109, 1.2922331031904415e-59], "nsamples": 249}, "plagiarism": {"pearson": [0.8171938901487006, 1.769791666058338e-56], "spearman": [0.8450563185422607, 6.306332185180052e-64], "nsamples": 230}, "postediting": {"pearson": [0.8585564952508035, 3.6812410561967933e-72], "spearman": [0.8568585134626413, 1.399256403229895e-71], "nsamples": 244}, "question-question": {"pearson": [0.4966184217701052, 2.0494839718923428e-14], "spearman": [0.4760500599512125, 3.2166854758012104e-13], "nsamples": 209}, "all": {"pearson": {"mean": 0.7345745299340136, "wmean": 0.7405992215895675}, "spearman": {"mean": 0.73596691400701, "wmean": 0.7422826881044667}}}}