{"MR": {"devacc": 72.78, "acc": 72.89, "ndev": 10662, "ntest": 10662}, "CR": {"devacc": 82.32, "acc": 81.32, "ndev": 3775, "ntest": 3775}, "SUBJ": {"devacc": 89.96, "acc": 89.46, "ndev": 10000, "ntest": 10000}, "MPQA": {"devacc": 86.86, "acc": 87.23, "ndev": 10606, "ntest": 10606}, "SST5": {"devacc": 41.78, "acc": 40.05, "ndev": 1101, "ntest": 2210}, "TREC": {"devacc": 71.85, "acc": 85.0, "ndev": 5452, "ntest": 500}, "MRPC": {"devacc": 72.96, "acc": 70.43, "f1": 78.22, "ndev": 4076, "ntest": 1725}, "STS12": {"MSRpar": {"pearson": [0.6082793663503361, 4.286961546813041e-77], "spearman": [0.6083719220073431, 4.009116818321153e-77], "nsamples": 750}, "MSRvid": {"pearson": [0.6977903501951644, 1.7079075565097075e-110], "spearman": [0.7035737340433318, 4.3931412618515775e-113], "nsamples": 750}, "SMTeuroparl": {"pearson": [0.5545145018068078, 2.309955730445441e-38], "spearman": [0.5749243703239257, 9.741108123514871e-42], "nsamples": 459}, "surprise.OnWN": {"pearson": [0.6406812125227176, 6.697599929240309e-88], "spearman": [0.6839419491360201, 1.5428174641665503e-104], "nsamples": 750}, "surprise.SMTnews": {"pearson": [0.639649001193903, 2.709446175536987e-47], "spearman": [0.6080161283549642, 1.0688124524566876e-41], "nsamples": 399}, "all": {"pearson": {"mean": 0.6281828864137858, "wmean": 0.6337854905427464}, "spearman": {"mean": 0.6357656207731169, "wmean": 0.6445960183662592}}}, "STS13": {"FNWN": {"pearson": [0.5630857197365605, 3.345697357579773e-17], "spearman": [0.5815348932225602, 1.7198132844878124e-18], "nsamples": 189}, "headlines": {"pearson": [0.7359372930634196, 7.974207410110625e-129], "spearman": [0.7287561891402272, 3.897202675214181e-125], "nsamples": 750}, "OnWN": {"pearson": [0.5658271390174233, 8.537708015170785e-49], "spearman": [0.5737868134774285, 1.9716024475020386e-50], "nsamples": 561}, "all": {"pearson": {"mean": 0.6216167172724679, "wmean": 0.6505367972110327}, "spearman": {"mean": 0.628025965280072, "wmean": 0.6522477593567144}}}, "STS14": {"deft-forum": {"pearson": [0.37659629447370535, 1.304803017861725e-16], "spearman": [0.35571020321880753, 7.2129922768454e-15], "nsamples": 450}, "deft-news": {"pearson": [0.7605595510526978, 7.667841041882832e-58], "spearman": [0.7414792393459276, 1.418522848052943e-53], "nsamples": 300}, "headlines": {"pearson": [0.7348751009831338, 2.8506497114046977e-128], "spearman": [0.7148067353953228, 2.683276986877274e-118], "nsamples": 750}, "images": {"pearson": [0.7207798914884023, 3.563204509457516e-121], "spearman": [0.7196224340211528, 1.303652622861769e-120], "nsamples": 750}, "OnWN": {"pearson": [0.6719464220275327, 1.217075072861581e-99], "spearman": [0.7148887801564981, 2.4527501793825967e-118], "nsamples": 750}, "tweet-news": {"pearson": [0.7284745365859573, 5.407875263707202e-125], "spearman": [0.6954372763164827, 1.855409465160288e-109], "nsamples": 750}, "all": {"pearson": {"mean": 0.6655386327685715, "wmean": 0.6772515096380657}, "spearman": {"mean": 0.6569907780756986, "wmean": 0.6709546087118223}}}, "STS15": {"answers-forums": {"pearson": [0.627489338789348, 1.913934482665486e-42], "spearman": [0.6197228349673792, 3.72517493829927e-41], "nsamples": 375}, "answers-students": {"pearson": [0.7664563590296213, 5.835656020383703e-146], "spearman": [0.7692859147549902, 1.1079858870856186e-147], "nsamples": 750}, "belief": {"pearson": [0.7258165727179455, 1.4064262285562054e-62], "spearman": [0.7294317223191971, 1.7394936303087807e-63], "nsamples": 375}, "headlines": {"pearson": [0.7840866020596784, 4.171036429618541e-157], "spearman": [0.7865720321066165, 9.213513001893397e-159], "nsamples": 750}, "images": {"pearson": [0.7872484474370566, 3.23552700722989e-159], "spearman": [0.7964062436882877, 1.5437832243162173e-165], "nsamples": 750}, "all": {"pearson": {"mean": 0.73821946400673, "wmean": 0.7536110910700007}, "spearman": {"mean": 0.740283749567294, "wmean": 0.7567103672982958}}}, "STS16": {"answer-answer": {"pearson": [0.6931939406511046, 1.0471893722118368e-37], "spearman": [0.6904008608934217, 2.674980638324314e-37], "nsamples": 254}, "headlines": {"pearson": [0.7811332374360632, 1.925453275860136e-52], "spearman": [0.7922948133402853, 6.398090704515456e-55], "nsamples": 249}, "plagiarism": {"pearson": [0.8080718409689972, 2.5968567024832053e-54], "spearman": [0.8358102968913083, 2.6630646199909543e-61], "nsamples": 230}, "postediting": {"pearson": [0.8635129391815202, 6.745296257372921e-74], "spearman": [0.8617643816281032, 2.8150520356571426e-73], "nsamples": 244}, "question-question": {"pearson": [0.4828277695148502, 1.3248954940160696e-13], "spearman": [0.4492191450035743, 8.949342207886785e-12], "nsamples": 209}, "all": {"pearson": {"mean": 0.725747945550507, "wmean": 0.7319039809938653}, "spearman": {"mean": 0.7258978995513385, "wmean": 0.7327461263884193}}}}