{"MR": {"devacc": 75.46, "acc": 76.59, "ndev": 10662, "ntest": 10662}, "CR": {"devacc": 84.69, "acc": 84.5, "ndev": 3775, "ntest": 3775}, "SUBJ": {"devacc": 91.91, "acc": 90.68, "ndev": 10000, "ntest": 10000}, "MPQA": {"devacc": 88.63, "acc": 88.83, "ndev": 10606, "ntest": 10606}, "SST5": {"devacc": 42.05, "acc": 42.35, "ndev": 1101, "ntest": 2210}, "TREC": {"devacc": 80.72, "acc": 85.4, "ndev": 5452, "ntest": 500}, "MRPC": {"devacc": 74.93, "acc": 62.38, "f1": 63.88, "ndev": 4076, "ntest": 1725}, "STS12": {"MSRpar": {"pearson": [0.6701155879651104, 6.493815715460295e-99], "spearman": [0.6546479393432544, 5.675058929396988e-93], "nsamples": 750}, "MSRvid": {"pearson": [0.733058632479721, 2.4825929212152896e-127], "spearman": [0.7379723635033298, 6.826031948436391e-130], "nsamples": 750}, "SMTeuroparl": {"pearson": [0.5620347462234879, 1.4035887204265912e-39], "spearman": [0.6103075692890757, 3.493451447742264e-48], "nsamples": 459}, "surprise.OnWN": {"pearson": [0.6588899439366986, 1.4441226864542936e-94], "spearman": [0.707495131871967, 7.091970300856144e-115], "nsamples": 750}, "surprise.SMTnews": {"pearson": [0.675348533257887, 1.8736085685879898e-54], "spearman": [0.6477520098892319, 7.795317831597623e-49], "nsamples": 399}, "all": {"pearson": {"mean": 0.659889488772581, "wmean": 0.667305706747949}, "spearman": {"mean": 0.6716350027793717, "wmean": 0.6800742607105543}}}, "STS13": {"FNWN": {"pearson": [0.5990076485041277, 8.654494298038134e-20], "spearman": [0.5953664951928638, 1.6379492209651788e-19], "nsamples": 189}, "headlines": {"pearson": [0.7668188793479146, 3.5228348189121036e-146], "spearman": [0.7603814010961113, 2.4043619893782815e-142], "nsamples": 750}, "OnWN": {"pearson": [0.5974325806314157, 1.443317467359062e-55], "spearman": [0.6009475823049099, 2.2862169164347593e-56], "nsamples": 561}, "all": {"pearson": {"mean": 0.6544197028278194, "wmean": 0.6823241885416269}, "spearman": {"mean": 0.6522318261979616, "wmean": 0.6799612747243927}}}, "STS14": {"deft-forum": {"pearson": [0.39259521951884535, 4.930201931714173e-18], "spearman": [0.37952903365821705, 7.25392743969743e-17], "nsamples": 450}, "deft-news": {"pearson": [0.809120029374959, 8.94597756063326e-71], "spearman": [0.7921833713758311, 7.130745191431384e-66], "nsamples": 300}, "headlines": {"pearson": [0.764054971180191, 1.6146909329222964e-144], "spearman": [0.7433567820348527, 9.14089069284203e-133], "nsamples": 750}, "images": {"pearson": [0.7572745931974602, 1.5427003805791822e-140], "spearman": [0.7530914434014391, 3.792986985900976e-138], "nsamples": 750}, "OnWN": {"pearson": [0.7141359056465704, 5.586334564438688e-118], "spearman": [0.7553104749739392, 2.0740075531781148e-139], "nsamples": 750}, "tweet-news": {"pearson": [0.7676657525406552, 1.0796262253261592e-146], "spearman": [0.7375721016914452, 1.10896225434468e-129], "nsamples": 750}, "all": {"pearson": {"mean": 0.7008077452431135, "wmean": 0.7124672732052335}, "spearman": {"mean": 0.6935072011892874, "wmean": 0.7067843141693879}}}, "STS15": {"answers-forums": {"pearson": [0.6793113202869862, 4.5076801712762e-52], "spearman": [0.6694732537363149, 4.283016580214337e-50], "nsamples": 375}, "answers-students": {"pearson": [0.7924052456761382, 9.763819884172483e-163], "spearman": [0.7988180683523979, 2.9483078621099263e-167], "nsamples": 750}, "belief": {"pearson": [0.7692594103250445, 1.4610647621180431e-74], "spearman": [0.7755027346517973, 1.6777982082318252e-76], "nsamples": 375}, "headlines": {"pearson": [0.8005954883504006, 1.5403973721106767e-168], "spearman": [0.8046024865210114, 1.7756870353868555e-171], "nsamples": 750}, "images": {"pearson": [0.8300165973661646, 7.511295664146834e-192], "spearman": [0.8382540033670771, 3.409043203188867e-199], "nsamples": 750}, "all": {"pearson": {"mean": 0.7743176124009469, "wmean": 0.7868256741746799}, "spearman": {"mean": 0.7773301093257198, "wmean": 0.7910406381086356}}}, "STS16": {"answer-answer": {"pearson": [0.7085754467240795, 4.908413375890378e-40], "spearman": [0.7009441756953834, 7.330031373139256e-39], "nsamples": 254}, "headlines": {"pearson": [0.8014583349205436, 4.5141564626610656e-57], "spearman": [0.8091178836220446, 5.859902048510765e-59], "nsamples": 249}, "plagiarism": {"pearson": [0.8056682383286391, 9.247927361020601e-54], "spearman": [0.8317674533393292, 3.331334087373273e-60], "nsamples": 230}, "postediting": {"pearson": [0.8650373292127459, 1.9098378821600795e-74], "spearman": [0.8603958443956536, 8.495945354939612e-73], "nsamples": 244}, "question-question": {"pearson": [0.4617490395497722, 1.963044906252022e-12], "spearman": [0.43402075636059795, 5.196644936125464e-11], "nsamples": 209}, "all": {"pearson": {"mean": 0.728497677747156, "wmean": 0.7355983484591323}, "spearman": {"mean": 0.7272492226826018, "wmean": 0.7347922529750983}}}}