{"MR": {"devacc": 72.98, "acc": 73.07, "ndev": 10662, "ntest": 10662}, "CR": {"devacc": 82.7, "acc": 81.93, "ndev": 3775, "ntest": 3775}, "SUBJ": {"devacc": 90.01, "acc": 89.77, "ndev": 10000, "ntest": 10000}, "MPQA": {"devacc": 87.21, "acc": 86.85, "ndev": 10606, "ntest": 10606}, "SST5": {"devacc": 42.6, "acc": 42.94, "ndev": 1101, "ntest": 2210}, "TREC": {"devacc": 74.69, "acc": 85.4, "ndev": 5452, "ntest": 500}, "MRPC": {"devacc": 73.48, "acc": 72.81, "f1": 82.48, "ndev": 4076, "ntest": 1725}, "STS12": {"MSRpar": {"pearson": [0.6173197231678683, 5.543096171643623e-80], "spearman": [0.6108191206394008, 6.762656056367571e-78], "nsamples": 750}, "MSRvid": {"pearson": [0.6796101027032674, 9.632947797662313e-103], "spearman": [0.6821039261830079, 8.993698701879614e-104], "nsamples": 750}, "SMTeuroparl": {"pearson": [0.5088395605858147, 1.3396089101145126e-31], "spearman": [0.5253292244703179, 6.355215116395657e-34], "nsamples": 459}, "surprise.OnWN": {"pearson": [0.6437383034476809, 5.475151918333973e-89], "spearman": [0.6731826445917669, 3.902475932919551e-100], "nsamples": 750}, "surprise.SMTnews": {"pearson": [0.6415152067643102, 1.2080301597738874e-47], "spearman": [0.5855958050870541, 4.261018049114106e-38], "nsamples": 399}, "all": {"pearson": {"mean": 0.6182045793337883, "wmean": 0.6258117833967056}, "spearman": {"mean": 0.6154061441943095, "wmean": 0.627206598720155}}}, "STS13": {"FNWN": {"pearson": [0.5134651331817163, 4.1812507615278056e-14], "spearman": [0.5339811474650328, 2.5248023771132127e-15], "nsamples": 189}, "headlines": {"pearson": [0.7344979938725524, 4.4742711353116115e-128], "spearman": [0.726839358422335, 3.5933011544688127e-124], "nsamples": 750}, "OnWN": {"pearson": [0.5066318756204394, 6.53809638434512e-38], "spearman": [0.510603569996606, 1.4143186728272225e-38], "nsamples": 561}, "all": {"pearson": {"mean": 0.5848650008915693, "wmean": 0.6214259251992168}, "spearman": {"mean": 0.5904746919613246, "wmean": 0.6216670389704922}}}, "STS14": {"deft-forum": {"pearson": [0.3686243402738705, 6.247247920901224e-16], "spearman": [0.36165882599720595, 2.3697735132452894e-15], "nsamples": 450}, "deft-news": {"pearson": [0.7620945927016922, 3.3420748559116235e-58], "spearman": [0.7455748050763521, 1.8540261430552087e-54], "nsamples": 300}, "headlines": {"pearson": [0.7366431630730645, 3.408322619577588e-129], "spearman": [0.7177492495907422, 1.0490845432588942e-119], "nsamples": 750}, "images": {"pearson": [0.7240425204003682, 8.881153607877225e-123], "spearman": [0.7224350788090727, 5.511873189638781e-122], "nsamples": 750}, "OnWN": {"pearson": [0.6561016829844041, 1.6236278486442512e-93], "spearman": [0.6979972188513973, 1.3832605769648336e-110], "nsamples": 750}, "tweet-news": {"pearson": [0.7286369241078879, 4.4773421149965945e-125], "spearman": [0.7059953492286407, 3.464540979637488e-114], "nsamples": 750}, "all": {"pearson": {"mean": 0.6626905372568813, "wmean": 0.6742873463621448}, "spearman": {"mean": 0.6585684212589018, "wmean": 0.6718804228217435}}}, "STS15": {"answers-forums": {"pearson": [0.6258124322364385, 3.659074013743478e-42], "spearman": [0.6130377876816784, 4.490528554741544e-40], "nsamples": 375}, "answers-students": {"pearson": [0.7749490262783939, 3.340127123196845e-151], "spearman": [0.7802930962479826, 1.2752174037097784e-154], "nsamples": 750}, "belief": {"pearson": [0.7270290267443623, 7.003571065852095e-63], "spearman": [0.7285232864551187, 2.950469453368621e-63], "nsamples": 375}, "headlines": {"pearson": [0.7861233260296508, 1.840752159756747e-158], "spearman": [0.7916499926294921, 3.246605946611352e-162], "nsamples": 750}, "images": {"pearson": [0.7978125385589583, 1.5456059079128636e-166], "spearman": [0.8082874017030933, 3.0643944124307755e-174], "nsamples": 750}, "all": {"pearson": {"mean": 0.7423452699695607, "wmean": 0.7588264050893507}, "spearman": {"mean": 0.744358312943473, "wmean": 0.7627527569122415}}}, "STS16": {"answer-answer": {"pearson": [0.6972923223723844, 2.5935581781412143e-38], "spearman": [0.6959306750943728, 4.134374756085055e-38], "nsamples": 254}, "headlines": {"pearson": [0.7888055303278365, 3.9533904335566094e-54], "spearman": [0.796109183596307, 8.392309795632776e-56], "nsamples": 249}, "plagiarism": {"pearson": [0.8155400966828883, 4.462693968542971e-56], "spearman": [0.8348698348545852, 4.822494420624052e-61], "nsamples": 230}, "postediting": {"pearson": [0.8478444833456735, 1.2702865934882574e-68], "spearman": [0.8497126357914753, 3.2126504167543397e-69], "nsamples": 244}, "question-question": {"pearson": [0.4531995001264879, 5.5640890979616976e-12], "spearman": [0.41550202331081276, 3.9508180688586237e-10], "nsamples": 209}, "all": {"pearson": {"mean": 0.7205363865710541, "wmean": 0.7273961202648074}, "spearman": {"mean": 0.7184248705295107, "wmean": 0.7261276949503251}}}}