{"MR": {"devacc": 75.88, "acc": 75.99, "ndev": 10662, "ntest": 10662}, "CR": {"devacc": 85.9, "acc": 83.9, "ndev": 3775, "ntest": 3775}, "SUBJ": {"devacc": 92.13, "acc": 91.69, "ndev": 10000, "ntest": 10000}, "MPQA": {"devacc": 88.84, "acc": 88.67, "ndev": 10606, "ntest": 10606}, "SST5": {"devacc": 42.6, "acc": 45.07, "ndev": 1101, "ntest": 2210}, "TREC": {"devacc": 81.16, "acc": 89.6, "ndev": 5452, "ntest": 500}, "MRPC": {"devacc": 75.32, "acc": 74.03, "f1": 81.92, "ndev": 4076, "ntest": 1725}, "STS12": {"MSRpar": {"pearson": [0.6505546436308993, 1.8544204153092686e-91], "spearman": [0.6419303567062694, 2.4157398417253964e-88], "nsamples": 750}, "MSRvid": {"pearson": [0.7304419959198533, 5.4378061672757865e-126], "spearman": [0.7366352581088292, 3.440973506359611e-129], "nsamples": 750}, "SMTeuroparl": {"pearson": [0.5527388994592012, 4.4290360252844564e-38], "spearman": [0.5924670828751708, 7.809521363892497e-45], "nsamples": 459}, "surprise.OnWN": {"pearson": [0.6739701835179401, 1.8853610463997257e-100], "spearman": [0.7172314488681256, 1.8614760642975077e-119], "nsamples": 750}, "surprise.SMTnews": {"pearson": [0.6705141386554695, 1.9993932522088112e-53], "spearman": [0.6230151975904743, 2.8535771104201203e-44], "nsamples": 399}, "all": {"pearson": {"mean": 0.6556439722366727, "wmean": 0.6635995538857226}, "spearman": {"mean": 0.6622558688297738, "wmean": 0.6732217672589191}}}, "STS13": {"FNWN": {"pearson": [0.648282367340316, 6.4888529821621074e-24], "spearman": [0.656900864589639, 1.0254675252616685e-24], "nsamples": 189}, "headlines": {"pearson": [0.7588873853455043, 1.7927551817868302e-141], "spearman": [0.7513360704412888, 3.697760922886474e-137], "nsamples": 750}, "OnWN": {"pearson": [0.5995370971591001, 4.802053228001587e-56], "spearman": [0.6098506393292651, 1.9369839755965408e-58], "nsamples": 561}, "all": {"pearson": {"mean": 0.66890228328164, "wmean": 0.6853541452951354}, "spearman": {"mean": 0.6726958581200643, "wmean": 0.6865216832680842}}}, "STS14": {"deft-forum": {"pearson": [0.39455192864740757, 3.261855507690092e-18], "spearman": [0.37946095492239706, 7.35395961134798e-17], "nsamples": 450}, "deft-news": {"pearson": [0.799902964818062, 4.7598291185161895e-68], "spearman": [0.7802806126055667, 1.0776085337386608e-62], "nsamples": 300}, "headlines": {"pearson": [0.7579075609117489, 6.64194347955045e-141], "spearman": [0.7363817786844838, 4.670624366197418e-129], "nsamples": 750}, "images": {"pearson": [0.7671042647325791, 2.3662114363760917e-146], "spearman": [0.7625729482375403, 1.2287321258587153e-143], "nsamples": 750}, "OnWN": {"pearson": [0.7178544687681118, 9.33543607073983e-120], "spearman": [0.7598327010939856, 5.0372027668864194e-142], "nsamples": 750}, "tweet-news": {"pearson": [0.7780983969549615, 3.318203938195891e-153], "spearman": [0.7439830070168467, 4.189331004643199e-133], "nsamples": 750}, "all": {"pearson": {"mean": 0.7025699308054785, "wmean": 0.7155314068966141}, "spearman": {"mean": 0.6937520004268034, "wmean": 0.7085118506057042}}}, "STS15": {"answers-forums": {"pearson": [0.6836728606982555, 5.65129854915702e-53], "spearman": [0.6738791905700157, 5.694692098077136e-51], "nsamples": 375}, "answers-students": {"pearson": [0.792544354361007, 7.821165238535836e-163], "spearman": [0.7992386508813678, 1.4702830887456342e-167], "nsamples": 750}, "belief": {"pearson": [0.7743196044623833, 3.9549825259602906e-76], "spearman": [0.7791430728750596, 1.1600191358388252e-77], "nsamples": 375}, "headlines": {"pearson": [0.7974035707219178, 3.0239710371768746e-166], "spearman": [0.7997715559581441, 6.074254716723241e-168], "nsamples": 750}, "images": {"pearson": [0.8304037387777179, 3.46353360799861e-192], "spearman": [0.8395369668569949, 2.2480058294540515e-200], "nsamples": 750}, "all": {"pearson": {"mean": 0.7756688258042563, "wmean": 0.7873369741102406}, "spearman": {"mean": 0.7783138874283164, "wmean": 0.791264576354761}}}, "STS16": {"answer-answer": {"pearson": [0.7042909989590774, 2.2635056120307304e-39], "spearman": [0.6939448248674324, 8.123340120925883e-38], "nsamples": 254}, "headlines": {"pearson": [0.8003303735932806, 8.422474485829969e-57], "spearman": [0.8078729904498846, 1.2030771806305432e-58], "nsamples": 249}, "plagiarism": {"pearson": [0.8129911199917887, 1.823260123239087e-55], "spearman": [0.8425934869970577, 3.2784195077547203e-63], "nsamples": 230}, "postediting": {"pearson": [0.8667710653045386, 4.462062117406841e-75], "spearman": [0.8636726092651495, 5.914425249718101e-74], "nsamples": 244}, "question-question": {"pearson": [0.504006238264245, 7.28142942640554e-15], "spearman": [0.4844967550647966, 1.0617234987968365e-13], "nsamples": 209}, "all": {"pearson": {"mean": 0.737677959222586, "wmean": 0.7436674351517526}, "spearman": {"mean": 0.7385161333288641, "wmean": 0.7447005064223536}}}}