{"MR": {"devacc": 73.54, "acc": 72.73, "ndev": 10662, "ntest": 10662}, "CR": {"devacc": 83.38, "acc": 82.49, "ndev": 3775, "ntest": 3775}, "SUBJ": {"devacc": 90.47, "acc": 90.31, "ndev": 10000, "ntest": 10000}, "MPQA": {"devacc": 87.07, "acc": 87.02, "ndev": 10606, "ntest": 10606}, "SST5": {"devacc": 41.33, "acc": 42.67, "ndev": 1101, "ntest": 2210}, "TREC": {"devacc": 74.87, "acc": 82.0, "ndev": 5452, "ntest": 500}, "MRPC": {"devacc": 73.67, "acc": 72.52, "f1": 82.59, "ndev": 4076, "ntest": 1725}, "STS12": {"MSRpar": {"pearson": [0.6468924720116924, 4.010713215441604e-90], "spearman": [0.6401150858468703, 1.0615852801511949e-87], "nsamples": 750}, "MSRvid": {"pearson": [0.6985623646053764, 7.769065533983095e-111], "spearman": [0.702056660527919, 2.128903510664052e-112], "nsamples": 750}, "SMTeuroparl": {"pearson": [0.5549546198039534, 1.9645668826056753e-38], "spearman": [0.6116296896672162, 1.934259148081422e-48], "nsamples": 459}, "surprise.OnWN": {"pearson": [0.6495742712683527, 4.2403820547281614e-91], "spearman": [0.6875236149776783, 4.786230385703606e-106], "nsamples": 750}, "surprise.SMTnews": {"pearson": [0.6540479888985237, 4.588436782150729e-50], "spearman": [0.619682170787888, 1.0947276740637245e-43], "nsamples": 399}, "all": {"pearson": {"mean": 0.6408063433175797, "wmean": 0.6473491470317219}, "spearman": {"mean": 0.6522014443615143, "wmean": 0.659672694567558}}}, "STS13": {"FNWN": {"pearson": [0.6093262637305459, 1.3571647847457716e-20], "spearman": [0.6196230794092715, 1.9949265805412513e-21], "nsamples": 189}, "headlines": {"pearson": [0.7576126461179898, 9.83914533684802e-141], "spearman": [0.7550503525635776, 2.9205597277023656e-139], "nsamples": 750}, "OnWN": {"pearson": [0.5837372244316871, 1.5311162640876786e-52], "spearman": [0.5839976181623037, 1.3452908034771663e-52], "nsamples": 561}, "all": {"pearson": {"mean": 0.6502253780934076, "wmean": 0.6738991542264947}, "spearman": {"mean": 0.6528903500450509, "wmean": 0.6740127934800585}}}, "STS14": {"deft-forum": {"pearson": [0.35882296591508517, 4.040389530236476e-15], "spearman": [0.34572164988785875, 4.438907104952439e-14], "nsamples": 450}, "deft-news": {"pearson": [0.7915219495076183, 1.0845109853502668e-65], "spearman": [0.7766126209093543, 9.383625543645061e-62], "nsamples": 300}, "headlines": {"pearson": [0.7442543919711793, 2.9853353985807214e-133], "spearman": [0.7252896309430935, 2.135377283990836e-123], "nsamples": 750}, "images": {"pearson": [0.7556697963848964, 1.2916836747367606e-139], "spearman": [0.7449565542179115, 1.239926355059794e-133], "nsamples": 750}, "OnWN": {"pearson": [0.7174780872260234, 1.4167770114722786e-119], "spearman": [0.7575457300930455, 1.0755891918112429e-140], "nsamples": 750}, "tweet-news": {"pearson": [0.753877267193158, 1.3600400178755367e-138], "spearman": [0.7342639233178292, 5.91661602000921e-128], "nsamples": 750}, "all": {"pearson": {"mean": 0.68693740969966, "wmean": 0.700636420425471}, "spearman": {"mean": 0.6807316848948487, "wmean": 0.6960267753736674}}}, "STS15": {"answers-forums": {"pearson": [0.6457045165426012, 1.2896307005001581e-45], "spearman": [0.6370105305320626, 4.4751107197336035e-44], "nsamples": 375}, "answers-students": {"pearson": [0.7720908274021728, 2.058044584437973e-149], "spearman": [0.7810841394562218, 3.90336585388846e-155], "nsamples": 750}, "belief": {"pearson": [0.7391475656134737, 5.327206409756997e-66], "spearman": [0.7353608745456135, 5.241973184313913e-65], "nsamples": 375}, "headlines": {"pearson": [0.7934232083857504, 1.9180167009065057e-163], "spearman": [0.7977853940478697, 1.6160916127932225e-166], "nsamples": 750}, "images": {"pearson": [0.8075574995112293, 1.0924119689323327e-173], "spearman": [0.8155389557283517, 7.4051891905822595e-180], "nsamples": 750}, "all": {"pearson": {"mean": 0.7515847234910455, "wmean": 0.7663743940942974}, "spearman": {"mean": 0.7533559788620239, "wmean": 0.7701485479428204}}}, "STS16": {"answer-answer": {"pearson": [0.6826787301350206, 3.386133182999476e-36], "spearman": [0.6782602133052223, 1.3973358605000758e-35], "nsamples": 254}, "headlines": {"pearson": [0.786275581747227, 1.4492003865165366e-53], "spearman": [0.794279687329051, 2.235257268825939e-55], "nsamples": 249}, "plagiarism": {"pearson": [0.8076565378224629, 3.238249738687741e-54], "spearman": [0.8319846747917652, 2.9134598174559057e-60], "nsamples": 230}, "postediting": {"pearson": [0.8623598964316328, 1.734301550910981e-73], "spearman": [0.8643051731814035, 3.507774822264089e-74], "nsamples": 244}, "question-question": {"pearson": [0.45350044897776776, 5.366359286268114e-12], "spearman": [0.44130132824642293, 2.26200617559726e-11], "nsamples": 209}, "all": {"pearson": {"mean": 0.7184942390228223, "wmean": 0.7252457247674479}, "spearman": {"mean": 0.7220262153707729, "wmean": 0.7289482726697564}}}}