{"MR": {"devacc": 72.23, "acc": 71.27, "ndev": 10662, "ntest": 10662}, "CR": {"devacc": 80.35, "acc": 79.13, "ndev": 3775, "ntest": 3775}, "SUBJ": {"devacc": 89.23, "acc": 88.97, "ndev": 10000, "ntest": 10000}, "MPQA": {"devacc": 86.03, "acc": 86.77, "ndev": 10606, "ntest": 10606}, "SST5": {"devacc": 40.15, "acc": 40.23, "ndev": 1101, "ntest": 2210}, "TREC": {"devacc": 71.37, "acc": 83.4, "ndev": 5452, "ntest": 500}, "MRPC": {"devacc": 73.31, "acc": 68.58, "f1": 74.55, "ndev": 4076, "ntest": 1725}, "STS12": {"MSRpar": {"pearson": [0.5934178813661183, 1.5246917359582676e-72], "spearman": [0.5845671422364395, 6.064545367286631e-70], "nsamples": 750}, "MSRvid": {"pearson": [0.6803899068038106, 4.600899456779502e-103], "spearman": [0.6867352179117062, 1.0324813138516835e-105], "nsamples": 750}, "SMTeuroparl": {"pearson": [0.5252920323668578, 6.434518095922629e-34], "spearman": [0.573192895132444, 1.9237218760509286e-41], "nsamples": 459}, "surprise.OnWN": {"pearson": [0.6304787408914049, 2.329750490518849e-84], "spearman": [0.6637175365602537, 2.0571933204982674e-96], "nsamples": 750}, "surprise.SMTnews": {"pearson": [0.6022627638002048, 9.552053628586883e-41], "spearman": [0.5720941309678491, 4.636735354167612e-36], "nsamples": 399}, "all": {"pearson": {"mean": 0.6063682650456793, "wmean": 0.6144230316630213}, "spearman": {"mean": 0.6160613845617385, "wmean": 0.6250405468639844}}}, "STS13": {"FNWN": {"pearson": [0.4946120280881541, 4.695538730771763e-13], "spearman": [0.5318300910452228, 3.4193116101079442e-15], "nsamples": 189}, "headlines": {"pearson": [0.7241869368408838, 7.532930461668258e-123], "spearman": [0.7133350854962092, 1.3368892940516467e-117], "nsamples": 750}, "OnWN": {"pearson": [0.42747288220838126, 2.5087260467166112e-26], "spearman": [0.4345351719314029, 3.0541851237031823e-27], "nsamples": 561}, "all": {"pearson": {"mean": 0.5487572823791397, "wmean": 0.5842894419054839}, "spearman": {"mean": 0.5599001161576117, "wmean": 0.5861942885221474}}}, "STS14": {"deft-forum": {"pearson": [0.3503097645438376, 1.9420665606904238e-14], "spearman": [0.3433386997850574, 6.783086737062898e-14], "nsamples": 450}, "deft-news": {"pearson": [0.714636423048063, 3.589413399572126e-48], "spearman": [0.7113670836711476, 1.4812820064353623e-47], "nsamples": 300}, "headlines": {"pearson": [0.7115692992970861, 9.059787441999512e-117], "spearman": [0.6915698235087637, 8.901816795350866e-108], "nsamples": 750}, "images": {"pearson": [0.7156013574982155, 1.1226429956914064e-118], "spearman": [0.7173380822562477, 1.654305484482872e-119], "nsamples": 750}, "OnWN": {"pearson": [0.6185665780926347, 2.1775650651104702e-80], "spearman": [0.6624218625879739, 6.489172372516936e-96], "nsamples": 750}, "tweet-news": {"pearson": [0.7136901062236074, 9.083468896203472e-118], "spearman": [0.6762575154024021, 2.2499334259044345e-101], "nsamples": 750}, "all": {"pearson": {"mean": 0.6373955881172407, "wmean": 0.6510935538114143}, "spearman": {"mean": 0.633715511201932, "wmean": 0.6476274674189763}}}, "STS15": {"answers-forums": {"pearson": [0.5866723666656587, 4.731582055938573e-36], "spearman": [0.579060161168042, 5.877510312158875e-35], "nsamples": 375}, "answers-students": {"pearson": [0.7528700209799678, 5.060427235719351e-138], "spearman": [0.7543951591695297, 6.903543890968353e-139], "nsamples": 750}, "belief": {"pearson": [0.7216550719966585, 1.4967512391182998e-61], "spearman": [0.7193472081056029, 5.453542102811344e-61], "nsamples": 375}, "headlines": {"pearson": [0.7705759777927541, 1.7841294300445008e-148], "spearman": [0.7737917479066896, 1.7847382928908033e-150], "nsamples": 750}, "images": {"pearson": [0.7922906968116719, 1.1719313015811496e-162], "spearman": [0.8019501840596845, 1.5915402112527543e-169], "nsamples": 750}, "all": {"pearson": {"mean": 0.7248128268493422, "wmean": 0.742475103728888}, "spearman": {"mean": 0.7257088920819098, "wmean": 0.7448351939431817}}}, "STS16": {"answer-answer": {"pearson": [0.6508249726394176, 5.480471615812758e-32], "spearman": [0.6355783016945309, 3.800790609879874e-30], "nsamples": 254}, "headlines": {"pearson": [0.781746419309443, 1.419650142618033e-52], "spearman": [0.7904762860104781, 1.660118931327963e-54], "nsamples": 249}, "plagiarism": {"pearson": [0.7885043145329533, 4.929268707131293e-50], "spearman": [0.800690122743459, 1.2142577160508483e-52], "nsamples": 230}, "postediting": {"pearson": [0.8533629365388666, 2.072525434648197e-70], "spearman": [0.8519480831528218, 6.049015523050367e-70], "nsamples": 244}, "question-question": {"pearson": [0.42434142601756114, 1.5235289282731514e-10], "spearman": [0.43035808267393477, 7.838390075550741e-11], "nsamples": 209}, "all": {"pearson": {"mean": 0.6997560138076484, "wmean": 0.7067692313273156}, "spearman": {"mean": 0.701810175255045, "wmean": 0.7084691261771975}}}}