{"MR": {"devacc": 74.2, "acc": 74.75, "ndev": 10662, "ntest": 10662}, "CR": {"devacc": 83.37, "acc": 83.23, "ndev": 3775, "ntest": 3775}, "SUBJ": {"devacc": 91.2, "acc": 90.75, "ndev": 10000, "ntest": 10000}, "MPQA": {"devacc": 87.63, "acc": 86.7, "ndev": 10606, "ntest": 10606}, "SST5": {"devacc": 41.69, "acc": 42.53, "ndev": 1101, "ntest": 2210}, "TREC": {"devacc": 77.09, "acc": 85.6, "ndev": 5452, "ntest": 500}, "MRPC": {"devacc": 74.12, "acc": 66.55, "f1": 71.73, "ndev": 4076, "ntest": 1725}, "STS12": {"MSRpar": {"pearson": [0.6382495889337748, 4.809931932453071e-87], "spearman": [0.6181394601291625, 3.0004030062017455e-80], "nsamples": 750}, "MSRvid": {"pearson": [0.7036670626316965, 3.9853707563104696e-113], "spearman": [0.708288520017046, 3.0519293741775915e-115], "nsamples": 750}, "SMTeuroparl": {"pearson": [0.563187526847279, 9.078713324724936e-40], "spearman": [0.6043689276932811, 4.804933950150653e-47], "nsamples": 459}, "surprise.OnWN": {"pearson": [0.6679357393997913, 4.693922928960116e-98], "spearman": [0.7092208959790068, 1.1288890665971964e-115], "nsamples": 750}, "surprise.SMTnews": {"pearson": [0.6604333907368504, 2.4188784519270707e-51], "spearman": [0.621131583983465, 6.112876501054448e-44], "nsamples": 399}, "all": {"pearson": {"mean": 0.6466946617098783, "wmean": 0.6529618053252417}, "spearman": {"mean": 0.6522298775603923, "wmean": 0.6602231328553829}}}, "STS13": {"FNWN": {"pearson": [0.5866911788496839, 7.252325357450458e-19], "spearman": [0.6000278118761895, 7.227423791074661e-20], "nsamples": 189}, "headlines": {"pearson": [0.7634577834319524, 3.664548356623558e-144], "spearman": [0.759048664637542, 1.444239994923969e-141], "nsamples": 750}, "OnWN": {"pearson": [0.5721204252053284, 4.376576303068798e-50], "spearman": [0.5694765679751499, 1.536548624018062e-49], "nsamples": 561}, "all": {"pearson": {"mean": 0.6407564624956549, "wmean": 0.6696250192778291}, "spearman": {"mean": 0.6428510148296271, "wmean": 0.6681120730378769}}}, "STS14": {"deft-forum": {"pearson": [0.3962610255988029, 2.2687526957103585e-18], "spearman": [0.38286944394559325, 3.6898043734516725e-17], "nsamples": 450}, "deft-news": {"pearson": [0.8044653696381887, 2.2204332910360332e-69], "spearman": [0.7780833719724082, 3.9596409186815835e-62], "nsamples": 300}, "headlines": {"pearson": [0.7587720880156911, 2.092140554941303e-141], "spearman": [0.738078131945295, 6.003627666076071e-130], "nsamples": 750}, "images": {"pearson": [0.7485025105481153, 1.4027022243790574e-135], "spearman": [0.7452861728412331, 8.200269789215177e-134], "nsamples": 750}, "OnWN": {"pearson": [0.6866570489947501, 1.1141122092741507e-105], "spearman": [0.7245806342890424, 4.806170146787213e-123], "nsamples": 750}, "tweet-news": {"pearson": [0.7663220925895422, 7.033518046916293e-146], "spearman": [0.7369232074101018, 2.4308403088097805e-129], "nsamples": 750}, "all": {"pearson": {"mean": 0.6934966892308484, "wmean": 0.7039593006725311}, "spearman": {"mean": 0.6843034937339456, "wmean": 0.6971646323283983}}}, "STS15": {"answers-forums": {"pearson": [0.6563922674778392, 1.4021237691595375e-47], "spearman": [0.650836167207019, 1.504900392012979e-46], "nsamples": 375}, "answers-students": {"pearson": [0.7860439996253731, 2.0799714168298898e-158], "spearman": [0.7942350370081037, 5.204043242393265e-164], "nsamples": 750}, "belief": {"pearson": [0.7774510380088482, 4.0410782650898414e-77], "spearman": [0.7770003270299717, 5.624382568653873e-77], "nsamples": 375}, "headlines": {"pearson": [0.7982347921526906, 7.716935950470438e-167], "spearman": [0.8032429184557739, 1.7944135995815382e-170], "nsamples": 750}, "images": {"pearson": [0.8222110752079259, 3.005037277587475e-185], "spearman": [0.8318590124830488, 1.853899151874168e-193], "nsamples": 750}, "all": {"pearson": {"mean": 0.7680666344945354, "wmean": 0.7808528799323333}, "spearman": {"mean": 0.7714346924367834, "wmean": 0.7858138037663555}}}, "STS16": {"answer-answer": {"pearson": [0.6851305908093739, 1.5254280800786572e-36], "spearman": [0.6740520662229654, 5.268075251897368e-35], "nsamples": 254}, "headlines": {"pearson": [0.8006181269785841, 7.186299989770872e-57], "spearman": [0.8067672509476969, 2.269167398254373e-58], "nsamples": 249}, "plagiarism": {"pearson": [0.8149058744812516, 6.34698556895497e-56], "spearman": [0.8440435393979467, 1.2464369737298364e-63], "nsamples": 230}, "postediting": {"pearson": [0.8722505638604992, 3.925211815076765e-77], "spearman": [0.8727312596791074, 2.5645421205378858e-77], "nsamples": 244}, "question-question": {"pearson": [0.5057892872759726, 5.650856601752482e-15], "spearman": [0.4941893963480331, 2.8645867221544974e-14], "nsamples": 209}, "all": {"pearson": {"mean": 0.7357388886811362, "wmean": 0.7414372120038586}, "spearman": {"mean": 0.7383567025191499, "wmean": 0.744060957476036}}}}