{"MR": {"devacc": 72.52, "acc": 71.96, "ndev": 10662, "ntest": 10662}, "CR": {"devacc": 81.89, "acc": 81.99, "ndev": 3775, "ntest": 3775}, "SUBJ": {"devacc": 88.7, "acc": 88.0, "ndev": 10000, "ntest": 10000}, "MPQA": {"devacc": 85.27, "acc": 85.38, "ndev": 10606, "ntest": 10606}, "SST5": {"devacc": 38.78, "acc": 39.68, "ndev": 1101, "ntest": 2210}, "TREC": {"devacc": 69.57, "acc": 82.0, "ndev": 5452, "ntest": 500}, "MRPC": {"devacc": 73.94, "acc": 71.88, "f1": 79.48, "ndev": 4076, "ntest": 1725}, "STS12": {"MSRpar": {"pearson": [0.6028991779165439, 2.029580917118775e-75], "spearman": [0.5948613609026234, 5.6432103865281485e-73], "nsamples": 750}, "MSRvid": {"pearson": [0.7397057070645298, 8.260943317126111e-131], "spearman": [0.7453531033482551, 7.539320813632359e-134], "nsamples": 750}, "SMTeuroparl": {"pearson": [0.5124332611737619, 4.278491412184671e-32], "spearman": [0.5739199101929714, 1.4463279623822853e-41], "nsamples": 459}, "surprise.OnWN": {"pearson": [0.6517785951896317, 6.574952710496773e-92], "spearman": [0.6852340294908315, 4.433058160887127e-105], "nsamples": 750}, "surprise.SMTnews": {"pearson": [0.6119473374672686, 2.3318401465646222e-42], "spearman": [0.5529160299967858, 2.5251257354443795e-33], "nsamples": 399}, "all": {"pearson": {"mean": 0.6237528157623472, "wmean": 0.6355088367619776}, "spearman": {"mean": 0.6304568867862934, "wmean": 0.6445074340584214}}}, "STS13": {"FNWN": {"pearson": [0.5138645622866471, 3.9659403129865146e-14], "spearman": [0.5299325750249375, 4.460180233881296e-15], "nsamples": 189}, "headlines": {"pearson": [0.7165184424547956, 4.091456078043596e-119], "spearman": [0.7124714492383724, 3.414526912742284e-117], "nsamples": 750}, "OnWN": {"pearson": [0.6098756201115222, 1.9108191387751095e-58], "spearman": [0.6094105254141539, 2.4609349493014987e-58], "nsamples": 561}, "all": {"pearson": {"mean": 0.613419541617655, "wmean": 0.6510996379972247}, "spearman": {"mean": 0.6172715165591546, "wmean": 0.6509267655772218}}}, "STS14": {"deft-forum": {"pearson": [0.3990516261457082, 1.2484111351280184e-18], "spearman": [0.38974440139222377, 8.95590431114377e-18], "nsamples": 450}, "deft-news": {"pearson": [0.7553549895003704, 1.2232927668461218e-56], "spearman": [0.7418596124586703, 1.1761642827246175e-53], "nsamples": 300}, "headlines": {"pearson": [0.7312670887146456, 2.06266946097416e-126], "spearman": [0.7095753557553001, 7.726765475090185e-116], "nsamples": 750}, "images": {"pearson": [0.733079132544977, 2.422928229572912e-127], "spearman": [0.7248601854787776, 3.4915054585154687e-123], "nsamples": 750}, "OnWN": {"pearson": [0.6996952061848879, 2.4344070020901288e-111], "spearman": [0.7350987752743129, 2.1810349442750788e-128], "nsamples": 750}, "tweet-news": {"pearson": [0.7242089182106286, 7.346428276207311e-123], "spearman": [0.6825415261762636, 5.917922967837684e-104], "nsamples": 750}, "all": {"pearson": {"mean": 0.6737761602168696, "wmean": 0.6859646634285426}, "spearman": {"mean": 0.6639466427559247, "wmean": 0.6765332657006913}}}, "STS15": {"answers-forums": {"pearson": [0.5391293937483618, 1.1631001617631208e-29], "spearman": [0.510411076925384, 2.8806123292505115e-26], "nsamples": 375}, "answers-students": {"pearson": [0.7600029660254608, 4.005114458813358e-142], "spearman": [0.7674600356896497, 1.439592436283912e-146], "nsamples": 750}, "belief": {"pearson": [0.7368688642624176, 2.1188920366913897e-65], "spearman": [0.7389460868940763, 6.022390057895386e-66], "nsamples": 375}, "headlines": {"pearson": [0.7688557414000039, 2.0316383073595437e-147], "spearman": [0.7735196661223374, 2.64276067307302e-150], "nsamples": 750}, "images": {"pearson": [0.7966155480993895, 1.0973074833716158e-165], "spearman": [0.8018554511802737, 1.8663961553686842e-169], "nsamples": 750}, "all": {"pearson": {"mean": 0.7202945027071267, "wmean": 0.740868346132561}, "spearman": {"mean": 0.7184384633623442, "wmean": 0.7418784337254977}}}, "STS16": {"answer-answer": {"pearson": [0.6769674579520774, 2.1056079793502264e-35], "spearman": [0.6653621454994116, 7.623905787448777e-34], "nsamples": 254}, "headlines": {"pearson": [0.7766392311352491, 1.7444211949968756e-51], "spearman": [0.7865872938528937, 1.236044868822849e-53], "nsamples": 249}, "plagiarism": {"pearson": [0.7780709123468909, 6.206857504881968e-48], "spearman": [0.7998905535706055, 1.823768658083379e-52], "nsamples": 230}, "postediting": {"pearson": [0.8532877831702992, 2.1944830595128068e-70], "spearman": [0.8496090954194214, 3.468692000930677e-69], "nsamples": 244}, "question-question": {"pearson": [0.4426350243292614, 1.9381484361890115e-11], "spearman": [0.41821376897692614, 2.9580532676761755e-10], "nsamples": 209}, "all": {"pearson": {"mean": 0.7055200817867556, "wmean": 0.7124807351523256}, "spearman": {"mean": 0.7039325714638517, "wmean": 0.711254928706557}}}}