{"MR": {"devacc": 74.68, "acc": 74.98, "ndev": 10662, "ntest": 10662}, "CR": {"devacc": 84.66, "acc": 82.54, "ndev": 3775, "ntest": 3775}, "SUBJ": {"devacc": 91.05, "acc": 90.42, "ndev": 10000, "ntest": 10000}, "MPQA": {"devacc": 87.94, "acc": 88.53, "ndev": 10606, "ntest": 10606}, "SST5": {"devacc": 39.6, "acc": 41.04, "ndev": 1101, "ntest": 2210}, "TREC": {"devacc": 77.6, "acc": 80.0, "ndev": 5452, "ntest": 500}, "MRPC": {"devacc": 73.94, "acc": 71.88, "f1": 79.37, "ndev": 4076, "ntest": 1725}, "STS12": {"MSRpar": {"pearson": [0.6295262440242788, 4.911189280931522e-84], "spearman": [0.6229201865310783, 8.066588836562379e-82], "nsamples": 750}, "MSRvid": {"pearson": [0.7217489356373519, 1.1967871467559286e-121], "spearman": [0.7274929207858094, 1.688426597599011e-124], "nsamples": 750}, "SMTeuroparl": {"pearson": [0.5282935035090471, 2.3535537859970117e-34], "spearman": [0.5803704840908002, 1.1155626705647052e-42], "nsamples": 459}, "surprise.OnWN": {"pearson": [0.6642242739943425, 1.3105957207899575e-96], "spearman": [0.7076896311744902, 5.769109104494851e-115], "nsamples": 750}, "surprise.SMTnews": {"pearson": [0.6449819048242638, 2.6540822883895418e-48], "spearman": [0.6100879487071148, 4.803846060678863e-42], "nsamples": 399}, "all": {"pearson": {"mean": 0.6377549723978568, "wmean": 0.6471876088730739}, "spearman": {"mean": 0.6497122342578585, "wmean": 0.6606796002575127}}}, "STS13": {"FNWN": {"pearson": [0.563868711312055, 2.960751969976473e-17], "spearman": [0.5610917409642292, 4.560814131469333e-17], "nsamples": 189}, "headlines": {"pearson": [0.7532828217223312, 2.955677251586586e-138], "spearman": [0.7468946161192426, 1.0804198169363347e-134], "nsamples": 750}, "OnWN": {"pearson": [0.5967977639681433, 2.0083311798234248e-55], "spearman": [0.6040049485860635, 4.517973166223412e-57], "nsamples": 561}, "all": {"pearson": {"mean": 0.6379830990008432, "wmean": 0.6708912322105701}, "spearman": {"mean": 0.6373304352231784, "wmean": 0.6700427181923019}}}, "STS14": {"deft-forum": {"pearson": [0.35912562103594936, 3.817714777528377e-15], "spearman": [0.3411095602883546, 1.005246215915193e-13], "nsamples": 450}, "deft-news": {"pearson": [0.7853341221513603, 5.098165651717865e-64], "spearman": [0.7703578632227189, 3.4243077259935824e-60], "nsamples": 300}, "headlines": {"pearson": [0.756957791642647, 2.349825228781732e-140], "spearman": [0.732312702435615, 6.007090517961536e-127], "nsamples": 750}, "images": {"pearson": [0.7506448209243832, 9.017980535835485e-137], "spearman": [0.7524473567768795, 8.766345297822808e-138], "nsamples": 750}, "OnWN": {"pearson": [0.7104641553813332, 2.9787724571855743e-116], "spearman": [0.7486606412576583, 1.1465799672278588e-135], "nsamples": 750}, "tweet-news": {"pearson": [0.7668950334241974, 3.168072494769921e-146], "spearman": [0.7353035958865057, 1.706392475530109e-128], "nsamples": 750}, "all": {"pearson": {"mean": 0.6882369240933116, "wmean": 0.702914164570935}, "spearman": {"mean": 0.6800319533112886, "wmean": 0.6963066355637517}}}, "STS15": {"answers-forums": {"pearson": [0.6466238120562584, 8.803447674385287e-46], "spearman": [0.6328198650399627, 2.3754854934565136e-43], "nsamples": 375}, "answers-students": {"pearson": [0.7767601993702284, 2.3765285714347874e-152], "spearman": [0.7839255708236152, 5.330477677999023e-157], "nsamples": 750}, "belief": {"pearson": [0.7613816678470613, 3.36347953616244e-72], "spearman": [0.7628552056949968, 1.2358444881112102e-72], "nsamples": 375}, "headlines": {"pearson": [0.7893095344228068, 1.302570702721929e-160], "spearman": [0.7947639428431393, 2.2175958706583257e-164], "nsamples": 750}, "images": {"pearson": [0.8197846743605763, 2.913714715342961e-183], "spearman": [0.8303727476038016, 3.685222104248308e-192], "nsamples": 750}, "all": {"pearson": {"mean": 0.7587719776113863, "wmean": 0.7724642870263179}, "spearman": {"mean": 0.7609474664011031, "wmean": 0.776724949159509}}}, "STS16": {"answer-answer": {"pearson": [0.6851130497074236, 1.5341980979685295e-36], "spearman": [0.6828358828062262, 3.218169437016403e-36], "nsamples": 254}, "headlines": {"pearson": [0.8062592411076533, 3.0330289346284924e-58], "spearman": [0.8141707780744659, 2.991490329197256e-60], "nsamples": 249}, "plagiarism": {"pearson": [0.8050260799940252, 1.2945163150450362e-53], "spearman": [0.8270041075082268, 6.004908844044111e-59], "nsamples": 230}, "postediting": {"pearson": [0.8681317697398597, 1.4050376373431134e-75], "spearman": [0.8684206088855619, 1.0975905725988166e-75], "nsamples": 244}, "question-question": {"pearson": [0.48963741388696386, 5.3271512898008964e-14], "spearman": [0.46227830993304997, 1.8386726227059008e-12], "nsamples": 209}, "all": {"pearson": {"mean": 0.7308335108871853, "wmean": 0.737008124265614}, "spearman": {"mean": 0.7309419374415062, "wmean": 0.7376817690086848}}}}