{"MR": {"devacc": 75.94, "acc": 76.68, "ndev": 10662, "ntest": 10662}, "CR": {"devacc": 85.77, "acc": 84.87, "ndev": 3775, "ntest": 3775}, "SUBJ": {"devacc": 91.91, "acc": 91.19, "ndev": 10000, "ntest": 10000}, "MPQA": {"devacc": 88.86, "acc": 88.88, "ndev": 10606, "ntest": 10606}, "SST5": {"devacc": 41.42, "acc": 41.86, "ndev": 1101, "ntest": 2210}, "TREC": {"devacc": 80.54, "acc": 88.0, "ndev": 5452, "ntest": 500}, "MRPC": {"devacc": 74.48, "acc": 68.87, "f1": 73.77, "ndev": 4076, "ntest": 1725}, "STS12": {"MSRpar": {"pearson": [0.6541776785889469, 8.494431190805767e-93], "spearman": [0.6406693218280655, 6.762776062490525e-88], "nsamples": 750}, "MSRvid": {"pearson": [0.7412145887759634, 1.2961851718087696e-131], "spearman": [0.743931029518881, 4.4699932181960396e-133], "nsamples": 750}, "SMTeuroparl": {"pearson": [0.5580499390668863, 6.246307775512003e-39], "spearman": [0.6092329026739974, 5.637056746894561e-48], "nsamples": 459}, "surprise.OnWN": {"pearson": [0.6649541835887695, 6.835193657414257e-97], "spearman": [0.7071639464487433, 1.0075419874670347e-114], "nsamples": 750}, "surprise.SMTnews": {"pearson": [0.6779646567458707, 5.105446682994655e-55], "spearman": [0.6331597885572768, 4.305369996264406e-46], "nsamples": 399}, "all": {"pearson": {"mean": 0.6592722093532875, "wmean": 0.6666385644429096}, "spearman": {"mean": 0.6668313978053928, "wmean": 0.6760269888379942}}}, "STS13": {"FNWN": {"pearson": [0.5896477018127635, 4.389711947448262e-19], "spearman": [0.6001667960892244, 7.051804125156796e-20], "nsamples": 189}, "headlines": {"pearson": [0.769489556213232, 8.311582986957138e-148], "spearman": [0.7628803099320008, 8.076058770846907e-144], "nsamples": 750}, "OnWN": {"pearson": [0.5787916992674308, 1.7485372704809976e-51], "spearman": [0.5865109985971939, 3.8354826207960354e-53], "nsamples": 561}, "all": {"pearson": {"mean": 0.6459763190978087, "wmean": 0.6755084840610432}, "spearman": {"mean": 0.649852701539473, "wmean": 0.6764162847485933}}}, "STS14": {"deft-forum": {"pearson": [0.3866745596128801, 1.6922491256137653e-17], "spearman": [0.37333116663841925, 2.4911014211832996e-16], "nsamples": 450}, "deft-news": {"pearson": [0.79924218212031, 7.370991714583287e-68], "spearman": [0.7840979620888832, 1.0835159757011022e-63], "nsamples": 300}, "headlines": {"pearson": [0.7555820728915401, 1.45009636101658e-139], "spearman": [0.7357553881168353, 9.92259386443707e-129], "nsamples": 750}, "images": {"pearson": [0.7619145075157134, 3.0127585383020895e-143], "spearman": [0.7575166066423806, 1.118100628915784e-140], "nsamples": 750}, "OnWN": {"pearson": [0.7003985285819221, 1.1811453692579142e-111], "spearman": [0.7442481711188073, 3.0086267928743757e-133], "nsamples": 750}, "tweet-news": {"pearson": [0.7694822435324904, 8.397873037630386e-148], "spearman": [0.7450506981286154, 1.1018868513055944e-133], "nsamples": 750}, "all": {"pearson": {"mean": 0.6955490157091426, "wmean": 0.7078157922275037}, "spearman": {"mean": 0.6899999987889901, "wmean": 0.7040417497650487}}}, "STS15": {"answers-forums": {"pearson": [0.6773882667987002, 1.1133140338597508e-51], "spearman": [0.6670336029920573, 1.2897683473337822e-49], "nsamples": 375}, "answers-students": {"pearson": [0.7913117561572937, 5.551591631349668e-162], "spearman": [0.7963507286846633, 1.689975633155361e-165], "nsamples": 750}, "belief": {"pearson": [0.7743534559941129, 3.8594099692526944e-76], "spearman": [0.7786606979304134, 1.6575984246911694e-77], "nsamples": 375}, "headlines": {"pearson": [0.794315473872845, 4.571631239950374e-164], "spearman": [0.7971266455884437, 4.7595570840830754e-166], "nsamples": 750}, "images": {"pearson": [0.8251069943476589, 1.1662484642532306e-187], "spearman": [0.833416494068783, 7.829953678624822e-195], "nsamples": 750}, "all": {"pearson": {"mean": 0.7724951894341221, "wmean": 0.784151271443551}, "spearman": {"mean": 0.7745176338528721, "wmean": 0.7874352547007815}}}, "STS16": {"answer-answer": {"pearson": [0.7029536527587686, 3.627076178821108e-39], "spearman": [0.6933464309192058, 9.94614340933088e-38], "nsamples": 254}, "headlines": {"pearson": [0.8039577191950834, 1.1171669898023177e-57], "spearman": [0.8108348744593498, 2.153902248042784e-59], "nsamples": 249}, "plagiarism": {"pearson": [0.8117852339827575, 3.521843821402541e-55], "spearman": [0.8331411485716477, 1.422648011552561e-60], "nsamples": 230}, "postediting": {"pearson": [0.864025358429258, 4.421131383728259e-74], "spearman": [0.8624468595837196, 1.6155592402002827e-73], "nsamples": 244}, "question-question": {"pearson": [0.5125598170806709, 2.128842817714401e-15], "spearman": [0.4913107437762542, 4.2453548915476435e-14], "nsamples": 209}, "all": {"pearson": {"mean": 0.7390563562893077, "wmean": 0.7448511744712786}, "spearman": {"mean": 0.7382160114620354, "wmean": 0.7443097137883643}}}}