{"MR": {"devacc": 75.67, "acc": 75.73, "ndev": 10662, "ntest": 10662}, "CR": {"devacc": 84.87, "acc": 84.21, "ndev": 3775, "ntest": 3775}, "SUBJ": {"devacc": 91.9, "acc": 91.51, "ndev": 10000, "ntest": 10000}, "MPQA": {"devacc": 88.87, "acc": 88.88, "ndev": 10606, "ntest": 10606}, "SST5": {"devacc": 42.23, "acc": 40.14, "ndev": 1101, "ntest": 2210}, "TREC": {"devacc": 81.42, "acc": 85.6, "ndev": 5452, "ntest": 500}, "MRPC": {"devacc": 74.9, "acc": 73.39, "f1": 80.75, "ndev": 4076, "ntest": 1725}, "STS12": {"MSRpar": {"pearson": [0.6444900917169873, 2.9447440659072255e-89], "spearman": [0.631410049215062, 1.120832730711403e-84], "nsamples": 750}, "MSRvid": {"pearson": [0.7273405259406055, 2.013964830051939e-124], "spearman": [0.7312106947616508, 2.2042142410501868e-126], "nsamples": 750}, "SMTeuroparl": {"pearson": [0.5577289445243125, 7.038389584264367e-39], "spearman": [0.5966451796337942, 1.3396537671702166e-45], "nsamples": 459}, "surprise.OnWN": {"pearson": [0.6672867262969359, 8.431218272665945e-98], "spearman": [0.7080461578345703, 3.9497428457599464e-115], "nsamples": 750}, "surprise.SMTnews": {"pearson": [0.6779057728589438, 5.257839153438996e-55], "spearman": [0.648488799510909, 5.615360869749226e-49], "nsamples": 399}, "all": {"pearson": {"mean": 0.654950412267557, "wmean": 0.6614607454547216}, "spearman": {"mean": 0.6631601761911973, "wmean": 0.6710448342391334}}}, "STS13": {"FNWN": {"pearson": [0.6370312185442871, 6.608127652709521e-23], "spearman": [0.6518297226627489, 3.0586092263753446e-24], "nsamples": 189}, "headlines": {"pearson": [0.7586341536099714, 2.5163980793256458e-141], "spearman": [0.7531762518973274, 3.39617578377343e-138], "nsamples": 750}, "OnWN": {"pearson": [0.5949429443204381, 5.250626704022538e-55], "spearman": [0.599364682697515, 5.256728374789176e-56], "nsamples": 561}, "all": {"pearson": {"mean": 0.6635361054915656, "wmean": 0.6820916715174097}, "spearman": {"mean": 0.6681235524191971, "wmean": 0.6828810623330407}}}, "STS14": {"deft-forum": {"pearson": [0.408328534895524, 1.6447635127549756e-19], "spearman": [0.38614098763758486, 1.888871712983741e-17], "nsamples": 450}, "deft-news": {"pearson": [0.7887607317039216, 6.142661329384103e-65], "spearman": [0.7686177875268079, 9.128297787130372e-60], "nsamples": 300}, "headlines": {"pearson": [0.7596775681565688, 6.206432610674928e-142], "spearman": [0.7379281634008702, 7.202111709028675e-130], "nsamples": 750}, "images": {"pearson": [0.7602025123653048, 3.060624738649918e-142], "spearman": [0.7565543813353622, 4.0118511600999846e-140], "nsamples": 750}, "OnWN": {"pearson": [0.7025307022733296, 1.3015541410797978e-112], "spearman": [0.7451932766270634, 9.214328350457802e-134], "nsamples": 750}, "tweet-news": {"pearson": [0.7738046051734679, 1.7519125517286676e-150], "spearman": [0.7386051999474327, 3.163530708918447e-130], "nsamples": 750}, "all": {"pearson": {"mean": 0.6988841090946861, "wmean": 0.7113433603175108}, "spearman": {"mean": 0.688839966079187, "wmean": 0.7034825457808004}}}, "STS15": {"answers-forums": {"pearson": [0.676887207102653, 1.4074635649479297e-51], "spearman": [0.6785187777293525, 6.54853498017116e-52], "nsamples": 375}, "answers-students": {"pearson": [0.7897271005012381, 6.764603742085101e-161], "spearman": [0.7967004147976524, 9.553544641754787e-166], "nsamples": 750}, "belief": {"pearson": [0.7743170418447244, 3.962312477903412e-76], "spearman": [0.7770816942321958, 5.298824888018499e-77], "nsamples": 375}, "headlines": {"pearson": [0.7938146367737866, 1.0233488726950345e-163], "spearman": [0.7969071054158566, 6.815805922788802e-166], "nsamples": 750}, "images": {"pearson": [0.8271488251562558, 2.187229343758208e-189], "spearman": [0.8370546266551655, 4.238559596221009e-198], "nsamples": 750}, "all": {"pearson": {"mean": 0.7723789622757316, "wmean": 0.7840731717262422}, "spearman": {"mean": 0.7772525237660446, "wmean": 0.7896155957123623}}}, "STS16": {"answer-answer": {"pearson": [0.7033110800930737, 3.198448820939249e-39], "spearman": [0.6961904747029506, 3.7831905067851595e-38], "nsamples": 254}, "headlines": {"pearson": [0.7985450512893729, 2.241949605200912e-56], "spearman": [0.8068847234509595, 2.1216542924681783e-58], "nsamples": 249}, "plagiarism": {"pearson": [0.8296813039300682, 1.1952002499916212e-59], "spearman": [0.8555794626852607, 3.925708752982624e-67], "nsamples": 230}, "postediting": {"pearson": [0.8617521067666084, 2.8432307160790766e-73], "spearman": [0.8597993072984711, 1.3700178880967852e-72], "nsamples": 244}, "question-question": {"pearson": [0.4719401500258184, 5.456396019201197e-13], "spearman": [0.4506945780351226, 7.509235640240692e-12], "nsamples": 209}, "all": {"pearson": {"mean": 0.7330459384209884, "wmean": 0.7396361192454122}, "spearman": {"mean": 0.7338297092345529, "wmean": 0.7407387444533018}}}}