{"MR": {"devacc": 73.16, "acc": 72.6, "ndev": 10662, "ntest": 10662}, "CR": {"devacc": 81.2, "acc": 79.63, "ndev": 3775, "ntest": 3775}, "SUBJ": {"devacc": 88.66, "acc": 88.48, "ndev": 10000, "ntest": 10000}, "MPQA": {"devacc": 85.81, "acc": 85.89, "ndev": 10606, "ntest": 10606}, "SST5": {"devacc": 39.06, "acc": 40.63, "ndev": 1101, "ntest": 2210}, "TREC": {"devacc": 67.46, "acc": 78.0, "ndev": 5452, "ntest": 500}, "MRPC": {"devacc": 73.26, "acc": 69.45, "f1": 76.03, "ndev": 4076, "ntest": 1725}, "STS12": {"MSRpar": {"pearson": [0.6207567665975149, 4.1758961472128594e-81], "spearman": [0.6221979986981162, 1.398552352911115e-81], "nsamples": 750}, "MSRvid": {"pearson": [0.7202532850212349, 6.434097864109151e-121], "spearman": [0.7271568342743681, 2.4904472720961605e-124], "nsamples": 750}, "SMTeuroparl": {"pearson": [0.5465280077116108, 4.187695131736106e-37], "spearman": [0.573186199382485, 1.9287757274872985e-41], "nsamples": 459}, "surprise.OnWN": {"pearson": [0.6521094458258178, 4.963719785893509e-92], "spearman": [0.6837657647238801, 1.8278855760134935e-104], "nsamples": 750}, "surprise.SMTnews": {"pearson": [0.6086591580955322, 8.344110636525089e-42], "spearman": [0.5620703658312801, 1.31365980407354e-34], "nsamples": 399}, "all": {"pearson": {"mean": 0.6296613326503421, "wmean": 0.6398169185016642}, "spearman": {"mean": 0.6336754325820259, "wmean": 0.6474256723795092}}}, "STS13": {"FNWN": {"pearson": [0.45847992013323674, 3.262321952622886e-11], "spearman": [0.4655552085168472, 1.4778962582272048e-11], "nsamples": 189}, "headlines": {"pearson": [0.7456408535712487, 5.251664697316297e-134], "spearman": [0.7373114367168682, 1.5203934111422528e-129], "nsamples": 750}, "OnWN": {"pearson": [0.5149200858733747, 2.617720107541556e-39], "spearman": [0.5209660636837611, 2.365696815429857e-40], "nsamples": 561}, "all": {"pearson": {"mean": 0.5730136198592867, "wmean": 0.6231690088390542}, "spearman": {"mean": 0.5746109029724922, "wmean": 0.6221569824492835}}}, "STS14": {"deft-forum": {"pearson": [0.36136195395547477, 2.506527173403596e-15], "spearman": [0.3521854849954197, 1.379731506185661e-14], "nsamples": 450}, "deft-news": {"pearson": [0.7764230572815878, 1.0482366186135743e-61], "spearman": [0.7550969248063794, 1.400833460894155e-56], "nsamples": 300}, "headlines": {"pearson": [0.7226036799181342, 4.5541187190880747e-122], "spearman": [0.7002116398522177, 1.431706425982172e-111], "nsamples": 750}, "images": {"pearson": [0.7216725567151248, 1.30447672421041e-121], "spearman": [0.7257144430630955, 1.3117169073061426e-123], "nsamples": 750}, "OnWN": {"pearson": [0.6654883342832444, 4.2398353643846844e-97], "spearman": [0.7131035066664488, 1.719655073271396e-117], "nsamples": 750}, "tweet-news": {"pearson": [0.7220321589575561, 8.692627023990087e-122], "spearman": [0.6839494432250984, 1.531726801352194e-104], "nsamples": 750}, "all": {"pearson": {"mean": 0.6615969568518536, "wmean": 0.6718366250319958}, "spearman": {"mean": 0.65504357376811, "wmean": 0.6672658187453329}}}, "STS15": {"answers-forums": {"pearson": [0.5614812848419953, 1.5465927862235868e-32], "spearman": [0.5516848152008541, 2.996838421270014e-31], "nsamples": 375}, "answers-students": {"pearson": [0.7662134295310594, 8.180009644486242e-146], "spearman": [0.76842540716214, 3.721214211977669e-147], "nsamples": 750}, "belief": {"pearson": [0.7008376724990457, 1.1072549227869063e-56], "spearman": [0.6942505151133421, 3.148321727585139e-55], "nsamples": 375}, "headlines": {"pearson": [0.765886558389864, 1.2876999409595433e-145], "spearman": [0.7645151445232523, 8.572322747948325e-145], "nsamples": 750}, "images": {"pearson": [0.789095502542836, 1.821406357792777e-160], "spearman": [0.7973335566636779, 3.3916471772437607e-166], "nsamples": 750}, "all": {"pearson": {"mean": 0.71670288956096, "wmean": 0.73808874228357}, "spearman": {"mean": 0.7152418877326533, "wmean": 0.7383104433765421}}}, "STS16": {"answer-answer": {"pearson": [0.6599596977228053, 3.839044219055425e-33], "spearman": [0.6478235183895603, 1.2869774445379425e-31], "nsamples": 254}, "headlines": {"pearson": [0.7639761598543844, 6.6487012734364905e-49], "spearman": [0.7714032498312708, 2.133273283680289e-50], "nsamples": 249}, "plagiarism": {"pearson": [0.7854893033122836, 2.049742186506043e-49], "spearman": [0.8026004242423175, 4.560034216661997e-53], "nsamples": 230}, "postediting": {"pearson": [0.8539408223974698, 1.3337929154388611e-70], "spearman": [0.8496618789203275, 3.3357371435614846e-69], "nsamples": 244}, "question-question": {"pearson": [0.40643731361850316, 1.0203558522472424e-09], "spearman": [0.3934752443447481, 3.7750190030756645e-09], "nsamples": 209}, "all": {"pearson": {"mean": 0.6939606593810892, "wmean": 0.7013737993241225}, "spearman": {"mean": 0.6929928631456448, "wmean": 0.7004877782287352}}}}