{"MR": {"devacc": 79.03, "acc": 78.81, "ndev": 10662, "ntest": 10662}, "CR": {"devacc": 86.89, "acc": 86.25, "ndev": 3775, "ntest": 3775}, "SUBJ": {"devacc": 93.04, "acc": 92.76, "ndev": 10000, "ntest": 10000}, "MPQA": {"devacc": 89.59, "acc": 89.66, "ndev": 10606, "ntest": 10606}, "SST5": {"devacc": 46.32, "acc": 46.61, "ndev": 1101, "ntest": 2210}, "TREC": {"devacc": 86.83, "acc": 90.6, "ndev": 5452, "ntest": 500}, "MRPC": {"devacc": 75.86, "acc": 73.97, "f1": 82.12, "ndev": 4076, "ntest": 1725}, "STS12": {"MSRpar": {"pearson": [0.6594883548342966, 8.562458424471972e-95], "spearman": [0.6558754826836364, 1.973558048196584e-93], "nsamples": 750}, "MSRvid": {"pearson": [0.7259620257737384, 9.86993578236498e-124], "spearman": [0.736938821364772, 2.3854311889837285e-129], "nsamples": 750}, "SMTeuroparl": {"pearson": [0.574129830997322, 1.3318061650792005e-41], "spearman": [0.5978193326334088, 8.124644327623288e-46], "nsamples": 459}, "surprise.OnWN": {"pearson": [0.7046131331368867, 1.4813945034464303e-113], "spearman": [0.7179640122757948, 8.26706587861513e-120], "nsamples": 750}, "surprise.SMTnews": {"pearson": [0.7445143279221448, 1.1592678722090237e-71], "spearman": [0.6298128736305652, 1.7473992591609052e-45], "nsamples": 399}, "all": {"pearson": {"mean": 0.6817415345328777, "wmean": 0.6847279422707201}, "spearman": {"mean": 0.6676821045176353, "wmean": 0.6785000474583277}}}, "STS13": {"FNWN": {"pearson": [0.6530899879900476, 2.33574222400651e-24], "spearman": [0.6660150216367375, 1.3632159382156448e-25], "nsamples": 189}, "headlines": {"pearson": [0.7697627881710656, 5.6489212545913946e-148], "spearman": [0.7655327023711389, 2.102717036700123e-145], "nsamples": 750}, "OnWN": {"pearson": [0.5907564836335171, 4.49106214133322e-54], "spearman": [0.599817255869414, 4.145104573986733e-56], "nsamples": 561}, "all": {"pearson": {"mean": 0.67120308659821, "wmean": 0.6881136574512141}, "spearman": {"mean": 0.6771216599590968, "wmean": 0.6910158976069593}}}, "STS14": {"deft-forum": {"pearson": [0.40892759708426024, 1.4398191681058497e-19], "spearman": [0.3905734571203527, 7.533163409054732e-18], "nsamples": 450}, "deft-news": {"pearson": [0.8061454099552924, 7.03669864835782e-70], "spearman": [0.7865037536208738, 2.4866292981199545e-64], "nsamples": 300}, "headlines": {"pearson": [0.7658919432483096, 1.2781179003041344e-145], "spearman": [0.7434233551270771, 8.414213143983217e-133], "nsamples": 750}, "images": {"pearson": [0.7797187309749617, 3.003014886151917e-154], "spearman": [0.7672468171143784, 1.9392164818318392e-146], "nsamples": 750}, "OnWN": {"pearson": [0.7168871458611804, 2.7236258710543125e-119], "spearman": [0.7586537736589515, 2.4511872081722454e-141], "nsamples": 750}, "tweet-news": {"pearson": [0.8036597733296947, 8.846191605399553e-171], "spearman": [0.7505859112403148, 9.728497525201342e-137], "nsamples": 750}, "all": {"pearson": {"mean": 0.7135384334089498, "wmean": 0.7267944631293639}, "spearman": {"mean": 0.6994978446469914, "wmean": 0.7137710865722565}}}, "STS15": {"answers-forums": {"pearson": [0.698229558935267, 4.213269469440424e-56], "spearman": [0.6936757837379313, 4.198201029840779e-55], "nsamples": 375}, "answers-students": {"pearson": [0.7985122573605915, 4.884661791180677e-167], "spearman": [0.8043295518732191, 2.8292200867843845e-171], "nsamples": 750}, "belief": {"pearson": [0.7876545222620427, 1.8330126884146954e-80], "spearman": [0.7931829842071121, 2.3635761303255167e-82], "nsamples": 375}, "headlines": {"pearson": [0.8051168801746512, 7.365861338601682e-172], "spearman": [0.8062524703357168, 1.0460024503390237e-172], "nsamples": 750}, "images": {"pearson": [0.8318589708978957, 1.854054994284363e-193], "spearman": [0.841389226363881, 4.250948010303937e-202], "nsamples": 750}, "all": {"pearson": {"mean": 0.7842744379260898, "wmean": 0.7946075372579482}, "spearman": {"mean": 0.787766003303572, "wmean": 0.7988501581363346}}}, "STS16": {"answer-answer": {"pearson": [0.7162148475818846, 2.998360606567401e-41], "spearman": [0.7056677711537751, 1.3892058364607759e-39], "nsamples": 254}, "headlines": {"pearson": [0.7965213441094865, 6.720996610832802e-56], "spearman": [0.8147828170484586, 2.0735485267040753e-60], "nsamples": 249}, "plagiarism": {"pearson": [0.8423471876498373, 3.8599380796683355e-63], "spearman": [0.846501653979183, 2.3648991938083888e-64], "nsamples": 230}, "postediting": {"pearson": [0.8464637316738614, 3.4676654946619343e-68], "spearman": [0.8681005566789276, 1.4429867908039828e-75], "nsamples": 244}, "question-question": {"pearson": [0.49627406885565073, 2.1494623325110347e-14], "spearman": [0.4783669098313928, 2.38055651984631e-13], "nsamples": 209}, "all": {"pearson": {"mean": 0.7395642359741441, "wmean": 0.7455739207822737}, "spearman": {"mean": 0.7426839417383474, "wmean": 0.7492505360183445}}}}