{"MR": {"devacc": 74.19, "acc": 72.13, "ndev": 10662, "ntest": 10662}, "CR": {"devacc": 82.65, "acc": 82.44, "ndev": 3775, "ntest": 3775}, "SUBJ": {"devacc": 89.9, "acc": 89.6, "ndev": 10000, "ntest": 10000}, "MPQA": {"devacc": 86.79, "acc": 86.6, "ndev": 10606, "ntest": 10606}, "SST5": {"devacc": 40.24, "acc": 41.4, "ndev": 1101, "ntest": 2210}, "TREC": {"devacc": 73.99, "acc": 85.2, "ndev": 5452, "ntest": 500}, "MRPC": {"devacc": 73.55, "acc": 72.0, "f1": 79.83, "ndev": 4076, "ntest": 1725}, "STS12": {"MSRpar": {"pearson": [0.6554521166361216, 2.842497937474867e-93], "spearman": [0.6280450250221433, 1.558137618262439e-83], "nsamples": 750}, "MSRvid": {"pearson": [0.7421547262748914, 4.061110258460549e-132], "spearman": [0.7449548303284966, 1.242608422651722e-133], "nsamples": 750}, "SMTeuroparl": {"pearson": [0.5275167796684808, 3.056161946864273e-34], "spearman": [0.5684354039070085, 1.2223546653753635e-40], "nsamples": 459}, "surprise.OnWN": {"pearson": [0.6541958028675576, 8.363520663350075e-93], "spearman": [0.6884538485125532, 1.926024470371635e-106], "nsamples": 750}, "surprise.SMTnews": {"pearson": [0.6194115065177743, 1.2201587497582191e-43], "spearman": [0.5917045263984102, 4.745879090989239e-39], "nsamples": 399}, "all": {"pearson": {"mean": 0.6397461863929652, "wmean": 0.6525506361976682}, "spearman": {"mean": 0.6443187268337224, "wmean": 0.657365583759227}}}, "STS13": {"FNWN": {"pearson": [0.5581125092921411, 7.217894357916781e-17], "spearman": [0.5523740452940572, 1.7252705440924746e-16], "nsamples": 189}, "headlines": {"pearson": [0.7552682901932182, 2.192456341740635e-139], "spearman": [0.7489125092537819, 8.31386401271497e-136], "nsamples": 750}, "OnWN": {"pearson": [0.5878165359450075, 1.9899692892776506e-53], "spearman": [0.5925662374258521, 1.7826746107590576e-54], "nsamples": 561}, "all": {"pearson": {"mean": 0.6337324451434556, "wmean": 0.6677997057108517}, "spearman": {"mean": 0.6312842639912305, "wmean": 0.665675157131211}}}, "STS14": {"deft-forum": {"pearson": [0.4020427065711281, 6.539622977384607e-19], "spearman": [0.3871671093295152, 1.5286881340990596e-17], "nsamples": 450}, "deft-news": {"pearson": [0.789098657846047, 4.975019546572578e-65], "spearman": [0.7705218995220137, 3.1205941853885086e-60], "nsamples": 300}, "headlines": {"pearson": [0.7404903109999499, 3.1584139749470994e-131], "spearman": [0.7217323646755169, 1.2193725015817702e-121], "nsamples": 750}, "images": {"pearson": [0.7469820329630892, 9.673013211929377e-135], "spearman": [0.7423753417606048, 3.0906542042138176e-132], "nsamples": 750}, "OnWN": {"pearson": [0.6863211741251151, 1.5445596996297492e-105], "spearman": [0.7208670129112165, 3.230904874856195e-121], "nsamples": 750}, "tweet-news": {"pearson": [0.7423069404625663, 3.363824410451166e-132], "spearman": [0.7038405755089576, 3.324835346876656e-113], "nsamples": 750}, "all": {"pearson": {"mean": 0.6845403038279826, "wmean": 0.6945931091263632}, "spearman": {"mean": 0.6744173839513041, "wmean": 0.6858648640525622}}}, "STS15": {"answers-forums": {"pearson": [0.5858474433143714, 6.23703543587778e-36], "spearman": [0.5746730826774862, 2.4371431443526376e-34], "nsamples": 375}, "answers-students": {"pearson": [0.76615230843174, 8.90484631851038e-146], "spearman": [0.7743429848269715, 8.043469626892589e-151], "nsamples": 750}, "belief": {"pearson": [0.729643836201168, 1.5371247018679562e-63], "spearman": [0.7241692678476986, 3.6050924319287087e-62], "nsamples": 375}, "headlines": {"pearson": [0.7798332826682145, 2.5319820827780344e-154], "spearman": [0.7811973930340108, 3.2934675639045904e-155], "nsamples": 750}, "images": {"pearson": [0.798579555088906, 4.371350541337154e-167], "spearman": [0.8061748081655027, 1.1958719646016909e-172], "nsamples": 750}, "all": {"pearson": {"mean": 0.73201128514088, "wmean": 0.7505776964866575}, "spearman": {"mean": 0.7321115073103339, "wmean": 0.7527840903222692}}}, "STS16": {"answer-answer": {"pearson": [0.7024299794542073, 4.359435492822615e-39], "spearman": [0.7007955771498903, 7.71968242428693e-39], "nsamples": 254}, "headlines": {"pearson": [0.7846987367233902, 3.227653276315088e-53], "spearman": [0.7928595278811087, 4.7491696353887624e-55], "nsamples": 249}, "plagiarism": {"pearson": [0.7874492902897525, 8.137695001867439e-50], "spearman": [0.8051184690809025, 1.2334642134000486e-53], "nsamples": 230}, "postediting": {"pearson": [0.8531665543819681, 2.406355129817896e-70], "spearman": [0.8502410650895939, 2.1702517440384388e-69], "nsamples": 244}, "question-question": {"pearson": [0.43388100015944925, 5.27926517293443e-11], "spearman": [0.4120519870105372, 5.688172407093695e-10], "nsamples": 209}, "all": {"pearson": {"mean": 0.7123251122017535, "wmean": 0.719877154548618}, "spearman": {"mean": 0.7122133252424064, "wmean": 0.7202184081738101}}}}