{"MR": {"devacc": 74.57, "acc": 75.37, "ndev": 10662, "ntest": 10662}, "CR": {"devacc": 83.85, "acc": 84.05, "ndev": 3775, "ntest": 3775}, "SUBJ": {"devacc": 91.25, "acc": 91.1, "ndev": 10000, "ntest": 10000}, "MPQA": {"devacc": 87.75, "acc": 87.24, "ndev": 10606, "ntest": 10606}, "SST5": {"devacc": 38.24, "acc": 41.27, "ndev": 1101, "ntest": 2210}, "TREC": {"devacc": 78.81, "acc": 86.4, "ndev": 5452, "ntest": 500}, "MRPC": {"devacc": 74.56, "acc": 69.51, "f1": 75.65, "ndev": 4076, "ntest": 1725}, "STS12": {"MSRpar": {"pearson": [0.6396864443800852, 1.5035966222101133e-87], "spearman": [0.6370365422153084, 1.2775967524434228e-86], "nsamples": 750}, "MSRvid": {"pearson": [0.7190241296470783, 2.5423455770335558e-120], "spearman": [0.7233268408972322, 2.005183773484419e-122], "nsamples": 750}, "SMTeuroparl": {"pearson": [0.49589911243164336, 7.30992700210492e-30], "spearman": [0.5245093295184635, 8.350346546856718e-34], "nsamples": 459}, "surprise.OnWN": {"pearson": [0.6479425779144746, 1.6683904110137469e-90], "spearman": [0.6981388320696285, 1.1972379749482274e-110], "nsamples": 750}, "surprise.SMTnews": {"pearson": [0.6558899374303311, 1.9778120025251983e-50], "spearman": [0.5995258807990373, 2.6658844870899104e-40], "nsamples": 399}, "all": {"pearson": {"mean": 0.6316884403607226, "wmean": 0.6416691253529778}, "spearman": {"mean": 0.636507485099934, "wmean": 0.6511702928167366}}}, "STS13": {"FNWN": {"pearson": [0.589202893582777, 4.735682715434828e-19], "spearman": [0.6095936676156516, 1.2923805129473798e-20], "nsamples": 189}, "headlines": {"pearson": [0.7541934844634147, 8.991540431043409e-139], "spearman": [0.7514618456772402, 3.143072360804938e-137], "nsamples": 750}, "OnWN": {"pearson": [0.5690065852517859, 1.9186024997100377e-49], "spearman": [0.5762466399979186, 6.025198296869642e-51], "nsamples": 561}, "all": {"pearson": {"mean": 0.6374676544326592, "wmean": 0.6641447697073052}, "spearman": {"mean": 0.64576738443027, "wmean": 0.6680559683174138}}}, "STS14": {"deft-forum": {"pearson": [0.38616265762272073, 1.8804654957024166e-17], "spearman": [0.37196128802975187, 3.260449219318194e-16], "nsamples": 450}, "deft-news": {"pearson": [0.7854924719089598, 4.627167191526064e-64], "spearman": [0.7686600763963682, 8.914265108680859e-60], "nsamples": 300}, "headlines": {"pearson": [0.7535668047840179, 2.0404815406497236e-138], "spearman": [0.7318968598379773, 9.818425710055273e-127], "nsamples": 750}, "images": {"pearson": [0.7601196502116132, 3.4223742975721836e-142], "spearman": [0.7527972563763907, 5.56293165471385e-138], "nsamples": 750}, "OnWN": {"pearson": [0.6931968616382059, 1.7600144622284063e-108], "spearman": [0.7333807234570653, 1.693552018602863e-127], "nsamples": 750}, "tweet-news": {"pearson": [0.7689064099891129, 1.8917404565081476e-147], "spearman": [0.7419604895510267, 5.163668794644445e-132], "nsamples": 750}, "all": {"pearson": {"mean": 0.691240809359105, "wmean": 0.7043368619920333}, "spearman": {"mean": 0.6834427822747634, "wmean": 0.6981352265197717}}}, "STS15": {"answers-forums": {"pearson": [0.6495110766042426, 2.631134546236518e-46], "spearman": [0.6365219632048028, 5.443764313764902e-44], "nsamples": 375}, "answers-students": {"pearson": [0.7930459667331429, 3.509406579697415e-163], "spearman": [0.8019933475882135, 1.4800675926893886e-169], "nsamples": 750}, "belief": {"pearson": [0.7502803725583955, 5.060255869323549e-69], "spearman": [0.7520566940012384, 1.6110543506227278e-69], "nsamples": 375}, "headlines": {"pearson": [0.7861308897119301, 1.8194273959861151e-158], "spearman": [0.7896517274227074, 7.614735689871421e-161], "nsamples": 750}, "images": {"pearson": [0.8186340813161394, 2.489120128527918e-182], "spearman": [0.8281970001413901, 2.7831877508653837e-190], "nsamples": 750}, "all": {"pearson": {"mean": 0.75952047738477, "wmean": 0.7744266655856329}, "spearman": {"mean": 0.7616841464716705, "wmean": 0.778532850938833}}}, "STS16": {"answer-answer": {"pearson": [0.7141296424560952, 6.489566075460834e-41], "spearman": [0.7205558869203021, 5.874951999242608e-42], "nsamples": 254}, "headlines": {"pearson": [0.8003653250709934, 8.261762928142576e-57], "spearman": [0.8079995296228623, 1.1185185460557218e-58], "nsamples": 249}, "plagiarism": {"pearson": [0.8184181769796003, 8.870226703965815e-57], "spearman": [0.8411218068688145, 8.661579370116155e-63], "nsamples": 230}, "postediting": {"pearson": [0.8624265956520553, 1.6424876496975633e-73], "spearman": [0.862957099881731, 1.0645674647609487e-73], "nsamples": 244}, "question-question": {"pearson": [0.4831881409800446, 1.263166134634908e-13], "spearman": [0.45182789986324884, 6.558718293116352e-12], "nsamples": 209}, "all": {"pearson": {"mean": 0.7357055762277578, "wmean": 0.7422719111600037}, "spearman": {"mean": 0.7368924446313918, "wmean": 0.7442366418012126}}}}