{"MR": {"devacc": 73.42, "acc": 74.95, "ndev": 10662, "ntest": 10662}, "CR": {"devacc": 83.28, "acc": 81.72, "ndev": 3775, "ntest": 3775}, "SUBJ": {"devacc": 90.27, "acc": 90.04, "ndev": 10000, "ntest": 10000}, "MPQA": {"devacc": 87.6, "acc": 87.53, "ndev": 10606, "ntest": 10606}, "SST5": {"devacc": 41.69, "acc": 41.27, "ndev": 1101, "ntest": 2210}, "TREC": {"devacc": 76.76, "acc": 84.8, "ndev": 5452, "ntest": 500}, "MRPC": {"devacc": 72.72, "acc": 71.48, "f1": 81.55, "ndev": 4076, "ntest": 1725}, "STS12": {"MSRpar": {"pearson": [0.6173186425349754, 5.547576609150161e-80], "spearman": [0.602456762930353, 2.778086849883534e-75], "nsamples": 750}, "MSRvid": {"pearson": [0.7401563357768758, 4.757657991759533e-131], "spearman": [0.7476275316601716, 4.2685679487311523e-135], "nsamples": 750}, "SMTeuroparl": {"pearson": [0.5403703257856224, 3.710009643186295e-36], "spearman": [0.5813321149800543, 7.576641355001443e-43], "nsamples": 459}, "surprise.OnWN": {"pearson": [0.6575376321273948, 4.684734048037734e-94], "spearman": [0.696012683705153, 1.0376190932649435e-109], "nsamples": 750}, "surprise.SMTnews": {"pearson": [0.6163918161341378, 4.06354790824548e-43], "spearman": [0.5915290011391434, 5.058119425024388e-39], "nsamples": 399}, "all": {"pearson": {"mean": 0.6343549504718012, "wmean": 0.6451833243251468}, "spearman": {"mean": 0.6437916188829751, "wmean": 0.6555419066770017}}}, "STS13": {"FNWN": {"pearson": [0.5061085032226526, 1.0936246889543259e-13], "spearman": [0.5055557450323457, 1.1744643213729985e-13], "nsamples": 189}, "headlines": {"pearson": [0.7390697272264164, 1.7963307409591286e-130], "spearman": [0.7349888026625943, 2.487990502639699e-128], "nsamples": 750}, "OnWN": {"pearson": [0.5518866699243961, 4.928542971949744e-46], "spearman": [0.5557376797261888, 8.768086876176092e-47], "nsamples": 561}, "all": {"pearson": {"mean": 0.5990216334578217, "wmean": 0.6397101495709865}, "spearman": {"mean": 0.5987607424737096, "wmean": 0.6390403174229673}}}, "STS14": {"deft-forum": {"pearson": [0.3851070815324371, 2.335915289218915e-17], "spearman": [0.3634473300024518, 1.688023516890996e-15], "nsamples": 450}, "deft-news": {"pearson": [0.7693634064529057, 6.003255203099184e-60], "spearman": [0.7481281893117419, 5.111322123611971e-55], "nsamples": 300}, "headlines": {"pearson": [0.7428225516888198, 1.7753095862330905e-132], "spearman": [0.7212860114621547, 2.016599112280502e-121], "nsamples": 750}, "images": {"pearson": [0.7516737492937299, 2.38967663799628e-137], "spearman": [0.7488070299457694, 9.512323358436853e-136], "nsamples": 750}, "OnWN": {"pearson": [0.6877665395370492, 3.7748450047806164e-106], "spearman": [0.7330709271911025, 2.4466362071349885e-127], "nsamples": 750}, "tweet-news": {"pearson": [0.7543048067194631, 7.771422232681167e-139], "spearman": [0.7212263618424376, 2.156675292556791e-121], "nsamples": 750}, "all": {"pearson": {"mean": 0.6818396892040676, "wmean": 0.6950754517479373}, "spearman": {"mean": 0.6726609749592763, "wmean": 0.6883420008335265}}}, "STS15": {"answers-forums": {"pearson": [0.5836618018011772, 1.2917913488748057e-35], "spearman": [0.561511291237602, 1.5323823168575813e-32], "nsamples": 375}, "answers-students": {"pearson": [0.781465195864941, 2.2029332050441308e-155], "spearman": [0.7886022238791172, 3.93856782834138e-160], "nsamples": 750}, "belief": {"pearson": [0.747317088923023, 3.3427621800120556e-68], "spearman": [0.7444936706176006, 1.971333089567238e-67], "nsamples": 375}, "headlines": {"pearson": [0.783714716710934, 7.34696128408056e-157], "spearman": [0.7885232779638711, 4.455110844389463e-160], "nsamples": 750}, "images": {"pearson": [0.8094598795772464, 3.9317127062891973e-175], "spearman": [0.8178550736711828, 1.054461915671391e-181], "nsamples": 750}, "all": {"pearson": {"mean": 0.7411237365754644, "wmean": 0.7600323093788053}, "spearman": {"mean": 0.7401971074738747, "wmean": 0.761995764110443}}}, "STS16": {"answer-answer": {"pearson": [0.701327774475478, 6.411734580506178e-39], "spearman": [0.6888759449507161, 4.44368883190523e-37], "nsamples": 254}, "headlines": {"pearson": [0.7842538402767507, 4.0408726017652895e-53], "spearman": [0.7929646260173582, 4.492464627138575e-55], "nsamples": 249}, "plagiarism": {"pearson": [0.8041390423443483, 2.0557845903016634e-53], "spearman": [0.8262037872552622, 9.677074012809297e-59], "nsamples": 230}, "postediting": {"pearson": [0.8496700200869555, 3.3156847760549035e-69], "spearman": [0.8490398558911414, 5.282099906230286e-69], "nsamples": 244}, "question-question": {"pearson": [0.4796446497463065, 2.0144605858376788e-13], "spearman": [0.45263737293811424, 5.952575473284384e-12], "nsamples": 209}, "all": {"pearson": {"mean": 0.7238070653859678, "wmean": 0.7301295593449221}, "spearman": {"mean": 0.7219443174105185, "wmean": 0.7286816937150242}}}}