{"MR": {"devacc": 74.91, "acc": 73.67, "ndev": 10662, "ntest": 10662}, "CR": {"devacc": 84.25, "acc": 83.66, "ndev": 3775, "ntest": 3775}, "SUBJ": {"devacc": 91.27, "acc": 91.27, "ndev": 10000, "ntest": 10000}, "MPQA": {"devacc": 87.88, "acc": 87.86, "ndev": 10606, "ntest": 10606}, "SST5": {"devacc": 42.51, "acc": 42.35, "ndev": 1101, "ntest": 2210}, "TREC": {"devacc": 78.37, "acc": 87.6, "ndev": 5452, "ntest": 500}, "MRPC": {"devacc": 73.63, "acc": 72.99, "f1": 80.52, "ndev": 4076, "ntest": 1725}, "STS12": {"MSRpar": {"pearson": [0.6465221112805524, 5.460226728065658e-90], "spearman": [0.6451035148460553, 1.7730023415463642e-89], "nsamples": 750}, "MSRvid": {"pearson": [0.7048533395148966, 1.1515234561873774e-113], "spearman": [0.7111572651393171, 1.412954652871194e-116], "nsamples": 750}, "SMTeuroparl": {"pearson": [0.5786942656261861, 2.1829065229048482e-42], "spearman": [0.6378754174192475, 8.469783948429231e-54], "nsamples": 459}, "surprise.OnWN": {"pearson": [0.6602482109754467, 4.4014519935154236e-95], "spearman": [0.6991220473528549, 4.382029157711672e-111], "nsamples": 750}, "surprise.SMTnews": {"pearson": [0.6693065321096461, 3.586859830970005e-53], "spearman": [0.6107699045030036, 3.68728860309224e-42], "nsamples": 399}, "all": {"pearson": {"mean": 0.6519248919013455, "wmean": 0.6568184429093757}, "spearman": {"mean": 0.6608056298520957, "wmean": 0.6686033233577231}}}, "STS13": {"FNWN": {"pearson": [0.5876064171211848, 6.211787436227025e-19], "spearman": [0.6057528923438976, 2.5976478403284248e-20], "nsamples": 189}, "headlines": {"pearson": [0.7464588437539034, 1.873832670156366e-134], "spearman": [0.7390913121245385, 1.749656320736524e-130], "nsamples": 750}, "OnWN": {"pearson": [0.5718219365878465, 5.046132914349287e-50], "spearman": [0.5769619532057574, 4.260247307141896e-51], "nsamples": 561}, "all": {"pearson": {"mean": 0.6352957324876448, "wmean": 0.6611292347180756}, "spearman": {"mean": 0.6406020525580645, "wmean": 0.6616542909965536}}}, "STS14": {"deft-forum": {"pearson": [0.3618415895069014, 2.289254186044398e-15], "spearman": [0.34941366177195415, 2.2847824536253932e-14], "nsamples": 450}, "deft-news": {"pearson": [0.7801216596296957, 1.1845876195677068e-62], "spearman": [0.7684860838023186, 9.828044509144054e-60], "nsamples": 300}, "headlines": {"pearson": [0.74963032343258, 3.319160064304503e-136], "spearman": [0.7282603231194748, 6.936084220802801e-125], "nsamples": 750}, "images": {"pearson": [0.7513797807651457, 3.494729895103829e-137], "spearman": [0.7466684251892479, 1.4380708919980618e-134], "nsamples": 750}, "OnWN": {"pearson": [0.6831032148505866, 3.4545255317115553e-104], "spearman": [0.7287987118981797, 3.7090058180406343e-125], "nsamples": 750}, "tweet-news": {"pearson": [0.7616863561257571, 4.108035255192107e-143], "spearman": [0.7284340539158657, 5.6684107896289e-125], "nsamples": 750}, "all": {"pearson": {"mean": 0.6812938207184445, "wmean": 0.6949906585460177}, "spearman": {"mean": 0.6750102099495069, "wmean": 0.6898408289413737}}}, "STS15": {"answers-forums": {"pearson": [0.6401209587940195, 1.2747607415510783e-44], "spearman": [0.6308588088683668, 5.142597948671569e-43], "nsamples": 375}, "answers-students": {"pearson": [0.7695892883061679, 7.219248994457008e-148], "spearman": [0.7748464508354094, 3.876575094548836e-151], "nsamples": 750}, "belief": {"pearson": [0.7822630687553306, 1.1279472079376065e-78], "spearman": [0.7865861148425568, 4.1863287891896986e-80], "nsamples": 375}, "headlines": {"pearson": [0.7862199884958473, 1.5860117949218057e-158], "spearman": [0.7904480418084434, 2.1747660697901872e-161], "nsamples": 750}, "images": {"pearson": [0.8159752846937922, 3.339441775882085e-180], "spearman": [0.8235067770679787, 2.5383292992093577e-186], "nsamples": 750}, "all": {"pearson": {"mean": 0.7588337178090315, "wmean": 0.7707441438176206}, "spearman": {"mean": 0.761249238684551, "wmean": 0.7743809328918233}}}, "STS16": {"answer-answer": {"pearson": [0.669445677707305, 2.1964412097574788e-34], "spearman": [0.6532428861902376, 2.735797169151147e-32], "nsamples": 254}, "headlines": {"pearson": [0.7878488538015569, 6.474530755068692e-54], "spearman": [0.7953800625516579, 1.2415292369115478e-55], "nsamples": 249}, "plagiarism": {"pearson": [0.8175534835034255, 1.4455887576725099e-56], "spearman": [0.8491807456786006, 3.7367182779876147e-65], "nsamples": 230}, "postediting": {"pearson": [0.8573823338379624, 9.285409606450444e-72], "spearman": [0.8531561294283015, 2.4254937668509734e-70], "nsamples": 244}, "question-question": {"pearson": [0.4184252564446625, 2.8917251641468655e-10], "spearman": [0.3953969035197719, 3.1204966598869535e-09], "nsamples": 209}, "all": {"pearson": {"mean": 0.7101311210589825, "wmean": 0.7174561854919292}, "spearman": {"mean": 0.709271345473714, "wmean": 0.71677314383634}}}}