{"MR": {"devacc": 73.93, "acc": 72.85, "ndev": 10662, "ntest": 10662}, "CR": {"devacc": 83.66, "acc": 82.33, "ndev": 3775, "ntest": 3775}, "SUBJ": {"devacc": 90.48, "acc": 90.15, "ndev": 10000, "ntest": 10000}, "MPQA": {"devacc": 86.97, "acc": 87.45, "ndev": 10606, "ntest": 10606}, "SST5": {"devacc": 40.51, "acc": 41.9, "ndev": 1101, "ntest": 2210}, "TREC": {"devacc": 71.0, "acc": 87.8, "ndev": 5452, "ntest": 500}, "MRPC": {"devacc": 74.12, "acc": 71.94, "f1": 81.21, "ndev": 4076, "ntest": 1725}, "STS12": {"MSRpar": {"pearson": [0.6392022001337158, 2.2265300887213404e-87], "spearman": [0.6355633960323717, 4.159686344381283e-86], "nsamples": 750}, "MSRvid": {"pearson": [0.7007543633266173, 8.185466884794999e-112], "spearman": [0.7052748855507535, 7.39637482355739e-114], "nsamples": 750}, "SMTeuroparl": {"pearson": [0.5423440324950045, 1.8528324784161905e-36], "spearman": [0.5866800990126723, 8.60605158192849e-44], "nsamples": 459}, "surprise.OnWN": {"pearson": [0.6387884014896476, 3.1122877647700865e-87], "spearman": [0.6860991364105183, 1.916413161945132e-105], "nsamples": 750}, "surprise.SMTnews": {"pearson": [0.6243646910795597, 1.6480124086955957e-44], "spearman": [0.589360801691594, 1.1077051801812434e-38], "nsamples": 399}, "all": {"pearson": {"mean": 0.629090737704909, "wmean": 0.6377465078405524}, "spearman": {"mean": 0.640595663739582, "wmean": 0.6514299191817873}}}, "STS13": {"FNWN": {"pearson": [0.5669013897558305, 1.8385130364423783e-17], "spearman": [0.5625669163686382, 3.627296110339643e-17], "nsamples": 189}, "headlines": {"pearson": [0.7481344261920087, 2.2414541131197946e-135], "spearman": [0.7418335849141707, 6.040333461720187e-132], "nsamples": 750}, "OnWN": {"pearson": [0.5441122698198472, 1.5033465572162397e-44], "spearman": [0.5515840913425492, 5.639228527538318e-46], "nsamples": 561}, "all": {"pearson": {"mean": 0.6197160285892287, "wmean": 0.6489947771178618}, "spearman": {"mean": 0.6186615308751193, "wmean": 0.6480926740816472}}}, "STS14": {"deft-forum": {"pearson": [0.33036978227908675, 6.402791705753803e-13], "spearman": [0.30880100144667894, 2.1303261226165987e-11], "nsamples": 450}, "deft-news": {"pearson": [0.7824101940258373, 3.0088797385566285e-63], "spearman": [0.7641422369276648, 1.0930751724602486e-58], "nsamples": 300}, "headlines": {"pearson": [0.7466960907788092, 1.3886662911653583e-134], "spearman": [0.728854091388755, 3.477416891098466e-125], "nsamples": 750}, "images": {"pearson": [0.7194401174682302, 1.5982094617736176e-120], "spearman": [0.7188877687284064, 2.9596464651141466e-120], "nsamples": 750}, "OnWN": {"pearson": [0.6692715765234233, 1.3995135270917458e-98], "spearman": [0.7162215334951672, 5.675315593478852e-119], "nsamples": 750}, "tweet-news": {"pearson": [0.7466763247654687, 1.423788055469387e-134], "spearman": [0.7110280157366314, 1.6240627145426478e-116], "nsamples": 750}, "all": {"pearson": {"mean": 0.665810680973476, "wmean": 0.6786540113027437}, "spearman": {"mean": 0.6579891079538839, "wmean": 0.6731857809976066}}}, "STS15": {"answers-forums": {"pearson": [0.6266453348443076, 2.6533549637213667e-42], "spearman": [0.6085257630462925, 2.3309777621360023e-39], "nsamples": 375}, "answers-students": {"pearson": [0.7551221882663381, 2.6572463761549177e-139], "spearman": [0.7605885243320875, 1.8177408662147083e-142], "nsamples": 750}, "belief": {"pearson": [0.734171357769955, 1.066356764762335e-64], "spearman": [0.7358099369604016, 4.005266457294169e-65], "nsamples": 375}, "headlines": {"pearson": [0.7871235201133876, 3.926522900617076e-159], "spearman": [0.7923223519496846, 1.114288828804654e-162], "nsamples": 750}, "images": {"pearson": [0.8111407604431252, 2.0196328130263255e-176], "spearman": [0.8222582414411727, 2.7474698825195485e-185], "nsamples": 750}, "all": {"pearson": {"mean": 0.7428406322874228, "wmean": 0.7584487037824956}, "spearman": {"mean": 0.7439009635459277, "wmean": 0.7618342419315729}}}, "STS16": {"answer-answer": {"pearson": [0.682458884462866, 3.635718964824391e-36], "spearman": [0.6646795799155363, 9.368815026123089e-34], "nsamples": 254}, "headlines": {"pearson": [0.7952802528736911, 1.3097393805415752e-55], "spearman": [0.8028914467460893, 2.0319237951556657e-57], "nsamples": 249}, "plagiarism": {"pearson": [0.8021177667809231, 5.846212907112894e-53], "spearman": [0.821707918436074, 1.350537612775226e-57], "nsamples": 230}, "postediting": {"pearson": [0.8607944606819128, 6.166088624609065e-73], "spearman": [0.8594809307578398, 1.7663890239027925e-72], "nsamples": 244}, "question-question": {"pearson": [0.42347728951171754, 1.674321264336538e-10], "spearman": [0.394528540619126, 3.4014009706884205e-09], "nsamples": 209}, "all": {"pearson": {"mean": 0.7128257308622221, "wmean": 0.7204022157614376}, "spearman": {"mean": 0.7086576832949331, "wmean": 0.7166199130463151}}}}