{"MR": {"devacc": 74.78, "acc": 75.06, "ndev": 10662, "ntest": 10662}, "CR": {"devacc": 84.52, "acc": 84.13, "ndev": 3775, "ntest": 3775}, "SUBJ": {"devacc": 91.54, "acc": 91.62, "ndev": 10000, "ntest": 10000}, "MPQA": {"devacc": 88.2, "acc": 88.17, "ndev": 10606, "ntest": 10606}, "SST5": {"devacc": 39.96, "acc": 40.95, "ndev": 1101, "ntest": 2210}, "TREC": {"devacc": 80.15, "acc": 79.4, "ndev": 5452, "ntest": 500}, "MRPC": {"devacc": 73.9, "acc": 68.0, "f1": 80.6, "ndev": 4076, "ntest": 1725}, "STS12": {"MSRpar": {"pearson": [0.6588151742086347, 1.5414561131195792e-94], "spearman": [0.643049142885679, 9.652546087342228e-89], "nsamples": 750}, "MSRvid": {"pearson": [0.7168054107747823, 2.980916912347073e-119], "spearman": [0.7206420390219468, 4.1598886646271814e-121], "nsamples": 750}, "SMTeuroparl": {"pearson": [0.5441438546167486, 9.797552250599205e-37], "spearman": [0.5874305872403222, 6.321641549911255e-44], "nsamples": 459}, "surprise.OnWN": {"pearson": [0.666495623976604, 1.7181555949545338e-97], "spearman": [0.7090788372445156, 1.3139251627556203e-115], "nsamples": 750}, "surprise.SMTnews": {"pearson": [0.6545532948725863, 3.6446557149894705e-50], "spearman": [0.6047460315112201, 3.7317846132857966e-41], "nsamples": 399}, "all": {"pearson": {"mean": 0.6481626716898712, "wmean": 0.6571801642996349}, "spearman": {"mean": 0.6529893275807368, "wmean": 0.6645758753154409}}}, "STS13": {"FNWN": {"pearson": [0.6407575691704183, 3.0967185347290085e-23], "spearman": [0.6488543233583232, 5.75168450102804e-24], "nsamples": 189}, "headlines": {"pearson": [0.7544192543201781, 6.6888799282473866e-139], "spearman": [0.7484572772090322, 1.4859367393396336e-135], "nsamples": 750}, "OnWN": {"pearson": [0.579834537021503, 1.0499097816910448e-51], "spearman": [0.5848801963001985, 8.669243371337698e-53], "nsamples": 561}, "all": {"pearson": {"mean": 0.6583371201706998, "wmean": 0.6748031977216039}, "spearman": {"mean": 0.6607305989558513, "wmean": 0.674729476763939}}}, "STS14": {"deft-forum": {"pearson": [0.40341872885613894, 4.846333963719522e-19], "spearman": [0.3858935843629654, 1.9875030881258667e-17], "nsamples": 450}, "deft-news": {"pearson": [0.7791305898230995, 2.1334945614901134e-62], "spearman": [0.7693293534004109, 6.119472468943493e-60], "nsamples": 300}, "headlines": {"pearson": [0.7528066666630516, 5.49524593137276e-138], "spearman": [0.7280665072526938, 8.686018368576876e-125], "nsamples": 750}, "images": {"pearson": [0.7625194290630004, 1.3217958769446748e-143], "spearman": [0.753618414838378, 1.9074943696025944e-138], "nsamples": 750}, "OnWN": {"pearson": [0.7072051571810124, 9.644930182656476e-115], "spearman": [0.7512351405109351, 4.2125935798777414e-137], "nsamples": 750}, "tweet-news": {"pearson": [0.7735770170408167, 2.4330007640320356e-150], "spearman": [0.7440758292801967, 3.7310852464331105e-133], "nsamples": 750}, "all": {"pearson": {"mean": 0.6964429314378533, "wmean": 0.7099623486381608}, "spearman": {"mean": 0.6887031382742633, "wmean": 0.7032527567720294}}}, "STS15": {"answers-forums": {"pearson": [0.6728400984882676, 9.193856662058303e-51], "spearman": [0.6669725622233007, 1.3256604548621913e-49], "nsamples": 375}, "answers-students": {"pearson": [0.771587975697581, 4.222958233675328e-149], "spearman": [0.7784415345054561, 1.99844573231655e-153], "nsamples": 750}, "belief": {"pearson": [0.7718493165855047, 2.330429826602645e-75], "spearman": [0.7742144145920222, 4.267215584299781e-76], "nsamples": 375}, "headlines": {"pearson": [0.7888204494641435, 2.8007611826261428e-160], "spearman": [0.7921634331148817, 1.4352453124026538e-162], "nsamples": 750}, "images": {"pearson": [0.8191854913124684, 8.92103976543074e-183], "spearman": [0.826653614309763, 5.765054929236757e-189], "nsamples": 750}, "all": {"pearson": {"mean": 0.764856666309593, "wmean": 0.7754846560027698}, "spearman": {"mean": 0.7676891117490847, "wmean": 0.7794630175844406}}}, "STS16": {"answer-answer": {"pearson": [0.6912551364595667, 2.0101997288858495e-37], "spearman": [0.6858951254073767, 1.1876991424872401e-36], "nsamples": 254}, "headlines": {"pearson": [0.8109734720073389, 1.9858464454084435e-59], "spearman": [0.8168835245928782, 5.832546395854833e-61], "nsamples": 249}, "plagiarism": {"pearson": [0.8219111341374146, 1.2007718946550457e-57], "spearman": [0.8539332331373484, 1.2940819085482312e-66], "nsamples": 230}, "postediting": {"pearson": [0.8567690648523644, 1.5005085726020421e-71], "spearman": [0.855732465908409, 3.3601470618561454e-71], "nsamples": 244}, "question-question": {"pearson": [0.49036999852618673, 4.8239442151038304e-14], "spearman": [0.4584397248463579, 2.9482281893508845e-12], "nsamples": 209}, "all": {"pearson": {"mean": 0.7342557611965742, "wmean": 0.7403792087336531}, "spearman": {"mean": 0.734176814778474, "wmean": 0.7408420128779352}}}}