{"MR": {"devacc": 73.45, "acc": 72.05, "ndev": 10662, "ntest": 10662}, "CR": {"devacc": 82.09, "acc": 81.59, "ndev": 3775, "ntest": 3775}, "SUBJ": {"devacc": 89.61, "acc": 89.02, "ndev": 10000, "ntest": 10000}, "MPQA": {"devacc": 86.78, "acc": 87.2, "ndev": 10606, "ntest": 10606}, "SST5": {"devacc": 40.15, "acc": 40.54, "ndev": 1101, "ntest": 2210}, "TREC": {"devacc": 70.56, "acc": 84.4, "ndev": 5452, "ntest": 500}, "MRPC": {"devacc": 73.16, "acc": 73.91, "f1": 82.3, "ndev": 4076, "ntest": 1725}, "STS12": {"MSRpar": {"pearson": [0.6055061663362361, 3.1597491062682576e-76], "spearman": [0.6001937613243621, 1.3734423372151968e-74], "nsamples": 750}, "MSRvid": {"pearson": [0.6711939948513386, 2.425513148421059e-99], "spearman": [0.6771540611477684, 9.727795059729694e-102], "nsamples": 750}, "SMTeuroparl": {"pearson": [0.5533377377874321, 3.557570921086633e-38], "spearman": [0.592545726141404, 7.55642227206187e-45], "nsamples": 459}, "surprise.OnWN": {"pearson": [0.6345540331502832, 9.305051175529781e-86], "spearman": [0.6742413656611663, 1.4668107174364276e-100], "nsamples": 750}, "surprise.SMTnews": {"pearson": [0.6420368538136224, 9.629070156115446e-48], "spearman": [0.6108049990655187, 3.6373706809194825e-42], "nsamples": 399}, "all": {"pearson": {"mean": 0.6213257571877826, "wmean": 0.6253524363157851}, "spearman": {"mean": 0.6309879826680439, "wmean": 0.63686665830953}}}, "STS13": {"FNWN": {"pearson": [0.4778142387006683, 3.5877708263210804e-12], "spearman": [0.4772871453712232, 3.8173790252546305e-12], "nsamples": 189}, "headlines": {"pearson": [0.755715767258733, 1.2156802827461298e-139], "spearman": [0.7460016991556421, 3.3348100850924536e-134], "nsamples": 750}, "OnWN": {"pearson": [0.5913645536459629, 3.294613859100934e-54], "spearman": [0.59344008245265, 1.1386846941233724e-54], "nsamples": 561}, "all": {"pearson": {"mean": 0.6082981865351215, "wmean": 0.6592328207692408}, "spearman": {"mean": 0.6055763089931717, "wmean": 0.6550856207318863}}}, "STS14": {"deft-forum": {"pearson": [0.3431813111282564, 6.974849740798281e-14], "spearman": [0.3193842251954451, 3.952267786191804e-12], "nsamples": 450}, "deft-news": {"pearson": [0.7337676224498877, 5.904576211757832e-52], "spearman": [0.7286876253148159, 6.417848217139584e-51], "nsamples": 300}, "headlines": {"pearson": [0.7466872705701105, 1.4042307785474963e-134], "spearman": [0.7267479190604499, 3.993092283825125e-124], "nsamples": 750}, "images": {"pearson": [0.7511709757277544, 4.576409290932068e-137], "spearman": [0.7475956747932755, 4.444689936731498e-135], "nsamples": 750}, "OnWN": {"pearson": [0.6864608632158382, 1.3484117126835422e-105], "spearman": [0.7264020552037276, 5.948892373468784e-124], "nsamples": 750}, "tweet-news": {"pearson": [0.7409129929131859, 1.8788515893983625e-131], "spearman": [0.7141568700243606, 5.459947973023227e-118], "nsamples": 750}, "all": {"pearson": {"mean": 0.6670301726675055, "wmean": 0.6849295876167596}, "spearman": {"mean": 0.6604957282653457, "wmean": 0.6796016208650013}}}, "STS15": {"answers-forums": {"pearson": [0.6306059913858062, 5.678724869756213e-43], "spearman": [0.6252245256221692, 4.588144950333361e-42], "nsamples": 375}, "answers-students": {"pearson": [0.7757228983983242, 1.083038073849422e-151], "spearman": [0.7808413266887344, 5.616756940296798e-155], "nsamples": 750}, "belief": {"pearson": [0.7314102779751179, 5.462633258224264e-64], "spearman": [0.7371139531740059, 1.8277504822919323e-65], "nsamples": 375}, "headlines": {"pearson": [0.7723100148720647, 1.50361120100172e-149], "spearman": [0.7742135927318775, 9.700166969619698e-151], "nsamples": 750}, "images": {"pearson": [0.796638927312349, 1.056226792514416e-165], "spearman": [0.8034241958335276, 1.3195815196027128e-170], "nsamples": 750}, "all": {"pearson": {"mean": 0.7413376219887323, "wmean": 0.7564199938157999}, "spearman": {"mean": 0.7441635188100629, "wmean": 0.7599120886630568}}}, "STS16": {"answer-answer": {"pearson": [0.677441089092038, 1.8123440435415665e-35], "spearman": [0.6571111959413053, 8.883268223961743e-33], "nsamples": 254}, "headlines": {"pearson": [0.7935989247629651, 3.2102362584940478e-55], "spearman": [0.7981476785691171, 2.78406942585737e-56], "nsamples": 249}, "plagiarism": {"pearson": [0.8054496262306392, 1.0371232062561011e-53], "spearman": [0.8285378205950538, 2.389827968010159e-59], "nsamples": 230}, "postediting": {"pearson": [0.8509447823956984, 1.2841771756597204e-69], "spearman": [0.8502589029085582, 2.1416482999139635e-69], "nsamples": 244}, "question-question": {"pearson": [0.4411368601659273, 2.305414569301338e-11], "spearman": [0.42360396902009373, 1.6513431870620436e-10], "nsamples": 209}, "all": {"pearson": {"mean": 0.7137142565294535, "wmean": 0.7207063352509546}, "spearman": {"mean": 0.7115319134068256, "wmean": 0.7185540609650521}}}}