{"MR": {"devacc": 72.7, "acc": 72.09, "ndev": 10662, "ntest": 10662}, "CR": {"devacc": 81.99, "acc": 80.93, "ndev": 3775, "ntest": 3775}, "SUBJ": {"devacc": 88.69, "acc": 88.21, "ndev": 10000, "ntest": 10000}, "MPQA": {"devacc": 86.14, "acc": 86.38, "ndev": 10606, "ntest": 10606}, "SST5": {"devacc": 41.51, "acc": 39.55, "ndev": 1101, "ntest": 2210}, "TREC": {"devacc": 67.81, "acc": 81.4, "ndev": 5452, "ntest": 500}, "MRPC": {"devacc": 73.5, "acc": 70.32, "f1": 77.85, "ndev": 4076, "ntest": 1725}, "STS12": {"MSRpar": {"pearson": [0.6223703569129719, 1.2265866977329642e-81], "spearman": [0.6178391792962545, 3.757684486698982e-80], "nsamples": 750}, "MSRvid": {"pearson": [0.6935816934584845, 1.1976369361946175e-108], "spearman": [0.7015284098443929, 3.679490406552108e-112], "nsamples": 750}, "SMTeuroparl": {"pearson": [0.5208630756685297, 2.7869859806686007e-33], "spearman": [0.5504833194261308, 1.0069329151659956e-37], "nsamples": 459}, "surprise.OnWN": {"pearson": [0.6239391651588908, 3.7018472103751974e-82], "spearman": [0.6635063849483451, 2.4817158083084323e-96], "nsamples": 750}, "surprise.SMTnews": {"pearson": [0.6587860902068438, 5.203738709717043e-51], "spearman": [0.6082859655065448, 9.634113570725868e-42], "nsamples": 399}, "all": {"pearson": {"mean": 0.6239080762811442, "wmean": 0.6296171857696738}, "spearman": {"mean": 0.6283286518043336, "wmean": 0.6378807671880469}}}, "STS13": {"FNWN": {"pearson": [0.48085074626354896, 2.5045179369782073e-12], "spearman": [0.49637988523711957, 3.7662423780740755e-13], "nsamples": 189}, "headlines": {"pearson": [0.7310999710002885, 2.5108791736426613e-126], "spearman": [0.7281643907285658, 7.753295424390912e-125], "nsamples": 750}, "OnWN": {"pearson": [0.48408128848114285, 2.6885594034569667e-34], "spearman": [0.49560160772680417, 4.138653747197539e-36], "nsamples": 561}, "all": {"pearson": {"mean": 0.5653440019149935, "wmean": 0.6071835814212988}, "spearman": {"mean": 0.5733819612308299, "wmean": 0.6119810621939847}}}, "STS14": {"deft-forum": {"pearson": [0.31429757586456347, 8.955748402634243e-12], "spearman": [0.29709310133234657, 1.2716185665465926e-10], "nsamples": 450}, "deft-news": {"pearson": [0.7575729197536364, 3.790119820784478e-57], "spearman": [0.7547773372610286, 1.6564277944405138e-56], "nsamples": 300}, "headlines": {"pearson": [0.7331745004622338, 2.1636082006290505e-127], "spearman": [0.7164079258044421, 4.621647287143458e-119], "nsamples": 750}, "images": {"pearson": [0.7124617171283524, 3.4507299784913455e-117], "spearman": [0.7191024803925035, 2.3296532751105914e-120], "nsamples": 750}, "OnWN": {"pearson": [0.640455847370248, 8.046378018370716e-88], "spearman": [0.6819058570794035, 1.0866931262466677e-103], "nsamples": 750}, "tweet-news": {"pearson": [0.7411219616430712, 1.4528042545034763e-131], "spearman": [0.7004783525699244, 1.0879209247678384e-111], "nsamples": 750}, "all": {"pearson": {"mean": 0.6498474203703509, "wmean": 0.6637643480048196}, "spearman": {"mean": 0.6449608424066081, "wmean": 0.6596122823100187}}}, "STS15": {"answers-forums": {"pearson": [0.5881829556429855, 2.8472371503224042e-36], "spearman": [0.5801960354665665, 4.052668016382419e-35], "nsamples": 375}, "answers-students": {"pearson": [0.7532790197231903, 2.970366196514198e-138], "spearman": [0.7575047103625929, 1.1359434384754093e-140], "nsamples": 750}, "belief": {"pearson": [0.7177974960294389, 1.2899775966467208e-60], "spearman": [0.7205642646328588, 2.7622386230604117e-61], "nsamples": 375}, "headlines": {"pearson": [0.7633603046956371, 4.1881167776321906e-144], "spearman": [0.7671276610130063, 2.2901978452403018e-146], "nsamples": 750}, "images": {"pearson": [0.7746804719525003, 4.932235283210499e-151], "spearman": [0.7827839796768755, 3.015172697757967e-156], "nsamples": 750}, "all": {"pearson": {"mean": 0.7194600496087504, "wmean": 0.7360775055518851}, "spearman": {"mean": 0.7216353302303801, "wmean": 0.7394491252755468}}}, "STS16": {"answer-answer": {"pearson": [0.6953572552714209, 5.027521062385326e-38], "spearman": [0.6872877909122906, 7.513892811369743e-37], "nsamples": 254}, "headlines": {"pearson": [0.7724668350480798, 1.2897933532776353e-50], "spearman": [0.7768789867986055, 1.5529355769760072e-51], "nsamples": 249}, "plagiarism": {"pearson": [0.7919964356789722, 9.186729860931348e-51], "spearman": [0.8075482807653307, 3.4297336850388736e-54], "nsamples": 230}, "postediting": {"pearson": [0.8490752555176349, 5.146009747402884e-69], "spearman": [0.8502404028469263, 2.1713209199375082e-69], "nsamples": 244}, "question-question": {"pearson": [0.40565622962223974, 1.105820375947866e-09], "spearman": [0.3919282446047745, 4.396509664718231e-09], "nsamples": 209}, "all": {"pearson": {"mean": 0.7029104022276694, "wmean": 0.7108606065003604}, "spearman": {"mean": 0.7027767411855855, "wmean": 0.7108952214145434}}}}