{"MR": {"devacc": 74.52, "acc": 73.66, "ndev": 10662, "ntest": 10662}, "CR": {"devacc": 84.94, "acc": 83.18, "ndev": 3775, "ntest": 3775}, "SUBJ": {"devacc": 91.19, "acc": 91.01, "ndev": 10000, "ntest": 10000}, "MPQA": {"devacc": 87.67, "acc": 88.04, "ndev": 10606, "ntest": 10606}, "SST5": {"devacc": 41.51, "acc": 40.63, "ndev": 1101, "ntest": 2210}, "TREC": {"devacc": 79.91, "acc": 85.6, "ndev": 5452, "ntest": 500}, "MRPC": {"devacc": 73.43, "acc": 73.1, "f1": 82.21, "ndev": 4076, "ntest": 1725}, "STS12": {"MSRpar": {"pearson": [0.6523145129678934, 4.169266090284651e-92], "spearman": [0.6450725916920308, 1.8189839606077396e-89], "nsamples": 750}, "MSRvid": {"pearson": [0.7318275023443322, 1.065593864402843e-126], "spearman": [0.7372484840236708, 1.6406937558474284e-129], "nsamples": 750}, "SMTeuroparl": {"pearson": [0.5364573362065341, 1.449882871344134e-35], "spearman": [0.5880295661864937, 4.939143115296013e-44], "nsamples": 459}, "surprise.OnWN": {"pearson": [0.6609011646482769, 2.4807154504264225e-95], "spearman": [0.7031290995400734, 6.983985043569242e-113], "nsamples": 750}, "surprise.SMTnews": {"pearson": [0.6605014824407467, 2.3432381180814934e-51], "spearman": [0.6295009066030843, 1.989393507436587e-45], "nsamples": 399}, "all": {"pearson": {"mean": 0.6484003997215566, "wmean": 0.6575149272146183}, "spearman": {"mean": 0.6605961296090707, "wmean": 0.6709022085122467}}}, "STS13": {"FNWN": {"pearson": [0.6138840541158292, 5.8587214769714796e-21], "spearman": [0.6262691004065162, 5.571134710193117e-22], "nsamples": 189}, "headlines": {"pearson": [0.7597240189293173, 5.830496851803144e-142], "spearman": [0.758935767616694, 1.6802161695822294e-141], "nsamples": 750}, "OnWN": {"pearson": [0.5732059507964306, 2.6047223301167626e-50], "spearman": [0.5787139886805912, 1.816145021842618e-51], "nsamples": 561}, "all": {"pearson": {"mean": 0.6489380079471924, "wmean": 0.6715904258811182}, "spearman": {"mean": 0.6546396189012671, "wmean": 0.6748168222261092}}}, "STS14": {"deft-forum": {"pearson": [0.3859554824510273, 1.9623614700530883e-17], "spearman": [0.37474300542114297, 1.885137121424502e-16], "nsamples": 450}, "deft-news": {"pearson": [0.7997005783971426, 5.443029828641335e-68], "spearman": [0.7834923167313735, 1.564824736024152e-63], "nsamples": 300}, "headlines": {"pearson": [0.7577428105869608, 8.273011612256775e-141], "spearman": [0.738031002900338, 6.357122861263056e-130], "nsamples": 750}, "images": {"pearson": [0.7510576428482598, 5.297126522439095e-137], "spearman": [0.744627240261186, 1.872927807381001e-133], "nsamples": 750}, "OnWN": {"pearson": [0.7054804173145957, 5.958793797943166e-114], "spearman": [0.7523656827655356, 9.747092257204489e-138], "nsamples": 750}, "tweet-news": {"pearson": [0.7627056298023123, 1.0252137360562417e-143], "spearman": [0.7283287288415817, 6.406332673799771e-125], "nsamples": 750}, "all": {"pearson": {"mean": 0.6937737602333831, "wmean": 0.7056880042763204}, "spearman": {"mean": 0.6869313294868596, "wmean": 0.7003190769427753}}}, "STS15": {"answers-forums": {"pearson": [0.66469238202834, 3.6788340755320034e-49], "spearman": [0.6621739571431209, 1.1240407224560946e-48], "nsamples": 375}, "answers-students": {"pearson": [0.7917658006900377, 2.7012061229286485e-162], "spearman": [0.7968963909969499, 6.936226977474432e-166], "nsamples": 750}, "belief": {"pearson": [0.7642026598762565, 4.9154156104263965e-73], "spearman": [0.7697583469837131, 1.0277771537196631e-74], "nsamples": 375}, "headlines": {"pearson": [0.7940508443992097, 7.00000545518513e-164], "spearman": [0.7978650136897427, 1.4179147972235393e-166], "nsamples": 750}, "images": {"pearson": [0.8188021828126522, 1.8211811377000245e-182], "spearman": [0.8245566314954466, 3.3761478978218007e-187], "nsamples": 750}, "all": {"pearson": {"mean": 0.7667027739612993, "wmean": 0.7797665872135494}, "spearman": {"mean": 0.7702500680617946, "wmean": 0.7838210470613891}}}, "STS16": {"answer-answer": {"pearson": [0.7019044152672977, 5.2410328017117245e-39], "spearman": [0.6982885702543411, 1.840792258535724e-38], "nsamples": 254}, "headlines": {"pearson": [0.815756631926822, 1.1540711109291441e-60], "spearman": [0.8244259330337895, 5.347219811934486e-63], "nsamples": 249}, "plagiarism": {"pearson": [0.8121031252182147, 2.962080781447578e-55], "spearman": [0.8405768582346856, 1.2380691324811248e-62], "nsamples": 230}, "postediting": {"pearson": [0.8651546448193238, 1.7319896394205118e-74], "spearman": [0.8626095773309406, 1.4145968711997853e-73], "nsamples": 244}, "question-question": {"pearson": [0.49255820309270865, 3.5815593153787446e-14], "spearman": [0.46447064909833363, 1.4003517732149406e-12], "nsamples": 209}, "all": {"pearson": {"mean": 0.7374954040648733, "wmean": 0.7438728831451541}, "spearman": {"mean": 0.7380743175904181, "wmean": 0.744967229421834}}}}