{"MR": {"devacc": 76.18, "acc": 76.11, "ndev": 10662, "ntest": 10662}, "CR": {"devacc": 85.25, "acc": 84.61, "ndev": 3775, "ntest": 3775}, "SUBJ": {"devacc": 92.03, "acc": 91.5, "ndev": 10000, "ntest": 10000}, "MPQA": {"devacc": 88.68, "acc": 88.47, "ndev": 10606, "ntest": 10606}, "SST5": {"devacc": 42.87, "acc": 40.68, "ndev": 1101, "ntest": 2210}, "TREC": {"devacc": 83.4, "acc": 84.0, "ndev": 5452, "ntest": 500}, "MRPC": {"devacc": 74.61, "acc": 73.8, "f1": 81.21, "ndev": 4076, "ntest": 1725}, "STS12": {"MSRpar": {"pearson": [0.6461159181774694, 7.655064894546139e-90], "spearman": [0.6387215967789217, 3.2850410713545905e-87], "nsamples": 750}, "MSRvid": {"pearson": [0.725981311952101, 9.653531623928575e-124], "spearman": [0.7307273810111076, 3.8903261327493674e-126], "nsamples": 750}, "SMTeuroparl": {"pearson": [0.554009744925348, 2.780622077654189e-38], "spearman": [0.5921708338394335, 8.840729375502674e-45], "nsamples": 459}, "surprise.OnWN": {"pearson": [0.6723898545668155, 8.098492921052027e-100], "spearman": [0.7091736943742775, 1.1872948893746302e-115], "nsamples": 750}, "surprise.SMTnews": {"pearson": [0.6587931668327208, 5.186695107326813e-51], "spearman": [0.6224017818218718, 3.6591774967471394e-44], "nsamples": 399}, "all": {"pearson": {"mean": 0.6514579992908909, "wmean": 0.6597536229116088}, "spearman": {"mean": 0.6586390575651223, "wmean": 0.6689548673753078}}}, "STS13": {"FNWN": {"pearson": [0.6299409140828556, 2.717234621736612e-22], "spearman": [0.6418745329419003, 2.462332571864078e-23], "nsamples": 189}, "headlines": {"pearson": [0.769231618017157, 1.196193021367358e-147], "spearman": [0.7655559158719597, 2.036204874942905e-145], "nsamples": 750}, "OnWN": {"pearson": [0.6029266777706168, 8.019749769420525e-57], "spearman": [0.606929113288958, 9.424926819596557e-58], "nsamples": 561}, "all": {"pearson": {"mean": 0.6673664032902099, "wmean": 0.689482941669229}, "spearman": {"mean": 0.6714531873676061, "wmean": 0.6906456374567297}}}, "STS14": {"deft-forum": {"pearson": [0.39632926154940934, 2.236005309761591e-18], "spearman": [0.383243377850678, 3.419243986596054e-17], "nsamples": 450}, "deft-news": {"pearson": [0.8068656865293397, 4.2845484731392915e-70], "spearman": [0.790277478796644, 2.3772196231412007e-65], "nsamples": 300}, "headlines": {"pearson": [0.7602411027378158, 2.9054133124985485e-142], "spearman": [0.7408722403764634, 1.9754247024779357e-131], "nsamples": 750}, "images": {"pearson": [0.7645501797050763, 8.16838739265794e-145], "spearman": [0.7624377585699762, 1.4775204619489243e-143], "nsamples": 750}, "OnWN": {"pearson": [0.7286608205203025, 4.354591934896524e-125], "spearman": [0.771699106076873, 3.6032789436582168e-149], "nsamples": 750}, "tweet-news": {"pearson": [0.7855437293858011, 4.4892211509649415e-158], "spearman": [0.757551427808298, 1.0674625662796436e-140], "nsamples": 750}, "all": {"pearson": {"mean": 0.7070317967379575, "wmean": 0.7199079327780754}, "spearman": {"mean": 0.7010135649131555, "wmean": 0.715723510212135}}}, "STS15": {"answers-forums": {"pearson": [0.6700043478751473, 3.3645109368772885e-50], "spearman": [0.6659678715260267, 2.080807618936452e-49], "nsamples": 375}, "answers-students": {"pearson": [0.7928948683971997, 4.468615659041768e-163], "spearman": [0.7991766690746632, 1.629212361647989e-167], "nsamples": 750}, "belief": {"pearson": [0.7774446006007185, 4.060227053334856e-77], "spearman": [0.7815343772381775, 1.950656084413344e-78], "nsamples": 375}, "headlines": {"pearson": [0.8030221644122466, 2.607893032658426e-170], "spearman": [0.8062198174115841, 1.1065876429794092e-172], "nsamples": 750}, "images": {"pearson": [0.826354167376497, 1.0343603471697657e-188], "spearman": [0.8356239198906035, 8.343226208708048e-197], "nsamples": 750}, "all": {"pearson": {"mean": 0.7739440297323619, "wmean": 0.786498918605969}, "spearman": {"mean": 0.777704531028211, "wmean": 0.7911928826897382}}}, "STS16": {"answer-answer": {"pearson": [0.7093323583697214, 3.736027482282349e-40], "spearman": [0.6995842232378923, 1.176107015361338e-38], "nsamples": 254}, "headlines": {"pearson": [0.8011052308943531, 5.489801834656649e-57], "spearman": [0.8109635422135749, 1.9974424909104937e-59], "nsamples": 249}, "plagiarism": {"pearson": [0.8193868583731491, 5.116461706398824e-57], "spearman": [0.8413851164341957, 7.284880783438013e-63], "nsamples": 230}, "postediting": {"pearson": [0.8627046114196958, 1.3088952778355993e-73], "spearman": [0.8601922509762501, 1.0003288971611196e-72], "nsamples": 244}, "question-question": {"pearson": [0.4957290572335736, 2.3175084960702516e-14], "spearman": [0.4677118102813122, 9.329099707531777e-13], "nsamples": 209}, "all": {"pearson": {"mean": 0.7376516232580986, "wmean": 0.7438548879364673}, "spearman": {"mean": 0.7359673886286451, "wmean": 0.7426488778081527}}}}