{"MR": {"devacc": 75.42, "acc": 75.06, "ndev": 10662, "ntest": 10662}, "CR": {"devacc": 84.62, "acc": 84.32, "ndev": 3775, "ntest": 3775}, "SUBJ": {"devacc": 91.53, "acc": 91.08, "ndev": 10000, "ntest": 10000}, "MPQA": {"devacc": 87.97, "acc": 87.52, "ndev": 10606, "ntest": 10606}, "SST5": {"devacc": 38.6, "acc": 43.8, "ndev": 1101, "ntest": 2210}, "TREC": {"devacc": 80.92, "acc": 89.2, "ndev": 5452, "ntest": 500}, "MRPC": {"devacc": 74.71, "acc": 68.52, "f1": 73.47, "ndev": 4076, "ntest": 1725}, "STS12": {"MSRpar": {"pearson": [0.6507092218420524, 1.62723748713006e-91], "spearman": [0.6345293164222097, 9.489966322732027e-86], "nsamples": 750}, "MSRvid": {"pearson": [0.7245174936517198, 5.1656179195092166e-123], "spearman": [0.7277744447187516, 1.2186965735609361e-124], "nsamples": 750}, "SMTeuroparl": {"pearson": [0.5475140426181561, 2.9406186953104412e-37], "spearman": [0.5876105547418492, 5.870172217183944e-44], "nsamples": 459}, "surprise.OnWN": {"pearson": [0.6632948577199101, 2.994382106040052e-96], "spearman": [0.7040498946253887, 2.6714979759555045e-113], "nsamples": 750}, "surprise.SMTnews": {"pearson": [0.6524087479920333, 9.655618265431742e-50], "spearman": [0.6052282614987337, 3.1062398729070787e-41], "nsamples": 399}, "all": {"pearson": {"mean": 0.6476888727647744, "wmean": 0.656535140257663}, "spearman": {"mean": 0.6518384944013865, "wmean": 0.6631160111934575}}}, "STS13": {"FNWN": {"pearson": [0.585792035831869, 8.4401277129620285e-19], "spearman": [0.6025206184663929, 4.640642371060727e-20], "nsamples": 189}, "headlines": {"pearson": [0.7642413181781597, 1.2497059873792737e-144], "spearman": [0.7578854642017441, 6.840544461871044e-141], "nsamples": 750}, "OnWN": {"pearson": [0.5785110650652733, 2.0051740963136176e-51], "spearman": [0.5855821321574182, 6.106434328461246e-53], "nsamples": 561}, "all": {"pearson": {"mean": 0.6428481396917674, "wmean": 0.6722935939383076}, "spearman": {"mean": 0.6486627382751851, "wmean": 0.6738680474545119}}}, "STS14": {"deft-forum": {"pearson": [0.3856114792306549, 2.106157793300543e-17], "spearman": [0.369221282866969, 5.564279709332208e-16], "nsamples": 450}, "deft-news": {"pearson": [0.7975226087185522, 2.2828844595737037e-67], "spearman": [0.7852942919514467, 5.2239324044360866e-64], "nsamples": 300}, "headlines": {"pearson": [0.7535587299347047, 2.0621083005728516e-138], "spearman": [0.7305943728140805, 4.547709927342103e-126], "nsamples": 750}, "images": {"pearson": [0.7570403416757788, 2.105920000115243e-140], "spearman": [0.7550636423413793, 2.8699592313223433e-139], "nsamples": 750}, "OnWN": {"pearson": [0.692266354125052, 4.4533665679812035e-108], "spearman": [0.7349682471406958, 2.5499665165896947e-128], "nsamples": 750}, "tweet-news": {"pearson": [0.7717589131993733, 3.3081984723182824e-149], "spearman": [0.7399805951953368, 5.900764201663458e-131], "nsamples": 750}, "all": {"pearson": {"mean": 0.6929597378140193, "wmean": 0.7050000539921445}, "spearman": {"mean": 0.685853738718318, "wmean": 0.6992514687984505}}}, "STS15": {"answers-forums": {"pearson": [0.6628462359734689, 8.351331623341368e-49], "spearman": [0.6484955579516566, 4.029719720242037e-46], "nsamples": 375}, "answers-students": {"pearson": [0.785749986703285, 3.269847752723516e-158], "spearman": [0.7922216087882833, 1.3082648050993333e-162], "nsamples": 750}, "belief": {"pearson": [0.761840206738068, 2.4650043274585046e-72], "spearman": [0.7581650056443555, 2.91823441719462e-71], "nsamples": 375}, "headlines": {"pearson": [0.7974855828568094, 2.643503469509595e-166], "spearman": [0.7995823611639495, 8.316164402064258e-168], "nsamples": 750}, "images": {"pearson": [0.8089015602140726, 1.0471260698078474e-174], "spearman": [0.8190521438023354, 1.1437254274100352e-182], "nsamples": 750}, "all": {"pearson": {"mean": 0.7633647144971408, "wmean": 0.7761200877824839}, "spearman": {"mean": 0.7635033354701161, "wmean": 0.7785465988881436}}}, "STS16": {"answer-answer": {"pearson": [0.6998846800539547, 1.0596933632013426e-38], "spearman": [0.6846596834919079, 1.7789729146150884e-36], "nsamples": 254}, "headlines": {"pearson": [0.7943424602867761, 2.1617296327799244e-55], "spearman": [0.8008593301208566, 6.289780836610238e-57], "nsamples": 249}, "plagiarism": {"pearson": [0.815807512351611, 3.8452201322652633e-56], "spearman": [0.8412999493547236, 7.704644152183248e-63], "nsamples": 230}, "postediting": {"pearson": [0.8595871976870526, 1.6228592314453534e-72], "spearman": [0.8593946339586689, 1.8921387592637172e-72], "nsamples": 244}, "question-question": {"pearson": [0.48192484390955403, 1.4927697475062967e-13], "spearman": [0.4561918248470383, 3.876689994377248e-12], "nsamples": 209}, "all": {"pearson": {"mean": 0.7303093388577897, "wmean": 0.7366435731861045}, "spearman": {"mean": 0.728481084354639, "wmean": 0.7351204917686092}}}}