{"MR": {"devacc": 75.1, "acc": 75.58, "ndev": 10662, "ntest": 10662}, "CR": {"devacc": 84.1, "acc": 83.6, "ndev": 3775, "ntest": 3775}, "SUBJ": {"devacc": 91.62, "acc": 91.33, "ndev": 10000, "ntest": 10000}, "MPQA": {"devacc": 88.35, "acc": 88.04, "ndev": 10606, "ntest": 10606}, "SST5": {"devacc": 42.33, "acc": 42.53, "ndev": 1101, "ntest": 2210}, "TREC": {"devacc": 80.25, "acc": 88.4, "ndev": 5452, "ntest": 500}, "MRPC": {"devacc": 73.99, "acc": 70.61, "f1": 75.8, "ndev": 4076, "ntest": 1725}, "STS12": {"MSRpar": {"pearson": [0.6431860293420917, 8.625437489041451e-89], "spearman": [0.6317115584892984, 8.839561867843209e-85], "nsamples": 750}, "MSRvid": {"pearson": [0.7382217498476392, 5.042709405158124e-130], "spearman": [0.7435053433925799, 7.597890816911444e-133], "nsamples": 750}, "SMTeuroparl": {"pearson": [0.5308022378692656, 1.0075677197956648e-34], "spearman": [0.5834660153552534, 3.1962366690934147e-43], "nsamples": 459}, "surprise.OnWN": {"pearson": [0.6686849410823066, 2.3829501427891337e-98], "spearman": [0.7080477990765026, 3.9428549359844527e-115], "nsamples": 750}, "surprise.SMTnews": {"pearson": [0.6685181218320203, 5.245404937726689e-53], "spearman": [0.6132450842534892, 1.4040545296700212e-42], "nsamples": 399}, "all": {"pearson": {"mean": 0.6498826159946647, "wmean": 0.6589274446579785}, "spearman": {"mean": 0.6559951601134247, "wmean": 0.6676139689137675}}}, "STS13": {"FNWN": {"pearson": [0.5622236630050845, 3.826220211658287e-17], "spearman": [0.5693862475241989, 1.2397219070677463e-17], "nsamples": 189}, "headlines": {"pearson": [0.7604705230309378, 2.1318137329280146e-142], "spearman": [0.7516697520289883, 2.402068063346512e-137], "nsamples": 750}, "OnWN": {"pearson": [0.6061443461939732, 1.4376205712788106e-57], "spearman": [0.6142161611171311, 1.7656279323955047e-59], "nsamples": 561}, "all": {"pearson": {"mean": 0.6429461774099985, "wmean": 0.6777734285306554}, "spearman": {"mean": 0.6450907202234394, "wmean": 0.6772943874603502}}}, "STS14": {"deft-forum": {"pearson": [0.3833588258718318, 3.339723434337858e-17], "spearman": [0.36679316955514935, 8.897649345497168e-16], "nsamples": 450}, "deft-news": {"pearson": [0.7994146391795084, 6.576937072296857e-68], "spearman": [0.7775672251907738, 5.363956658097113e-62], "nsamples": 300}, "headlines": {"pearson": [0.745293045978182, 8.129819048876389e-134], "spearman": [0.7235531580605506, 1.5503517996142203e-122], "nsamples": 750}, "images": {"pearson": [0.7680185403704539, 6.586655667060405e-147], "spearman": [0.7581800162559176, 4.6175508228537176e-141], "nsamples": 750}, "OnWN": {"pearson": [0.7185611316380329, 4.2578315732962725e-120], "spearman": [0.7592775213145236, 1.0624128840578188e-141], "nsamples": 750}, "tweet-news": {"pearson": [0.7675136363028934, 1.335646202374621e-146], "spearman": [0.7403220893921295, 3.8826018915079494e-131], "nsamples": 750}, "all": {"pearson": {"mean": 0.6970266365568171, "wmean": 0.7098335010968929}, "spearman": {"mean": 0.6876155299615073, "wmean": 0.7024871153665042}}}, "STS15": {"answers-forums": {"pearson": [0.6319677308835198, 3.3250833003061678e-43], "spearman": [0.6237595348918417, 8.046247616697309e-42], "nsamples": 375}, "answers-students": {"pearson": [0.7859317046553445, 2.4724848161208655e-158], "spearman": [0.7918512144613662, 2.358391729101123e-162], "nsamples": 750}, "belief": {"pearson": [0.7587125500056553, 2.025057699708332e-71], "spearman": [0.7600391941168138, 8.321475083080483e-72], "nsamples": 375}, "headlines": {"pearson": [0.7934934306435619, 1.7137618454630255e-163], "spearman": [0.7970383061822646, 5.499734165057293e-166], "nsamples": 750}, "images": {"pearson": [0.8178476437579849, 1.06904598275556e-181], "spearman": [0.8269086485553104, 3.5010812359488133e-189], "nsamples": 750}, "all": {"pearson": {"mean": 0.7575906119892133, "wmean": 0.7731532298753697}, "spearman": {"mean": 0.7599193796415193, "wmean": 0.7769243834258173}}}, "STS16": {"answer-answer": {"pearson": [0.7011104205857231, 6.917108541982442e-39], "spearman": [0.6990032979328749, 1.4381656167516813e-38], "nsamples": 254}, "headlines": {"pearson": [0.807548806428248, 1.4496794611764432e-58], "spearman": [0.8159100018476038, 1.0519999914962474e-60], "nsamples": 249}, "plagiarism": {"pearson": [0.8160291793672825, 3.398051781019091e-56], "spearman": [0.8426611196778148, 3.134512599651534e-63], "nsamples": 230}, "postediting": {"pearson": [0.8630413018344312, 9.93593804478145e-74], "spearman": [0.8639306618296612, 4.780739893810884e-74], "nsamples": 244}, "question-question": {"pearson": [0.5243212695941767, 3.705985057721942e-16], "spearman": [0.5024163605090455, 9.116992332083514e-15], "nsamples": 209}, "all": {"pearson": {"mean": 0.7424101955619723, "wmean": 0.7479035698791454}, "spearman": {"mean": 0.7447842883594, "wmean": 0.7506952668581187}}}}