{"MR": {"devacc": 76.14, "acc": 77.47, "ndev": 10662, "ntest": 10662}, "CR": {"devacc": 85.32, "acc": 84.0, "ndev": 3775, "ntest": 3775}, "SUBJ": {"devacc": 92.06, "acc": 92.22, "ndev": 10000, "ntest": 10000}, "MPQA": {"devacc": 88.81, "acc": 87.53, "ndev": 10606, "ntest": 10606}, "SST5": {"devacc": 42.6, "acc": 44.12, "ndev": 1101, "ntest": 2210}, "TREC": {"devacc": 82.06, "acc": 90.0, "ndev": 5452, "ntest": 500}, "MRPC": {"devacc": 75.56, "acc": 71.59, "f1": 76.86, "ndev": 4076, "ntest": 1725}, "STS12": {"MSRpar": {"pearson": [0.6577465753528718, 3.907433966231638e-94], "spearman": [0.6468516909231167, 4.149392622696055e-90], "nsamples": 750}, "MSRvid": {"pearson": [0.7286409404275965, 4.4564728710449784e-125], "spearman": [0.7327197804719683, 3.710181730576734e-127], "nsamples": 750}, "SMTeuroparl": {"pearson": [0.5505656218203314, 9.773117030373094e-38], "spearman": [0.5865753100748698, 8.984267335008918e-44], "nsamples": 459}, "surprise.OnWN": {"pearson": [0.6779166354973373, 4.7561289308525094e-102], "spearman": [0.7177562640154036, 1.0409572820736345e-119], "nsamples": 750}, "surprise.SMTnews": {"pearson": [0.6762280188959595, 1.2120175831770694e-54], "spearman": [0.6367318778623234, 9.470906325381853e-47], "nsamples": 399}, "all": {"pearson": {"mean": 0.6582195583988193, "wmean": 0.666265351806105}, "spearman": {"mean": 0.6641269846695363, "wmean": 0.6744819459939827}}}, "STS13": {"FNWN": {"pearson": [0.6020261936571827, 5.068430884348057e-20], "spearman": [0.6093290630562197, 1.356470370162108e-20], "nsamples": 189}, "headlines": {"pearson": [0.7652451970430348, 3.1299473283402814e-145], "spearman": [0.7597118723572822, 5.926553006876962e-142], "nsamples": 750}, "OnWN": {"pearson": [0.5639023510152825, 2.0914153211458923e-48], "spearman": [0.5739207622666881, 1.8488235505945415e-50], "nsamples": 561}, "all": {"pearson": {"mean": 0.6437245805718333, "wmean": 0.6693773782020381}, "spearman": {"mean": 0.64765389922673, "wmean": 0.6712777632114663}}}, "STS14": {"deft-forum": {"pearson": [0.3924198497791879, 5.115465087760364e-18], "spearman": [0.3789205553607315, 8.197594591433689e-17], "nsamples": 450}, "deft-news": {"pearson": [0.8013886729172958, 1.7698085586600434e-68], "spearman": [0.7813284862786736, 5.762520385190574e-63], "nsamples": 300}, "headlines": {"pearson": [0.7586500635375001, 2.4633880455206806e-141], "spearman": [0.7369805356303356, 2.2682182784340567e-129], "nsamples": 750}, "images": {"pearson": [0.7573012756078865, 1.4889372239598754e-140], "spearman": [0.755743637672133, 1.1717892458609716e-139], "nsamples": 750}, "OnWN": {"pearson": [0.6995832069699482, 2.731020433760117e-111], "spearman": [0.7446044413771798, 1.9271340098266743e-133], "nsamples": 750}, "tweet-news": {"pearson": [0.7720579415907913, 2.157219148404293e-149], "spearman": [0.7418646220243422, 5.813112928854486e-132], "nsamples": 750}, "all": {"pearson": {"mean": 0.6969001684004349, "wmean": 0.7087199733481114}, "spearman": {"mean": 0.689907046390566, "wmean": 0.7038153928863797}}}, "STS15": {"answers-forums": {"pearson": [0.6768641816402489, 1.4226932526155917e-51], "spearman": [0.6740047884644271, 5.373629914035233e-51], "nsamples": 375}, "answers-students": {"pearson": [0.7878771780246415, 1.2190212126780299e-159], "spearman": [0.7936679705210754, 1.2951515852658986e-163], "nsamples": 750}, "belief": {"pearson": [0.777721625917402, 3.3123588334248234e-77], "spearman": [0.7815549475982906, 1.9207806979345689e-78], "nsamples": 375}, "headlines": {"pearson": [0.798910331479633, 2.5313200990360935e-167], "spearman": [0.8019839792695085, 1.503581171434749e-169], "nsamples": 750}, "images": {"pearson": [0.8242604495677665, 5.972870719255382e-187], "spearman": [0.8333875205518771, 8.30721341188815e-195], "nsamples": 750}, "all": {"pearson": {"mean": 0.7731267533259383, "wmean": 0.7845852157127167}, "spearman": {"mean": 0.7769198412810358, "wmean": 0.7892048345934549}}}, "STS16": {"answer-answer": {"pearson": [0.6971898962235277, 2.686390213026038e-38], "spearman": [0.6898155349514098, 3.25154247858547e-37], "nsamples": 254}, "headlines": {"pearson": [0.8028904306179208, 2.0330788778171203e-57], "spearman": [0.8114216849732201, 1.5263436749966723e-59], "nsamples": 249}, "plagiarism": {"pearson": [0.82475023734636, 2.287860772753274e-58], "spearman": [0.8508055973894431, 1.1991370663253332e-65], "nsamples": 230}, "postediting": {"pearson": [0.8654295333560111, 1.3769521954157948e-74], "spearman": [0.8631062341560266, 9.420810438970874e-74], "nsamples": 244}, "question-question": {"pearson": [0.5089945268519863, 3.5692102472735e-15], "spearman": [0.47990522853253537, 1.946849107760011e-13], "nsamples": 209}, "all": {"pearson": {"mean": 0.7398509248791612, "wmean": 0.7455675950297073}, "spearman": {"mean": 0.7390108560005271, "wmean": 0.7452281169754909}}}}