{"MR": {"devacc": 73.65, "acc": 74.6, "ndev": 10662, "ntest": 10662}, "CR": {"devacc": 82.91, "acc": 82.49, "ndev": 3775, "ntest": 3775}, "SUBJ": {"devacc": 90.08, "acc": 89.93, "ndev": 10000, "ntest": 10000}, "MPQA": {"devacc": 87.54, "acc": 88.19, "ndev": 10606, "ntest": 10606}, "SST5": {"devacc": 40.69, "acc": 37.83, "ndev": 1101, "ntest": 2210}, "TREC": {"devacc": 75.52, "acc": 88.0, "ndev": 5452, "ntest": 500}, "MRPC": {"devacc": 73.72, "acc": 71.42, "f1": 77.92, "ndev": 4076, "ntest": 1725}, "STS12": {"MSRpar": {"pearson": [0.6563658022077253, 1.2924719286763165e-93], "spearman": [0.6342168360523821, 1.2168549117102187e-85], "nsamples": 750}, "MSRvid": {"pearson": [0.733247449248843, 1.984080839657302e-127], "spearman": [0.735109879629265, 2.152220352333839e-128], "nsamples": 750}, "SMTeuroparl": {"pearson": [0.5152514972169918, 1.731487060325419e-32], "spearman": [0.5590313495937256, 4.332582482682079e-39], "nsamples": 459}, "surprise.OnWN": {"pearson": [0.659978660544134, 5.5745907523500626e-95], "spearman": [0.6983840372544288, 9.321518999381359e-111], "nsamples": 750}, "surprise.SMTnews": {"pearson": [0.6466086823859784, 1.2945346551107349e-48], "spearman": [0.6053785075083766, 2.933466894049566e-41], "nsamples": 399}, "all": {"pearson": {"mean": 0.6422904183207345, "wmean": 0.6536973087178672}, "spearman": {"mean": 0.6464241220076357, "wmean": 0.659242110251422}}}, "STS13": {"FNWN": {"pearson": [0.5369126017262196, 1.6642509018255316e-15], "spearman": [0.5330294028733678, 2.888144773773749e-15], "nsamples": 189}, "headlines": {"pearson": [0.7349067014465398, 2.7448773636877433e-128], "spearman": [0.7281148448333444, 8.212223028476013e-125], "nsamples": 750}, "OnWN": {"pearson": [0.5414127418256753, 4.824515197502852e-44], "spearman": [0.550590998243632, 8.76610668869688e-46], "nsamples": 561}, "all": {"pearson": {"mean": 0.6044106816661449, "wmean": 0.6375927039835761}, "spearman": {"mean": 0.6039117486501148, "wmean": 0.637140160521835}}}, "STS14": {"deft-forum": {"pearson": [0.38634084459432294, 1.812723940091117e-17], "spearman": [0.38402632890750643, 2.914358165349357e-17], "nsamples": 450}, "deft-news": {"pearson": [0.7792518830837215, 1.9855925519570355e-62], "spearman": [0.7712486604635133, 2.0659818202020316e-60], "nsamples": 300}, "headlines": {"pearson": [0.7421657816395631, 4.005942732163723e-132], "spearman": [0.7205110274390106, 4.818903686767947e-121], "nsamples": 750}, "images": {"pearson": [0.754212195199852, 8.773876986293213e-139], "spearman": [0.7490058841665903, 7.379147386133212e-136], "nsamples": 750}, "OnWN": {"pearson": [0.6784601351389405, 2.8522889901363446e-102], "spearman": [0.7174019688889771, 1.5413603270915814e-119], "nsamples": 750}, "tweet-news": {"pearson": [0.7591659014334037, 1.2340951020643397e-141], "spearman": [0.7257336091452318, 1.2831649258741938e-123], "nsamples": 750}, "all": {"pearson": {"mean": 0.6832661235149673, "wmean": 0.6955018546803683}, "spearman": {"mean": 0.6779879131684715, "wmean": 0.6903135502339439}}}, "STS15": {"answers-forums": {"pearson": [0.6444254892233444, 2.1888464780288804e-45], "spearman": [0.6317445084111173, 3.630663549659814e-43], "nsamples": 375}, "answers-students": {"pearson": [0.7861533891388899, 1.7574377508099495e-158], "spearman": [0.7938824885633101, 9.176355670036163e-164], "nsamples": 750}, "belief": {"pearson": [0.7265193691690733, 9.39289887811271e-63], "spearman": [0.7196997852057597, 4.479799621348925e-61], "nsamples": 375}, "headlines": {"pearson": [0.7748929905456252, 3.623297488581209e-151], "spearman": [0.7768727173365584, 2.0150184041577304e-152], "nsamples": 750}, "images": {"pearson": [0.8201754809433623, 1.4012208280340438e-183], "spearman": [0.8275454748699327, 1.0041265468288813e-189], "nsamples": 750}, "all": {"pearson": {"mean": 0.7504333438040589, "wmean": 0.7666735724560215}, "spearman": {"mean": 0.7499489948773356, "wmean": 0.76850570689456}}}, "STS16": {"answer-answer": {"pearson": [0.6883651301762566, 5.263524162207157e-37], "spearman": [0.6649147209161352, 8.727230835634754e-34], "nsamples": 254}, "headlines": {"pearson": [0.7890214624839573, 3.5355732249961375e-54], "spearman": [0.7980208291700517, 2.983044481021868e-56], "nsamples": 249}, "plagiarism": {"pearson": [0.8027131538011676, 4.302514669047685e-53], "spearman": [0.8200070326224616, 3.5910748109530394e-57], "nsamples": 230}, "postediting": {"pearson": [0.8584824384281983, 3.9034086799024644e-72], "spearman": [0.8556168449541798, 3.674856071971122e-71], "nsamples": 244}, "question-question": {"pearson": [0.44807335616195887, 1.0249693493721012e-11], "spearman": [0.42489594251583135, 1.4337961711583892e-10], "nsamples": 209}, "all": {"pearson": {"mean": 0.7173311082103078, "wmean": 0.7243272841584089}, "spearman": {"mean": 0.712691074035732, "wmean": 0.7198742877182429}}}}