{"MR": {"devacc": 73.36, "acc": 71.87, "ndev": 10662, "ntest": 10662}, "CR": {"devacc": 82.3, "acc": 81.3, "ndev": 3775, "ntest": 3775}, "SUBJ": {"devacc": 90.09, "acc": 89.58, "ndev": 10000, "ntest": 10000}, "MPQA": {"devacc": 86.64, "acc": 86.6, "ndev": 10606, "ntest": 10606}, "SST5": {"devacc": 40.51, "acc": 41.95, "ndev": 1101, "ntest": 2210}, "TREC": {"devacc": 73.33, "acc": 84.2, "ndev": 5452, "ntest": 500}, "MRPC": {"devacc": 72.82, "acc": 72.23, "f1": 80.39, "ndev": 4076, "ntest": 1725}, "STS12": {"MSRpar": {"pearson": [0.6423771939558968, 1.675435216683843e-88], "spearman": [0.6286652527964672, 9.615642897282097e-84], "nsamples": 750}, "MSRvid": {"pearson": [0.6940374582240267, 7.585339795259721e-109], "spearman": [0.6948957564035609, 3.2020673343138557e-109], "nsamples": 750}, "SMTeuroparl": {"pearson": [0.5586314520266346, 5.029773536730649e-39], "spearman": [0.6025368099635987, 1.066822816811425e-46], "nsamples": 459}, "surprise.OnWN": {"pearson": [0.6476372640240352, 2.1537982734239653e-90], "spearman": [0.6842649412337756, 1.1302842148004624e-104], "nsamples": 750}, "surprise.SMTnews": {"pearson": [0.6121142954744346, 2.184801517041365e-42], "spearman": [0.5739377889983195, 2.4753867326134442e-36], "nsamples": 399}, "all": {"pearson": {"mean": 0.6309595327410056, "wmean": 0.6398598383293095}, "spearman": {"mean": 0.6368601098791443, "wmean": 0.6471798701444575}}}, "STS13": {"FNWN": {"pearson": [0.49717037889363314, 3.411169223800152e-13], "spearman": [0.4941839803945617, 4.952142230448179e-13], "nsamples": 189}, "headlines": {"pearson": [0.7421821659054261, 3.925553621985021e-132], "spearman": [0.7309835922573633, 2.8790998712938013e-126], "nsamples": 750}, "OnWN": {"pearson": [0.4867052243248172, 1.0536541508290806e-34], "spearman": [0.4916088662519219, 1.7902611950657813e-35], "nsamples": 561}, "all": {"pearson": {"mean": 0.5753525897079589, "wmean": 0.6157623045907925}, "spearman": {"mean": 0.572258812967949, "wmean": 0.6116206936366151}}}, "STS14": {"deft-forum": {"pearson": [0.38683384914134294, 1.6375550532805645e-17], "spearman": [0.36939706077112033, 5.377537629324728e-16], "nsamples": 450}, "deft-news": {"pearson": [0.7723965350939122, 1.073688485750986e-60], "spearman": [0.7613028458688871, 5.133064033311043e-58], "nsamples": 300}, "headlines": {"pearson": [0.729436588546544, 1.7632584426911574e-125], "spearman": [0.7086425957646345, 2.0929096244564185e-115], "nsamples": 750}, "images": {"pearson": [0.732982099153565, 2.718562054366045e-127], "spearman": [0.7323065874145944, 6.050688942178223e-127], "nsamples": 750}, "OnWN": {"pearson": [0.6418343940002301, 2.613038348959116e-88], "spearman": [0.682718402797388, 4.995836313760181e-104], "nsamples": 750}, "tweet-news": {"pearson": [0.7410264358520359, 1.634087096309949e-131], "spearman": [0.715039584245433, 2.079266240230067e-118], "nsamples": 750}, "all": {"pearson": {"mean": 0.667418316964605, "wmean": 0.6772676882149492}, "spearman": {"mean": 0.6615678461436761, "wmean": 0.6729733090064554}}}, "STS15": {"answers-forums": {"pearson": [0.6347026393298169, 1.1257247153941462e-43], "spearman": [0.6215205877594429, 1.8877295896402734e-41], "nsamples": 375}, "answers-students": {"pearson": [0.7552713224824118, 2.183721756305349e-139], "spearman": [0.758401693946587, 3.433982545091323e-141], "nsamples": 750}, "belief": {"pearson": [0.7560758095708564, 1.1660506878911805e-70], "spearman": [0.7524187036892163, 1.274360337168895e-69], "nsamples": 375}, "headlines": {"pearson": [0.775428856332901, 1.6623450213112017e-151], "spearman": [0.7771671397003024, 1.307854238117523e-152], "nsamples": 750}, "images": {"pearson": [0.8086560651280409, 1.6092085358881337e-174], "spearman": [0.8178913633919583, 9.860295076452916e-182], "nsamples": 750}, "all": {"pearson": {"mean": 0.7460269385688054, "wmean": 0.7586863670984226}, "spearman": {"mean": 0.7454798976975013, "wmean": 0.7601074606907943}}}, "STS16": {"answer-answer": {"pearson": [0.6578464783811885, 7.15982182321388e-33], "spearman": [0.6419104318610049, 6.728378209408819e-31], "nsamples": 254}, "headlines": {"pearson": [0.775476536847477, 3.059520866120897e-51], "spearman": [0.7849181091752045, 2.888563918290342e-53], "nsamples": 249}, "plagiarism": {"pearson": [0.8084126123414198, 2.1657806056945812e-54], "spearman": [0.8375635315388061, 8.714284600638629e-62], "nsamples": 230}, "postediting": {"pearson": [0.8564217883002654, 1.9671631274062293e-71], "spearman": [0.8584380059541641, 4.043024566402904e-72], "nsamples": 244}, "question-question": {"pearson": [0.43338507227228706, 5.582865375573123e-11], "spearman": [0.41432184234035396, 4.477499683186327e-10], "nsamples": 209}, "all": {"pearson": {"mean": 0.7063084976285277, "wmean": 0.7130404388470007}, "spearman": {"mean": 0.7074303841739068, "wmean": 0.7143183892354104}}}}