{"MR": {"devacc": 76.27, "acc": 77.2, "ndev": 10662, "ntest": 10662}, "CR": {"devacc": 85.71, "acc": 84.58, "ndev": 3775, "ntest": 3775}, "SUBJ": {"devacc": 92.32, "acc": 92.04, "ndev": 10000, "ntest": 10000}, "MPQA": {"devacc": 88.87, "acc": 88.93, "ndev": 10606, "ntest": 10606}, "SST5": {"devacc": 43.78, "acc": 44.62, "ndev": 1101, "ntest": 2210}, "TREC": {"devacc": 82.5, "acc": 87.4, "ndev": 5452, "ntest": 500}, "MRPC": {"devacc": 74.46, "acc": 73.74, "f1": 81.01, "ndev": 4076, "ntest": 1725}, "STS12": {"MSRpar": {"pearson": [0.6520705091126549, 5.130775750494859e-92], "spearman": [0.6369623977299904, 1.3560120007116967e-86], "nsamples": 750}, "MSRvid": {"pearson": [0.7113155650372457, 1.1912849207984546e-116], "spearman": [0.7159858344449612, 7.356558297356566e-119], "nsamples": 750}, "SMTeuroparl": {"pearson": [0.567939207628864, 1.4798042064804422e-40], "spearman": [0.6159273043659618, 2.7767435376129424e-49], "nsamples": 459}, "surprise.OnWN": {"pearson": [0.6759928729573882, 2.880141880143099e-101], "spearman": [0.7205477758755383, 4.624209812884767e-121], "nsamples": 750}, "surprise.SMTnews": {"pearson": [0.6560165210366851, 1.8662682275339112e-50], "spearman": [0.6216810133160094, 4.897464016709225e-44], "nsamples": 399}, "all": {"pearson": {"mean": 0.6526669351545675, "wmean": 0.6602216533223141}, "spearman": {"mean": 0.6622208651464923, "wmean": 0.6711336431965674}}}, "STS13": {"FNWN": {"pearson": [0.6209218988853693, 1.5584802678710759e-21], "spearman": [0.6279502748295734, 4.015046824993041e-22], "nsamples": 189}, "headlines": {"pearson": [0.7682957058052211, 4.464690163981613e-147], "spearman": [0.7623088138146096, 1.7614117271238369e-143], "nsamples": 750}, "OnWN": {"pearson": [0.58948357700435, 8.57187605311676e-54], "spearman": [0.5969017286313512, 1.9026566557070828e-55], "nsamples": 561}, "all": {"pearson": {"mean": 0.6595670605649802, "wmean": 0.682850869961794}, "spearman": {"mean": 0.6623869390918448, "wmean": 0.6835173880439563}}}, "STS14": {"deft-forum": {"pearson": [0.402901716754028, 5.424772499565655e-19], "spearman": [0.3833027572707882, 3.378113717151652e-17], "nsamples": 450}, "deft-news": {"pearson": [0.7936879892004454, 2.731566818719931e-66], "spearman": [0.7736962356150147, 5.0934735867046944e-61], "nsamples": 300}, "headlines": {"pearson": [0.762119471575795, 2.279563511401763e-143], "spearman": [0.7403398643437524, 3.7988573281457083e-131], "nsamples": 750}, "images": {"pearson": [0.7687370683134735, 2.4009674346212374e-147], "spearman": [0.7642979212588438, 1.156073725234419e-144], "nsamples": 750}, "OnWN": {"pearson": [0.7099943219614606, 4.932405515789851e-116], "spearman": [0.7530940833973431, 3.7799646110297194e-138], "nsamples": 750}, "tweet-news": {"pearson": [0.7779013851981692, 4.437704105256393e-153], "spearman": [0.7444745357588339, 2.267193611967591e-133], "nsamples": 750}, "all": {"pearson": {"mean": 0.7025569921672287, "wmean": 0.7155936945562986}, "spearman": {"mean": 0.6932008996074294, "wmean": 0.7083333106734504}}}, "STS15": {"answers-forums": {"pearson": [0.6644983842586174, 4.0109190585363264e-49], "spearman": [0.6606206609250269, 2.2265012741834174e-48], "nsamples": 375}, "answers-students": {"pearson": [0.8011203246634873, 6.406401391169748e-169], "spearman": [0.8084562269452901, 2.2820224937618467e-174], "nsamples": 750}, "belief": {"pearson": [0.7827195481269382, 7.994586117644394e-79], "spearman": [0.7852205857703992, 1.1946819108779548e-79], "nsamples": 375}, "headlines": {"pearson": [0.7991589642687408, 1.6776754554698215e-167], "spearman": [0.8031616350175814, 2.0593564476542225e-170], "nsamples": 750}, "images": {"pearson": [0.8242299205503766, 6.334242805937256e-187], "spearman": [0.8330142174648589, 1.778647663165369e-194], "nsamples": 750}, "all": {"pearson": {"mean": 0.7743454283736321, "wmean": 0.7870295439188455}, "spearman": {"mean": 0.7780946652246313, "wmean": 0.7918881756938608}}}, "STS16": {"answer-answer": {"pearson": [0.7055824268303347, 1.4320059361124844e-39], "spearman": [0.6981889618207231, 1.905105565874264e-38], "nsamples": 254}, "headlines": {"pearson": [0.8022252061076623, 2.9473044307691955e-57], "spearman": [0.8128021051505459, 6.756448183893989e-60], "nsamples": 249}, "plagiarism": {"pearson": [0.8097698039940162, 1.047291176658555e-54], "spearman": [0.8298705272895769, 1.0651906020715231e-59], "nsamples": 230}, "postediting": {"pearson": [0.8650837205178636, 1.8374450564983315e-74], "spearman": [0.8616659992261716, 3.048911327014918e-73], "nsamples": 244}, "question-question": {"pearson": [0.5068976921427261, 4.82332906419714e-15], "spearman": [0.4787431218026905, 2.2665086973519316e-13], "nsamples": 209}, "all": {"pearson": {"mean": 0.7379117699185206, "wmean": 0.7438795220223652}, "spearman": {"mean": 0.7362541430579416, "wmean": 0.7427502175628167}}}}