{"MR": {"devacc": 75.08, "acc": 75.07, "ndev": 10662, "ntest": 10662}, "CR": {"devacc": 84.88, "acc": 84.85, "ndev": 3775, "ntest": 3775}, "SUBJ": {"devacc": 91.67, "acc": 91.2, "ndev": 10000, "ntest": 10000}, "MPQA": {"devacc": 88.13, "acc": 87.73, "ndev": 10606, "ntest": 10606}, "SST5": {"devacc": 40.6, "acc": 39.19, "ndev": 1101, "ntest": 2210}, "TREC": {"devacc": 79.11, "acc": 85.2, "ndev": 5452, "ntest": 500}, "MRPC": {"devacc": 73.9, "acc": 73.1, "f1": 81.38, "ndev": 4076, "ntest": 1725}, "STS12": {"MSRpar": {"pearson": [0.647810560890049, 1.8632426408474025e-90], "spearman": [0.632831650813285, 3.65072664738244e-85], "nsamples": 750}, "MSRvid": {"pearson": [0.7383881545890141, 4.119390253726411e-130], "spearman": [0.7417946102511386, 6.33823534262003e-132], "nsamples": 750}, "SMTeuroparl": {"pearson": [0.5478980887926668, 2.5615368798456356e-37], "spearman": [0.5946227562001442, 3.154991041504508e-45], "nsamples": 459}, "surprise.OnWN": {"pearson": [0.6602352278875673, 4.451855197078844e-95], "spearman": [0.7021835212773734, 1.866422069398349e-112], "nsamples": 750}, "surprise.SMTnews": {"pearson": [0.6599645928822176, 3.0096091934480334e-51], "spearman": [0.6011941990975808, 1.4277132148844208e-40], "nsamples": 399}, "all": {"pearson": {"mean": 0.6508593250083029, "wmean": 0.6594712203477514}, "spearman": {"mean": 0.6545253475279044, "wmean": 0.6661569071081559}}}, "STS13": {"FNWN": {"pearson": [0.5947309738170393, 1.8293592359513286e-19], "spearman": [0.6137207023546399, 6.039216326831881e-21], "nsamples": 189}, "headlines": {"pearson": [0.7562206288290095, 6.240179651784571e-140], "spearman": [0.7505599369959383, 1.0059237673453773e-136], "nsamples": 750}, "OnWN": {"pearson": [0.5563170418824547, 6.749188272816048e-47], "spearman": [0.5568940627688151, 5.197991179098908e-47], "nsamples": 561}, "all": {"pearson": {"mean": 0.6357562148428345, "wmean": 0.6611089907794897}, "spearman": {"mean": 0.6403915673731312, "wmean": 0.6608871564701907}}}, "STS14": {"deft-forum": {"pearson": [0.40420831137324886, 4.0781549512007616e-19], "spearman": [0.38474224307164895, 2.517290811023837e-17], "nsamples": 450}, "deft-news": {"pearson": [0.8038683734441758, 3.331288876445448e-69], "spearman": [0.7880303818120037, 9.675506654151231e-65], "nsamples": 300}, "headlines": {"pearson": [0.7491471635474698, 6.160165479530505e-136], "spearman": [0.7264647304566281, 5.534557836187351e-124], "nsamples": 750}, "images": {"pearson": [0.7498573563513654, 2.4809561717767173e-136], "spearman": [0.7455175183243148, 6.132410985986271e-134], "nsamples": 750}, "OnWN": {"pearson": [0.7097423554971983, 6.461552407201308e-116], "spearman": [0.7510168751027246, 5.583153116441583e-137], "nsamples": 750}, "tweet-news": {"pearson": [0.7530503982908117, 4.0012973531857166e-138], "spearman": [0.7204027797189001, 5.441141917723356e-121], "nsamples": 750}, "all": {"pearson": {"mean": 0.694978993084045, "wmean": 0.7051739219776929}, "spearman": {"mean": 0.6860290880810367, "wmean": 0.6978918804340717}}}, "STS15": {"answers-forums": {"pearson": [0.6567460358216483, 1.2034229924630927e-47], "spearman": [0.6487932693052536, 3.556923754243857e-46], "nsamples": 375}, "answers-students": {"pearson": [0.7856243279275517, 3.966455966817652e-158], "spearman": [0.7929356281082853, 4.1867169977878193e-163], "nsamples": 750}, "belief": {"pearson": [0.7560795146239596, 1.1632040993670922e-70], "spearman": [0.7521972724845755, 1.4709312337457185e-69], "nsamples": 375}, "headlines": {"pearson": [0.7973928973749175, 3.077341772175598e-166], "spearman": [0.8008741141068265, 9.671621991833822e-169], "nsamples": 750}, "images": {"pearson": [0.8219893622832198, 4.57752784174538e-185], "spearman": [0.8312439900723184, 6.410609395958876e-193], "nsamples": 750}, "all": {"pearson": {"mean": 0.7635664276062594, "wmean": 0.7778548407021232}, "spearman": {"mean": 0.7652088548154519, "wmean": 0.7813872507955861}}}, "STS16": {"answer-answer": {"pearson": [0.7028918989726141, 3.706677487914178e-39], "spearman": [0.7004940793778044, 8.574226486344305e-39], "nsamples": 254}, "headlines": {"pearson": [0.8036145036093814, 1.354922062219095e-57], "spearman": [0.8123948934194372, 8.598650241713591e-60], "nsamples": 249}, "plagiarism": {"pearson": [0.8240827609846596, 3.3874504891172044e-58], "spearman": [0.8532997002704172, 2.0400060281914318e-66], "nsamples": 230}, "postediting": {"pearson": [0.8681062471872598, 1.435993344685407e-75], "spearman": [0.8681750634881618, 1.354031955391699e-75], "nsamples": 244}, "question-question": {"pearson": [0.470003569669384, 6.982112949887769e-13], "spearman": [0.4412932952505945, 2.2641077650860758e-11], "nsamples": 209}, "all": {"pearson": {"mean": 0.7337397960846598, "wmean": 0.740490943624658}, "spearman": {"mean": 0.735131406361283, "wmean": 0.7424416272209814}}}}