{"MR": {"devacc": 75.03, "acc": 75.11, "ndev": 10662, "ntest": 10662}, "CR": {"devacc": 83.23, "acc": 82.33, "ndev": 3775, "ntest": 3775}, "SUBJ": {"devacc": 91.11, "acc": 90.32, "ndev": 10000, "ntest": 10000}, "MPQA": {"devacc": 86.94, "acc": 87.94, "ndev": 10606, "ntest": 10606}, "SST5": {"devacc": 40.96, "acc": 40.86, "ndev": 1101, "ntest": 2210}, "TREC": {"devacc": 77.38, "acc": 88.2, "ndev": 5452, "ntest": 500}, "MRPC": {"devacc": 73.8, "acc": 70.26, "f1": 76.71, "ndev": 4076, "ntest": 1725}, "STS12": {"MSRpar": {"pearson": [0.635712051084106, 3.693635606054586e-86], "spearman": [0.6207165970984108, 4.304822061424595e-81], "nsamples": 750}, "MSRvid": {"pearson": [0.7151692917068366, 1.8037069383575709e-118], "spearman": [0.7173099910144385, 1.7065421253337407e-119], "nsamples": 750}, "SMTeuroparl": {"pearson": [0.514738375305595, 2.0427886304737757e-32], "spearman": [0.5667428376575248, 2.3429541708513726e-40], "nsamples": 459}, "surprise.OnWN": {"pearson": [0.6653063116571872, 4.989690982787216e-97], "spearman": [0.7029309798915322, 8.584003806173597e-113], "nsamples": 750}, "surprise.SMTnews": {"pearson": [0.6651966109407915, 2.568326347828667e-52], "spearman": [0.6284180410462691, 3.117057339767124e-45], "nsamples": 399}, "all": {"pearson": {"mean": 0.6392245281389033, "wmean": 0.6479469442943183}, "spearman": {"mean": 0.647223689341635, "wmean": 0.6568828625693537}}}, "STS13": {"FNWN": {"pearson": [0.5142338827804979, 3.7765056940199345e-14], "spearman": [0.5301639799947582, 4.318333065123836e-15], "nsamples": 189}, "headlines": {"pearson": [0.7417248344095373, 6.908587323644661e-132], "spearman": [0.7323441523768532, 5.787756335205288e-127], "nsamples": 750}, "OnWN": {"pearson": [0.5704562950070564, 9.660741615507077e-50], "spearman": [0.5734557161739533, 2.3109314443403247e-50], "nsamples": 561}, "all": {"pearson": {"mean": 0.6088050040656972, "wmean": 0.6490065407677504}, "spearman": {"mean": 0.6119879495151882, "wmean": 0.6474451755168247}}}, "STS14": {"deft-forum": {"pearson": [0.38136108940758295, 5.0116633575876936e-17], "spearman": [0.36720060954179495, 8.225961603502259e-16], "nsamples": 450}, "deft-news": {"pearson": [0.7846727389641303, 7.635955768253925e-64], "spearman": [0.7651710220846389, 6.207592309774927e-59], "nsamples": 300}, "headlines": {"pearson": [0.7439826369545637, 4.1912658168512414e-133], "spearman": [0.7211915301088637, 2.2429103998181737e-121], "nsamples": 750}, "images": {"pearson": [0.7371346702053957, 1.882756870448219e-129], "spearman": [0.7329742207403368, 2.7440866552231465e-127], "nsamples": 750}, "OnWN": {"pearson": [0.6831946796838562, 3.164242821913189e-104], "spearman": [0.7249640016798323, 3.100474931172417e-123], "nsamples": 750}, "tweet-news": {"pearson": [0.753857436868314, 1.3957667729115503e-138], "spearman": [0.7159982731146683, 7.2565599410124e-119], "nsamples": 750}, "all": {"pearson": {"mean": 0.6807005420139737, "wmean": 0.6921710345884663}, "spearman": {"mean": 0.6712499428783558, "wmean": 0.6843033600405267}}}, "STS15": {"answers-forums": {"pearson": [0.6233427884556099, 9.435291608160987e-42], "spearman": [0.610052093673393, 1.3392801132061742e-39], "nsamples": 375}, "answers-students": {"pearson": [0.7747619434115627, 4.382417844297969e-151], "spearman": [0.7782553065968141, 2.6318086912798834e-153], "nsamples": 750}, "belief": {"pearson": [0.7427705186866472, 5.7559953811701434e-67], "spearman": [0.7349109090385162, 6.860471875074229e-65], "nsamples": 375}, "headlines": {"pearson": [0.7832677019104324, 1.448762212682469e-156], "spearman": [0.7867775955562848, 6.706310004817461e-159], "nsamples": 750}, "images": {"pearson": [0.8125974360866319, 1.5046241158981513e-177], "spearman": [0.8198663157918306, 2.5008723879596286e-183], "nsamples": 750}, "all": {"pearson": {"mean": 0.7473480777101769, "wmean": 0.7634209337449389}, "spearman": {"mean": 0.7459724441313678, "wmean": 0.764345179825221}}}, "STS16": {"answer-answer": {"pearson": [0.6855929986358527, 1.3112827574636058e-36], "spearman": [0.6752726414314992, 3.5930605151450215e-35], "nsamples": 254}, "headlines": {"pearson": [0.7838011033062495, 5.076283192431389e-53], "spearman": [0.7869322899539302, 1.0361605310335989e-53], "nsamples": 249}, "plagiarism": {"pearson": [0.8056961484576849, 9.113468547532966e-54], "spearman": [0.8353562891732167, 3.548797693640288e-61], "nsamples": 230}, "postediting": {"pearson": [0.8620941638272293, 2.1533500699300254e-73], "spearman": [0.8593194064539368, 2.0089650178954331e-72], "nsamples": 244}, "question-question": {"pearson": [0.5153439439756062, 1.4159794824765169e-15], "spearman": [0.48324159946660594, 1.254251339362033e-13], "nsamples": 209}, "all": {"pearson": {"mean": 0.7305056716405246, "wmean": 0.7358137190444991}, "spearman": {"mean": 0.7280244452958378, "wmean": 0.7337847951899246}}}}