{"MR": {"devacc": 72.56, "acc": 70.74, "ndev": 10662, "ntest": 10662}, "CR": {"devacc": 81.79, "acc": 81.06, "ndev": 3775, "ntest": 3775}, "SUBJ": {"devacc": 88.99, "acc": 88.44, "ndev": 10000, "ntest": 10000}, "MPQA": {"devacc": 85.71, "acc": 86.08, "ndev": 10606, "ntest": 10606}, "SST5": {"devacc": 39.87, "acc": 40.72, "ndev": 1101, "ntest": 2210}, "TREC": {"devacc": 71.39, "acc": 83.0, "ndev": 5452, "ntest": 500}, "MRPC": {"devacc": 73.26, "acc": 73.04, "f1": 81.58, "ndev": 4076, "ntest": 1725}, "STS12": {"MSRpar": {"pearson": [0.620429728100346, 5.348181233191328e-81], "spearman": [0.6083833429129106, 3.97609857518751e-77], "nsamples": 750}, "MSRvid": {"pearson": [0.6786191728484, 2.4554093630307597e-102], "spearman": [0.6822667513281953, 7.697359260687542e-104], "nsamples": 750}, "SMTeuroparl": {"pearson": [0.5500748143699308, 1.1676448099383936e-37], "spearman": [0.6336151827396701, 6.806931338503169e-53], "nsamples": 459}, "surprise.OnWN": {"pearson": [0.619388771343995, 1.1732558216737322e-80], "spearman": [0.6529806939997359, 2.363625163684368e-92], "nsamples": 750}, "surprise.SMTnews": {"pearson": [0.5965307415286344, 8.105044881985976e-40], "spearman": [0.547769446699139, 1.2788069912676792e-32], "nsamples": 399}, "all": {"pearson": {"mean": 0.6130086456382612, "wmean": 0.6207620205551092}, "spearman": {"mean": 0.6250030835359303, "wmean": 0.6329190699134801}}}, "STS13": {"FNWN": {"pearson": [0.49554213522733315, 4.1818038032770287e-13], "spearman": [0.4987147786604228, 2.8090794646406444e-13], "nsamples": 189}, "headlines": {"pearson": [0.726043840226283, 8.98390190771893e-124], "spearman": [0.7160158928355277, 7.117222591787647e-119], "nsamples": 750}, "OnWN": {"pearson": [0.5142691990086118, 3.3811783299415634e-39], "spearman": [0.5214631733166651, 1.9372515785079755e-40], "nsamples": 561}, "all": {"pearson": {"mean": 0.5786183914874093, "wmean": 0.6177969095810063}, "spearman": {"mean": 0.5787312816042052, "wmean": 0.6158732353494099}}}, "STS14": {"deft-forum": {"pearson": [0.37796121321366943, 9.935737308958826e-17], "spearman": [0.3778660437204232, 1.0126744155381461e-16], "nsamples": 450}, "deft-news": {"pearson": [0.7644645616951918, 9.157934210565245e-59], "spearman": [0.7387267319604178, 5.450130005590513e-53], "nsamples": 300}, "headlines": {"pearson": [0.721540513132192, 1.5139003436256486e-121], "spearman": [0.7060223110715006, 3.367442145045831e-114], "nsamples": 750}, "images": {"pearson": [0.7053486781143647, 6.844304029976588e-114], "spearman": [0.7011903689050657, 5.218900631294348e-112], "nsamples": 750}, "OnWN": {"pearson": [0.6636302927246862, 2.2230431933708707e-96], "spearman": [0.713840568179266, 7.709748479199692e-118], "nsamples": 750}, "tweet-news": {"pearson": [0.7380061188205217, 6.5520551831381996e-130], "spearman": [0.705233588745313, 7.724460965272148e-114], "nsamples": 750}, "all": {"pearson": {"mean": 0.661825229616771, "wmean": 0.6722176310796085}, "spearman": {"mean": 0.6571466020969977, "wmean": 0.6696994311835133}}}, "STS15": {"answers-forums": {"pearson": [0.6174705968073348, 8.675524133183917e-41], "spearman": [0.6112122500628879, 8.771327297941295e-40], "nsamples": 375}, "answers-students": {"pearson": [0.7472949497033966, 6.508320017883599e-135], "spearman": [0.7554534108987588, 1.718086962504584e-139], "nsamples": 750}, "belief": {"pearson": [0.7072079999438313, 3.979330629863184e-58], "spearman": [0.7099591136835637, 9.202634138131608e-59], "nsamples": 375}, "headlines": {"pearson": [0.7674415069727857, 1.4773683270784357e-146], "spearman": [0.7697248537388793, 5.960253605713063e-148], "nsamples": 750}, "images": {"pearson": [0.7757779894704554, 9.99422550090008e-152], "spearman": [0.7830348990682852, 2.0620351640182684e-156], "nsamples": 750}, "all": {"pearson": {"mean": 0.7230386085795608, "wmean": 0.7382134361305552}, "spearman": {"mean": 0.725876905490475, "wmean": 0.7421997113947874}}}, "STS16": {"answer-answer": {"pearson": [0.6499678976384271, 7.000267908967494e-32], "spearman": [0.6321460353801179, 9.5543379587217e-30], "nsamples": 254}, "headlines": {"pearson": [0.7677733403095921, 1.1642240549198249e-49], "spearman": [0.7767270001462375, 1.6717545758478217e-51], "nsamples": 249}, "plagiarism": {"pearson": [0.7788712039651454, 4.323672130323801e-48], "spearman": [0.8096523636057371, 1.1155074425837968e-54], "nsamples": 230}, "postediting": {"pearson": [0.8583197913298107, 4.4390213624681114e-72], "spearman": [0.8553917555775895, 4.373591626158719e-71], "nsamples": 244}, "question-question": {"pearson": [0.47449767552665917, 3.9305567927921707e-13], "spearman": [0.4553260135659884, 4.305522002518039e-12], "nsamples": 209}, "all": {"pearson": {"mean": 0.7058859817539269, "wmean": 0.7116423506903693}, "spearman": {"mean": 0.705848633655134, "wmean": 0.711693832081371}}}}