{"MR": {"devacc": 75.6, "acc": 75.56, "ndev": 10662, "ntest": 10662}, "CR": {"devacc": 85.05, "acc": 85.33, "ndev": 3775, "ntest": 3775}, "SUBJ": {"devacc": 91.99, "acc": 91.57, "ndev": 10000, "ntest": 10000}, "MPQA": {"devacc": 88.64, "acc": 88.51, "ndev": 10606, "ntest": 10606}, "SST5": {"devacc": 41.42, "acc": 42.49, "ndev": 1101, "ntest": 2210}, "TREC": {"devacc": 79.59, "acc": 89.8, "ndev": 5452, "ntest": 500}, "MRPC": {"devacc": 75.2, "acc": 72.29, "f1": 82.47, "ndev": 4076, "ntest": 1725}, "STS12": {"MSRpar": {"pearson": [0.6786618152877861, 2.358684896849171e-102], "spearman": [0.6560398920785017, 1.712570643321729e-93], "nsamples": 750}, "MSRvid": {"pearson": [0.728534973862848, 5.040951758260467e-125], "spearman": [0.7323527192632872, 5.729405341577729e-127], "nsamples": 750}, "SMTeuroparl": {"pearson": [0.5572871058220367, 8.293749415116342e-39], "spearman": [0.5892654515860608, 2.96347765418482e-44], "nsamples": 459}, "surprise.OnWN": {"pearson": [0.6623780339623951, 6.745628036441238e-96], "spearman": [0.7051140200108647, 8.75840309666699e-114], "nsamples": 750}, "surprise.SMTnews": {"pearson": [0.6784883357899346, 3.929178512309857e-55], "spearman": [0.6451680372812492, 2.4453158160549377e-48], "nsamples": 399}, "all": {"pearson": {"mean": 0.6610700529450001, "wmean": 0.6688200594875389}, "spearman": {"mean": 0.6655880240439926, "wmean": 0.6750401746035104}}}, "STS13": {"FNWN": {"pearson": [0.6095575867398194, 1.3009415545947026e-20], "spearman": [0.6151904549636353, 4.593443394514836e-21], "nsamples": 189}, "headlines": {"pearson": [0.766233237584439, 7.9579601525949925e-146], "spearman": [0.7609964149952129, 1.0470356457906466e-142], "nsamples": 750}, "OnWN": {"pearson": [0.5840130536313909, 1.3350073713566853e-52], "spearman": [0.595412816154424, 4.1184734061273945e-55], "nsamples": 561}, "all": {"pearson": {"mean": 0.6532679593185499, "wmean": 0.6783417567795769}, "spearman": {"mean": 0.6571998953710908, "wmean": 0.6806965980647791}}}, "STS14": {"deft-forum": {"pearson": [0.3843538532761392, 2.7255961711948036e-17], "spearman": [0.370497335234672, 4.3408783988549956e-16], "nsamples": 450}, "deft-news": {"pearson": [0.7937310982693936, 2.657180730723827e-66], "spearman": [0.7748456025750665, 2.6230402290305e-61], "nsamples": 300}, "headlines": {"pearson": [0.7578236028119926, 7.428571074604274e-141], "spearman": [0.7361135840302507, 6.450666642259164e-129], "nsamples": 750}, "images": {"pearson": [0.7613594514726861, 6.402219178566781e-143], "spearman": [0.7580485664622068, 5.503144536314997e-141], "nsamples": 750}, "OnWN": {"pearson": [0.7006625071832612, 8.998660676125786e-112], "spearman": [0.7447776424988314, 1.5514806574293109e-133], "nsamples": 750}, "tweet-news": {"pearson": [0.7749090853663615, 3.539600508802189e-151], "spearman": [0.7426615542270242, 2.1677654752396535e-132], "nsamples": 750}, "all": {"pearson": {"mean": 0.6954732663966389, "wmean": 0.7085718796215484}, "spearman": {"mean": 0.6878240475046753, "wmean": 0.7027675978778285}}}, "STS15": {"answers-forums": {"pearson": [0.6843869039964383, 4.008710662777871e-53], "spearman": [0.6797560351896103, 3.653588043360811e-52], "nsamples": 375}, "answers-students": {"pearson": [0.7923105694558755, 1.135406418455457e-162], "spearman": [0.798986292821059, 2.232526494962942e-167], "nsamples": 750}, "belief": {"pearson": [0.7752791430675801, 1.973750718251441e-76], "spearman": [0.7791466155481901, 1.1569783837441653e-77], "nsamples": 375}, "headlines": {"pearson": [0.7968652190805912, 7.298765137629279e-166], "spearman": [0.7995961544394785, 8.127960158703209e-168], "nsamples": 750}, "images": {"pearson": [0.8244622218620485, 4.04992993679831e-187], "spearman": [0.8332094425036519, 1.1947620395414627e-194], "nsamples": 750}, "all": {"pearson": {"mean": 0.7746608114925067, "wmean": 0.7858677584826311}, "spearman": {"mean": 0.778138908100398, "wmean": 0.7903108037832725}}}, "STS16": {"answer-answer": {"pearson": [0.7116858738532815, 1.590042274942247e-40], "spearman": [0.7079769771167137, 6.086838274476579e-40], "nsamples": 254}, "headlines": {"pearson": [0.8056120442416445, 4.384010618159626e-58], "spearman": [0.8127563775989401, 6.942082179314309e-60], "nsamples": 249}, "plagiarism": {"pearson": [0.81931928419669, 5.31723847378491e-57], "spearman": [0.8464495517658589, 2.450441253125539e-64], "nsamples": 230}, "postediting": {"pearson": [0.8708936014358762, 1.2932223998300206e-76], "spearman": [0.8675149114107665, 2.3762059602297025e-75], "nsamples": 244}, "question-question": {"pearson": [0.48830901008857514, 6.373441871943354e-14], "spearman": [0.4570138680868133, 3.5081715926484227e-12], "nsamples": 209}, "all": {"pearson": {"mean": 0.7391639627632134, "wmean": 0.7456691974696523}, "spearman": {"mean": 0.7383423371958184, "wmean": 0.7454261584572512}}}}