{"MR": {"devacc": 72.05, "acc": 72.24, "ndev": 10662, "ntest": 10662}, "CR": {"devacc": 80.36, "acc": 79.52, "ndev": 3775, "ntest": 3775}, "SUBJ": {"devacc": 88.11, "acc": 88.14, "ndev": 10000, "ntest": 10000}, "MPQA": {"devacc": 85.46, "acc": 86.18, "ndev": 10606, "ntest": 10606}, "SST5": {"devacc": 39.24, "acc": 35.43, "ndev": 1101, "ntest": 2210}, "TREC": {"devacc": 70.84, "acc": 81.4, "ndev": 5452, "ntest": 500}, "MRPC": {"devacc": 71.83, "acc": 72.29, "f1": 80.28, "ndev": 4076, "ntest": 1725}, "STS12": {"MSRpar": {"pearson": [0.6104772922639327, 8.679360163366164e-78], "spearman": [0.5982762511731513, 5.2672970821888876e-74], "nsamples": 750}, "MSRvid": {"pearson": [0.6778597446379463, 5.0172996231250865e-102], "spearman": [0.6837614858748441, 1.8354250622819e-104], "nsamples": 750}, "SMTeuroparl": {"pearson": [0.5146541819564084, 2.0989082470688782e-32], "spearman": [0.5569274782301703, 9.477362776263402e-39], "nsamples": 459}, "surprise.OnWN": {"pearson": [0.6416123089646942, 3.133328763556732e-88], "spearman": [0.6777520526580721, 5.551410688302469e-102], "nsamples": 750}, "surprise.SMTnews": {"pearson": [0.6268675516136626, 5.910853079651269e-45], "spearman": [0.5854793227080507, 4.4411289863322376e-38], "nsamples": 399}, "all": {"pearson": {"mean": 0.6142942158873288, "wmean": 0.6222034852032731}, "spearman": {"mean": 0.6204393181288578, "wmean": 0.6303340748223009}}}, "STS13": {"FNWN": {"pearson": [0.42115976055151366, 1.5931840801192299e-09], "spearman": [0.42845370845182873, 7.729378009739514e-10], "nsamples": 189}, "headlines": {"pearson": [0.7359566532737791, 7.790738630405427e-129], "spearman": [0.7307000990933072, 4.016959635178636e-126], "nsamples": 750}, "OnWN": {"pearson": [0.582162923673108, 3.3393249618992607e-52], "spearman": [0.5827301735845201, 2.5226055141687675e-52], "nsamples": 561}, "all": {"pearson": {"mean": 0.5797597791661335, "wmean": 0.6387733899201227}, "spearman": {"mean": 0.5806279937098854, "wmean": 0.6372763017321945}}}, "STS14": {"deft-forum": {"pearson": [0.3347121734099798, 3.0550586914641936e-13], "spearman": [0.3177981632274481, 5.109076384143447e-12], "nsamples": 450}, "deft-news": {"pearson": [0.73952543085814, 3.694398089981409e-53], "spearman": [0.7342432129733414, 4.709334426017253e-52], "nsamples": 300}, "headlines": {"pearson": [0.7182997089289803, 5.6942986252027535e-120], "spearman": [0.6984100654749142, 9.077003128848876e-111], "nsamples": 750}, "images": {"pearson": [0.7278243471538757, 1.1502166299215866e-124], "spearman": [0.7267360322019941, 4.048218017625248e-124], "nsamples": 750}, "OnWN": {"pearson": [0.7033547347930379, 5.520568792296134e-113], "spearman": [0.739788999260754, 7.460601633145306e-131], "nsamples": 750}, "tweet-news": {"pearson": [0.720319858899154, 5.971382269453886e-121], "spearman": [0.6929899213715106, 2.164276726872414e-108], "nsamples": 750}, "all": {"pearson": {"mean": 0.6573393756738614, "wmean": 0.6732872252328583}, "spearman": {"mean": 0.6516610657516604, "wmean": 0.6684602402869957}}}, "STS15": {"answers-forums": {"pearson": [0.5918128035585433, 8.310330889768567e-37], "spearman": [0.5812707439185759, 2.8470807197884037e-35], "nsamples": 375}, "answers-students": {"pearson": [0.7742948782488365, 8.623618222348563e-151], "spearman": [0.7803842233334491, 1.1129217949780013e-154], "nsamples": 750}, "belief": {"pearson": [0.6832116878042922, 7.05094480898804e-53], "spearman": [0.6771608855744965, 1.2383644483111454e-51], "nsamples": 375}, "headlines": {"pearson": [0.7646102611917813, 7.51934408966979e-145], "spearman": [0.767848533190811, 8.358563064554876e-147], "nsamples": 750}, "images": {"pearson": [0.7832121613472658, 1.5761132371501556e-156], "spearman": [0.7914779385994265, 4.2657945196613975e-162], "nsamples": 750}, "all": {"pearson": {"mean": 0.7194283584301437, "wmean": 0.7399073866173252}, "spearman": {"mean": 0.7196284649233518, "wmean": 0.7422316274675556}}}, "STS16": {"answer-answer": {"pearson": [0.64471329799219, 3.0859180807142877e-31], "spearman": [0.6266366444746345, 4.0962835391181444e-29], "nsamples": 254}, "headlines": {"pearson": [0.7810275741827246, 2.0290678205758174e-52], "spearman": [0.7844747384649886, 3.614514614093041e-53], "nsamples": 249}, "plagiarism": {"pearson": [0.8103072880506977, 7.841522701557673e-55], "spearman": [0.8363990698596062, 1.832730473626871e-61], "nsamples": 230}, "postediting": {"pearson": [0.8558638645050158, 3.034793692501536e-71], "spearman": [0.8553212009073434, 4.618576535881634e-71], "nsamples": 244}, "question-question": {"pearson": [0.4824847124362108, 1.3863875873927453e-13], "spearman": [0.47199131531651745, 5.42085277025413e-13], "nsamples": 209}, "all": {"pearson": {"mean": 0.7148793474333679, "wmean": 0.7202983201952504}, "spearman": {"mean": 0.714964593804618, "wmean": 0.7202497989583413}}}}