{"MR": {"devacc": 76.01, "acc": 76.93, "ndev": 10662, "ntest": 10662}, "CR": {"devacc": 84.77, "acc": 85.06, "ndev": 3775, "ntest": 3775}, "SUBJ": {"devacc": 91.83, "acc": 91.63, "ndev": 10000, "ntest": 10000}, "MPQA": {"devacc": 88.36, "acc": 88.94, "ndev": 10606, "ntest": 10606}, "SST5": {"devacc": 42.33, "acc": 43.98, "ndev": 1101, "ntest": 2210}, "TREC": {"devacc": 79.7, "acc": 89.2, "ndev": 5452, "ntest": 500}, "MRPC": {"devacc": 74.73, "acc": 74.26, "f1": 82.2, "ndev": 4076, "ntest": 1725}, "STS12": {"MSRpar": {"pearson": [0.6556410632683133, 2.415550099626535e-93], "spearman": [0.6398660903699105, 1.2995763560303861e-87], "nsamples": 750}, "MSRvid": {"pearson": [0.7258251848190498, 1.155060690112353e-123], "spearman": [0.7295661090138031, 1.5157588009386377e-125], "nsamples": 750}, "SMTeuroparl": {"pearson": [0.5709038505560707, 4.700679969315644e-41], "spearman": [0.6301386306407262, 3.639953615440288e-52], "nsamples": 459}, "surprise.OnWN": {"pearson": [0.6696318062077259, 1.0087453502849816e-98], "spearman": [0.7128137474162825, 2.3556213392271394e-117], "nsamples": 750}, "surprise.SMTnews": {"pearson": [0.665057159479718, 2.7442265254101717e-52], "spearman": [0.6338000854559194, 3.286756498751895e-46], "nsamples": 399}, "all": {"pearson": {"mean": 0.6574118128661756, "wmean": 0.6646480742467697}, "spearman": {"mean": 0.6692369325793284, "wmean": 0.6768997186811462}}}, "STS13": {"FNWN": {"pearson": [0.6281524898330563, 3.859416913066533e-22], "spearman": [0.6431966648146173, 1.8748720551304578e-23], "nsamples": 189}, "headlines": {"pearson": [0.7553195960120909, 2.0492475049910666e-139], "spearman": [0.7479693928525867, 2.764931887488115e-135], "nsamples": 750}, "OnWN": {"pearson": [0.6052394323903256, 2.3358796896346417e-57], "spearman": [0.613742370698999, 2.293943840537259e-59], "nsamples": 561}, "all": {"pearson": {"mean": 0.6629038394118243, "wmean": 0.6831665594389923}, "spearman": {"mean": 0.668302809455401, "wmean": 0.6845671228343607}}}, "STS14": {"deft-forum": {"pearson": [0.3951861924933291, 2.851384410249468e-18], "spearman": [0.3804622329798148, 6.01033825817248e-17], "nsamples": 450}, "deft-news": {"pearson": [0.7976834505205052, 2.05477022445313e-67], "spearman": [0.7781697302955103, 3.763260668747607e-62], "nsamples": 300}, "headlines": {"pearson": [0.7529180213087265, 4.75396681487718e-138], "spearman": [0.7321201218157518, 7.542775673305795e-127], "nsamples": 750}, "images": {"pearson": [0.7665143664586557, 5.3832228651233456e-146], "spearman": [0.7621103073188569, 2.3081787994633954e-143], "nsamples": 750}, "OnWN": {"pearson": [0.7147176668041051, 2.9580253165109676e-118], "spearman": [0.7556606088008345, 1.3074318236896647e-139], "nsamples": 750}, "tweet-news": {"pearson": [0.7733868731796276, 3.200205190306445e-150], "spearman": [0.7397176120022373, 8.141514709385992e-131], "nsamples": 750}, "all": {"pearson": {"mean": 0.7000677617941582, "wmean": 0.7127444046910628}, "spearman": {"mean": 0.6913734355355009, "wmean": 0.7058307763687547}}}, "STS15": {"answers-forums": {"pearson": [0.6853661510557253, 2.499022319471141e-53], "spearman": [0.6825633361027185, 9.617240982777917e-53], "nsamples": 375}, "answers-students": {"pearson": [0.7915713368524024, 3.6783141064119655e-162], "spearman": [0.7956854453313856, 4.986848671521588e-165], "nsamples": 750}, "belief": {"pearson": [0.7805286181398546, 4.1402327019969197e-78], "spearman": [0.7876409171972322, 1.852446859437451e-80], "nsamples": 375}, "headlines": {"pearson": [0.7953841474990231, 8.129873177391591e-165], "spearman": [0.7971145085682717, 4.855043387286151e-166], "nsamples": 750}, "images": {"pearson": [0.8245929148944767, 3.1480211625632423e-187], "spearman": [0.8342775974758989, 1.3421180734614742e-195], "nsamples": 750}, "all": {"pearson": {"mean": 0.7754886336882965, "wmean": 0.7861239459609229}, "spearman": {"mean": 0.7794563609351014, "wmean": 0.790544919506383}}}, "STS16": {"answer-answer": {"pearson": [0.6941971887964518, 7.457461220628492e-38], "spearman": [0.6783017790531651, 1.3789864484516602e-35], "nsamples": 254}, "headlines": {"pearson": [0.8025025398856583, 2.5250248077795333e-57], "spearman": [0.8120239489473862, 1.070518047829784e-59], "nsamples": 249}, "plagiarism": {"pearson": [0.8099361407410987, 9.57678382691466e-55], "spearman": [0.8322912762778644, 2.4104967577967247e-60], "nsamples": 230}, "postediting": {"pearson": [0.8680947894638418, 1.450108923524656e-75], "spearman": [0.865833380576433, 9.820976197524963e-75], "nsamples": 244}, "question-question": {"pearson": [0.508164875755567, 4.021821344268419e-15], "spearman": [0.4833500449102896, 1.2363549869941481e-13], "nsamples": 209}, "all": {"pearson": {"mean": 0.7365791069285236, "wmean": 0.7423744674691156}, "spearman": {"mean": 0.7343600859530276, "wmean": 0.7404663684301956}}}}