{"MR": {"devacc": 73.42, "acc": 72.04, "ndev": 10662, "ntest": 10662}, "CR": {"devacc": 82.09, "acc": 81.59, "ndev": 3775, "ntest": 3775}, "SUBJ": {"devacc": 90.02, "acc": 89.3, "ndev": 10000, "ntest": 10000}, "MPQA": {"devacc": 86.64, "acc": 87.26, "ndev": 10606, "ntest": 10606}, "SST5": {"devacc": 40.42, "acc": 42.22, "ndev": 1101, "ntest": 2210}, "TREC": {"devacc": 75.59, "acc": 83.0, "ndev": 5452, "ntest": 500}, "MRPC": {"devacc": 73.43, "acc": 72.06, "f1": 78.99, "ndev": 4076, "ntest": 1725}, "STS12": {"MSRpar": {"pearson": [0.615754562077307, 1.780536195034768e-79], "spearman": [0.611642234103243, 3.7035674434990515e-78], "nsamples": 750}, "MSRvid": {"pearson": [0.6864213742454421, 1.4011985480662326e-105], "spearman": [0.6905831227680038, 2.36653372939133e-107], "nsamples": 750}, "SMTeuroparl": {"pearson": [0.5226872133278851, 1.5278018857385644e-33], "spearman": [0.5606268760225743, 2.3840880785898938e-39], "nsamples": 459}, "surprise.OnWN": {"pearson": [0.6542669694223787, 7.868630331882167e-93], "spearman": [0.68543166205193, 3.6610969462829775e-105], "nsamples": 750}, "surprise.SMTnews": {"pearson": [0.6569997060517803, 1.1878015309811027e-50], "spearman": [0.6000088376000055, 2.225850616754376e-40], "nsamples": 399}, "all": {"pearson": {"mean": 0.6272259650249585, "wmean": 0.6336513812551497}, "spearman": {"mean": 0.6296585465091512, "wmean": 0.6394704074932904}}}, "STS13": {"FNWN": {"pearson": [0.5143105124405148, 3.738320659844774e-14], "spearman": [0.5261523571014661, 7.535993846562419e-15], "nsamples": 189}, "headlines": {"pearson": [0.7344238671652586, 4.888395882789061e-128], "spearman": [0.7268133492169828, 3.702775977158266e-124], "nsamples": 750}, "OnWN": {"pearson": [0.5973881363988026, 1.4771242609740026e-55], "spearman": [0.6001161556138659, 3.54242313303866e-56], "nsamples": 561}, "all": {"pearson": {"mean": 0.6153741720015254, "wmean": 0.6554382211632863}, "spearman": {"mean": 0.6176939539774383, "wmean": 0.654145313802862}}}, "STS14": {"deft-forum": {"pearson": [0.34496255056477865, 5.08287018541267e-14], "spearman": [0.3383066234998257, 1.6411833492784502e-13], "nsamples": 450}, "deft-news": {"pearson": [0.7821257044130452, 3.5709366229800647e-63], "spearman": [0.7708797969022931, 2.5475099580998036e-60], "nsamples": 300}, "headlines": {"pearson": [0.7343273848378269, 5.485109051558539e-128], "spearman": [0.7125839564285106, 3.0224903390722845e-117], "nsamples": 750}, "images": {"pearson": [0.7381673388522659, 5.3872651168378876e-130], "spearman": [0.7377234046273958, 9.232030721538987e-130], "nsamples": 750}, "OnWN": {"pearson": [0.6829515494131967, 3.99544514097812e-104], "spearman": [0.7213608467657273, 1.853611312204154e-121], "nsamples": 750}, "tweet-news": {"pearson": [0.7517640629162408, 2.1260722844907477e-137], "spearman": [0.7060546295611705, 3.2546176475319796e-114], "nsamples": 750}, "all": {"pearson": {"mean": 0.672383098499559, "wmean": 0.6854076296247231}, "spearman": {"mean": 0.6644848762974872, "wmean": 0.6778117460487234}}}, "STS15": {"answers-forums": {"pearson": [0.5737608079847796, 3.2671010929495583e-34], "spearman": [0.5482937970766176, 8.174019862371405e-31], "nsamples": 375}, "answers-students": {"pearson": [0.7944122882983998, 3.911210352106626e-164], "spearman": [0.8001633543319255, 3.1658957845786623e-168], "nsamples": 750}, "belief": {"pearson": [0.7351419944997616, 5.975432372793784e-65], "spearman": [0.7218788883410073, 1.319442213764414e-61], "nsamples": 375}, "headlines": {"pearson": [0.7738346037155616, 1.6776441170998542e-150], "spearman": [0.7752576183354892, 2.132822131709124e-151], "nsamples": 750}, "images": {"pearson": [0.814180931964471, 8.712376781987494e-179], "spearman": [0.8226875293809506, 1.2139348757722088e-185], "nsamples": 750}, "all": {"pearson": {"mean": 0.7382661252925947, "wmean": 0.7592198063051758}, "spearman": {"mean": 0.7336562374931981, "wmean": 0.7582987111892944}}}, "STS16": {"answer-answer": {"pearson": [0.6862818102272197, 1.0461847024357224e-36], "spearman": [0.6793165716033976, 9.979508630327978e-36], "nsamples": 254}, "headlines": {"pearson": [0.7833463946393883, 6.37981242696926e-53], "spearman": [0.7893580624859803, 2.969805084096646e-54], "nsamples": 249}, "plagiarism": {"pearson": [0.8098633594157414, 9.959152727798921e-55], "spearman": [0.8339452261966918, 8.61463135504951e-61], "nsamples": 230}, "postediting": {"pearson": [0.8552574150787577, 4.851727575824452e-71], "spearman": [0.855130659497079, 5.350185399748308e-71], "nsamples": 244}, "question-question": {"pearson": [0.5152859559292021, 1.428110576974606e-15], "spearman": [0.48723935372388316, 7.359350859858902e-14], "nsamples": 209}, "all": {"pearson": {"mean": 0.7300069870580618, "wmean": 0.7352571490699511}, "spearman": {"mean": 0.7289979747014065, "wmean": 0.7347292366080017}}}}