{"MR": {"devacc": 71.84, "acc": 70.42, "ndev": 10662, "ntest": 10662}, "CR": {"devacc": 82.18, "acc": 80.71, "ndev": 3775, "ntest": 3775}, "SUBJ": {"devacc": 88.59, "acc": 87.82, "ndev": 10000, "ntest": 10000}, "MPQA": {"devacc": 86.13, "acc": 86.24, "ndev": 10606, "ntest": 10606}, "SST5": {"devacc": 41.96, "acc": 40.0, "ndev": 1101, "ntest": 2210}, "TREC": {"devacc": 71.26, "acc": 84.2, "ndev": 5452, "ntest": 500}, "MRPC": {"devacc": 73.53, "acc": 72.58, "f1": 81.65, "ndev": 4076, "ntest": 1725}, "STS12": {"MSRpar": {"pearson": [0.6045428136905642, 6.295204137563555e-76], "spearman": [0.5997901195176678, 1.824003539527797e-74], "nsamples": 750}, "MSRvid": {"pearson": [0.6544343375156007, 6.816669067834465e-93], "spearman": [0.6550272098598766, 4.097037779364204e-93], "nsamples": 750}, "SMTeuroparl": {"pearson": [0.5259749850766301, 5.122850562228021e-34], "spearman": [0.5844351207336896, 2.1552180828700494e-43], "nsamples": 459}, "surprise.OnWN": {"pearson": [0.6422979077671662, 1.7879113594190248e-88], "spearman": [0.6736104976963153, 2.6291499943001383e-100], "nsamples": 750}, "surprise.SMTnews": {"pearson": [0.612816213453668, 1.6607535452969256e-42], "spearman": [0.5523122986150052, 3.0588783732787524e-33], "nsamples": 399}, "all": {"pearson": {"mean": 0.6080132515007258, "wmean": 0.6151520210901497}, "spearman": {"mean": 0.6130350492845109, "wmean": 0.6225705269850532}}}, "STS13": {"FNWN": {"pearson": [0.4684139740171311, 1.0676924730976879e-11], "spearman": [0.4659013329703878, 1.4210781941575866e-11], "nsamples": 189}, "headlines": {"pearson": [0.7251485565597338, 2.5099638671777887e-123], "spearman": [0.7188764998494797, 2.9970415365313356e-120], "nsamples": 750}, "OnWN": {"pearson": [0.5157691945879056, 1.8731340753829313e-39], "spearman": [0.5130624137969292, 5.4263002750177485e-39], "nsamples": 561}, "all": {"pearson": {"mean": 0.5697772417215902, "wmean": 0.614492117781902}, "spearman": {"mean": 0.5659467488722655, "wmean": 0.6100271606390602}}}, "STS14": {"deft-forum": {"pearson": [0.33889249111707387, 1.481964944832507e-13], "spearman": [0.32764149240103707, 1.0131631995539335e-12], "nsamples": 450}, "deft-news": {"pearson": [0.7768876722170425, 7.989346945069574e-62], "spearman": [0.7553508241383867, 1.225973188359328e-56], "nsamples": 300}, "headlines": {"pearson": [0.7375861005421878, 1.0903163510637556e-129], "spearman": [0.7228317862836694, 3.5168594012153877e-122], "nsamples": 750}, "images": {"pearson": [0.7059859275233235, 3.499125154408462e-114], "spearman": [0.7101214381497593, 4.3037254123045004e-116], "nsamples": 750}, "OnWN": {"pearson": [0.6487730441333931, 8.317232228062357e-91], "spearman": [0.685708444475619, 2.7998189824261898e-105], "nsamples": 750}, "tweet-news": {"pearson": [0.7143838205891998, 4.261300264974756e-118], "spearman": [0.6825792346935561, 5.708093982581441e-104], "nsamples": 750}, "all": {"pearson": {"mean": 0.6537515093537035, "wmean": 0.6641638912690331}, "spearman": {"mean": 0.6473722033570045, "wmean": 0.6599932257397161}}}, "STS15": {"answers-forums": {"pearson": [0.5861044224423935, 5.723234109989588e-36], "spearman": [0.5784456733921227, 7.182463441785367e-35], "nsamples": 375}, "answers-students": {"pearson": [0.7344471270187675, 4.754497117647949e-128], "spearman": [0.7376460619200593, 1.013920438853468e-129], "nsamples": 750}, "belief": {"pearson": [0.7147960833384339, 6.72414176595925e-60], "spearman": [0.7075739798857249, 3.278262768482493e-58], "nsamples": 375}, "headlines": {"pearson": [0.7671060256563487, 2.360403807633496e-146], "spearman": [0.7688958782893848, 1.9200058294055572e-147], "nsamples": 750}, "images": {"pearson": [0.7866470032734061, 8.206050727504779e-159], "spearman": [0.7963830253634632, 1.6033265656813011e-165], "nsamples": 750}, "all": {"pearson": {"mean": 0.7178201323458699, "wmean": 0.734662602209734}, "spearman": {"mean": 0.717788923770151, "wmean": 0.7364836980529578}}}, "STS16": {"answer-answer": {"pearson": [0.6384829930319021, 1.7262908439110164e-30], "spearman": [0.6284551823670184, 2.5416613732422054e-29], "nsamples": 254}, "headlines": {"pearson": [0.7727587961537642, 1.1228595334822335e-50], "spearman": [0.7839163495459315, 4.790155605102932e-53], "nsamples": 249}, "plagiarism": {"pearson": [0.7982993074038828, 4.0754001157106066e-52], "spearman": [0.8134357359456832, 1.4285803927331936e-55], "nsamples": 230}, "postediting": {"pearson": [0.8511548202428163, 1.0974389857494047e-69], "spearman": [0.8506553735944775, 1.593993034494959e-69], "nsamples": 244}, "question-question": {"pearson": [0.48216058123546324, 1.4470400022530477e-13], "spearman": [0.4602699090625997, 2.355656540010793e-12], "nsamples": 209}, "all": {"pearson": {"mean": 0.7085712996135658, "wmean": 0.7138733547999515}, "spearman": {"mean": 0.707346510103142, "wmean": 0.7130432789011826}}}}