{"MR": {"devacc": 74.88, "acc": 75.04, "ndev": 10662, "ntest": 10662}, "CR": {"devacc": 84.91, "acc": 83.47, "ndev": 3775, "ntest": 3775}, "SUBJ": {"devacc": 91.62, "acc": 90.73, "ndev": 10000, "ntest": 10000}, "MPQA": {"devacc": 88.05, "acc": 87.83, "ndev": 10606, "ntest": 10606}, "SST5": {"devacc": 42.23, "acc": 43.35, "ndev": 1101, "ntest": 2210}, "TREC": {"devacc": 79.4, "acc": 88.4, "ndev": 5452, "ntest": 500}, "MRPC": {"devacc": 74.73, "acc": 72.52, "f1": 82.02, "ndev": 4076, "ntest": 1725}, "STS12": {"MSRpar": {"pearson": [0.661367862273075, 1.6451554644676626e-95], "spearman": [0.6483897168555782, 1.14720499745565e-90], "nsamples": 750}, "MSRvid": {"pearson": [0.7094205577282351, 9.11874410252804e-116], "spearman": [0.7124252370322831, 3.589869853456724e-117], "nsamples": 750}, "SMTeuroparl": {"pearson": [0.554304327059191, 2.4954883205861073e-38], "spearman": [0.6156018449191466, 3.219808587095467e-49], "nsamples": 459}, "surprise.OnWN": {"pearson": [0.6611910526205648, 1.9222976702575128e-95], "spearman": [0.7113535700051886, 1.1434444496208418e-116], "nsamples": 750}, "surprise.SMTnews": {"pearson": [0.6547030417720052, 3.403942909592849e-50], "spearman": [0.6394326086474612, 2.974405635076758e-47], "nsamples": 399}, "all": {"pearson": {"mean": 0.6481973682906143, "wmean": 0.6562537980223954}, "spearman": {"mean": 0.6654405954919316, "wmean": 0.6730441604208536}}}, "STS13": {"FNWN": {"pearson": [0.5889463420805081, 4.947230610753987e-19], "spearman": [0.6154853509541133, 4.347288813554485e-21], "nsamples": 189}, "headlines": {"pearson": [0.7641863939448187, 1.3477765394038785e-144], "spearman": [0.7578621475367404, 7.05652861176242e-141], "nsamples": 750}, "OnWN": {"pearson": [0.5634559010159683, 2.5723301252617102e-48], "spearman": [0.572546907391884, 3.570177931995001e-50], "nsamples": 561}, "all": {"pearson": {"mean": 0.638862879013765, "wmean": 0.6670329430545255}, "spearman": {"mean": 0.6486314686275793, "wmean": 0.6706147713531531}}}, "STS14": {"deft-forum": {"pearson": [0.3619855938319847, 2.2277077849999882e-15], "spearman": [0.34677367156623, 3.6768502114498404e-14], "nsamples": 450}, "deft-news": {"pearson": [0.7918845968125353, 8.61933715159653e-66], "spearman": [0.7794935944857482, 1.720494523540717e-62], "nsamples": 300}, "headlines": {"pearson": [0.7552370864956416, 2.2843865382085307e-139], "spearman": [0.7331320035226833, 2.275560101913553e-127], "nsamples": 750}, "images": {"pearson": [0.7507626017662132, 7.74872317417014e-137], "spearman": [0.7495757990785892, 3.5593146202335964e-136], "nsamples": 750}, "OnWN": {"pearson": [0.6971835394799614, 3.1665567849630146e-110], "spearman": [0.7422956697050784, 3.411089091573899e-132], "nsamples": 750}, "tweet-news": {"pearson": [0.7646075286753404, 7.547715024738359e-145], "spearman": [0.7302981410594855, 6.436714219873712e-126], "nsamples": 750}, "all": {"pearson": {"mean": 0.6869434911769461, "wmean": 0.7003471902882723}, "spearman": {"mean": 0.6802614799029691, "wmean": 0.6950326508199748}}}, "STS15": {"answers-forums": {"pearson": [0.6582355487747505, 6.309516244756445e-48], "spearman": [0.6487893745025952, 3.5627391151854656e-46], "nsamples": 375}, "answers-students": {"pearson": [0.7833203119181168, 1.3376037650500603e-156], "spearman": [0.791782717401746, 2.6295785620764823e-162], "nsamples": 750}, "belief": {"pearson": [0.7562694553177424, 1.0261527223408835e-70], "spearman": [0.7506682090495209, 3.944610323480854e-69], "nsamples": 375}, "headlines": {"pearson": [0.7964677753136146, 1.3964303247276403e-165], "spearman": [0.7990458087779607, 2.0232044244642484e-167], "nsamples": 750}, "images": {"pearson": [0.8194728016104332, 5.219362260884944e-183], "spearman": [0.8269349114658436, 3.325652311690634e-189], "nsamples": 750}, "all": {"pearson": {"mean": 0.7627531785869315, "wmean": 0.7766283477221029}, "spearman": {"mean": 0.7634442042395333, "wmean": 0.7793730573554021}}}, "STS16": {"answer-answer": {"pearson": [0.6954768572714897, 4.826730699347758e-38], "spearman": [0.6858427847612253, 1.2082527342200222e-36], "nsamples": 254}, "headlines": {"pearson": [0.7947723062009822, 1.718682460777646e-55], "spearman": [0.8023852900541787, 2.6957026759420097e-57], "nsamples": 249}, "plagiarism": {"pearson": [0.8157793331405127, 3.906082946446187e-56], "spearman": [0.8401386711769814, 1.648445888330024e-62], "nsamples": 230}, "postediting": {"pearson": [0.8524921398932147, 4.012200014520352e-70], "spearman": [0.8500997146382425, 2.410696489070449e-69], "nsamples": 244}, "question-question": {"pearson": [0.492679124897849, 3.522884210573715e-14], "spearman": [0.46139988380913083, 2.0495371368823054e-12], "nsamples": 209}, "all": {"pearson": {"mean": 0.7302399522808096, "wmean": 0.7362198076314636}, "spearman": {"mean": 0.7279732688879517, "wmean": 0.7344745404817765}}}}