{"MR": {"devacc": 72.43, "acc": 72.42, "ndev": 10662, "ntest": 10662}, "CR": {"devacc": 82.66, "acc": 82.22, "ndev": 3775, "ntest": 3775}, "SUBJ": {"devacc": 90.25, "acc": 89.99, "ndev": 10000, "ntest": 10000}, "MPQA": {"devacc": 86.83, "acc": 86.71, "ndev": 10606, "ntest": 10606}, "SST5": {"devacc": 39.33, "acc": 39.91, "ndev": 1101, "ntest": 2210}, "TREC": {"devacc": 74.63, "acc": 87.2, "ndev": 5452, "ntest": 500}, "MRPC": {"devacc": 74.04, "acc": 73.04, "f1": 80.34, "ndev": 4076, "ntest": 1725}, "STS12": {"MSRpar": {"pearson": [0.6366461971423175, 1.7478707012164294e-86], "spearman": [0.6229323923214671, 7.991813770614324e-82], "nsamples": 750}, "MSRvid": {"pearson": [0.7119245853589008, 6.171871970316966e-117], "spearman": [0.7135050605977731, 1.1111380663967454e-117], "nsamples": 750}, "SMTeuroparl": {"pearson": [0.5349282928736125, 2.45781981271692e-35], "spearman": [0.5668629790087425, 2.2374868279365768e-40], "nsamples": 459}, "surprise.OnWN": {"pearson": [0.6239305845694543, 3.726252061584046e-82], "spearman": [0.669532685950827, 1.1038951937609314e-98], "nsamples": 750}, "surprise.SMTnews": {"pearson": [0.6110305112357826, 3.3322046279390915e-42], "spearman": [0.5397248447343058, 1.5273163502984285e-31], "nsamples": 399}, "all": {"pearson": {"mean": 0.6236920342360135, "wmean": 0.6334328461116698}, "spearman": {"mean": 0.6225115925226231, "wmean": 0.6370714043006922}}}, "STS13": {"FNWN": {"pearson": [0.5075954273336413, 9.021464678097318e-14], "spearman": [0.5098762850363361, 6.702890061878488e-14], "nsamples": 189}, "headlines": {"pearson": [0.7397670084559382, 7.664078010786061e-131], "spearman": [0.7392502801514174, 1.4411598019318003e-130], "nsamples": 750}, "OnWN": {"pearson": [0.6022487414175243, 1.149116230995577e-56], "spearman": [0.6036614964669289, 5.425351210609875e-57], "nsamples": 561}, "all": {"pearson": {"mean": 0.6165370590690346, "wmean": 0.659081557362162}, "spearman": {"mean": 0.6175960205515608, "wmean": 0.6596389516689185}}}, "STS14": {"deft-forum": {"pearson": [0.3950065346000827, 2.9621915416423003e-18], "spearman": [0.37780573792255073, 1.0249641957568516e-16], "nsamples": 450}, "deft-news": {"pearson": [0.7779222493644504, 4.353577970400729e-62], "spearman": [0.7695329819114334, 5.456299924960082e-60], "nsamples": 300}, "headlines": {"pearson": [0.737475208358409, 1.247026104772132e-129], "spearman": [0.7167118924589039, 3.305116824270456e-119], "nsamples": 750}, "images": {"pearson": [0.7255633240391715, 1.5601661748708383e-123], "spearman": [0.7156191529335576, 1.1009105830343629e-118], "nsamples": 750}, "OnWN": {"pearson": [0.7068471182730367, 1.409121501642875e-114], "spearman": [0.7475331838724306, 4.811476134239773e-135], "nsamples": 750}, "tweet-news": {"pearson": [0.7492123546846485, 5.667504156593363e-136], "spearman": [0.7192402290978902, 1.997798164092795e-120], "nsamples": 750}, "all": {"pearson": {"mean": 0.6820044648866331, "wmean": 0.6934541651722191}, "spearman": {"mean": 0.6744071963661278, "wmean": 0.6867202187761773}}}, "STS15": {"answers-forums": {"pearson": [0.6148424273520866, 2.306683973052165e-40], "spearman": [0.613348041569539, 4.00582677191404e-40], "nsamples": 375}, "answers-students": {"pearson": [0.7730917779567655, 4.894248071790908e-150], "spearman": [0.7770772503281503, 1.4924578709285189e-152], "nsamples": 750}, "belief": {"pearson": [0.7553866896961197, 1.8357826141633886e-70], "spearman": [0.7596192451958403, 1.1034049676904684e-71], "nsamples": 375}, "headlines": {"pearson": [0.7752402283556606, 2.1874637703387292e-151], "spearman": [0.7783802985245161, 2.1878618909306398e-153], "nsamples": 750}, "images": {"pearson": [0.8024585738061469, 6.758997390121138e-170], "spearman": [0.8113660571530695, 1.3535571931916037e-176], "nsamples": 750}, "all": {"pearson": {"mean": 0.7442039394333559, "wmean": 0.7589762846606691}, "spearman": {"mean": 0.7479581785542231, "wmean": 0.7633268123471064}}}, "STS16": {"answer-answer": {"pearson": [0.6961193904853564, 3.876238441346013e-38], "spearman": [0.7037610873311652, 2.729348999736664e-39], "nsamples": 254}, "headlines": {"pearson": [0.7811764820849559, 1.8845727629199897e-52], "spearman": [0.7919396981365425, 7.713244152500975e-55], "nsamples": 249}, "plagiarism": {"pearson": [0.7985228998801478, 3.641598837622043e-52], "spearman": [0.8225415542603639, 8.330851193990957e-58], "nsamples": 230}, "postediting": {"pearson": [0.8481311204170623, 1.0299563436805294e-68], "spearman": [0.8414666120296311, 1.2112991572624714e-66], "nsamples": 244}, "question-question": {"pearson": [0.46118691444973337, 2.1041035772251093e-12], "spearman": [0.43633225091022587, 3.999131893641552e-11], "nsamples": 209}, "all": {"pearson": {"mean": 0.7170273614634513, "wmean": 0.7237096076700051}, "spearman": {"mean": 0.7192082405335857, "wmean": 0.7265127759472731}}}}