{"MR": {"devacc": 73.87, "acc": 74.07, "ndev": 10662, "ntest": 10662}, "CR": {"devacc": 82.8, "acc": 81.78, "ndev": 3775, "ntest": 3775}, "SUBJ": {"devacc": 90.87, "acc": 90.56, "ndev": 10000, "ntest": 10000}, "MPQA": {"devacc": 87.43, "acc": 87.61, "ndev": 10606, "ntest": 10606}, "SST5": {"devacc": 41.69, "acc": 43.67, "ndev": 1101, "ntest": 2210}, "TREC": {"devacc": 76.25, "acc": 85.0, "ndev": 5452, "ntest": 500}, "MRPC": {"devacc": 74.14, "acc": 71.54, "f1": 77.45, "ndev": 4076, "ntest": 1725}, "STS12": {"MSRpar": {"pearson": [0.6516224021957172, 7.507154599685136e-92], "spearman": [0.6386479715046539, 3.486506075302977e-87], "nsamples": 750}, "MSRvid": {"pearson": [0.7059159029267532, 3.767169836983025e-114], "spearman": [0.7094641820535239, 8.702957363517662e-116], "nsamples": 750}, "SMTeuroparl": {"pearson": [0.5557602637315344, 1.4596290240715292e-38], "spearman": [0.5919170089071706, 9.830915574094777e-45], "nsamples": 459}, "surprise.OnWN": {"pearson": [0.6511679106679416, 1.1036624291354089e-91], "spearman": [0.6775172256216151, 6.920487651603292e-102], "nsamples": 750}, "surprise.SMTnews": {"pearson": [0.6377786534406553, 6.053877005278806e-47], "spearman": [0.5777742760043112, 6.620564798536122e-37], "nsamples": 399}, "all": {"pearson": {"mean": 0.6404490265925202, "wmean": 0.6486799567626785}, "spearman": {"mean": 0.6390641328182549, "wmean": 0.6504002180176821}}}, "STS13": {"FNWN": {"pearson": [0.5821763011704115, 1.5459445727127902e-18], "spearman": [0.5638589522827325, 2.965271913986174e-17], "nsamples": 189}, "headlines": {"pearson": [0.7562740062585769, 5.814800171991729e-140], "spearman": [0.7506932679815351, 8.472577564666606e-137], "nsamples": 750}, "OnWN": {"pearson": [0.5939012391583147, 8.983182450064467e-55], "spearman": [0.6008515896509947, 2.404936277778999e-56], "nsamples": 561}, "all": {"pearson": {"mean": 0.6441171821957677, "wmean": 0.6736102805219699}, "spearman": {"mean": 0.6384679366384208, "wmean": 0.6711113565078638}}}, "STS14": {"deft-forum": {"pearson": [0.37490531500865665, 1.8255295001136324e-16], "spearman": [0.3592866748465611, 3.704176853932889e-15], "nsamples": 450}, "deft-news": {"pearson": [0.7692760497502883, 6.305880564759534e-60], "spearman": [0.7625640245627401, 2.5892722714326984e-58], "nsamples": 300}, "headlines": {"pearson": [0.7450759385120566, 1.067555421341618e-133], "spearman": [0.7225864036399798, 4.6440969464251557e-122], "nsamples": 750}, "images": {"pearson": [0.7496011548721287, 3.445553562955089e-136], "spearman": [0.7423038412786963, 3.376755622819595e-132], "nsamples": 750}, "OnWN": {"pearson": [0.71400975797767, 6.410766383257176e-118], "spearman": [0.753941083088241, 1.2511369986671647e-138], "nsamples": 750}, "tweet-news": {"pearson": [0.7501432138155592, 1.718949256501897e-136], "spearman": [0.7148089004122804, 2.676925102623112e-118], "nsamples": 750}, "all": {"pearson": {"mean": 0.6838352383227265, "wmean": 0.6982967348165446}, "spearman": {"mean": 0.6759151546380832, "wmean": 0.6908475686304462}}}, "STS15": {"answers-forums": {"pearson": [0.6475869842037292, 5.892668047391672e-46], "spearman": [0.6331505377471721, 2.084270868337024e-43], "nsamples": 375}, "answers-students": {"pearson": [0.7817045240410357, 1.5371280443686876e-155], "spearman": [0.7911948153291833, 6.681429302798241e-162], "nsamples": 750}, "belief": {"pearson": [0.766055563868105, 1.369490104228462e-73], "spearman": [0.7749137366403919, 2.5728722568788447e-76], "nsamples": 375}, "headlines": {"pearson": [0.7857581460085821, 3.229084242518681e-158], "spearman": [0.7885283182688765, 4.4202028633495976e-160], "nsamples": 750}, "images": {"pearson": [0.8181261048517163, 6.386057919252848e-182], "spearman": [0.8258930437852293, 2.5389598484430104e-188], "nsamples": 750}, "all": {"pearson": {"mean": 0.7598462645946338, "wmean": 0.7731025122343129}, "spearman": {"mean": 0.7627360903541707, "wmean": 0.7774120786442679}}}, "STS16": {"answer-answer": {"pearson": [0.690072302359831, 2.984890156963031e-37], "spearman": [0.6767110172101308, 2.283463578417442e-35], "nsamples": 254}, "headlines": {"pearson": [0.80422024905715, 9.636273791786824e-58], "spearman": [0.8132148357240896, 5.288418804261117e-60], "nsamples": 249}, "plagiarism": {"pearson": [0.7921398109891628, 8.568525639212765e-51], "spearman": [0.8013300369928583, 8.756813738561636e-53], "nsamples": 230}, "postediting": {"pearson": [0.8661952576791875, 7.248307881048567e-75], "spearman": [0.8615595944349607, 3.3235271305881436e-73], "nsamples": 244}, "question-question": {"pearson": [0.4856772413243963, 9.071386633471904e-14], "spearman": [0.4681939438883511, 8.778917234403142e-13], "nsamples": 209}, "all": {"pearson": {"mean": 0.7276609722819456, "wmean": 0.7340468378184279}, "spearman": {"mean": 0.7242018856500781, "wmean": 0.7308213122173902}}}}