{"MR": {"devacc": 74.46, "acc": 72.34, "ndev": 10662, "ntest": 10662}, "CR": {"devacc": 84.01, "acc": 83.68, "ndev": 3775, "ntest": 3775}, "SUBJ": {"devacc": 91.53, "acc": 90.95, "ndev": 10000, "ntest": 10000}, "MPQA": {"devacc": 87.5, "acc": 87.73, "ndev": 10606, "ntest": 10606}, "SST5": {"devacc": 41.14, "acc": 43.21, "ndev": 1101, "ntest": 2210}, "TREC": {"devacc": 77.29, "acc": 88.4, "ndev": 5452, "ntest": 500}, "MRPC": {"devacc": 73.65, "acc": 71.59, "f1": 81.2, "ndev": 4076, "ntest": 1725}, "STS12": {"MSRpar": {"pearson": [0.653772092318675, 1.2021439814168046e-92], "spearman": [0.6490703391270766, 6.479219020924535e-91], "nsamples": 750}, "MSRvid": {"pearson": [0.7368319148887764, 2.7141118798950004e-129], "spearman": [0.741738485127804, 6.793120266449565e-132], "nsamples": 750}, "SMTeuroparl": {"pearson": [0.561265194037617, 1.8756030671327208e-39], "spearman": [0.6041431980801923, 5.302592373059779e-47], "nsamples": 459}, "surprise.OnWN": {"pearson": [0.6523185594641766, 4.154935887592786e-92], "spearman": [0.6981088323601558, 1.2344430847766655e-110], "nsamples": 750}, "surprise.SMTnews": {"pearson": [0.634084630090973, 2.9145849984830783e-46], "spearman": [0.6077941429834475, 1.1640264144255397e-41], "nsamples": 399}, "all": {"pearson": {"mean": 0.6476544781600436, "wmean": 0.6572755522758318}, "spearman": {"mean": 0.6601709995357352, "wmean": 0.67133199273825}}}, "STS13": {"FNWN": {"pearson": [0.5935448668642889, 2.2469755816449594e-19], "spearman": [0.6194927290966206, 2.0448459936734698e-21], "nsamples": 189}, "headlines": {"pearson": [0.7595028474007164, 7.849795739816659e-142], "spearman": [0.7538243609248907, 1.457449458432896e-138], "nsamples": 750}, "OnWN": {"pearson": [0.6061543322472167, 1.429928020351264e-57], "spearman": [0.6184761064751712, 1.6444156010963926e-60], "nsamples": 561}, "all": {"pearson": {"mean": 0.6530673488374074, "wmean": 0.6812397971857176}, "spearman": {"mean": 0.6639310654988941, "wmean": 0.6862783281503336}}}, "STS14": {"deft-forum": {"pearson": [0.38583541602284616, 2.0114183262001024e-17], "spearman": [0.3810822035779713, 5.30265520321399e-17], "nsamples": 450}, "deft-news": {"pearson": [0.7993740903212174, 6.755651205967728e-68], "spearman": [0.7782178060630107, 3.6581509873336012e-62], "nsamples": 300}, "headlines": {"pearson": [0.7536303415331954, 1.8780116937064828e-138], "spearman": [0.7335761773427882, 1.3423999347025801e-127], "nsamples": 750}, "images": {"pearson": [0.7571700464269552, 1.7726493255691426e-140], "spearman": [0.7534854297919651, 2.2691739779601647e-138], "nsamples": 750}, "OnWN": {"pearson": [0.7143187266503396, 4.575389025770905e-118], "spearman": [0.756900008864177, 2.537105306286253e-140], "nsamples": 750}, "tweet-news": {"pearson": [0.7731794576434934, 4.3141324614331366e-150], "spearman": [0.7365595920744792, 3.7697082445550515e-129], "nsamples": 750}, "all": {"pearson": {"mean": 0.6972513464330078, "wmean": 0.7099098915992356}, "spearman": {"mean": 0.6899702029523985, "wmean": 0.7040915305290794}}}, "STS15": {"answers-forums": {"pearson": [0.6642778977991995, 4.4245419865864274e-49], "spearman": [0.6565268274845842, 1.3229792179454875e-47], "nsamples": 375}, "answers-students": {"pearson": [0.7811827070375623, 3.366851481182446e-155], "spearman": [0.787018151615617, 4.622384667540866e-159], "nsamples": 750}, "belief": {"pearson": [0.7514881245498011, 2.326320156200602e-69], "spearman": [0.7448568242270979, 1.5711127038863468e-67], "nsamples": 375}, "headlines": {"pearson": [0.791011262751098, 8.933961576953381e-162], "spearman": [0.7958226087180758, 3.9909769348469087e-165], "nsamples": 750}, "images": {"pearson": [0.8265569655588972, 6.962973686376285e-189], "spearman": [0.8356787444929483, 7.446864889237918e-197], "nsamples": 750}, "all": {"pearson": {"mean": 0.7629033915393115, "wmean": 0.7766584866305144}, "spearman": {"mean": 0.7639806313076646, "wmean": 0.7798028326706204}}}, "STS16": {"answer-answer": {"pearson": [0.6983435130621106, 1.8062406880329489e-38], "spearman": [0.6873033953886377, 7.475335576261989e-37], "nsamples": 254}, "headlines": {"pearson": [0.8015773318157634, 4.2257080620309326e-57], "spearman": [0.8142210000835479, 2.903009891862014e-60], "nsamples": 249}, "plagiarism": {"pearson": [0.8111810352741987, 4.889391071090618e-55], "spearman": [0.8348833613907367, 4.781608909989567e-61], "nsamples": 230}, "postediting": {"pearson": [0.8589926376992426, 2.6050658933993983e-72], "spearman": [0.8568007029855266, 1.4638922425745376e-71], "nsamples": 244}, "question-question": {"pearson": [0.48657806346416815, 8.041716392664922e-14], "spearman": [0.45552910269119357, 4.2009685234656284e-12], "nsamples": 209}, "all": {"pearson": {"mean": 0.7313345162630968, "wmean": 0.7376329383773973}, "spearman": {"mean": 0.7297475125079285, "wmean": 0.7365971488704173}}}}