{"MR": {"devacc": 71.58, "acc": 73.14, "ndev": 10662, "ntest": 10662}, "CR": {"devacc": 81.79, "acc": 82.12, "ndev": 3775, "ntest": 3775}, "SUBJ": {"devacc": 91.25, "acc": 90.91, "ndev": 10000, "ntest": 10000}, "MPQA": {"devacc": 86.66, "acc": 86.22, "ndev": 10606, "ntest": 10606}, "SST5": {"devacc": 39.78, "acc": 42.67, "ndev": 1101, "ntest": 2210}, "TREC": {"devacc": 86.74, "acc": 85.8, "ndev": 5452, "ntest": 500}, "MRPC": {"devacc": 74.83, "acc": 73.33, "f1": 81.77, "ndev": 4076, "ntest": 1725}, "STS12": {"MSRpar": {"pearson": [0.6218021891000234, 1.889713745260068e-81], "spearman": [0.5962732323770329, 2.1242301730354852e-73], "nsamples": 750}, "MSRvid": {"pearson": [0.902667348537563, 3.977368273659901e-276], "spearman": [0.8989961591998764, 2.001371118501514e-270], "nsamples": 750}, "SMTeuroparl": {"pearson": [0.5270642326085927, 3.5574808753415754e-34], "spearman": [0.5630729043741333, 9.481378324669508e-40], "nsamples": 459}, "surprise.OnWN": {"pearson": [0.7208928421562111, 3.1384555955205863e-121], "spearman": [0.7257021419697962, 1.330374554196371e-123], "nsamples": 750}, "surprise.SMTnews": {"pearson": [0.560519222937176, 2.181846130473488e-34], "spearman": [0.5300860330484591, 2.7347800076786823e-30], "nsamples": 399}, "all": {"pearson": {"mean": 0.6665891670679132, "wmean": 0.6916317366681548}, "spearman": {"mean": 0.6628260941938595, "wmean": 0.687156834122938}}}, "STS13": {"FNWN": {"pearson": [0.5891473116685679, 4.780749052468581e-19], "spearman": [0.6235499990079096, 9.423221572843238e-22], "nsamples": 189}, "headlines": {"pearson": [0.7421464137403704, 4.1030886674671616e-132], "spearman": [0.7350840368423788, 2.219873949637702e-128], "nsamples": 750}, "OnWN": {"pearson": [0.7204343316840265, 6.64986283642007e-91], "spearman": [0.7189892742625879, 2.2258548296704494e-90], "nsamples": 561}, "all": {"pearson": {"mean": 0.6839093523643216, "wmean": 0.7147482081902506}, "spearman": {"mean": 0.6925411033709588, "wmean": 0.7150113068703939}}}, "STS14": {"deft-forum": {"pearson": [0.5646265533923103, 2.987646033022293e-39], "spearman": [0.5437014652712278, 5.6027797561382105e-36], "nsamples": 450}, "deft-news": {"pearson": [0.7649577060387854, 6.981962081951391e-59], "spearman": [0.7475254348280742, 6.93802069784749e-55], "nsamples": 300}, "headlines": {"pearson": [0.7270075184202807, 2.9592951785290363e-124], "spearman": [0.7091896236319601, 1.167255588623193e-115], "nsamples": 750}, "images": {"pearson": [0.8538213980244246, 2.8654705923391177e-214], "spearman": [0.8204477001140655, 8.405922737307947e-184], "nsamples": 750}, "OnWN": {"pearson": [0.7976581405726959, 1.9916817899766544e-166], "spearman": [0.8222296402437412, 2.9009029845394048e-185], "nsamples": 750}, "tweet-news": {"pearson": [0.7789906675192253, 8.860519743614312e-154], "spearman": [0.7193201957584122, 1.8272127039781415e-120], "nsamples": 750}, "all": {"pearson": {"mean": 0.7478436639946203, "wmean": 0.7604473477975053}, "spearman": {"mean": 0.7270690099745801, "wmean": 0.739283642568429}}}, "STS15": {"answers-forums": {"pearson": [0.7335654082156526, 1.5288655533708647e-64], "spearman": [0.7417243707909014, 1.0985831858937973e-66], "nsamples": 375}, "answers-students": {"pearson": [0.7808157337675176, 5.8362275791642595e-155], "spearman": [0.7875123187545908, 2.1488214319230328e-159], "nsamples": 750}, "belief": {"pearson": [0.8292565833436345, 2.7729946900379585e-96], "spearman": [0.8382085763435216, 2.9633412658872946e-100], "nsamples": 375}, "headlines": {"pearson": [0.7993487057972526, 1.2252137802511888e-167], "spearman": [0.80159864686541, 2.873205767117908e-169], "nsamples": 750}, "images": {"pearson": [0.90280954823196, 2.3669759021568834e-276], "spearman": [0.9082553680739133, 2.9493713237742354e-285], "nsamples": 750}, "all": {"pearson": {"mean": 0.8091591958712036, "wmean": 0.8160962458940934}, "spearman": {"mean": 0.8154598561656675, "wmean": 0.8218332018152814}}}, "STS16": {"answer-answer": {"pearson": [0.7539251608570534, 6.951102302249036e-48], "spearman": [0.7495051454503725, 4.79378630486705e-47], "nsamples": 254}, "headlines": {"pearson": [0.7908225522092837, 1.385511489157959e-54], "spearman": [0.794118458289338, 2.4356449199042927e-55], "nsamples": 249}, "plagiarism": {"pearson": [0.8406242258327666, 1.2002796372869525e-62], "spearman": [0.8636192349874205, 9.291973404513418e-70], "nsamples": 230}, "postediting": {"pearson": [0.8591819295257781, 2.2412140028437646e-72], "spearman": [0.8606480321291535, 6.937367650005765e-73], "nsamples": 244}, "question-question": {"pearson": [0.7117406070338688, 1.3725384025566619e-33], "spearman": [0.7166784499915461, 3.0718947003517283e-34], "nsamples": 209}, "all": {"pearson": {"mean": 0.7912588950917502, "wmean": 0.7927062023387083}, "spearman": {"mean": 0.7969138641695661, "wmean": 0.7980827512591004}}}}