{"MR": {"devacc": 70.76, "acc": 71.31, "ndev": 10662, "ntest": 10662}, "CR": {"devacc": 80.37, "acc": 78.65, "ndev": 3775, "ntest": 3775}, "SUBJ": {"devacc": 90.33, "acc": 89.75, "ndev": 10000, "ntest": 10000}, "MPQA": {"devacc": 86.06, "acc": 86.29, "ndev": 10606, "ntest": 10606}, "SST5": {"devacc": 39.96, "acc": 41.45, "ndev": 1101, "ntest": 2210}, "TREC": {"devacc": 84.08, "acc": 87.2, "ndev": 5452, "ntest": 500}, "MRPC": {"devacc": 73.01, "acc": 72.12, "f1": 78.99, "ndev": 4076, "ntest": 1725}, "STS12": {"MSRpar": {"pearson": [0.6143029544060282, 5.2244142403462486e-79], "spearman": [0.5818521069250921, 3.6671858749420607e-69], "nsamples": 750}, "MSRvid": {"pearson": [0.8938940129496187, 7.432798251682183e-263], "spearman": [0.893603331523212, 1.9531055855304374e-262], "nsamples": 750}, "SMTeuroparl": {"pearson": [0.48273310953338194, 3.603077355938403e-28], "spearman": [0.514260530275355, 2.3822177606177808e-32], "nsamples": 459}, "surprise.OnWN": {"pearson": [0.7083239277524964, 2.9390237239097573e-115], "spearman": [0.7134256867226267, 1.211395937671513e-117], "nsamples": 750}, "surprise.SMTnews": {"pearson": [0.5563637705050697, 8.383664126610589e-34], "spearman": [0.5474719744601583, 1.4033131171810364e-32], "nsamples": 399}, "all": {"pearson": {"mean": 0.651123555029319, "wmean": 0.6775914778115998}, "spearman": {"mean": 0.6501227259812887, "wmean": 0.6744362114170493}}}, "STS13": {"FNWN": {"pearson": [0.5078869803027389, 8.686384739848967e-14], "spearman": [0.5371223097623582, 1.6151118764084701e-15], "nsamples": 189}, "headlines": {"pearson": [0.7205399615276935, 4.66494346486493e-121], "spearman": [0.7148053705275004, 2.687289048369259e-118], "nsamples": 750}, "OnWN": {"pearson": [0.7079831062005727, 1.729568213106422e-86], "spearman": [0.7040563462196238, 3.8224079154578384e-85], "nsamples": 561}, "all": {"pearson": {"mean": 0.6454700160103352, "wmean": 0.6890494220010059}, "spearman": {"mean": 0.6519946755031607, "wmean": 0.6883971697799466}}}, "STS14": {"deft-forum": {"pearson": [0.5671327553375938, 1.1681977147780116e-39], "spearman": [0.547640080458844, 1.4120639413774029e-36], "nsamples": 450}, "deft-news": {"pearson": [0.7661388752606975, 3.63577519481742e-59], "spearman": [0.748994639185801, 3.289372633467672e-55], "nsamples": 300}, "headlines": {"pearson": [0.7171936861427078, 1.940878361216861e-119], "spearman": [0.6996332551203154, 2.5942703907669035e-111], "nsamples": 750}, "images": {"pearson": [0.8494111409846029, 7.953233052575692e-210], "spearman": [0.8124308606211857, 2.0272155551987832e-177], "nsamples": 750}, "OnWN": {"pearson": [0.7960093377663731, 2.9461320317039313e-165], "spearman": [0.8198996381020931, 2.3496250527551107e-183], "nsamples": 750}, "tweet-news": {"pearson": [0.7809561428492956, 4.729086477282737e-155], "spearman": [0.7258206405421914, 1.1611061184407418e-123], "nsamples": 750}, "all": {"pearson": {"mean": 0.7461403230568785, "wmean": 0.7580611022099629}, "spearman": {"mean": 0.7257365190050717, "wmean": 0.7371932596670825}}}, "STS15": {"answers-forums": {"pearson": [0.716786999321423, 2.254425529468013e-60], "spearman": [0.7198527169250788, 4.1130731334068255e-61], "nsamples": 375}, "answers-students": {"pearson": [0.7691317937150564, 1.3770151022832444e-147], "spearman": [0.7770996012349333, 1.4442632812161194e-152], "nsamples": 750}, "belief": {"pearson": [0.8185680313181226, 7.795769629422188e-92], "spearman": [0.8200396914940742, 1.981242422667135e-92], "nsamples": 375}, "headlines": {"pearson": [0.792128371007589, 1.517632302628394e-162], "spearman": [0.7921376556365989, 1.4953678071176142e-162], "nsamples": 750}, "images": {"pearson": [0.8935907377589043, 2.0364614449774522e-262], "spearman": [0.8997555734571745, 1.3805802097082958e-271], "nsamples": 750}, "all": {"pearson": {"mean": 0.7980411866242191, "wmean": 0.8056321044503305}, "spearman": {"mean": 0.801777047749572, "wmean": 0.8097347586345708}}}, "STS16": {"answer-answer": {"pearson": [0.75298911041015, 1.0498666195102193e-47], "spearman": [0.7572199673033772, 1.6041678096668058e-48], "nsamples": 254}, "headlines": {"pearson": [0.7669406490129926, 1.7108291476000407e-49], "spearman": [0.7698623573807415, 4.40100370355576e-50], "nsamples": 249}, "plagiarism": {"pearson": [0.8220009063806543, 1.1399603110858128e-57], "spearman": [0.8408712722418549, 1.020933225988901e-62], "nsamples": 230}, "postediting": {"pearson": [0.8516422926150637, 7.613542435444835e-70], "spearman": [0.8553872787117246, 4.388746710509855e-71], "nsamples": 244}, "question-question": {"pearson": [0.6991418101504454, 5.444208618169276e-32], "spearman": [0.7018615891860246, 2.500221658693044e-32], "nsamples": 209}, "all": {"pearson": {"mean": 0.7785429537138613, "wmean": 0.7801087873823629}, "spearman": {"mean": 0.7850404929647445, "wmean": 0.786537571200699}}}}