{"MR": {"devacc": 70.34, "acc": 71.32, "ndev": 10662, "ntest": 10662}, "CR": {"devacc": 79.76, "acc": 79.26, "ndev": 3775, "ntest": 3775}, "SUBJ": {"devacc": 89.64, "acc": 89.56, "ndev": 10000, "ntest": 10000}, "MPQA": {"devacc": 84.81, "acc": 85.46, "ndev": 10606, "ntest": 10606}, "SST5": {"devacc": 37.69, "acc": 37.38, "ndev": 1101, "ntest": 2210}, "TREC": {"devacc": 80.83, "acc": 87.0, "ndev": 5452, "ntest": 500}, "MRPC": {"devacc": 73.55, "acc": 72.17, "f1": 79.75, "ndev": 4076, "ntest": 1725}, "STS12": {"MSRpar": {"pearson": [0.6268656545585922, 3.8896134411770245e-83], "spearman": [0.5836418462122064, 1.121956671118001e-69], "nsamples": 750}, "MSRvid": {"pearson": [0.8912807592287635, 3.981283586429185e-259], "spearman": [0.8897951547134059, 4.7595851739379394e-257], "nsamples": 750}, "SMTeuroparl": {"pearson": [0.48933952748754733, 5.205476301038757e-29], "spearman": [0.5145490491261282, 2.1711316387905067e-32], "nsamples": 459}, "surprise.OnWN": {"pearson": [0.7161563811882747, 6.09747447209189e-119], "spearman": [0.713279125093046, 1.4207856517867665e-117], "nsamples": 750}, "surprise.SMTnews": {"pearson": [0.5603737180185897, 2.2878829657500375e-34], "spearman": [0.5517700715996742, 3.6325626110785926e-33], "nsamples": 399}, "all": {"pearson": {"mean": 0.6568032080963535, "wmean": 0.6833729256235278}, "spearman": {"mean": 0.6506070493488921, "wmean": 0.6745081617217363}}}, "STS13": {"FNWN": {"pearson": [0.5590333591393456, 6.266149638282128e-17], "spearman": [0.5819500640127799, 1.6052105338042908e-18], "nsamples": 189}, "headlines": {"pearson": [0.7376163978410206, 1.0510241648252359e-129], "spearman": [0.7333344814955598, 1.7892090576695657e-127], "nsamples": 750}, "OnWN": {"pearson": [0.6881142284093194, 6.60836617707525e-80], "spearman": [0.6902015698185094, 1.4245185258963607e-80], "nsamples": 561}, "all": {"pearson": {"mean": 0.6615879951298952, "wmean": 0.6966011235971532}, "spearman": {"mean": 0.6684953717756165, "wmean": 0.6981283359255127}}}, "STS14": {"deft-forum": {"pearson": [0.5652582037723809, 2.3597941391365877e-39], "spearman": [0.5409185463236297, 1.4674939036057049e-35], "nsamples": 450}, "deft-news": {"pearson": [0.7339300000241468, 5.466065082867197e-52], "spearman": [0.7265534635636719, 1.720802137134482e-50], "nsamples": 300}, "headlines": {"pearson": [0.713721800302628, 8.775163273429028e-118], "spearman": [0.6925106476052398, 3.491316896889537e-108], "nsamples": 750}, "images": {"pearson": [0.8432138325892595, 8.111240167935686e-204], "spearman": [0.812276064570563, 2.6736229401573707e-177], "nsamples": 750}, "OnWN": {"pearson": [0.764832795610833, 5.532331120749707e-145], "spearman": [0.7949540001185111, 1.6311545273289828e-164], "nsamples": 750}, "tweet-news": {"pearson": [0.7628819017791453, 8.058511370322633e-144], "spearman": [0.7091637972093792, 1.1999179169705195e-115], "nsamples": 750}, "all": {"pearson": {"mean": 0.7306397556797322, "wmean": 0.7434754505109905}, "spearman": {"mean": 0.7127294198984991, "wmean": 0.7248154045446679}}}, "STS15": {"answers-forums": {"pearson": [0.7146920184735467, 7.117578126321106e-60], "spearman": [0.7171983307552628, 1.7966816931095587e-60], "nsamples": 375}, "answers-students": {"pearson": [0.7724342150770285, 1.258414924091706e-149], "spearman": [0.7774853302207355, 8.191466069261091e-153], "nsamples": 750}, "belief": {"pearson": [0.8071832069233364, 2.0827050904878786e-87], "spearman": [0.8108768992715959, 8.22977142760474e-89], "nsamples": 375}, "headlines": {"pearson": [0.78196645411868, 1.036171611980755e-155], "spearman": [0.7795473378440049, 3.8755962419146055e-154], "nsamples": 750}, "images": {"pearson": [0.8864560097925333, 1.7389271447895798e-252], "spearman": [0.8922742801798793, 1.5620801116640026e-260], "nsamples": 750}, "all": {"pearson": {"mean": 0.792546380877025, "wmean": 0.8004485729216708}, "spearman": {"mean": 0.7954764356542957, "wmean": 0.8033361408145122}}}, "STS16": {"answer-answer": {"pearson": [0.7552326410556753, 3.8954835589734026e-48], "spearman": [0.750045695684006, 3.793697974847507e-47], "nsamples": 254}, "headlines": {"pearson": [0.7823273233000732, 1.0626752454850446e-52], "spearman": [0.7884395694235569, 4.775890283715523e-54], "nsamples": 249}, "plagiarism": {"pearson": [0.8311622732879876, 4.8344938748623596e-60], "spearman": [0.8479449854848238, 8.790820071564294e-65], "nsamples": 230}, "postediting": {"pearson": [0.8392691300021574, 5.559457964240513e-66], "spearman": [0.8423640025339072, 6.457879122828461e-67], "nsamples": 244}, "question-question": {"pearson": [0.6936898966114889, 2.5238163134423854e-31], "spearman": [0.6949259950702519, 1.787864426846428e-31], "nsamples": 209}, "all": {"pearson": {"mean": 0.7803362528514766, "wmean": 0.7820900280762433}, "spearman": {"mean": 0.7847440496393092, "wmean": 0.7863716321582366}}}}