{"MR": {"devacc": 69.95, "acc": 69.98, "ndev": 10662, "ntest": 10662}, "CR": {"devacc": 78.63, "acc": 78.46, "ndev": 3775, "ntest": 3775}, "SUBJ": {"devacc": 89.3, "acc": 89.01, "ndev": 10000, "ntest": 10000}, "MPQA": {"devacc": 85.04, "acc": 85.2, "ndev": 10606, "ntest": 10606}, "SST5": {"devacc": 38.96, "acc": 35.07, "ndev": 1101, "ntest": 2210}, "TREC": {"devacc": 79.44, "acc": 87.8, "ndev": 5452, "ntest": 500}, "MRPC": {"devacc": 73.06, "acc": 66.2, "f1": 72.41, "ndev": 4076, "ntest": 1725}, "STS12": {"MSRpar": {"pearson": [0.5989034165664856, 3.3969121325569014e-74], "spearman": [0.5636226876547479, 4.230813747370785e-64], "nsamples": 750}, "MSRvid": {"pearson": [0.8921037940121697, 2.728996609517872e-260], "spearman": [0.8870208724118763, 3.0100511925351514e-253], "nsamples": 750}, "SMTeuroparl": {"pearson": [0.5210682238081249, 2.605272499441785e-33], "spearman": [0.5403911594437876, 3.6830067881657745e-36], "nsamples": 459}, "surprise.OnWN": {"pearson": [0.7058864875227977, 3.885779021232918e-114], "spearman": [0.697582649327281, 2.1101537632950988e-110], "nsamples": 750}, "surprise.SMTnews": {"pearson": [0.5657930148340675, 3.845178889414579e-35], "spearman": [0.5601197496734761, 2.485319185548489e-34], "nsamples": 399}, "all": {"pearson": {"mean": 0.656750987348729, "wmean": 0.6797271561205958}, "spearman": {"mean": 0.6497474237022337, "wmean": 0.6701084232142357}}}, "STS13": {"FNWN": {"pearson": [0.4835546343175953, 1.8131061200568877e-12], "spearman": [0.5075302544036698, 9.098073014899187e-14], "nsamples": 189}, "headlines": {"pearson": [0.7208004646755932, 3.481786884218725e-121], "spearman": [0.7166309008656108, 3.6141251710206575e-119], "nsamples": 750}, "OnWN": {"pearson": [0.6805683895614748, 1.523706266789408e-77], "spearman": [0.6776344155927113, 1.2091876481102612e-76], "nsamples": 561}, "all": {"pearson": {"mean": 0.6283078295182212, "wmean": 0.6758606939578051}, "spearman": {"mean": 0.6339318569539972, "wmean": 0.6756995339193418}}}, "STS14": {"deft-forum": {"pearson": [0.5540603162035275, 1.4355017476624803e-37], "spearman": [0.5327031773345189, 2.3909420764070522e-34], "nsamples": 450}, "deft-news": {"pearson": [0.742992798252008, 6.71750544948882e-54], "spearman": [0.7280526850518427, 8.614934987976945e-51], "nsamples": 300}, "headlines": {"pearson": [0.7133729604036976, 1.2829256093267596e-117], "spearman": [0.698233554346207, 1.0869395596673627e-110], "nsamples": 750}, "images": {"pearson": [0.8401902195104526, 5.578750364790082e-201], "spearman": [0.8145021069176974, 4.872298616857693e-179], "nsamples": 750}, "OnWN": {"pearson": [0.7568896197708304, 2.5723213638999915e-140], "spearman": [0.7847757902386447, 1.456494580613048e-157], "nsamples": 750}, "tweet-news": {"pearson": [0.756685710328073, 3.371065641061335e-140], "spearman": [0.7113973048917743, 1.0907548793769908e-116], "nsamples": 750}, "all": {"pearson": {"mean": 0.727365270744765, "wmean": 0.7393543638071948}, "spearman": {"mean": 0.711610769796781, "wmean": 0.7239503473631544}}}, "STS15": {"answers-forums": {"pearson": [0.7074634010637588, 3.4760648884812566e-58], "spearman": [0.712903039226136, 1.8842868640820656e-59], "nsamples": 375}, "answers-students": {"pearson": [0.7688552064295249, 2.0331690765325928e-147], "spearman": [0.7746076961841627, 5.4812163129858325e-151], "nsamples": 750}, "belief": {"pearson": [0.793315608210472, 2.1258446840439097e-82], "spearman": [0.8060432876353086, 5.566251196250083e-87], "nsamples": 375}, "headlines": {"pearson": [0.7789487374938243, 9.429024793273146e-154], "spearman": [0.7818163345404686, 1.2990481537364974e-155], "nsamples": 750}, "images": {"pearson": [0.8873167070622218, 1.196803145073431e-253], "spearman": [0.8928520781043996, 2.3414113193202903e-261], "nsamples": 750}, "all": {"pearson": {"mean": 0.7871799320519604, "wmean": 0.7963775389056715}, "spearman": {"mean": 0.7936444871380951, "wmean": 0.8021873180649383}}}, "STS16": {"answer-answer": {"pearson": [0.7406296067402858, 2.0548699706953778e-45], "spearman": [0.7363925128457572, 1.1710606803690178e-44], "nsamples": 254}, "headlines": {"pearson": [0.7612350077561459, 2.2918681406430803e-48], "spearman": [0.7685019210133949, 8.302191725693921e-50], "nsamples": 249}, "plagiarism": {"pearson": [0.8220755256236869, 1.0917396556388732e-57], "spearman": [0.8405810390074155, 1.2346869153825122e-62], "nsamples": 230}, "postediting": {"pearson": [0.8455530043824966, 6.688990678197175e-68], "spearman": [0.847115284459941, 2.1615744985196587e-68], "nsamples": 244}, "question-question": {"pearson": [0.6904426587130711, 6.191576605130747e-31], "spearman": [0.6852821613861989, 2.5160654966591077e-30], "nsamples": 209}, "all": {"pearson": {"mean": 0.7719871606431373, "wmean": 0.7734926278896476}, "spearman": {"mean": 0.7755745837425415, "wmean": 0.7771116498354168}}}}