{"MR": {"devacc": 70.94, "acc": 71.51, "ndev": 10662, "ntest": 10662}, "CR": {"devacc": 81.19, "acc": 80.32, "ndev": 3775, "ntest": 3775}, "SUBJ": {"devacc": 91.25, "acc": 90.25, "ndev": 10000, "ntest": 10000}, "MPQA": {"devacc": 86.51, "acc": 86.27, "ndev": 10606, "ntest": 10606}, "SST5": {"devacc": 37.97, "acc": 35.97, "ndev": 1101, "ntest": 2210}, "TREC": {"devacc": 84.78, "acc": 79.4, "ndev": 5452, "ntest": 500}, "MRPC": {"devacc": 73.9, "acc": 71.54, "f1": 78.01, "ndev": 4076, "ntest": 1725}, "STS12": {"MSRpar": {"pearson": [0.6179465097459859, 3.467341779672549e-80], "spearman": [0.5861479871724716, 2.110278209869577e-70], "nsamples": 750}, "MSRvid": {"pearson": [0.8997320243735595, 1.500415946915568e-271], "spearman": [0.8974687020061746, 4.067313441636707e-268], "nsamples": 750}, "SMTeuroparl": {"pearson": [0.5129700804011972, 3.6036172759000506e-32], "spearman": [0.5533397012207886, 3.5550135443607677e-38], "nsamples": 459}, "surprise.OnWN": {"pearson": [0.7150408815772749, 2.076312457868544e-118], "spearman": [0.7184592756688776, 4.7686560410552636e-120], "nsamples": 750}, "surprise.SMTnews": {"pearson": [0.5483425526338406, 1.068942186592465e-32], "spearman": [0.49963047132234145, 1.3884146104862806e-26], "nsamples": 399}, "all": {"pearson": {"mean": 0.6588064097463716, "wmean": 0.6849361348705493}, "spearman": {"mean": 0.6510092274781307, "wmean": 0.6772498245024449}}}, "STS13": {"FNWN": {"pearson": [0.5573963354280213, 8.054522854835508e-17], "spearman": [0.5913778264636497, 3.2644078202252803e-19], "nsamples": 189}, "headlines": {"pearson": [0.7234384752103878, 1.7662762526988582e-122], "spearman": [0.7155980858804352, 1.1266846632995814e-118], "nsamples": 750}, "OnWN": {"pearson": [0.7188717570330181, 2.4548262009779276e-90], "spearman": [0.7188971118029226, 2.4035209003091124e-90], "nsamples": 561}, "all": {"pearson": {"mean": 0.6665688558904758, "wmean": 0.7008092129994734}, "spearman": {"mean": 0.6752910080490024, "wmean": 0.7011801688889306}}}, "STS14": {"deft-forum": {"pearson": [0.5761104639379248, 3.7813374173041884e-41], "spearman": [0.5542074706845879, 1.3614262760668362e-37], "nsamples": 450}, "deft-news": {"pearson": [0.7666230117542866, 2.7794650347524514e-59], "spearman": [0.7567484147061965, 5.867655266944459e-57], "nsamples": 300}, "headlines": {"pearson": [0.7271627883617605, 2.473370551359882e-124], "spearman": [0.7089810432914457, 1.458568067390602e-115], "nsamples": 750}, "images": {"pearson": [0.8436389272131438, 3.201402862040525e-204], "spearman": [0.8095379827000441, 3.4273469910056e-175], "nsamples": 750}, "OnWN": {"pearson": [0.7834290358025255, 1.1340923311120275e-156], "spearman": [0.8095599383783779, 3.297556172620819e-175], "nsamples": 750}, "tweet-news": {"pearson": [0.775013657656644, 3.040801950511817e-151], "spearman": [0.7225463032805524, 4.859831388890572e-122], "nsamples": 750}, "all": {"pearson": {"mean": 0.745329647454381, "wmean": 0.7563119784197087}, "spearman": {"mean": 0.7269301921735342, "wmean": 0.7371698231887303}}}, "STS15": {"answers-forums": {"pearson": [0.7345447173894644, 8.536509814185344e-65], "spearman": [0.7378626677764865, 1.162445743354441e-65], "nsamples": 375}, "answers-students": {"pearson": [0.7709880402398146, 9.931167600423365e-149], "spearman": [0.7774971582359939, 8.050108321815791e-153], "nsamples": 750}, "belief": {"pearson": [0.8200403246622849, 1.98006974837093e-92], "spearman": [0.8279649941264392, 9.926581519448826e-96], "nsamples": 375}, "headlines": {"pearson": [0.7903981687400068, 2.3527076757011822e-161], "spearman": [0.7920300194050088, 1.7747517911562233e-162], "nsamples": 750}, "images": {"pearson": [0.9005270172749447, 8.929536543797955e-273], "spearman": [0.9055329849079444, 9.74462412211888e-281], "nsamples": 750}, "all": {"pearson": {"mean": 0.8032996536613031, "wmean": 0.8098014368201603}, "spearman": {"mean": 0.8081775648903745, "wmean": 0.8144934983751024}}}, "STS16": {"answer-answer": {"pearson": [0.7589588313384242, 7.329095899467653e-49], "spearman": [0.756781021183591, 1.9528720517019156e-48], "nsamples": 254}, "headlines": {"pearson": [0.7851242988527538, 2.602089896100362e-53], "spearman": [0.7872302192586417, 8.895215372873506e-54], "nsamples": 249}, "plagiarism": {"pearson": [0.8295926339050879, 1.2614083724432716e-59], "spearman": [0.8475001127402875, 1.1939184383643262e-64], "nsamples": 230}, "postediting": {"pearson": [0.855716429554505, 3.402147672058252e-71], "spearman": [0.8568325406395897, 1.4279383924330473e-71], "nsamples": 244}, "question-question": {"pearson": [0.7187814930628755, 1.6080263826706567e-34], "spearman": [0.7201400017772762, 1.0551973988846037e-34], "nsamples": 209}, "all": {"pearson": {"mean": 0.7896347373427293, "wmean": 0.7909763408380319}, "spearman": {"mean": 0.7936967791198772, "wmean": 0.794893870315186}}}}