{"MR": {"devacc": 68.56, "acc": 68.2, "ndev": 10662, "ntest": 10662}, "CR": {"devacc": 78.67, "acc": 77.88, "ndev": 3775, "ntest": 3775}, "SUBJ": {"devacc": 87.56, "acc": 87.27, "ndev": 10000, "ntest": 10000}, "MPQA": {"devacc": 83.4, "acc": 84.16, "ndev": 10606, "ntest": 10606}, "SST5": {"devacc": 38.6, "acc": 37.6, "ndev": 1101, "ntest": 2210}, "TREC": {"devacc": 75.02, "acc": 82.6, "ndev": 5452, "ntest": 500}, "MRPC": {"devacc": 72.15, "acc": 69.39, "f1": 75.6, "ndev": 4076, "ntest": 1725}, "STS12": {"MSRpar": {"pearson": [0.5874010130096416, 9.10240611021472e-71], "spearman": [0.5545553274585139, 1.0695159332907771e-61], "nsamples": 750}, "MSRvid": {"pearson": [0.8747876972813886, 1.339141415819782e-237], "spearman": [0.8774416716854843, 7.508001801316833e-241], "nsamples": 750}, "SMTeuroparl": {"pearson": [0.4755378482098844, 2.8263049702078025e-27], "spearman": [0.5227069625283881, 1.5178606556076923e-33], "nsamples": 459}, "surprise.OnWN": {"pearson": [0.686805039308289, 9.646185918134795e-106], "spearman": [0.6910156316481829, 1.542374780238907e-107], "nsamples": 750}, "surprise.SMTnews": {"pearson": [0.4912006257179307, 1.270747997013748e-25], "spearman": [0.4957014921569295, 3.92640041913035e-26], "nsamples": 399}, "all": {"pearson": {"mean": 0.6231464447054269, "wmean": 0.6518681577185588}, "spearman": {"mean": 0.6282842170954996, "wmean": 0.6531424917198458}}}, "STS13": {"FNWN": {"pearson": [0.4785802593982093, 3.277856872522612e-12], "spearman": [0.5001551809176304, 2.34164581231178e-13], "nsamples": 189}, "headlines": {"pearson": [0.7098609099388283, 5.690772899155343e-116], "spearman": [0.7039771735230403, 2.8825330387841136e-113], "nsamples": 750}, "OnWN": {"pearson": [0.6350128990038997, 1.1477721657187078e-64], "spearman": [0.6288280231825337, 4.4027359248325756e-63], "nsamples": 561}, "all": {"pearson": {"mean": 0.6078180227803124, "wmean": 0.6527263918810471}, "spearman": {"mean": 0.6109867925410682, "wmean": 0.6501898202274092}}}, "STS14": {"deft-forum": {"pearson": [0.5238683785867068, 4.419827454887128e-33], "spearman": [0.5069988255065777, 9.194749272702771e-31], "nsamples": 450}, "deft-news": {"pearson": [0.7014832102992714, 9.563937628507088e-46], "spearman": [0.7004088565606824, 1.488992002067737e-45], "nsamples": 300}, "headlines": {"pearson": [0.7057191101651759, 4.6350227794833655e-114], "spearman": [0.6865383711618486, 1.250492984601654e-105], "nsamples": 750}, "images": {"pearson": [0.8239128443458669, 1.1651117078545538e-186], "spearman": [0.7913549048444305, 5.184649818041329e-162], "nsamples": 750}, "OnWN": {"pearson": [0.7415969190174113, 8.090195604752126e-132], "spearman": [0.7721268195475944, 1.9547025291570394e-149], "nsamples": 750}, "tweet-news": {"pearson": [0.7445135310291872, 2.1592716977924908e-133], "spearman": [0.6912671351152266, 1.202056600409704e-107], "nsamples": 750}, "all": {"pearson": {"mean": 0.7068489989072698, "wmean": 0.7221313431658748}, "spearman": {"mean": 0.6914491521227267, "wmean": 0.705130013719464}}}, "STS15": {"answers-forums": {"pearson": [0.6489946994286555, 3.268650163204404e-46], "spearman": [0.6470606286799078, 7.339458880599996e-46], "nsamples": 375}, "answers-students": {"pearson": [0.7489158225721859, 8.278761131771842e-136], "spearman": [0.7549475945716283, 3.3430214498491864e-139], "nsamples": 750}, "belief": {"pearson": [0.7746688116880798, 3.072299357402145e-76], "spearman": [0.78503232953556, 1.379673927659314e-79], "nsamples": 375}, "headlines": {"pearson": [0.7700879007291893, 3.565318483776685e-148], "spearman": [0.7731869082044136, 4.2681174203191613e-150], "nsamples": 750}, "images": {"pearson": [0.8787744723816238, 1.637202664947694e-242], "spearman": [0.8849866526506822, 1.595463016718177e-250], "nsamples": 750}, "all": {"pearson": {"mean": 0.7642883413599468, "wmean": 0.7774024878103416}, "spearman": {"mean": 0.7690428227284384, "wmean": 0.7822919086336145}}}, "STS16": {"answer-answer": {"pearson": [0.7228762291814663, 2.4272060334447382e-42], "spearman": [0.7163213805215498, 2.881845916902168e-41], "nsamples": 254}, "headlines": {"pearson": [0.7629236244618142, 1.0714373813761962e-48], "spearman": [0.7674405230912494, 1.3581144311989923e-49], "nsamples": 249}, "plagiarism": {"pearson": [0.8161282853496891, 3.2151519646427563e-56], "spearman": [0.8325182459141488, 2.0944626132367005e-60], "nsamples": 230}, "postediting": {"pearson": [0.838340578952545, 1.0511869382208732e-65], "spearman": [0.843748625402045, 2.427982865825391e-67], "nsamples": 244}, "question-question": {"pearson": [0.6774731824248887, 1.9885600834326906e-29], "spearman": [0.6819762456354852, 6.0844692300136926e-30], "nsamples": 209}, "all": {"pearson": {"mean": 0.7635483800740808, "wmean": 0.7651222990933687}, "spearman": {"mean": 0.7684010041128957, "wmean": 0.7697514480593292}}}}