{"MR": {"devacc": 75.41, "acc": 75.01, "ndev": 10662, "ntest": 10662}, "CR": {"devacc": 83.56, "acc": 83.34, "ndev": 3775, "ntest": 3775}, "SUBJ": {"devacc": 92.3, "acc": 91.89, "ndev": 10000, "ntest": 10000}, "MPQA": {"devacc": 87.54, "acc": 87.52, "ndev": 10606, "ntest": 10606}, "SST5": {"devacc": 43.78, "acc": 43.89, "ndev": 1101, "ntest": 2210}, "TREC": {"devacc": 89.34, "acc": 92.6, "ndev": 5452, "ntest": 500}, "MRPC": {"devacc": 75.88, "acc": 70.14, "f1": 75.18, "ndev": 4076, "ntest": 1725}, "STS12": {"MSRpar": {"pearson": [0.6275519769391161, 2.2851236664233484e-83], "spearman": [0.6039865192148416, 9.362895515460665e-76], "nsamples": 750}, "MSRvid": {"pearson": [0.9027308670105053, 3.154678726444416e-276], "spearman": [0.9017357758522911, 1.1686609049300522e-274], "nsamples": 750}, "SMTeuroparl": {"pearson": [0.5317395137919003, 7.325328266725045e-35], "spearman": [0.5644985159531231, 5.5199741168455356e-40], "nsamples": 459}, "surprise.OnWN": {"pearson": [0.753537580145242, 2.119842050902257e-138], "spearman": [0.7286915133988797, 4.201835834782165e-125], "nsamples": 750}, "surprise.SMTnews": {"pearson": [0.6262329802819189, 7.672504210730965e-45], "spearman": [0.5502245274433929, 5.9190019799131104e-33], "nsamples": 399}, "all": {"pearson": {"mean": 0.6883585836337364, "wmean": 0.7100388397793165}, "spearman": {"mean": 0.6698273703725057, "wmean": 0.6931965127483611}}}, "STS13": {"FNWN": {"pearson": [0.6154549779003932, 4.372031694908076e-21], "spearman": [0.6509975992334244, 3.652058868177294e-24], "nsamples": 189}, "headlines": {"pearson": [0.7416163596468573, 7.898422916226039e-132], "spearman": [0.7372074370506745, 1.7241934579492715e-129], "nsamples": 750}, "OnWN": {"pearson": [0.7120131189210468, 6.834462054017173e-88], "spearman": [0.711645795351401, 9.196166478338132e-88], "nsamples": 561}, "all": {"pearson": {"mean": 0.6896948188227657, "wmean": 0.7146484135153496}, "spearman": {"mean": 0.6999502772118333, "wmean": 0.7167849434901727}}}, "STS14": {"deft-forum": {"pearson": [0.5693170092522186, 5.119609372880071e-40], "spearman": [0.5518812389277256, 3.1361522166072057e-37], "nsamples": 450}, "deft-news": {"pearson": [0.7707107268702039, 2.8039110767270415e-60], "spearman": [0.7561975465369231, 7.849812021773625e-57], "nsamples": 300}, "headlines": {"pearson": [0.7352054562919837, 1.9193792928662557e-128], "spearman": [0.7167483253051572, 3.174836826784231e-119], "nsamples": 750}, "images": {"pearson": [0.8640170676314931, 3.976936421280107e-225], "spearman": [0.8228730315869497, 8.523353976561756e-186], "nsamples": 750}, "OnWN": {"pearson": [0.8018309369411579, 1.9449174930092724e-169], "spearman": [0.8203791049675274, 9.561844642688213e-184], "nsamples": 750}, "tweet-news": {"pearson": [0.8050113310933655, 8.825291541543808e-172], "spearman": [0.728102991299923, 8.325970733585691e-125], "nsamples": 750}, "all": {"pearson": {"mean": 0.757682088013404, "wmean": 0.7711878576514827}, "spearman": {"mean": 0.732697039770701, "wmean": 0.7443422430261923}}}, "STS15": {"answers-forums": {"pearson": [0.7502147596844558, 5.277792578786088e-69], "spearman": [0.7527143188237428, 1.0520039209549153e-69], "nsamples": 375}, "answers-students": {"pearson": [0.7769540554953667, 1.7883300051030726e-152], "spearman": [0.7900811885463231, 3.876441329113065e-161], "nsamples": 750}, "belief": {"pearson": [0.8355245279446835, 4.869391704826067e-99], "spearman": [0.8447980808059335, 2.4566504303109235e-103], "nsamples": 375}, "headlines": {"pearson": [0.7991400854309483, 1.730935796217193e-167], "spearman": [0.8032743067299735, 1.7014504904130908e-170], "nsamples": 750}, "images": {"pearson": [0.9032970807035735, 3.9696224597716416e-277], "spearman": [0.9117040073681375, 3.4524510479688615e-291], "nsamples": 750}, "all": {"pearson": {"mean": 0.8130261018518056, "wmean": 0.8180652163611145}, "spearman": {"mean": 0.8205143804548222, "wmean": 0.8259539256148181}}}, "STS16": {"answer-answer": {"pearson": [0.7698986500180295, 4.534417811597999e-51], "spearman": [0.7642851042983071, 6.379326431417564e-50], "nsamples": 254}, "headlines": {"pearson": [0.7718759505191061, 1.7063602792776165e-50], "spearman": [0.7943921041025743, 2.1052798615576337e-55], "nsamples": 249}, "plagiarism": {"pearson": [0.8479763103706945, 8.603046130151744e-65], "spearman": [0.8590036802628568, 3.129451573353772e-68], "nsamples": 230}, "postediting": {"pearson": [0.830054371929061, 2.6021369107152893e-63], "spearman": [0.8591784730442404, 2.2473836180377079e-72], "nsamples": 244}, "question-question": {"pearson": [0.71268025293799, 1.0348270344697022e-33], "spearman": [0.7241069628838779, 3.0396546847771663e-35], "nsamples": 209}, "all": {"pearson": {"mean": 0.7864971071549762, "wmean": 0.7877481954332439}, "spearman": {"mean": 0.8001932649183712, "wmean": 0.801417200286082}}}}