{"MR": {"devacc": 69.97, "acc": 71.42, "ndev": 10662, "ntest": 10662}, "CR": {"devacc": 81.01, "acc": 79.74, "ndev": 3775, "ntest": 3775}, "SUBJ": {"devacc": 90.32, "acc": 90.02, "ndev": 10000, "ntest": 10000}, "MPQA": {"devacc": 85.87, "acc": 86.65, "ndev": 10606, "ntest": 10606}, "SST5": {"devacc": 37.15, "acc": 37.96, "ndev": 1101, "ntest": 2210}, "TREC": {"devacc": 84.23, "acc": 85.0, "ndev": 5452, "ntest": 500}, "MRPC": {"devacc": 73.53, "acc": 69.97, "f1": 77.0, "ndev": 4076, "ntest": 1725}, "STS12": {"MSRpar": {"pearson": [0.6108472999211277, 6.624874691893161e-78], "spearman": [0.5837452221280295, 1.0475361357045948e-69], "nsamples": 750}, "MSRvid": {"pearson": [0.8928557815946754, 2.313020471944814e-261], "spearman": [0.8924134338453349, 9.899922442839617e-261], "nsamples": 750}, "SMTeuroparl": {"pearson": [0.5181243122780222, 6.825683753406731e-33], "spearman": [0.5559544824627066, 1.3585812636621497e-38], "nsamples": 459}, "surprise.OnWN": {"pearson": [0.712053203913076, 5.370394498086285e-117], "spearman": [0.7093538780356652, 9.792816431396328e-116], "nsamples": 750}, "surprise.SMTnews": {"pearson": [0.56769761292744, 2.0384770476355306e-35], "spearman": [0.5509640950235682, 4.687312194303514e-33], "nsamples": 399}, "all": {"pearson": {"mean": 0.6603156421268684, "wmean": 0.6840886811342729}, "spearman": {"mean": 0.6584862222990608, "wmean": 0.6802291447463186}}}, "STS13": {"FNWN": {"pearson": [0.5311664015778148, 3.753088087764497e-15], "spearman": [0.5545214196151511, 1.2476427070018675e-16], "nsamples": 189}, "headlines": {"pearson": [0.711719136977415, 7.706278937646223e-117], "spearman": [0.7012870025381072, 4.722905695689512e-112], "nsamples": 750}, "OnWN": {"pearson": [0.7251350273645132, 1.23837541161489e-92], "spearman": [0.7209929678288549, 4.15995158273569e-91], "nsamples": 561}, "all": {"pearson": {"mean": 0.656006855306581, "wmean": 0.6939870353218401}, "spearman": {"mean": 0.6589337966607044, "wmean": 0.6901645701085544}}}, "STS14": {"deft-forum": {"pearson": [0.5753317634983808, 5.113240587327344e-41], "spearman": [0.5580371688773922, 3.3972275651875383e-38], "nsamples": 450}, "deft-news": {"pearson": [0.7601100770071169, 9.767036262992594e-58], "spearman": [0.7460497758534144, 1.4606020454990203e-54], "nsamples": 300}, "headlines": {"pearson": [0.7069884248419921, 1.2133787754445012e-114], "spearman": [0.6896203331403894, 6.120848951809129e-107], "nsamples": 750}, "images": {"pearson": [0.8315214554337369, 3.6650994560091783e-193], "spearman": [0.8023663859911622, 7.895998364994485e-170], "nsamples": 750}, "OnWN": {"pearson": [0.7878984249035301, 1.179396730527448e-159], "spearman": [0.8149364648893287, 2.2161584292714867e-179], "nsamples": 750}, "tweet-news": {"pearson": [0.7742587752057519, 9.086229425186415e-151], "spearman": [0.7127784385220864, 2.447638066175908e-117], "nsamples": 750}, "all": {"pearson": {"mean": 0.7393514868150848, "wmean": 0.7499820338573773}, "spearman": {"mean": 0.7206314278789622, "wmean": 0.7305887668421536}}}, "STS15": {"answers-forums": {"pearson": [0.7053393091159087, 1.065467059304986e-57], "spearman": [0.710765732920134, 5.9711038194208585e-59], "nsamples": 375}, "answers-students": {"pearson": [0.7658727452156853, 1.312608240446705e-145], "spearman": [0.7724908849115071, 1.1601974195008479e-149], "nsamples": 750}, "belief": {"pearson": [0.8038863730082131, 3.513009187575245e-86], "spearman": [0.8118794296373092, 3.3821050712115356e-89], "nsamples": 375}, "headlines": {"pearson": [0.7771490216148513, 1.3431344693584986e-152], "spearman": [0.7777772255334512, 5.329169860363819e-153], "nsamples": 750}, "images": {"pearson": [0.8940285254433153, 4.748777329045794e-263], "spearman": [0.9005039164050392, 9.69576297585221e-273], "nsamples": 750}, "all": {"pearson": {"mean": 0.7892551948795947, "wmean": 0.7979157833339782}, "spearman": {"mean": 0.7946834378814882, "wmean": 0.8030236520321798}}}, "STS16": {"answer-answer": {"pearson": [0.7672463544440526, 1.5961705243755964e-50], "spearman": [0.7622475914882589, 1.6355419208399192e-49], "nsamples": 254}, "headlines": {"pearson": [0.7787935476612912, 6.1043210803634876e-52], "spearman": [0.7803276594499319, 2.8692173165223303e-52], "nsamples": 249}, "plagiarism": {"pearson": [0.8274740501193606, 4.532319235114538e-59], "spearman": [0.8476919891605098, 1.0463733758684119e-64], "nsamples": 230}, "postediting": {"pearson": [0.8570538908290848, 1.2010277399765594e-71], "spearman": [0.8560097886319588, 2.7099373282017615e-71], "nsamples": 244}, "question-question": {"pearson": [0.6840127102861875, 3.536585642992204e-30], "spearman": [0.6853537827586207, 2.4680685627975338e-30], "nsamples": 209}, "all": {"pearson": {"mean": 0.7829161106679953, "wmean": 0.7851593631838226}, "spearman": {"mean": 0.786326162297856, "wmean": 0.7883532562990875}}}}