{"MR": {"devacc": 70.11, "acc": 72.6, "ndev": 10662, "ntest": 10662}, "CR": {"devacc": 80.87, "acc": 80.66, "ndev": 3775, "ntest": 3775}, "SUBJ": {"devacc": 90.85, "acc": 90.17, "ndev": 10000, "ntest": 10000}, "MPQA": {"devacc": 86.35, "acc": 85.69, "ndev": 10606, "ntest": 10606}, "SST5": {"devacc": 39.24, "acc": 41.36, "ndev": 1101, "ntest": 2210}, "TREC": {"devacc": 85.22, "acc": 88.8, "ndev": 5452, "ntest": 500}, "MRPC": {"devacc": 73.67, "acc": 72.46, "f1": 79.37, "ndev": 4076, "ntest": 1725}, "STS12": {"MSRpar": {"pearson": [0.6002749875983566, 1.2971618394464198e-74], "spearman": [0.5751797747186437, 2.8450087748657264e-67], "nsamples": 750}, "MSRvid": {"pearson": [0.8989233382213344, 2.5834292094023453e-270], "spearman": [0.8972012612339193, 1.0224910188911956e-267], "nsamples": 750}, "SMTeuroparl": {"pearson": [0.5305484423940904, 1.0982180479380827e-34], "spearman": [0.5701054134080791, 6.409007785182829e-41], "nsamples": 459}, "surprise.OnWN": {"pearson": [0.7096820571221599, 6.892617039327167e-116], "spearman": [0.7092908346836729, 1.0475699683947655e-115], "nsamples": 750}, "surprise.SMTnews": {"pearson": [0.5509190451846729, 4.754481509397365e-33], "spearman": [0.51914721951938, 6.47231777626162e-29], "nsamples": 399}, "all": {"pearson": {"mean": 0.6580695741041228, "wmean": 0.6821102706866025}, "spearman": {"mean": 0.6541849007127392, "wmean": 0.6773076024194716}}}, "STS13": {"FNWN": {"pearson": [0.584817154713083, 9.943505269458147e-19], "spearman": [0.6218055689494327, 1.3166267231569658e-21], "nsamples": 189}, "headlines": {"pearson": [0.723019752292192, 2.8416699841826463e-122], "spearman": [0.7169937789825729, 2.4209306142528213e-119], "nsamples": 750}, "OnWN": {"pearson": [0.7062549642235452, 6.797459139907997e-86], "spearman": [0.7016807881359844, 2.4262489557588923e-84], "nsamples": 561}, "all": {"pearson": {"mean": 0.6713639570762734, "wmean": 0.6993361942595504}, "spearman": {"mean": 0.6801600453559967, "wmean": 0.6992730059417731}}}, "STS14": {"deft-forum": {"pearson": [0.5676587355980102, 9.58263065721569e-40], "spearman": [0.5438245737693028, 5.36802404465311e-36], "nsamples": 450}, "deft-news": {"pearson": [0.7621626001314071, 3.220881249343121e-58], "spearman": [0.740103515647229, 2.7857095624772476e-53], "nsamples": 300}, "headlines": {"pearson": [0.7174062397324278, 1.534089848453746e-119], "spearman": [0.6984564315718395, 8.65714726008672e-111], "nsamples": 750}, "images": {"pearson": [0.846977579779814, 1.957881837669998e-207], "spearman": [0.8129031870788199, 8.698479463789433e-178], "nsamples": 750}, "OnWN": {"pearson": [0.7795017169141003, 4.147716874799915e-154], "spearman": [0.8063771670211642, 8.435424286066595e-173], "nsamples": 750}, "tweet-news": {"pearson": [0.7758138679261273, 9.484587422317146e-152], "spearman": [0.7158145377240654, 8.88172514569136e-119], "nsamples": 750}, "all": {"pearson": {"mean": 0.7415867900136478, "wmean": 0.7530319371527677}, "spearman": {"mean": 0.7195799021354036, "wmean": 0.7311774947832724}}}, "STS15": {"answers-forums": {"pearson": [0.7389039148905421, 6.178920072354744e-66], "spearman": [0.7435882125063089, 3.4654284014119835e-67], "nsamples": 375}, "answers-students": {"pearson": [0.7852231261002351, 7.342087168546143e-158], "spearman": [0.7911344584003145, 7.351449411735495e-162], "nsamples": 750}, "belief": {"pearson": [0.8110114555797089, 7.306129575990385e-89], "spearman": [0.8199491819095778, 2.15617098840327e-92], "nsamples": 375}, "headlines": {"pearson": [0.7872524277607357, 3.215627632362541e-159], "spearman": [0.7884148092754832, 5.2766196854271943e-160], "nsamples": 750}, "images": {"pearson": [0.8984746621097982, 1.2400499313206696e-269], "spearman": [0.9055786139092257, 8.206526425832968e-281], "nsamples": 750}, "all": {"pearson": {"mean": 0.804173117288204, "wmean": 0.8114769753014736}, "spearman": {"mean": 0.8097330552001821, "wmean": 0.8167241446982417}}}, "STS16": {"answer-answer": {"pearson": [0.7347987843427549, 2.2340741015868944e-44], "spearman": [0.7336302371791613, 3.576784818963226e-44], "nsamples": 254}, "headlines": {"pearson": [0.7806516117980373, 2.4444964878933127e-52], "spearman": [0.7858058989728917, 1.840857408534926e-53], "nsamples": 249}, "plagiarism": {"pearson": [0.8240425406822706, 3.468329757765395e-58], "spearman": [0.8444170644633999, 9.700350012876458e-64], "nsamples": 230}, "postediting": {"pearson": [0.8569024416302935, 1.352038974634566e-71], "spearman": [0.8572397274783968, 1.0383814067061521e-71], "nsamples": 244}, "question-question": {"pearson": [0.6859011010144122, 2.129883925637034e-30], "spearman": [0.6851154705490442, 2.6313620087006478e-30], "nsamples": 209}, "all": {"pearson": {"mean": 0.7764592958935537, "wmean": 0.7782364694666922}, "spearman": {"mean": 0.7812416797285788, "wmean": 0.782950506546221}}}}