{"MR": {"devacc": 70.55, "acc": 73.12, "ndev": 10662, "ntest": 10662}, "CR": {"devacc": 82.18, "acc": 81.35, "ndev": 3775, "ntest": 3775}, "SUBJ": {"devacc": 91.32, "acc": 90.87, "ndev": 10000, "ntest": 10000}, "MPQA": {"devacc": 86.49, "acc": 86.33, "ndev": 10606, "ntest": 10606}, "SST5": {"devacc": 38.87, "acc": 40.41, "ndev": 1101, "ntest": 2210}, "TREC": {"devacc": 85.82, "acc": 91.4, "ndev": 5452, "ntest": 500}, "MRPC": {"devacc": 73.33, "acc": 73.1, "f1": 81.24, "ndev": 4076, "ntest": 1725}, "STS12": {"MSRpar": {"pearson": [0.6327589356572455, 3.866869995481502e-85], "spearman": [0.6004541806606569, 1.1434624039640817e-74], "nsamples": 750}, "MSRvid": {"pearson": [0.8982270548054471, 2.937832655719331e-269], "spearman": [0.8948704642985154, 2.8362076933752838e-264], "nsamples": 750}, "SMTeuroparl": {"pearson": [0.5291215635956752, 1.7801224014104377e-34], "spearman": [0.5726883761781546, 2.3438266958352776e-41], "nsamples": 459}, "surprise.OnWN": {"pearson": [0.7136833410198298, 9.150662250359803e-118], "spearman": [0.7149339265285775, 2.3344274183009965e-118], "nsamples": 750}, "surprise.SMTnews": {"pearson": [0.551972909988029, 3.406460684052159e-33], "spearman": [0.5425674002179547, 6.406809525481924e-32], "nsamples": 399}, "all": {"pearson": {"mean": 0.6651527610132453, "wmean": 0.690671167113105}, "spearman": {"mean": 0.6651028695767719, "wmean": 0.6875940431044237}}}, "STS13": {"FNWN": {"pearson": [0.610999620641262, 9.985558026146638e-21], "spearman": [0.6489422365445038, 5.645924554206144e-24], "nsamples": 189}, "headlines": {"pearson": [0.727811262124431, 1.1677930663212356e-124], "spearman": [0.7191194217646578, 2.2860477846728427e-120], "nsamples": 750}, "OnWN": {"pearson": [0.6993816913098233, 1.4260969201261146e-83], "spearman": [0.6986801629274928, 2.4400505178997757e-83], "nsamples": 561}, "all": {"pearson": {"mean": 0.6793975246918388, "wmean": 0.7024603358128884}, "spearman": {"mean": 0.6889139404122181, "wmean": 0.7026328136218186}}}, "STS14": {"deft-forum": {"pearson": [0.5549863041391003, 1.0280689675288793e-37], "spearman": [0.5321156902473411, 2.910528805990737e-34], "nsamples": 450}, "deft-news": {"pearson": [0.7690470921584601, 7.172684507755328e-60], "spearman": [0.755139211932925, 1.370084073898042e-56], "nsamples": 300}, "headlines": {"pearson": [0.7198658220231133, 9.929888730097781e-121], "spearman": [0.7024565179320521, 1.4058269972101652e-112], "nsamples": 750}, "images": {"pearson": [0.846824910850287, 2.7568181023652757e-207], "spearman": [0.8148612739777747, 2.5403374773454812e-179], "nsamples": 750}, "OnWN": {"pearson": [0.786996639464785, 4.778895852304345e-159], "spearman": [0.8166502932854525, 9.700632430787874e-181], "nsamples": 750}, "tweet-news": {"pearson": [0.7829091689422375, 2.4946492804068096e-156], "spearman": [0.7196253246811137, 1.2994470267259218e-120], "nsamples": 750}, "all": {"pearson": {"mean": 0.7434383229296638, "wmean": 0.7554414321254533}, "spearman": {"mean": 0.7234747186761098, "wmean": 0.7349837017595935}}}, "STS15": {"answers-forums": {"pearson": [0.7156308956609432, 4.2572406383759436e-60], "spearman": [0.7203120334043608, 3.181372821171609e-61], "nsamples": 375}, "answers-students": {"pearson": [0.7754566573056128, 1.5963940833807133e-151], "spearman": [0.7797183983587453, 3.004502503724393e-154], "nsamples": 750}, "belief": {"pearson": [0.8201636523681952, 1.7643215303383043e-92], "spearman": [0.8285180982478554, 5.75690486010173e-96], "nsamples": 375}, "headlines": {"pearson": [0.7970100813560966, 5.759596591252282e-166], "spearman": [0.798265830606399, 7.332345907052108e-167], "nsamples": 750}, "images": {"pearson": [0.9009757558094119, 1.7970974070295033e-273], "spearman": [0.9069996649940334, 3.7277841172664523e-283], "nsamples": 750}, "all": {"pearson": {"mean": 0.801847408500052, "wmean": 0.8103349421214225}, "spearman": {"mean": 0.8067628051222787, "wmean": 0.8148497399463216}}}, "STS16": {"answer-answer": {"pearson": [0.7411608720078667, 1.6480748035559305e-45], "spearman": [0.7363505137674035, 1.1912363502623085e-44], "nsamples": 254}, "headlines": {"pearson": [0.7797773883013593, 3.764194355073696e-52], "spearman": [0.786500878916691, 1.2918158385304265e-53], "nsamples": 249}, "plagiarism": {"pearson": [0.8298374150422719, 1.0868850861164206e-59], "spearman": [0.8474609945501203, 1.2264345444903316e-64], "nsamples": 230}, "postediting": {"pearson": [0.84989867156655, 2.7987535328762736e-69], "spearman": [0.8510531685941327, 1.1841908880543567e-69], "nsamples": 244}, "question-question": {"pearson": [0.7111220801832999, 1.6519468675751767e-33], "spearman": [0.7097747594933378, 2.469185850133746e-33], "nsamples": 209}, "all": {"pearson": {"mean": 0.7823592854202696, "wmean": 0.7835428560348289}, "spearman": {"mean": 0.786228063064337, "wmean": 0.7873420539332042}}}}