{"MR": {"devacc": 70.01, "acc": 70.03, "ndev": 10662, "ntest": 10662}, "CR": {"devacc": 78.95, "acc": 79.15, "ndev": 3775, "ntest": 3775}, "SUBJ": {"devacc": 89.72, "acc": 89.27, "ndev": 10000, "ntest": 10000}, "MPQA": {"devacc": 85.58, "acc": 86.09, "ndev": 10606, "ntest": 10606}, "SST5": {"devacc": 40.6, "acc": 38.78, "ndev": 1101, "ntest": 2210}, "TREC": {"devacc": 81.58, "acc": 86.6, "ndev": 5452, "ntest": 500}, "MRPC": {"devacc": 73.58, "acc": 71.3, "f1": 79.21, "ndev": 4076, "ntest": 1725}, "STS12": {"MSRpar": {"pearson": [0.6028451776355617, 2.1089152778822475e-75], "spearman": [0.5740039797461819, 6.061920745959188e-67], "nsamples": 750}, "MSRvid": {"pearson": [0.8890579047229301, 4.983470188641757e-256], "spearman": [0.8868347857221497, 5.3697819191634246e-253], "nsamples": 750}, "SMTeuroparl": {"pearson": [0.5219598658740884, 1.9424662594979764e-33], "spearman": [0.5540415573300712, 2.748337593074353e-38], "nsamples": 459}, "surprise.OnWN": {"pearson": [0.718656597676295, 3.828672031075961e-120], "spearman": [0.7105985935706625, 2.578016231009302e-116], "nsamples": 750}, "surprise.SMTnews": {"pearson": [0.5548666462658637, 1.3553490164522384e-33], "spearman": [0.5413738221760592, 9.236355411192663e-32], "nsamples": 399}, "all": {"pearson": {"mean": 0.6574772384349477, "wmean": 0.6817539029351275}, "spearman": {"mean": 0.6533705477090249, "wmean": 0.675318934730372}}}, "STS13": {"FNWN": {"pearson": [0.5775984400768185, 3.2911083511558873e-18], "spearman": [0.6183771210227204, 2.5253446542237364e-21], "nsamples": 189}, "headlines": {"pearson": [0.713999963480184, 6.4796318433243325e-118], "spearman": [0.702388656779453, 1.508480108423783e-112], "nsamples": 750}, "OnWN": {"pearson": [0.6745858073947175, 1.0143775632000741e-75], "spearman": [0.6729375170685894, 3.169608269154277e-75], "nsamples": 561}, "all": {"pearson": {"mean": 0.6553947369839067, "wmean": 0.6820724771553954}, "spearman": {"mean": 0.6645677649569209, "wmean": 0.6807884770222417}}}, "STS14": {"deft-forum": {"pearson": [0.5570320438927354, 4.89900569576292e-38], "spearman": [0.5296183935034636, 6.685627100350327e-34], "nsamples": 450}, "deft-news": {"pearson": [0.7689438904538654, 7.601048520613299e-60], "spearman": [0.7502710674054341, 1.7127124582095264e-55], "nsamples": 300}, "headlines": {"pearson": [0.7123538433411863, 3.878548103474153e-117], "spearman": [0.6945211751672831, 4.667164407303259e-109], "nsamples": 750}, "images": {"pearson": [0.8347775452661381, 4.797907030286416e-196], "spearman": [0.8060772272366671, 1.4148619836282287e-172], "nsamples": 750}, "OnWN": {"pearson": [0.7710497619034268, 9.095876886897603e-149], "spearman": [0.7980234494366636, 1.0927376982085138e-166], "nsamples": 750}, "tweet-news": {"pearson": [0.77787481211868, 4.6150647643715484e-153], "spearman": [0.7183959625579005, 5.116489933251823e-120], "nsamples": 750}, "all": {"pearson": {"mean": 0.737005316162672, "wmean": 0.7475705490293237}, "spearman": {"mean": 0.7161512125512353, "wmean": 0.7269794554925533}}}, "STS15": {"answers-forums": {"pearson": [0.7063344642433831, 6.3121302971736136e-58], "spearman": [0.7110357919947271, 5.1643390003424175e-59], "nsamples": 375}, "answers-students": {"pearson": [0.7702801263166963, 2.715000227351297e-148], "spearman": [0.777104517351067, 1.4338726534535007e-152], "nsamples": 750}, "belief": {"pearson": [0.8102194801850545, 1.470254079842221e-88], "spearman": [0.8226275467348764, 1.727726284850755e-93], "nsamples": 375}, "headlines": {"pearson": [0.7754789533275094, 1.5453914331960523e-151], "spearman": [0.7745070038453767, 6.342539727734028e-151], "nsamples": 750}, "images": {"pearson": [0.8914433453728531, 2.3486690167232816e-259], "spearman": [0.8978240425004763, 1.1903006690913862e-268], "nsamples": 750}, "all": {"pearson": {"mean": 0.7907512738890994, "wmean": 0.7988698493078193}, "spearman": {"mean": 0.7966197804853048, "wmean": 0.8040668082654304}}}, "STS16": {"answer-answer": {"pearson": [0.7422634518579055, 1.0408479998290636e-45], "spearman": [0.7370187822884664, 9.073799318808264e-45], "nsamples": 254}, "headlines": {"pearson": [0.7675723044685102, 1.2777923379084737e-49], "spearman": [0.7751277272669165, 3.6188355900402697e-51], "nsamples": 249}, "plagiarism": {"pearson": [0.827833002201902, 3.653783784005199e-59], "spearman": [0.8406525931328991, 1.1781972153779465e-62], "nsamples": 230}, "postediting": {"pearson": [0.8532838169228542, 2.2011132316865132e-70], "spearman": [0.8525874168953105, 3.733222414845176e-70], "nsamples": 244}, "question-question": {"pearson": [0.7291097075307013, 6.131692438748286e-36], "spearman": [0.7231880919310483, 4.063127076734141e-35], "nsamples": 209}, "all": {"pearson": {"mean": 0.7840124565963746, "wmean": 0.7846940904671986}, "spearman": {"mean": 0.7857149223029282, "wmean": 0.7864564183367153}}}}