{"MR": {"devacc": 70.08, "acc": 71.27, "ndev": 10662, "ntest": 10662}, "CR": {"devacc": 81.44, "acc": 80.93, "ndev": 3775, "ntest": 3775}, "SUBJ": {"devacc": 90.2, "acc": 90.34, "ndev": 10000, "ntest": 10000}, "MPQA": {"devacc": 85.31, "acc": 86.22, "ndev": 10606, "ntest": 10606}, "SST5": {"devacc": 37.69, "acc": 37.87, "ndev": 1101, "ntest": 2210}, "TREC": {"devacc": 83.75, "acc": 89.4, "ndev": 5452, "ntest": 500}, "MRPC": {"devacc": 72.69, "acc": 67.83, "f1": 74.58, "ndev": 4076, "ntest": 1725}, "STS12": {"MSRpar": {"pearson": [0.6312708839934043, 1.2505296207288513e-84], "spearman": [0.5996567850974248, 2.0030354862154716e-74], "nsamples": 750}, "MSRvid": {"pearson": [0.8980407632239485, 5.6133070239845235e-269], "spearman": [0.8947741233685977, 3.920177076494354e-264], "nsamples": 750}, "SMTeuroparl": {"pearson": [0.5002047404149949, 1.9688153433403106e-30], "spearman": [0.5444569636637083, 8.766108627158327e-37], "nsamples": 459}, "surprise.OnWN": {"pearson": [0.7191984707317437, 2.093090013042352e-120], "spearman": [0.7145553625528389, 3.532702544164662e-118], "nsamples": 750}, "surprise.SMTnews": {"pearson": [0.5499664165324113, 6.420246063883213e-33], "spearman": [0.53042420421647, 2.4753699668993104e-30], "nsamples": 399}, "all": {"pearson": {"mean": 0.6597362549793006, "wmean": 0.6870698727505589}, "spearman": {"mean": 0.656773487779808, "wmean": 0.6815587860579664}}}, "STS13": {"FNWN": {"pearson": [0.5691709253018655, 1.282955009822015e-17], "spearman": [0.6119893634416191, 8.32109083610873e-21], "nsamples": 189}, "headlines": {"pearson": [0.7247857171221819, 3.801895552652585e-123], "spearman": [0.7152491997348542, 1.6523819970688912e-118], "nsamples": 750}, "OnWN": {"pearson": [0.7043587872691003, 3.0170327635104436e-85], "spearman": [0.7035101125557913, 5.855906848199577e-85], "nsamples": 561}, "all": {"pearson": {"mean": 0.6661051432310492, "wmean": 0.6975385815877695}, "spearman": {"mean": 0.6769162252440882, "wmean": 0.6978480417569372}}}, "STS14": {"deft-forum": {"pearson": [0.5544096964450409, 1.2657697753511417e-37], "spearman": [0.529302516077728, 7.42355618407224e-34], "nsamples": 450}, "deft-news": {"pearson": [0.7535259528553463, 3.184931221058789e-56], "spearman": [0.7292648481227539, 4.907214759204695e-51], "nsamples": 300}, "headlines": {"pearson": [0.7198688134855395, 9.896704382153705e-121], "spearman": [0.7035331785466103, 4.5830443762151795e-113], "nsamples": 750}, "images": {"pearson": [0.8461477854200005, 1.252071434768749e-206], "spearman": [0.8136344494559428, 2.3360205009214237e-178], "nsamples": 750}, "OnWN": {"pearson": [0.7813541096338972, 2.6030233779447736e-155], "spearman": [0.8105980285060719, 5.2842364909345804e-176], "nsamples": 750}, "tweet-news": {"pearson": [0.7784876846489915, 1.8665733401636581e-153], "spearman": [0.7253517907051243, 1.988531741265062e-123], "nsamples": 750}, "all": {"pearson": {"mean": 0.7389656737481359, "wmean": 0.7519829184395184}, "spearman": {"mean": 0.7186141352357053, "wmean": 0.7324809792218975}}}, "STS15": {"answers-forums": {"pearson": [0.7154288074812842, 4.756067461228839e-60], "spearman": [0.7270464162673822, 6.933696387698005e-63], "nsamples": 375}, "answers-students": {"pearson": [0.7734587753247042, 2.8852182200439373e-150], "spearman": [0.7791561274090775, 6.931492545992503e-154], "nsamples": 750}, "belief": {"pearson": [0.8030776868657138, 6.967849512911998e-86], "spearman": [0.8126525323382168, 1.6973904562338183e-89], "nsamples": 375}, "headlines": {"pearson": [0.7893107796964797, 1.3000308290915058e-160], "spearman": [0.7899014645954354, 5.143116597477116e-161], "nsamples": 750}, "images": {"pearson": [0.8962224132829643, 2.9215261738349562e-266], "spearman": [0.9021948047964831, 2.2189008541974662e-275], "nsamples": 750}, "all": {"pearson": {"mean": 0.7954996925302292, "wmean": 0.8045613038694118}, "spearman": {"mean": 0.8021902690813191, "wmean": 0.8102754677759488}}}, "STS16": {"answer-answer": {"pearson": [0.7576956190316678, 1.2956175228884502e-48], "spearman": [0.7597588673408523, 5.0998378677778565e-49], "nsamples": 254}, "headlines": {"pearson": [0.7753110605078725, 3.3133024955262314e-51], "spearman": [0.7777558788751466, 1.0137336402516026e-51], "nsamples": 249}, "plagiarism": {"pearson": [0.8360021489370095, 2.358154942092079e-61], "spearman": [0.8504861800571788, 1.5009588633923137e-65], "nsamples": 230}, "postediting": {"pearson": [0.844289738928596, 1.6523056390737293e-67], "spearman": [0.8469176248979344, 2.4954137664898064e-68], "nsamples": 244}, "question-question": {"pearson": [0.6698027545850836, 1.4251574730341663e-28], "spearman": [0.6718650439300647, 8.44146488094006e-29], "nsamples": 209}, "all": {"pearson": {"mean": 0.7766202643980458, "wmean": 0.7789064987882597}, "spearman": {"mean": 0.7813567190202355, "wmean": 0.7835746055768285}}}}