{"MR": {"devacc": 71.54, "acc": 70.94, "ndev": 10662, "ntest": 10662}, "CR": {"devacc": 81.67, "acc": 79.05, "ndev": 3775, "ntest": 3775}, "SUBJ": {"devacc": 91.26, "acc": 90.59, "ndev": 10000, "ntest": 10000}, "MPQA": {"devacc": 86.72, "acc": 87.32, "ndev": 10606, "ntest": 10606}, "SST5": {"devacc": 39.78, "acc": 42.17, "ndev": 1101, "ntest": 2210}, "TREC": {"devacc": 85.0, "acc": 91.0, "ndev": 5452, "ntest": 500}, "MRPC": {"devacc": 75.07, "acc": 70.14, "f1": 76.73, "ndev": 4076, "ntest": 1725}, "STS12": {"MSRpar": {"pearson": [0.6242254965007646, 2.972618009078778e-82], "spearman": [0.5998811542560006, 1.7110072195976012e-74], "nsamples": 750}, "MSRvid": {"pearson": [0.8987723487657411, 4.383355470465639e-270], "spearman": [0.8966190385069963, 7.540960160909502e-267], "nsamples": 750}, "SMTeuroparl": {"pearson": [0.5403394732408014, 3.7503587421211e-36], "spearman": [0.5780074319375453, 2.870839948326974e-42], "nsamples": 459}, "surprise.OnWN": {"pearson": [0.7219163419532783, 9.907352362783963e-122], "spearman": [0.7276996862212094, 1.32895769965114e-124], "nsamples": 750}, "surprise.SMTnews": {"pearson": [0.5682718690476837, 1.6821108730825814e-35], "spearman": [0.5336647004009085, 9.471317818324104e-31], "nsamples": 399}, "all": {"pearson": {"mean": 0.6707051059016539, "wmean": 0.6944793868669213}, "spearman": {"mean": 0.6671744022645321, "wmean": 0.6906008802951901}}}, "STS13": {"FNWN": {"pearson": [0.5827375012884591, 1.4080277003805783e-18], "spearman": [0.6216541117942023, 1.355289140206114e-21], "nsamples": 189}, "headlines": {"pearson": [0.7471534585102063, 7.786017578425911e-135], "spearman": [0.7406107544738004, 2.7241799275629846e-131], "nsamples": 750}, "OnWN": {"pearson": [0.7084888961106293, 1.1564903656894698e-86], "spearman": [0.710555847444595, 2.212613197402208e-87], "nsamples": 561}, "all": {"pearson": {"mean": 0.6794599519697648, "wmean": 0.7119765015628242}, "spearman": {"mean": 0.6909402379041992, "wmean": 0.7143816822672482}}}, "STS14": {"deft-forum": {"pearson": [0.5766276411897538, 3.0932386435104654e-41], "spearman": [0.5534028498853375, 1.8183098864529552e-37], "nsamples": 450}, "deft-news": {"pearson": [0.7611659722229684, 5.527391959063231e-58], "spearman": [0.7483478420545249, 4.571730836178041e-55], "nsamples": 300}, "headlines": {"pearson": [0.7353979930992317, 1.5237840310299803e-128], "spearman": [0.7172894374624186, 1.7457999818294996e-119], "nsamples": 750}, "images": {"pearson": [0.8511711230314166, 1.395204599685358e-211], "spearman": [0.816801225713725, 7.352771030734521e-181], "nsamples": 750}, "OnWN": {"pearson": [0.7877589448116957, 1.4650164191337068e-159], "spearman": [0.8156478892003605, 6.071201830917864e-180], "nsamples": 750}, "tweet-news": {"pearson": [0.782479376246466, 4.779009927916416e-156], "spearman": [0.728143466414763, 7.943908667989168e-125], "nsamples": 750}, "all": {"pearson": {"mean": 0.7491001751002554, "wmean": 0.7614500821583701}, "spearman": {"mean": 0.729938785121855, "wmean": 0.7418525731088559}}}, "STS15": {"answers-forums": {"pearson": [0.7275129023624044, 5.296886173458245e-63], "spearman": [0.7323394641030947, 3.1595182295296037e-64], "nsamples": 375}, "answers-students": {"pearson": [0.7845045241860883, 2.2047563800450288e-157], "spearman": [0.7884173309972686, 5.2559060294504736e-160], "nsamples": 750}, "belief": {"pearson": [0.824445152599976, 3.0407251825020293e-94], "spearman": [0.8355801414402138, 4.597360370430983e-99], "nsamples": 375}, "headlines": {"pearson": [0.8026451441620485, 4.9330510697886544e-170], "spearman": [0.804323950941824, 2.856372322048109e-171], "nsamples": 750}, "images": {"pearson": [0.9028040419197725, 2.41506275903095e-276], "spearman": [0.9090325375693448, 1.4246974959305713e-286], "nsamples": 750}, "all": {"pearson": {"mean": 0.8083823530460579, "wmean": 0.8164831844372749}, "spearman": {"mean": 0.8139386850103492, "wmean": 0.8214334055700229}}}, "STS16": {"answer-answer": {"pearson": [0.7618996291494858, 1.9190215567639286e-49], "spearman": [0.7625839557883489, 1.4010187486107745e-49], "nsamples": 254}, "headlines": {"pearson": [0.7793915855740109, 4.551312529290949e-52], "spearman": [0.7827681704153664, 8.52485998705055e-53], "nsamples": 249}, "plagiarism": {"pearson": [0.8351751036027616, 3.978692303878386e-61], "spearman": [0.8544587641159729, 8.856850689202799e-67], "nsamples": 230}, "postediting": {"pearson": [0.8545741063369598, 8.210640293282959e-71], "spearman": [0.8580046690089134, 5.692240200317251e-72], "nsamples": 244}, "question-question": {"pearson": [0.7172779391853743, 2.5558376826192397e-34], "spearman": [0.712953817592435, 9.529395669158116e-34], "nsamples": 209}, "all": {"pearson": {"mean": 0.7896636727697185, "wmean": 0.7909852071471288}, "spearman": {"mean": 0.7941538753842072, "wmean": 0.7955241164125922}}}}