{"MR": {"devacc": 71.04, "acc": 72.28, "ndev": 10662, "ntest": 10662}, "CR": {"devacc": 81.76, "acc": 79.79, "ndev": 3775, "ntest": 3775}, "SUBJ": {"devacc": 91.29, "acc": 90.99, "ndev": 10000, "ntest": 10000}, "MPQA": {"devacc": 86.3, "acc": 86.11, "ndev": 10606, "ntest": 10606}, "SST5": {"devacc": 38.51, "acc": 41.27, "ndev": 1101, "ntest": 2210}, "TREC": {"devacc": 85.09, "acc": 89.0, "ndev": 5452, "ntest": 500}, "MRPC": {"devacc": 73.6, "acc": 71.07, "f1": 77.83, "ndev": 4076, "ntest": 1725}, "STS12": {"MSRpar": {"pearson": [0.6221283530893188, 1.4746637347038164e-81], "spearman": [0.590175574705238, 1.395844414804097e-71], "nsamples": 750}, "MSRvid": {"pearson": [0.9017019335686701, 1.3205180976012925e-274], "spearman": [0.8992013862732627, 9.736801280892614e-271], "nsamples": 750}, "SMTeuroparl": {"pearson": [0.5308685550883038, 9.851278457873976e-35], "spearman": [0.5681285774497447, 1.375757235945352e-40], "nsamples": 459}, "surprise.OnWN": {"pearson": [0.7130114745518008, 1.900493847377189e-117], "spearman": [0.7179317025484083, 8.568846405272054e-120], "nsamples": 750}, "surprise.SMTnews": {"pearson": [0.5693865561881992, 1.1571780002917018e-35], "spearman": [0.5612220140126876, 1.7343458078774187e-34], "nsamples": 399}, "all": {"pearson": {"mean": 0.6674193744972585, "wmean": 0.6912758119729618}, "spearman": {"mean": 0.6673318509978683, "wmean": 0.6886036352270517}}}, "STS13": {"FNWN": {"pearson": [0.5852339283465705, 9.271156312597607e-19], "spearman": [0.6119911452905041, 8.318354824954063e-21], "nsamples": 189}, "headlines": {"pearson": [0.7327606200906412, 3.5349172850483568e-127], "spearman": [0.7238444750238636, 1.1128948781392943e-122], "nsamples": 750}, "OnWN": {"pearson": [0.6944874440110939, 5.853182510244559e-82], "spearman": [0.6972186423793065, 7.432963828893235e-83], "nsamples": 561}, "all": {"pearson": {"mean": 0.6708273308161018, "wmean": 0.6998580890771375}, "spearman": {"mean": 0.6776847542312248, "wmean": 0.699792894068396}}}, "STS14": {"deft-forum": {"pearson": [0.5693952681503527, 4.969932408839455e-40], "spearman": [0.5446835652917398, 3.98010656173841e-36], "nsamples": 450}, "deft-news": {"pearson": [0.7685479180069795, 9.493134558390818e-60], "spearman": [0.7504110937430762, 1.593996070895681e-55], "nsamples": 300}, "headlines": {"pearson": [0.7280940089417234, 8.413210406565496e-125], "spearman": [0.7085422815339513, 2.3291044022654298e-115], "nsamples": 750}, "images": {"pearson": [0.8481278966537975, 1.4679404381760365e-208], "spearman": [0.817189352835762, 3.6012915105989284e-181], "nsamples": 750}, "OnWN": {"pearson": [0.7862603648777337, 1.4903064213450227e-158], "spearman": [0.8141060706224608, 9.974649552032606e-179], "nsamples": 750}, "tweet-news": {"pearson": [0.7790657554676855, 7.926462509756073e-154], "spearman": [0.7202517534176862, 6.445153160509728e-121], "nsamples": 750}, "all": {"pearson": {"mean": 0.7465818686830454, "wmean": 0.7581208708067887}, "spearman": {"mean": 0.7258640195741126, "wmean": 0.7374128070164271}}}, "STS15": {"answers-forums": {"pearson": [0.7465515373792501, 5.420928138538478e-68], "spearman": [0.7547153737809125, 2.8523506704602187e-70], "nsamples": 375}, "answers-students": {"pearson": [0.7761342107207216, 5.941261532976112e-152], "spearman": [0.7828833708683451, 2.594025890563771e-156], "nsamples": 750}, "belief": {"pearson": [0.8216506153542034, 4.359597304537208e-93], "spearman": [0.8288832321459209, 4.0135087009690984e-96], "nsamples": 375}, "headlines": {"pearson": [0.7988617691254561, 2.742894253181635e-167], "spearman": [0.7997831170027592, 5.958699306891229e-168], "nsamples": 750}, "images": {"pearson": [0.8982783411032639, 2.4576436024429253e-269], "spearman": [0.9038602767704571, 4.986579848774232e-278], "nsamples": 750}, "all": {"pearson": {"mean": 0.8082952947365791, "wmean": 0.814343849329042}, "spearman": {"mean": 0.814025074113679, "wmean": 0.8195815169012446}}}, "STS16": {"answer-answer": {"pearson": [0.7561747036115404, 2.560777365499211e-48], "spearman": [0.7557369909969027, 3.1126196459583185e-48], "nsamples": 254}, "headlines": {"pearson": [0.780286077333697, 2.9287702207350294e-52], "spearman": [0.7843911673736791, 3.770310380476333e-53], "nsamples": 249}, "plagiarism": {"pearson": [0.8305321706759486, 7.113166234746942e-60], "spearman": [0.8483399691252853, 6.693226472464643e-65], "nsamples": 230}, "postediting": {"pearson": [0.8562471426110889, 2.2535413568136246e-71], "spearman": [0.8589095286507071, 2.782750565379701e-72], "nsamples": 244}, "question-question": {"pearson": [0.7029923568703126, 1.8044370819241917e-32], "spearman": [0.7038999618774863, 1.3873084088524633e-32], "nsamples": 209}, "all": {"pearson": {"mean": 0.7852464902205175, "wmean": 0.7868732821348153}, "spearman": {"mean": 0.790255523604812, "wmean": 0.7918025348324133}}}}