{"MR": {"devacc": 68.92, "acc": 67.56, "ndev": 10662, "ntest": 10662}, "CR": {"devacc": 76.7, "acc": 75.1, "ndev": 3775, "ntest": 3775}, "SUBJ": {"devacc": 87.32, "acc": 86.67, "ndev": 10000, "ntest": 10000}, "MPQA": {"devacc": 84.57, "acc": 84.89, "ndev": 10606, "ntest": 10606}, "SST5": {"devacc": 37.51, "acc": 37.65, "ndev": 1101, "ntest": 2210}, "TREC": {"devacc": 78.61, "acc": 85.4, "ndev": 5452, "ntest": 500}, "MRPC": {"devacc": 72.18, "acc": 72.87, "f1": 81.57, "ndev": 4076, "ntest": 1725}, "STS12": {"MSRpar": {"pearson": [0.6020086264902467, 3.816198747518596e-75], "spearman": [0.5630076323645243, 6.191022496937124e-64], "nsamples": 750}, "MSRvid": {"pearson": [0.8850312307768815, 1.3923198739917559e-250], "spearman": [0.8808546890116717, 3.814304024996919e-245], "nsamples": 750}, "SMTeuroparl": {"pearson": [0.5141087872604192, 2.5012600225878273e-32], "spearman": [0.5462369010822213, 4.6473595024134495e-37], "nsamples": 459}, "surprise.OnWN": {"pearson": [0.6837188895916922, 1.9121906749799295e-104], "spearman": [0.6809356025672153, 2.739521626235415e-103], "nsamples": 750}, "surprise.SMTnews": {"pearson": [0.5604510452163457, 2.230911030164369e-34], "spearman": [0.5440897939592676, 4.009546327189233e-32], "nsamples": 399}, "all": {"pearson": {"mean": 0.6490637158671171, "wmean": 0.6717068727599645}, "spearman": {"mean": 0.6430249237969801, "wmean": 0.6632602986949955}}}, "STS13": {"FNWN": {"pearson": [0.48656079966396576, 1.2617871104145163e-12], "spearman": [0.5108384838618458, 5.909453472768445e-14], "nsamples": 189}, "headlines": {"pearson": [0.7043138629247685, 2.0268126191883825e-113], "spearman": [0.6997588719691362, 2.2803377380207873e-111], "nsamples": 750}, "OnWN": {"pearson": [0.6926881680811544, 2.25079512527617e-81], "spearman": [0.6892815666876069, 2.8060465055621502e-80], "nsamples": 561}, "all": {"pearson": {"mean": 0.627854276889963, "wmean": 0.6725289670823956}, "spearman": {"mean": 0.6332929741728629, "wmean": 0.6720363908923256}}}, "STS14": {"deft-forum": {"pearson": [0.5456304095791851, 2.8592531682077333e-36], "spearman": [0.5251381114444563, 2.9215945904856464e-33], "nsamples": 450}, "deft-news": {"pearson": [0.7096227486072634, 3.1303520804893056e-47], "spearman": [0.7069536962906159, 9.731499439429706e-47], "nsamples": 300}, "headlines": {"pearson": [0.6918228806720668, 6.923049390236717e-108], "spearman": [0.6737488067785723, 2.313693482926078e-100], "nsamples": 750}, "images": {"pearson": [0.8270259424933011, 2.7826896271347716e-189], "spearman": [0.7946324994426457, 2.7418921437807322e-164], "nsamples": 750}, "OnWN": {"pearson": [0.7583148956871796, 3.856324093015606e-141], "spearman": [0.7835347059676245, 9.659236322051052e-157], "nsamples": 750}, "tweet-news": {"pearson": [0.7460675341887673, 3.0693884339654605e-134], "spearman": [0.6738469002466393, 2.1130911488304376e-100], "nsamples": 750}, "all": {"pearson": {"mean": 0.7130807352046272, "wmean": 0.7268917196463462}, "spearman": {"mean": 0.6929757866950923, "wmean": 0.7047254515636803}}}, "STS15": {"answers-forums": {"pearson": [0.6612950150038149, 1.6556518366308642e-48], "spearman": [0.6623604633375682, 1.0351911580946782e-48], "nsamples": 375}, "answers-students": {"pearson": [0.7506224541678126, 9.281446470557077e-137], "spearman": [0.7595334787118461, 7.533201748589366e-142], "nsamples": 750}, "belief": {"pearson": [0.7656732158599996, 1.7844497751631215e-73], "spearman": [0.775014746920419, 2.3911970556300955e-76], "nsamples": 375}, "headlines": {"pearson": [0.7759351003354771, 7.946588121869122e-152], "spearman": [0.7773135811838339, 1.0545886011699654e-152], "nsamples": 750}, "images": {"pearson": [0.8734040140016768, 6.203916985261509e-236], "spearman": [0.8825943401193568, 2.196046274038111e-247], "nsamples": 750}, "all": {"pearson": {"mean": 0.7653859598737563, "wmean": 0.7783614209842183}, "spearman": {"mean": 0.7713633220546048, "wmean": 0.7845322512860077}}}, "STS16": {"answer-answer": {"pearson": [0.7229510035421332, 2.3586867986391425e-42], "spearman": [0.7047003363866565, 1.9582761925956727e-39], "nsamples": 254}, "headlines": {"pearson": [0.7567321032588549, 1.688591124775689e-47], "spearman": [0.7607619833449778, 2.8327112932933476e-48], "nsamples": 249}, "plagiarism": {"pearson": [0.8177725013465101, 1.2776917784784673e-56], "spearman": [0.8288305990741429, 2.002303726982387e-59], "nsamples": 230}, "postediting": {"pearson": [0.8385736939378328, 8.961731304050092e-66], "spearman": [0.8430082961121845, 4.1012228200622416e-67], "nsamples": 244}, "question-question": {"pearson": [0.676168528028822, 2.791543137121906e-29], "spearman": [0.674676592470012, 4.105538124532063e-29], "nsamples": 209}, "all": {"pearson": {"mean": 0.7624395660228307, "wmean": 0.7639753183808676}, "spearman": {"mean": 0.7623955614775947, "wmean": 0.7637066519053698}}}}