{"MR": {"devacc": 69.39, "acc": 69.38, "ndev": 10662, "ntest": 10662}, "CR": {"devacc": 79.82, "acc": 78.91, "ndev": 3775, "ntest": 3775}, "SUBJ": {"devacc": 89.09, "acc": 88.55, "ndev": 10000, "ntest": 10000}, "MPQA": {"devacc": 84.54, "acc": 84.74, "ndev": 10606, "ntest": 10606}, "SST5": {"devacc": 36.42, "acc": 36.52, "ndev": 1101, "ntest": 2210}, "TREC": {"devacc": 80.72, "acc": 86.4, "ndev": 5452, "ntest": 500}, "MRPC": {"devacc": 73.21, "acc": 70.09, "f1": 76.92, "ndev": 4076, "ntest": 1725}, "STS12": {"MSRpar": {"pearson": [0.5980920877057034, 5.9902941660452e-74], "spearman": [0.5744601426257816, 4.5218117219444184e-67], "nsamples": 750}, "MSRvid": {"pearson": [0.8842600442732262, 1.4572537874690536e-249], "spearman": [0.8826925432008959, 1.6373777613265667e-247], "nsamples": 750}, "SMTeuroparl": {"pearson": [0.5030489435893141, 8.19228323563667e-31], "spearman": [0.5629873283043401, 9.793497353221516e-40], "nsamples": 459}, "surprise.OnWN": {"pearson": [0.7011154787392563, 5.6386890287641265e-112], "spearman": [0.7104604474313798, 2.9906636910713447e-116], "nsamples": 750}, "surprise.SMTnews": {"pearson": [0.5702025183784833, 8.792032550649843e-36], "spearman": [0.5469407206431349, 1.6562061532756721e-32], "nsamples": 399}, "all": {"pearson": {"mean": 0.6513438145371967, "wmean": 0.6743922065569979}, "spearman": {"mean": 0.6555082364411066, "wmean": 0.6764319115739529}}}, "STS13": {"FNWN": {"pearson": [0.5505048744733407, 2.283324433514839e-16], "spearman": [0.5788605952763562, 2.6753533000526637e-18], "nsamples": 189}, "headlines": {"pearson": [0.7261241932300551, 8.190886643492813e-124], "spearman": [0.7258461578829103, 1.1275631865009375e-123], "nsamples": 750}, "OnWN": {"pearson": [0.669535819868247, 3.2515897609733497e-74], "spearman": [0.663565986640918, 1.7963350048370642e-72], "nsamples": 561}, "all": {"pearson": {"mean": 0.6487216291905477, "wmean": 0.6828321074293929}, "spearman": {"mean": 0.6560909132667282, "wmean": 0.6840331929499793}}}, "STS14": {"deft-forum": {"pearson": [0.5560736555965663, 6.937384672936882e-38], "spearman": [0.5338804672670663, 1.6103565452467662e-34], "nsamples": 450}, "deft-news": {"pearson": [0.7659246691242034, 4.0936665049689e-59], "spearman": [0.7492537141551079, 2.8822027919372948e-55], "nsamples": 300}, "headlines": {"pearson": [0.7115642761550162, 9.109049488283554e-117], "spearman": [0.6937091466176907, 1.0541310467533685e-108], "nsamples": 750}, "images": {"pearson": [0.8276691717241819, 7.873568494431328e-190], "spearman": [0.8009483983571055, 8.54189691399032e-169], "nsamples": 750}, "OnWN": {"pearson": [0.7740639897536952, 1.2043479878632932e-150], "spearman": [0.7991303980659686, 1.7589162508335715e-167], "nsamples": 750}, "tweet-news": {"pearson": [0.7596952690625531, 6.060408903972212e-142], "spearman": [0.7082419285243498, 3.2071045821186843e-115], "nsamples": 750}, "all": {"pearson": {"mean": 0.7324985052360361, "wmean": 0.7426013535406134}, "spearman": {"mean": 0.7141940088312148, "wmean": 0.7244119275174795}}}, "STS15": {"answers-forums": {"pearson": [0.6932861254924427, 5.100737613145416e-55], "spearman": [0.6850378508824607, 2.9286451649674513e-53], "nsamples": 375}, "answers-students": {"pearson": [0.7553436507440234, 1.985351797383537e-139], "spearman": [0.7620088116989978, 2.650058790594279e-143], "nsamples": 750}, "belief": {"pearson": [0.8066755442770773, 3.229346654889087e-87], "spearman": [0.8119025955784118, 3.313107990525787e-89], "nsamples": 375}, "headlines": {"pearson": [0.7678391732411891, 8.468871260102511e-147], "spearman": [0.7680713484804023, 6.116567897785813e-147], "nsamples": 750}, "images": {"pearson": [0.888298112529358, 5.509994252521006e-255], "spearman": [0.8945874144482651, 7.333942577197787e-264], "nsamples": 750}, "all": {"pearson": {"mean": 0.7822885212568181, "wmean": 0.7903654428498326}, "spearman": {"mean": 0.7843216042177075, "wmean": 0.7932844494645254}}}, "STS16": {"answer-answer": {"pearson": [0.7453795696160933, 2.8038155206991013e-46], "spearman": [0.7440150604768598, 4.991192645023466e-46], "nsamples": 254}, "headlines": {"pearson": [0.7685330913710181, 8.182733764822864e-50], "spearman": [0.7742102302037404, 5.620029059205517e-51], "nsamples": 249}, "plagiarism": {"pearson": [0.8316430430465547, 3.596823362510152e-60], "spearman": [0.8525661806978626, 3.446182683753579e-66], "nsamples": 230}, "postediting": {"pearson": [0.8406901416224601, 2.0808283096827048e-66], "spearman": [0.8424276778420335, 6.17507885295261e-67], "nsamples": 244}, "question-question": {"pearson": [0.7060343920652405, 7.446700252186784e-33], "spearman": [0.7062447219974145, 7.001736245110155e-33], "nsamples": 209}, "all": {"pearson": {"mean": 0.7784560475442733, "wmean": 0.7796447157100289}, "spearman": {"mean": 0.7838927742435822, "wmean": 0.7849965383923087}}}}