{"MR": {"devacc": 68.67, "acc": 68.0, "ndev": 10662, "ntest": 10662}, "CR": {"devacc": 79.03, "acc": 77.86, "ndev": 3775, "ntest": 3775}, "SUBJ": {"devacc": 87.34, "acc": 87.07, "ndev": 10000, "ntest": 10000}, "MPQA": {"devacc": 83.79, "acc": 84.34, "ndev": 10606, "ntest": 10606}, "SST5": {"devacc": 37.87, "acc": 39.64, "ndev": 1101, "ntest": 2210}, "TREC": {"devacc": 76.76, "acc": 80.4, "ndev": 5452, "ntest": 500}, "MRPC": {"devacc": 72.77, "acc": 65.91, "f1": 71.46, "ndev": 4076, "ntest": 1725}, "STS12": {"MSRpar": {"pearson": [0.5785910238204222, 3.1144758012535387e-68], "spearman": [0.5514573197969788, 6.812804033839264e-61], "nsamples": 750}, "MSRvid": {"pearson": [0.8853969441239811, 4.5453938704289944e-251], "spearman": [0.8815468565878037, 4.948593445149255e-246], "nsamples": 750}, "SMTeuroparl": {"pearson": [0.5127681441332316, 3.8441344478289713e-32], "spearman": [0.5892389346333204, 2.9962059101612456e-44], "nsamples": 459}, "surprise.OnWN": {"pearson": [0.6920484193448035, 5.532147068958758e-108], "spearman": [0.6934275353177516, 1.3974338148617787e-108], "nsamples": 750}, "surprise.SMTnews": {"pearson": [0.5784785542475909, 5.187172426082195e-37], "spearman": [0.5226104459160997, 2.406543704936799e-29], "nsamples": 399}, "all": {"pearson": {"mean": 0.6494566171340058, "wmean": 0.670270531457158}, "spearman": {"mean": 0.6476562184503909, "wmean": 0.6672477550495878}}}, "STS13": {"FNWN": {"pearson": [0.5444231296042802, 5.615282704895973e-16], "spearman": [0.5578380849001038, 7.527914851341448e-17], "nsamples": 189}, "headlines": {"pearson": [0.709510642876832, 8.280883690470072e-116], "spearman": [0.7030803894651528, 7.347441494808351e-113], "nsamples": 750}, "OnWN": {"pearson": [0.6382512267720626, 1.644578908523724e-65], "spearman": [0.6430284700869999, 8.966161664987301e-67], "nsamples": 561}, "all": {"pearson": {"mean": 0.6307283330843916, "wmean": 0.6620585945813067}, "spearman": {"mean": 0.6346489814840856, "wmean": 0.6623204412425274}}}, "STS14": {"deft-forum": {"pearson": [0.5516299653431092, 3.4306229141126786e-37], "spearman": [0.5301064605057145, 5.685803507598232e-34], "nsamples": 450}, "deft-news": {"pearson": [0.7123807038458595, 9.565219207337115e-48], "spearman": [0.6960067290100724, 8.948833359378379e-45], "nsamples": 300}, "headlines": {"pearson": [0.7031528468177258, 6.813341469104709e-113], "spearman": [0.6894377922331182, 7.326140950758405e-107], "nsamples": 750}, "images": {"pearson": [0.8270483976444187, 2.662944454906029e-189], "spearman": [0.7944272347026742, 3.818097342315881e-164], "nsamples": 750}, "OnWN": {"pearson": [0.7405155140707469, 3.062182393885692e-131], "spearman": [0.7704639159385176, 2.0918292257792682e-148], "nsamples": 750}, "tweet-news": {"pearson": [0.7542239086905353, 8.640293316686828e-139], "spearman": [0.6871824751581654, 6.677259508388952e-106], "nsamples": 750}, "all": {"pearson": {"mean": 0.7148252227353993, "wmean": 0.7281741855935273}, "spearman": {"mean": 0.6946041012580436, "wmean": 0.7075955971879866}}}, "STS15": {"answers-forums": {"pearson": [0.6590228589067989, 4.4784465018466466e-48], "spearman": [0.6674524092429801, 1.0681867659026115e-49], "nsamples": 375}, "answers-students": {"pearson": [0.7557670859703541, 1.1360877171088076e-139], "spearman": [0.7607555035110288, 1.4504960388874462e-142], "nsamples": 750}, "belief": {"pearson": [0.7670646311812748, 6.7942901535179766e-74], "spearman": [0.775469972489758, 1.7182354231030873e-76], "nsamples": 375}, "headlines": {"pearson": [0.77394486271656, 1.4306375752963127e-150], "spearman": [0.7738543852560408, 1.6303953046261705e-150], "nsamples": 750}, "images": {"pearson": [0.878463301883015, 4.015548054433042e-242], "spearman": [0.8863460746799795, 2.4437498767740354e-252], "nsamples": 750}, "all": {"pearson": {"mean": 0.7668525481316006, "wmean": 0.7803047489034914}, "spearman": {"mean": 0.7727756690359575, "wmean": 0.7856042885783545}}}, "STS16": {"answer-answer": {"pearson": [0.7335301506784746, 3.723480994871066e-44], "spearman": [0.7374242269815102, 7.689443776252356e-45], "nsamples": 254}, "headlines": {"pearson": [0.7315734464679674, 5.582024075090987e-43], "spearman": [0.7402915047195359, 1.7385201273114832e-44], "nsamples": 249}, "plagiarism": {"pearson": [0.7966863717568015, 9.140040013799418e-52], "spearman": [0.8132315860370161, 1.5980306602742683e-55], "nsamples": 230}, "postediting": {"pearson": [0.8379992285844714, 1.32721085905569e-65], "spearman": [0.8406631298491705, 2.120255383726624e-66], "nsamples": 244}, "question-question": {"pearson": [0.654392107622396, 6.271159037522498e-27], "spearman": [0.6459128671756926, 4.585726974819014e-26], "nsamples": 209}, "all": {"pearson": {"mean": 0.7508362610220222, "wmean": 0.7529140592028775}, "spearman": {"mean": 0.755504662952585, "wmean": 0.757840806104468}}}}