{"MR": {"devacc": 69.36, "acc": 67.71, "ndev": 10662, "ntest": 10662}, "CR": {"devacc": 79.07, "acc": 78.38, "ndev": 3775, "ntest": 3775}, "SUBJ": {"devacc": 88.11, "acc": 87.83, "ndev": 10000, "ntest": 10000}, "MPQA": {"devacc": 84.27, "acc": 85.16, "ndev": 10606, "ntest": 10606}, "SST5": {"devacc": 39.15, "acc": 38.64, "ndev": 1101, "ntest": 2210}, "TREC": {"devacc": 76.47, "acc": 85.4, "ndev": 5452, "ntest": 500}, "MRPC": {"devacc": 72.52, "acc": 68.06, "f1": 74.14, "ndev": 4076, "ntest": 1725}, "STS12": {"MSRpar": {"pearson": [0.607778211993207, 6.159613195071611e-77], "spearman": [0.5848695983917558, 4.9576759679431734e-70], "nsamples": 750}, "MSRvid": {"pearson": [0.8772500799138124, 1.2964632414885038e-240], "spearman": [0.8795216553992088, 1.8797235080715843e-243], "nsamples": 750}, "SMTeuroparl": {"pearson": [0.4953962297608204, 8.509948787508195e-30], "spearman": [0.5342400431781386, 3.1141765661226715e-35], "nsamples": 459}, "surprise.OnWN": {"pearson": [0.7006090549717643, 9.50839558459579e-112], "spearman": [0.6956840957506287, 1.4462590407559911e-109], "nsamples": 750}, "surprise.SMTnews": {"pearson": [0.545911567639404, 2.2811362848442648e-32], "spearman": [0.5127925741531564, 3.8614191760586713e-28], "nsamples": 399}, "all": {"pearson": {"mean": 0.6453890288558016, "wmean": 0.6706671798929944}, "spearman": {"mean": 0.6414215933745776, "wmean": 0.665983567909289}}}, "STS13": {"FNWN": {"pearson": [0.4678987283827854, 1.1323781782186344e-11], "spearman": [0.48060804938345253, 2.577847829025847e-12], "nsamples": 189}, "headlines": {"pearson": [0.7162419921129897, 5.548857755022415e-119], "spearman": [0.7087840952244863, 1.799751047032897e-115], "nsamples": 750}, "OnWN": {"pearson": [0.6255388654191875, 2.961674560015398e-62], "spearman": [0.6293997579189667, 3.1536349714939553e-63], "nsamples": 561}, "all": {"pearson": {"mean": 0.6032265286383208, "wmean": 0.6510277714995019}, "spearman": {"mean": 0.6062639675089685, "wmean": 0.6503441712962517}}}, "STS14": {"deft-forum": {"pearson": [0.5361826332775258, 7.401401514595283e-35], "spearman": [0.5166729964720668, 4.4671141671992134e-32], "nsamples": 450}, "deft-news": {"pearson": [0.7164762049623781, 1.602403168772304e-48], "spearman": [0.6959272364718806, 9.240625364867308e-45], "nsamples": 300}, "headlines": {"pearson": [0.6963219306375614, 7.588208115011715e-110], "spearman": [0.674678999123389, 9.776663235489894e-101], "nsamples": 750}, "images": {"pearson": [0.8294527161562272, 2.311388364136778e-191], "spearman": [0.8045650051561383, 1.893070284179799e-171], "nsamples": 750}, "OnWN": {"pearson": [0.7538220256182454, 1.461905790422113e-138], "spearman": [0.7855142930624096, 4.69680535840502e-158], "nsamples": 750}, "tweet-news": {"pearson": [0.7236297883068376, 1.4209396029396926e-122], "spearman": [0.6557101585674914, 2.2759099409293914e-93], "nsamples": 750}, "all": {"pearson": {"mean": 0.7093142164931292, "wmean": 0.7223053045340677}, "spearman": {"mean": 0.6888447814755626, "wmean": 0.7017686296762842}}}, "STS15": {"answers-forums": {"pearson": [0.634177370452096, 1.3872000696657747e-43], "spearman": [0.6429161392032469, 4.073140366018979e-45], "nsamples": 375}, "answers-students": {"pearson": [0.7560174946854631, 8.16231927409731e-140], "spearman": [0.7632743590641936, 4.711203039314745e-144], "nsamples": 750}, "belief": {"pearson": [0.776843987798904, 6.306660124747235e-77], "spearman": [0.7748399820990095, 2.714121017819249e-76], "nsamples": 375}, "headlines": {"pearson": [0.7787189660273303, 1.3254390698239716e-153], "spearman": [0.7810501923918624, 4.1072158108443515e-155], "nsamples": 750}, "images": {"pearson": [0.8881804664056295, 7.98120040800708e-255], "spearman": [0.8960311434204075, 5.602806104004189e-266], "nsamples": 750}, "all": {"pearson": {"mean": 0.7667876570738845, "wmean": 0.7821069015609807}, "spearman": {"mean": 0.771622363235744, "wmean": 0.7873084388818979}}}, "STS16": {"answer-answer": {"pearson": [0.7290280908019519, 2.228879214077618e-43], "spearman": [0.7177485843538112, 1.6916233940384453e-41], "nsamples": 254}, "headlines": {"pearson": [0.7696010072760886, 4.973379297389027e-50], "spearman": [0.7727393543264608, 1.1332784141480247e-50], "nsamples": 249}, "plagiarism": {"pearson": [0.8189873265404893, 6.422497763486143e-57], "spearman": [0.833575616413985, 1.0852385679035187e-60], "nsamples": 230}, "postediting": {"pearson": [0.8451968944794686, 8.638243488875372e-68], "spearman": [0.8513739913663877, 9.312279785731904e-70], "nsamples": 244}, "question-question": {"pearson": [0.6383541128101322, 2.5641758618192672e-25], "spearman": [0.646242220221121, 4.249680644853315e-26], "nsamples": 209}, "all": {"pearson": {"mean": 0.7602334863816262, "wmean": 0.7629130883727337}, "spearman": {"mean": 0.7643359533363532, "wmean": 0.7666462979325348}}}}