{"MR": {"devacc": 69.27, "acc": 68.61, "ndev": 10662, "ntest": 10662}, "CR": {"devacc": 77.59, "acc": 76.48, "ndev": 3775, "ntest": 3775}, "SUBJ": {"devacc": 88.1, "acc": 87.67, "ndev": 10000, "ntest": 10000}, "MPQA": {"devacc": 84.46, "acc": 85.15, "ndev": 10606, "ntest": 10606}, "SST5": {"devacc": 37.51, "acc": 34.84, "ndev": 1101, "ntest": 2210}, "TREC": {"devacc": 75.05, "acc": 85.6, "ndev": 5452, "ntest": 500}, "MRPC": {"devacc": 72.08, "acc": 72.12, "f1": 79.68, "ndev": 4076, "ntest": 1725}, "STS12": {"MSRpar": {"pearson": [0.5830727278182927, 1.6363736888327066e-69], "spearman": [0.5513045849076808, 7.46024433896786e-61], "nsamples": 750}, "MSRvid": {"pearson": [0.8787246037871911, 1.8906851415899362e-242], "spearman": [0.8793874385272435, 2.7759275458231207e-243], "nsamples": 750}, "SMTeuroparl": {"pearson": [0.5186407433734692, 5.768500253877778e-33], "spearman": [0.5609480697537449, 2.1131374563231977e-39], "nsamples": 459}, "surprise.OnWN": {"pearson": [0.6966299391375715, 5.554078743913153e-110], "spearman": [0.7045839349858267, 1.5274288611121474e-113], "nsamples": 750}, "surprise.SMTnews": {"pearson": [0.5607507398111797, 2.0230681546522612e-34], "spearman": [0.5324501150130663, 1.3593216197221246e-30], "nsamples": 399}, "all": {"pearson": {"mean": 0.6475637507855408, "wmean": 0.6694388994370574}, "spearman": {"mean": 0.6457348286375124, "wmean": 0.6664670941836375}}}, "STS13": {"FNWN": {"pearson": [0.5099138852221542, 6.670021185785005e-14], "spearman": [0.5068046014041183, 9.995069632127435e-14], "nsamples": 189}, "headlines": {"pearson": [0.7120500867062066, 5.388534909287929e-117], "spearman": [0.7006370158511863, 9.238265589803636e-112], "nsamples": 750}, "OnWN": {"pearson": [0.6729927027177168, 3.0513437858033416e-75], "spearman": [0.6741997553271727, 1.3254959061413852e-75], "nsamples": 561}, "all": {"pearson": {"mean": 0.6316522248820259, "wmean": 0.6719734637075209}, "spearman": {"mean": 0.6272137908608258, "wmean": 0.6663265961948747}}}, "STS14": {"deft-forum": {"pearson": [0.528865347374545, 8.579512123953076e-34], "spearman": [0.5086862587539637, 5.463160798859671e-31], "nsamples": 450}, "deft-news": {"pearson": [0.7334016112737698, 7.024920273202726e-52], "spearman": [0.7257562263459303, 2.4814363499482714e-50], "nsamples": 300}, "headlines": {"pearson": [0.681304596275721, 1.9281455020650582e-103], "spearman": [0.6620485430904918, 9.025628343520215e-96], "nsamples": 750}, "images": {"pearson": [0.811082925018622, 2.2379452196799395e-176], "spearman": [0.7773962171649198, 9.339068095250117e-153], "nsamples": 750}, "OnWN": {"pearson": [0.7670436466606535, 2.5750553434170833e-146], "spearman": [0.7942391775354171, 5.169457864198664e-164], "nsamples": 750}, "tweet-news": {"pearson": [0.7408926881252617, 1.92636602583958e-131], "spearman": [0.6769294096275692, 1.2005605521674472e-101], "nsamples": 750}, "all": {"pearson": {"mean": 0.7104318024547621, "wmean": 0.7222007418028986}, "spearman": {"mean": 0.6908426387530486, "wmean": 0.7012255186418297}}}, "STS15": {"answers-forums": {"pearson": [0.6320320019891271, 3.241923754862194e-43], "spearman": [0.6320838346680859, 3.176361771020479e-43], "nsamples": 375}, "answers-students": {"pearson": [0.7542957486190046, 7.864210344992657e-139], "spearman": [0.7598773374734257, 4.743437557324968e-142], "nsamples": 750}, "belief": {"pearson": [0.7951713549429542, 4.7838678482596705e-83], "spearman": [0.806009884072834, 5.728364456632019e-87], "nsamples": 375}, "headlines": {"pearson": [0.7734369890451414, 2.9772487552758777e-150], "spearman": [0.7756175921458243, 1.2627483441882317e-151], "nsamples": 750}, "images": {"pearson": [0.8852631224584706, 6.849545405951255e-251], "spearman": [0.8936371634862016, 1.7456408100017903e-262], "nsamples": 750}, "all": {"pearson": {"mean": 0.7680398434109394, "wmean": 0.7816493846471644}, "spearman": {"mean": 0.7734451623692743, "wmean": 0.7870447381189779}}}, "STS16": {"answer-answer": {"pearson": [0.7217662086075602, 3.708896550334851e-42], "spearman": [0.7061075333234579, 1.1879189660755621e-39], "nsamples": 254}, "headlines": {"pearson": [0.7549160606865378, 3.7324163336978644e-47], "spearman": [0.7610114646079855, 2.533377309706651e-48], "nsamples": 249}, "plagiarism": {"pearson": [0.8262067363823292, 9.660116313301872e-59], "spearman": [0.8390708151936143, 3.299891750721696e-62], "nsamples": 230}, "postediting": {"pearson": [0.8507478213956494, 1.4877338307221783e-69], "spearman": [0.8554121058443444, 4.305352516806936e-71], "nsamples": 244}, "question-question": {"pearson": [0.6731567189117783, 6.0677302711262e-29], "spearman": [0.6754290164126072, 3.380688697228252e-29], "nsamples": 209}, "all": {"pearson": {"mean": 0.765358709196771, "wmean": 0.766949821364506}, "spearman": {"mean": 0.7674061870764018, "wmean": 0.7687307537119165}}}}