{"MR": {"devacc": 69.35, "acc": 70.62, "ndev": 10662, "ntest": 10662}, "CR": {"devacc": 79.48, "acc": 79.39, "ndev": 3775, "ntest": 3775}, "SUBJ": {"devacc": 88.99, "acc": 89.21, "ndev": 10000, "ntest": 10000}, "MPQA": {"devacc": 84.5, "acc": 86.04, "ndev": 10606, "ntest": 10606}, "SST5": {"devacc": 38.6, "acc": 39.19, "ndev": 1101, "ntest": 2210}, "TREC": {"devacc": 77.26, "acc": 86.6, "ndev": 5452, "ntest": 500}, "MRPC": {"devacc": 72.72, "acc": 70.38, "f1": 77.2, "ndev": 4076, "ntest": 1725}, "STS12": {"MSRpar": {"pearson": [0.596310169698478, 2.0704852029375572e-73], "spearman": [0.5473245112192591, 7.816843485849138e-60], "nsamples": 750}, "MSRvid": {"pearson": [0.8918657384553139, 5.9381863703852446e-260], "spearman": [0.8906165692374626, 3.408573403415392e-258], "nsamples": 750}, "SMTeuroparl": {"pearson": [0.5703150507681404, 5.908509831006327e-41], "spearman": [0.6004433969132459, 2.637346353719493e-46], "nsamples": 459}, "surprise.OnWN": {"pearson": [0.6963853730446323, 7.116033231344217e-110], "spearman": [0.7068275806021841, 1.4385532491275785e-114], "nsamples": 750}, "surprise.SMTnews": {"pearson": [0.6017072198816151, 1.177399634121577e-40], "spearman": [0.5497668514691253, 6.836380407666187e-33], "nsamples": 399}, "all": {"pearson": {"mean": 0.671316710369636, "wmean": 0.6886347329260487}, "spearman": {"mean": 0.6589957818882554, "wmean": 0.6768137029322844}}}, "STS13": {"FNWN": {"pearson": [0.5236737455858579, 1.059173059130571e-14], "spearman": [0.54168497454298, 8.370626105794079e-16], "nsamples": 189}, "headlines": {"pearson": [0.7139024909686844, 7.206420960515611e-118], "spearman": [0.7041710974241933, 2.3534206636326237e-113], "nsamples": 750}, "OnWN": {"pearson": [0.6806690434006039, 1.4185756567842542e-77], "spearman": [0.6803072973799719, 1.833928375151303e-77], "nsamples": 561}, "all": {"pearson": {"mean": 0.6394150933183821, "wmean": 0.6775043596599861}, "spearman": {"mean": 0.6420544564490483, "wmean": 0.6747727847246215}}}, "STS14": {"deft-forum": {"pearson": [0.5239540259818596, 4.298353067260209e-33], "spearman": [0.5033828721612672, 2.7785035941446497e-30], "nsamples": 450}, "deft-news": {"pearson": [0.7307370934536366, 2.4671129776132005e-51], "spearman": [0.7210181036686321, 2.128394502869536e-49], "nsamples": 300}, "headlines": {"pearson": [0.7048923972209996, 1.1052846828506822e-113], "spearman": [0.6871930695987618, 6.608614499447886e-106], "nsamples": 750}, "images": {"pearson": [0.8359732656091514, 4.041042319350092e-197], "spearman": [0.7994393371085154, 1.0542940073404643e-167], "nsamples": 750}, "OnWN": {"pearson": [0.7837885470885969, 6.566519540989137e-157], "spearman": [0.8063277037400448, 9.187009493042476e-173], "nsamples": 750}, "tweet-news": {"pearson": [0.7455455003484301, 5.9204950706708455e-134], "spearman": [0.6976361810388494, 1.9982453118872912e-110], "nsamples": 750}, "all": {"pearson": {"mean": 0.7208151382837791, "wmean": 0.7353733926475496}, "spearman": {"mean": 0.7024995445526785, "wmean": 0.7162066512500768}}}, "STS15": {"answers-forums": {"pearson": [0.7017564439885903, 6.891167075894141e-57], "spearman": [0.7061215667970848, 7.061501977443659e-58], "nsamples": 375}, "answers-students": {"pearson": [0.7307359100943023, 3.851558986040304e-126], "spearman": [0.735029941733525, 2.3684249451959093e-128], "nsamples": 750}, "belief": {"pearson": [0.7984385136634339, 3.3337564912779034e-84], "spearman": [0.801518630423388, 2.5858303997519794e-85], "nsamples": 375}, "headlines": {"pearson": [0.7727976130501722, 7.470241112011295e-150], "spearman": [0.7739642672108892, 1.3910805950360632e-150], "nsamples": 750}, "images": {"pearson": [0.8921477907332602, 2.3632661206229247e-260], "spearman": [0.8994856407518723, 3.5801024914587e-271], "nsamples": 750}, "all": {"pearson": {"mean": 0.7791752543059518, "wmean": 0.7864446981759367}, "spearman": {"mean": 0.7832240093833518, "wmean": 0.7905749870766307}}}, "STS16": {"answer-answer": {"pearson": [0.7407398382386785, 1.963019904284674e-45], "spearman": [0.7454456313775077, 2.726360450490009e-46], "nsamples": 254}, "headlines": {"pearson": [0.7501781772665805, 2.861893661684012e-46], "spearman": [0.7552147036359476, 3.277562509501365e-47], "nsamples": 249}, "plagiarism": {"pearson": [0.8201248270427685, 3.3570322994973105e-57], "spearman": [0.8338320040513585, 9.246644945233092e-61], "nsamples": 230}, "postediting": {"pearson": [0.8428032701935749, 4.739743726330986e-67], "spearman": [0.8493259077478928, 4.2768206383886803e-69], "nsamples": 244}, "question-question": {"pearson": [0.6705477014940268, 1.180090491480744e-28], "spearman": [0.6658204333702926, 3.872019117136247e-28], "nsamples": 209}, "all": {"pearson": {"mean": 0.7648787628471259, "wmean": 0.7667449096216892}, "spearman": {"mean": 0.7699277360365998, "wmean": 0.7719772382562625}}}}