{"MR": {"devacc": 69.84, "acc": 68.18, "ndev": 10662, "ntest": 10662}, "CR": {"devacc": 79.87, "acc": 79.97, "ndev": 3775, "ntest": 3775}, "SUBJ": {"devacc": 89.04, "acc": 88.8, "ndev": 10000, "ntest": 10000}, "MPQA": {"devacc": 84.96, "acc": 85.82, "ndev": 10606, "ntest": 10606}, "SST5": {"devacc": 38.69, "acc": 41.04, "ndev": 1101, "ntest": 2210}, "TREC": {"devacc": 77.94, "acc": 87.4, "ndev": 5452, "ntest": 500}, "MRPC": {"devacc": 72.18, "acc": 71.59, "f1": 79.39, "ndev": 4076, "ntest": 1725}, "STS12": {"MSRpar": {"pearson": [0.5922723758076507, 3.343346740996835e-72], "spearman": [0.558783565673429, 8.278636406600763e-63], "nsamples": 750}, "MSRvid": {"pearson": [0.8727399906255887, 3.847220599184166e-235], "spearman": [0.8739016253812265, 1.5698205487505501e-236], "nsamples": 750}, "SMTeuroparl": {"pearson": [0.4927421328368222, 1.8902780288152103e-29], "spearman": [0.5086156670838365, 1.437691282000111e-31], "nsamples": 459}, "surprise.OnWN": {"pearson": [0.7003947522818914, 1.1857475385214747e-111], "spearman": [0.7013757458590066, 4.308889055968459e-112], "nsamples": 750}, "surprise.SMTnews": {"pearson": [0.5186275102699197, 7.500896831452082e-29], "spearman": [0.4912207931169958, 1.2641271305856077e-25], "nsamples": 399}, "all": {"pearson": {"mean": 0.6353553523643746, "wmean": 0.661890718985247}, "spearman": {"mean": 0.6267794794228989, "wmean": 0.6531523134911227}}}, "STS13": {"FNWN": {"pearson": [0.5620522836490736, 3.929494683105458e-17], "spearman": [0.5909909824140677, 3.4884491876972283e-19], "nsamples": 189}, "headlines": {"pearson": [0.7292611104389894, 2.1639554164352152e-125], "spearman": [0.7183227358676131, 5.550413711644007e-120], "nsamples": 750}, "OnWN": {"pearson": [0.6880853119812687, 6.749733549155992e-80], "spearman": [0.6826104738718757, 3.552435379782445e-78], "nsamples": 561}, "all": {"pearson": {"mean": 0.6597995686897772, "wmean": 0.6927930496402724}, "spearman": {"mean": 0.6639747307178522, "wmean": 0.6889225489460606}}}, "STS14": {"deft-forum": {"pearson": [0.5585243277032707, 2.843638937433324e-38], "spearman": [0.5320567124933024, 2.968494462292489e-34], "nsamples": 450}, "deft-news": {"pearson": [0.7406339588362064, 2.14854648320299e-53], "spearman": [0.723842493292001, 5.943315118165649e-50], "nsamples": 300}, "headlines": {"pearson": [0.7013228656714268, 4.5510250826308315e-112], "spearman": [0.6846193911928135, 8.029669705010344e-105], "nsamples": 750}, "images": {"pearson": [0.8424351406366573, 4.4214013660155156e-203], "spearman": [0.8111205009275686, 2.0935788599714342e-176], "nsamples": 750}, "OnWN": {"pearson": [0.7742878829053572, 8.711382560969309e-151], "spearman": [0.7971378954342332, 4.6727227317542574e-166], "nsamples": 750}, "tweet-news": {"pearson": [0.7543190315994349, 7.627904034812405e-139], "spearman": [0.6890986604300934, 1.022706676279515e-106], "nsamples": 750}, "all": {"pearson": {"mean": 0.7285872012253921, "wmean": 0.7407466201938643}, "spearman": {"mean": 0.7063126089616687, "wmean": 0.7181494945594981}}}, "STS15": {"answers-forums": {"pearson": [0.6886046601442946, 5.1668621821824847e-54], "spearman": [0.6898869467827227, 2.752271867657195e-54], "nsamples": 375}, "answers-students": {"pearson": [0.7568854738012546, 2.5865105947324613e-140], "spearman": [0.7625803708647508, 1.216351373709168e-143], "nsamples": 750}, "belief": {"pearson": [0.7886195648358223, 8.657876468171566e-81], "spearman": [0.7900400946700102, 2.8496270562832e-81], "nsamples": 375}, "headlines": {"pearson": [0.7693642417974568, 9.920372133542499e-148], "spearman": [0.7697896912512695, 5.4379975787839744e-148], "nsamples": 750}, "images": {"pearson": [0.8884459432098255, 3.4569339768825114e-255], "spearman": [0.8946013166130609, 7.000030214374501e-264], "nsamples": 750}, "all": {"pearson": {"mean": 0.7783839767577307, "wmean": 0.7883269428246489}, "spearman": {"mean": 0.7813796840363628, "wmean": 0.7917337248638618}}}, "STS16": {"answer-answer": {"pearson": [0.7284475318810888, 2.8000479105250877e-43], "spearman": [0.7172279245523394, 2.0552966344101984e-41], "nsamples": 254}, "headlines": {"pearson": [0.7715149984605417, 2.0236809424246828e-50], "spearman": [0.7746621377655752, 4.525764361106924e-51], "nsamples": 249}, "plagiarism": {"pearson": [0.814109388917303, 9.859245982243765e-56], "spearman": [0.8227004611636728, 7.595727873411713e-58], "nsamples": 230}, "postediting": {"pearson": [0.8411426121234643, 1.5186504379474757e-66], "spearman": [0.8448575680256293, 1.1015273958032316e-67], "nsamples": 244}, "question-question": {"pearson": [0.69180543185527, 4.254655749370842e-31], "spearman": [0.6993479309080481, 5.133998729859154e-32], "nsamples": 209}, "all": {"pearson": {"mean": 0.7694039926475336, "wmean": 0.7708298480449645}, "spearman": {"mean": 0.771759204483053, "wmean": 0.7728472473571694}}}}