{"MR": {"devacc": 69.8, "acc": 72.12, "ndev": 10662, "ntest": 10662}, "CR": {"devacc": 80.34, "acc": 79.26, "ndev": 3775, "ntest": 3775}, "SUBJ": {"devacc": 90.03, "acc": 89.82, "ndev": 10000, "ntest": 10000}, "MPQA": {"devacc": 85.84, "acc": 85.74, "ndev": 10606, "ntest": 10606}, "SST5": {"devacc": 38.24, "acc": 38.24, "ndev": 1101, "ntest": 2210}, "TREC": {"devacc": 82.87, "acc": 88.0, "ndev": 5452, "ntest": 500}, "MRPC": {"devacc": 73.7, "acc": 70.67, "f1": 77.25, "ndev": 4076, "ntest": 1725}, "STS12": {"MSRpar": {"pearson": [0.6147153961651165, 3.849989630367467e-79], "spearman": [0.5930301750219025, 1.9895252795527216e-72], "nsamples": 750}, "MSRvid": {"pearson": [0.8990556148778621, 1.624592335367062e-270], "spearman": [0.8967714558700979, 4.474655160831935e-267], "nsamples": 750}, "SMTeuroparl": {"pearson": [0.5203411275239711, 3.30784177062116e-33], "spearman": [0.5449353799847972, 7.394214901661773e-37], "nsamples": 459}, "surprise.OnWN": {"pearson": [0.7010651340156177, 5.9396268001829615e-112], "spearman": [0.7086797986117852, 2.011514288594703e-115], "nsamples": 750}, "surprise.SMTnews": {"pearson": [0.575487473730444, 1.456126144662187e-36], "spearman": [0.5618312704106582, 1.4207650972105745e-34], "nsamples": 399}, "all": {"pearson": {"mean": 0.6621329492626022, "wmean": 0.6851940760443684}, "spearman": {"mean": 0.6610496159798481, "wmean": 0.6831264763303454}}}, "STS13": {"FNWN": {"pearson": [0.5327531775648157, 3.002836353509701e-15], "spearman": [0.5669364572387425, 1.828358953908328e-17], "nsamples": 189}, "headlines": {"pearson": [0.7367939524896495, 2.8413734062340092e-129], "spearman": [0.7304079942304342, 5.658993565070602e-126], "nsamples": 750}, "OnWN": {"pearson": [0.7086918964004273, 9.837429411749518e-87], "spearman": [0.7072317464538747, 3.13984753025199e-86], "nsamples": 561}, "all": {"pearson": {"mean": 0.6594130088182975, "wmean": 0.7005746458717512}, "spearman": {"mean": 0.6681920659743504, "wmean": 0.7011426639010478}}}, "STS14": {"deft-forum": {"pearson": [0.5522052000758454, 2.7931721402420705e-37], "spearman": [0.5262863092974192, 2.006265316253952e-33], "nsamples": 450}, "deft-news": {"pearson": [0.7475296180167672, 6.923344136343866e-55], "spearman": [0.7352180904451852, 2.9576281927266386e-52], "nsamples": 300}, "headlines": {"pearson": [0.7092145321327281, 1.1365933963912438e-115], "spearman": [0.6928179647492327, 2.5696330232256656e-108], "nsamples": 750}, "images": {"pearson": [0.8428588603479188, 1.7591854753057145e-203], "spearman": [0.8134731277093735, 3.123579473315255e-178], "nsamples": 750}, "OnWN": {"pearson": [0.7775996044618646, 6.923144509859818e-153], "spearman": [0.803294082807452, 1.6453604413374628e-170], "nsamples": 750}, "tweet-news": {"pearson": [0.7691943840741841, 1.2606914917539817e-147], "spearman": [0.717231322375422, 1.8617365591040395e-119], "nsamples": 750}, "all": {"pearson": {"mean": 0.733100366518218, "wmean": 0.7458404696537819}, "spearman": {"mean": 0.7147201495640142, "wmean": 0.7273351038796012}}}, "STS15": {"answers-forums": {"pearson": [0.7141387489796034, 9.625907458375467e-60], "spearman": [0.7130453040277858, 1.7443849229622615e-59], "nsamples": 375}, "answers-students": {"pearson": [0.7802848009397694, 1.2911136849095536e-154], "spearman": [0.7870498158765569, 4.401257903843235e-159], "nsamples": 750}, "belief": {"pearson": [0.8074802902163541, 1.6102453832110923e-87], "spearman": [0.8171025762538116, 3.01248508547046e-91], "nsamples": 375}, "headlines": {"pearson": [0.7852988062653338, 6.537621396594094e-158], "spearman": [0.7863590849478691, 1.2798543001732425e-158], "nsamples": 750}, "images": {"pearson": [0.8910561841076223, 8.24161870220379e-259], "spearman": [0.8951779037312552, 1.007506401740725e-264], "nsamples": 750}, "all": {"pearson": {"mean": 0.7956517661017366, "wmean": 0.8043623277276762}, "spearman": {"mean": 0.7997469369674557, "wmean": 0.80841518617412}}}, "STS16": {"answer-answer": {"pearson": [0.7487808998960598, 6.552690746130928e-47], "spearman": [0.7449844341425294, 3.314671849681589e-46], "nsamples": 254}, "headlines": {"pearson": [0.7714609647063052, 2.0759583986451286e-50], "spearman": [0.7751730606154912, 3.5407865783315875e-51], "nsamples": 249}, "plagiarism": {"pearson": [0.8201949537208922, 3.2249325778341277e-57], "spearman": [0.8327196165893267, 1.8486117682796626e-60], "nsamples": 230}, "postediting": {"pearson": [0.8488464850137527, 6.090856757343781e-69], "spearman": [0.8535415326090656, 1.8089725353606336e-70], "nsamples": 244}, "question-question": {"pearson": [0.7067805803068155, 5.983107904265102e-33], "spearman": [0.6995668300443726, 4.8236232066403447e-32], "nsamples": 209}, "all": {"pearson": {"mean": 0.7792127767287651, "wmean": 0.7805772780512263}, "spearman": {"mean": 0.7811970948001571, "wmean": 0.7826671598793346}}}}