{"MR": {"devacc": 71.99, "acc": 72.91, "ndev": 10662, "ntest": 10662}, "CR": {"devacc": 82.21, "acc": 81.77, "ndev": 3775, "ntest": 3775}, "SUBJ": {"devacc": 91.34, "acc": 91.2, "ndev": 10000, "ntest": 10000}, "MPQA": {"devacc": 86.75, "acc": 86.8, "ndev": 10606, "ntest": 10606}, "SST5": {"devacc": 40.69, "acc": 40.18, "ndev": 1101, "ntest": 2210}, "TREC": {"devacc": 86.13, "acc": 89.0, "ndev": 5452, "ntest": 500}, "MRPC": {"devacc": 74.56, "acc": 70.38, "f1": 78.02, "ndev": 4076, "ntest": 1725}, "STS12": {"MSRpar": {"pearson": [0.6290742022032365, 6.990355089387431e-84], "spearman": [0.5972409936425369, 1.0842549313286774e-73], "nsamples": 750}, "MSRvid": {"pearson": [0.8983427389817304, 1.9639787806194953e-269], "spearman": [0.8963449978564754, 1.9234261106158703e-266], "nsamples": 750}, "SMTeuroparl": {"pearson": [0.5259523874355836, 5.1616809464096915e-34], "spearman": [0.5701292243088538, 6.350109189177424e-41], "nsamples": 459}, "surprise.OnWN": {"pearson": [0.7175654750618464, 1.2860705349015277e-119], "spearman": [0.7203536062308948, 5.7496409201326745e-121], "nsamples": 750}, "surprise.SMTnews": {"pearson": [0.5689744719965278, 1.3290133012343362e-35], "spearman": [0.5457417375751293, 2.4046331988556358e-32], "nsamples": 399}, "all": {"pearson": {"mean": 0.6679818551357849, "wmean": 0.6924613167132102}, "spearman": {"mean": 0.6659621119227781, "wmean": 0.6885118936768567}}}, "STS13": {"FNWN": {"pearson": [0.5903911465997982, 3.865952641533649e-19], "spearman": [0.6316975030348615, 1.9207803116745998e-22], "nsamples": 189}, "headlines": {"pearson": [0.7373041324748499, 1.5338880921003933e-129], "spearman": [0.728267036266341, 6.882220972970924e-125], "nsamples": 750}, "OnWN": {"pearson": [0.7256381578400362, 8.045528173045511e-93], "spearman": [0.7206502753411582, 5.54780303954902e-91], "nsamples": 561}, "all": {"pearson": {"mean": 0.6844444789715615, "wmean": 0.7144300217411731}, "spearman": {"mean": 0.6935382715474536, "wmean": 0.7132506064931563}}}, "STS14": {"deft-forum": {"pearson": [0.5712237651284136, 2.4790259382822712e-40], "spearman": [0.5522415094190171, 2.757126857857276e-37], "nsamples": 450}, "deft-news": {"pearson": [0.7757581733628192, 1.5443822539202536e-61], "spearman": [0.762582498121548, 2.5633660983072222e-58], "nsamples": 300}, "headlines": {"pearson": [0.7249306759392968, 3.2209931496138354e-123], "spearman": [0.7033404002007841, 5.603693158934529e-113], "nsamples": 750}, "images": {"pearson": [0.8473833645227707, 7.869860744857644e-208], "spearman": [0.8144130215804481, 5.725229455374285e-179], "nsamples": 750}, "OnWN": {"pearson": [0.793759977836253, 1.1172670672236452e-163], "spearman": [0.8184173730293913, 3.721914900524311e-182], "nsamples": 750}, "tweet-news": {"pearson": [0.7820644450282038, 8.93909329383332e-156], "spearman": [0.7190988470733157, 2.3391124529892676e-120], "nsamples": 750}, "all": {"pearson": {"mean": 0.749186733636293, "wmean": 0.7602351983497401}, "spearman": {"mean": 0.7283489415707507, "wmean": 0.7383295093567938}}}, "STS15": {"answers-forums": {"pearson": [0.7361668325495518, 3.2328293826677863e-65], "spearman": [0.742391389109958, 7.277959520062027e-67], "nsamples": 375}, "answers-students": {"pearson": [0.7812627636895446, 2.9856826034964085e-155], "spearman": [0.7884466276299655, 5.0211186909585863e-160], "nsamples": 750}, "belief": {"pearson": [0.8260617085896295, 6.376476614911795e-95], "spearman": [0.8361223989887441, 2.621720380116264e-99], "nsamples": 375}, "headlines": {"pearson": [0.7984447289292317, 5.460095311269344e-167], "spearman": [0.8002629325437154, 2.6820726976643256e-168], "nsamples": 750}, "images": {"pearson": [0.9001943575016307, 2.9163448834177372e-272], "spearman": [0.906805721707027, 7.823391672008312e-283], "nsamples": 750}, "all": {"pearson": {"mean": 0.8084260782519177, "wmean": 0.8152540301724995}, "spearman": {"mean": 0.814805813995882, "wmean": 0.8211930439825146}}}, "STS16": {"answer-answer": {"pearson": [0.7635765577333593, 8.859997419903943e-50], "spearman": [0.7674729458473374, 1.4343996964147746e-50], "nsamples": 254}, "headlines": {"pearson": [0.7811682553031905, 1.89228308556484e-52], "spearman": [0.7824693645178055, 9.898880575245271e-53], "nsamples": 249}, "plagiarism": {"pearson": [0.8341954392715788, 7.365539590148005e-61], "spearman": [0.85425436312524, 1.0266162277462867e-66], "nsamples": 230}, "postediting": {"pearson": [0.8565887042870756, 1.7272474131214802e-71], "spearman": [0.8560273831249936, 2.673172732261598e-71], "nsamples": 244}, "question-question": {"pearson": [0.7004067715824273, 3.795131386772656e-32], "spearman": [0.7006727058034184, 3.5170393150302207e-32], "nsamples": 209}, "all": {"pearson": {"mean": 0.7871871456355264, "wmean": 0.7889687616981489}, "spearman": {"mean": 0.7921793524837589, "wmean": 0.7938977913358982}}}}