{"MR": {"devacc": 71.15, "acc": 71.75, "ndev": 10662, "ntest": 10662}, "CR": {"devacc": 80.62, "acc": 80.29, "ndev": 3775, "ntest": 3775}, "SUBJ": {"devacc": 90.33, "acc": 89.83, "ndev": 10000, "ntest": 10000}, "MPQA": {"devacc": 85.73, "acc": 86.53, "ndev": 10606, "ntest": 10606}, "SST5": {"devacc": 39.06, "acc": 39.77, "ndev": 1101, "ntest": 2210}, "TREC": {"devacc": 83.31, "acc": 85.2, "ndev": 5452, "ntest": 500}, "MRPC": {"devacc": 74.04, "acc": 73.1, "f1": 80.89, "ndev": 4076, "ntest": 1725}, "STS12": {"MSRpar": {"pearson": [0.5990125835866089, 3.146889045961822e-74], "spearman": [0.5790011745751177, 2.382934114431912e-68], "nsamples": 750}, "MSRvid": {"pearson": [0.8950216502739551, 1.7055795745735674e-264], "spearman": [0.8916592510679016, 1.1638301111377055e-259], "nsamples": 750}, "SMTeuroparl": {"pearson": [0.5151258656720673, 1.8030629923668422e-32], "spearman": [0.5587268439650945, 4.8539866461771726e-39], "nsamples": 459}, "surprise.OnWN": {"pearson": [0.7198699093098029, 9.884576047158639e-121], "spearman": [0.7211378352045013, 2.3826215948847267e-121], "nsamples": 750}, "surprise.SMTnews": {"pearson": [0.5665568338545595, 2.982637943090936e-35], "spearman": [0.5321071050864357, 1.5049450800986108e-30], "nsamples": 399}, "all": {"pearson": {"mean": 0.6591173685393987, "wmean": 0.6830524634585662}, "spearman": {"mean": 0.6565264419798101, "wmean": 0.6797345726979107}}}, "STS13": {"FNWN": {"pearson": [0.5338714028143634, 2.5643058295454584e-15], "spearman": [0.5681507877935295, 1.508673780472393e-17], "nsamples": 189}, "headlines": {"pearson": [0.726454013204689, 5.6033123876377085e-124], "spearman": [0.7138067210004119, 7.999514375229071e-118], "nsamples": 750}, "OnWN": {"pearson": [0.7211619206856668, 3.6089098098250383e-91], "spearman": [0.7189393702692055, 2.3203707682240715e-90], "nsamples": 561}, "all": {"pearson": {"mean": 0.6604957789015731, "wmean": 0.7002093616933938}, "spearman": {"mean": 0.6669656263543823, "wmean": 0.6973736842428736}}}, "STS14": {"deft-forum": {"pearson": [0.5423753982700992, 8.87463605452893e-36], "spearman": [0.5221257797558365, 7.778818938781598e-33], "nsamples": 450}, "deft-news": {"pearson": [0.7533525102205445, 3.4859252999180293e-56], "spearman": [0.7399944258144032, 2.9383128782990996e-53], "nsamples": 300}, "headlines": {"pearson": [0.7261381355273571, 8.060568410349842e-124], "spearman": [0.7076325837372301, 6.129337253609207e-115], "nsamples": 750}, "images": {"pearson": [0.839653112910544, 1.7554282675028617e-200], "spearman": [0.8092315259447437, 5.871487133792433e-175], "nsamples": 750}, "OnWN": {"pearson": [0.7866368947115157, 8.335204512133497e-159], "spearman": [0.8095617480045347, 3.287079681157124e-175], "nsamples": 750}, "tweet-news": {"pearson": [0.7587078060714108, 2.2801742775663805e-141], "spearman": [0.6993355631309118, 3.520850129485549e-111], "nsamples": 750}, "all": {"pearson": {"mean": 0.7344773096185785, "wmean": 0.747580438454221}, "spearman": {"mean": 0.7146469377312767, "wmean": 0.7270069317993367}}}, "STS15": {"answers-forums": {"pearson": [0.7365456252896498, 2.574301598703275e-65], "spearman": [0.7406926183313673, 2.0718261597467567e-66], "nsamples": 375}, "answers-students": {"pearson": [0.7693606166306549, 9.971264375925911e-148], "spearman": [0.7727968427341702, 7.47851153966335e-150], "nsamples": 750}, "belief": {"pearson": [0.8158478629935063, 9.492725859128992e-91], "spearman": [0.8214831385625533, 5.106341938984964e-93], "nsamples": 375}, "headlines": {"pearson": [0.7895311616170162, 9.201309016893752e-161], "spearman": [0.7906906733047419, 1.4829072481624366e-161], "nsamples": 750}, "images": {"pearson": [0.8926803672326732, 4.120167453570913e-261], "spearman": [0.897840734493737, 1.1234151435589841e-268], "nsamples": 750}, "all": {"pearson": {"mean": 0.8007931267527001, "wmean": 0.8069422224054806}, "spearman": {"mean": 0.8047008014853139, "wmean": 0.8106040322449023}}}, "STS16": {"answer-answer": {"pearson": [0.7225079384792844, 2.794478047247923e-42], "spearman": [0.7108221359202378, 2.1776984517707105e-40], "nsamples": 254}, "headlines": {"pearson": [0.7735433932794066, 7.72886854625584e-51], "spearman": [0.7767788005092416, 1.6302813332109008e-51], "nsamples": 249}, "plagiarism": {"pearson": [0.816085692239749, 3.2925326271289514e-56], "spearman": [0.8351473793370999, 4.0488684245728444e-61], "nsamples": 230}, "postediting": {"pearson": [0.8578087722858221, 6.641833439020124e-72], "spearman": [0.8584277746747521, 4.0758673520541256e-72], "nsamples": 244}, "question-question": {"pearson": [0.6962023905570225, 1.250063869833412e-31], "spearman": [0.7027378551476414, 1.9421295197102064e-32], "nsamples": 209}, "all": {"pearson": {"mean": 0.7732296373682569, "wmean": 0.7745705485494191}, "spearman": {"mean": 0.7767827891177946, "wmean": 0.7777227907627074}}}}