{"MR": {"devacc": 70.98, "acc": 72.8, "ndev": 10662, "ntest": 10662}, "CR": {"devacc": 81.47, "acc": 80.63, "ndev": 3775, "ntest": 3775}, "SUBJ": {"devacc": 91.21, "acc": 90.8, "ndev": 10000, "ntest": 10000}, "MPQA": {"devacc": 86.3, "acc": 86.79, "ndev": 10606, "ntest": 10606}, "SST5": {"devacc": 38.42, "acc": 38.6, "ndev": 1101, "ntest": 2210}, "TREC": {"devacc": 85.69, "acc": 89.4, "ndev": 5452, "ntest": 500}, "MRPC": {"devacc": 73.72, "acc": 69.74, "f1": 75.58, "ndev": 4076, "ntest": 1725}, "STS12": {"MSRpar": {"pearson": [0.6297561692758176, 4.103068375113687e-84], "spearman": [0.5973552799600454, 1.0013228522966214e-73], "nsamples": 750}, "MSRvid": {"pearson": [0.9029124441918447, 1.625081815988601e-276], "spearman": [0.9001715327742943, 3.162569577048073e-272], "nsamples": 750}, "SMTeuroparl": {"pearson": [0.5196229452803434, 4.185233766666619e-33], "spearman": [0.5581441978278081, 6.030969661764667e-39], "nsamples": 459}, "surprise.OnWN": {"pearson": [0.7185242502522012, 4.4361755423131644e-120], "spearman": [0.7194788734649796, 1.5304976550932224e-120], "nsamples": 750}, "surprise.SMTnews": {"pearson": [0.5864121659207405, 3.1863788998063697e-38], "spearman": [0.5546649024005861, 1.4457148122854571e-33], "nsamples": 399}, "all": {"pearson": {"mean": 0.6714455949841894, "wmean": 0.6952638461634333}, "spearman": {"mean": 0.6659629572855427, "wmean": 0.6886273318887668}}}, "STS13": {"FNWN": {"pearson": [0.5856539054185657, 8.638741579363716e-19], "spearman": [0.620574311369854, 1.6651209288091163e-21], "nsamples": 189}, "headlines": {"pearson": [0.7416782523623976, 7.317530346953853e-132], "spearman": [0.7336377162841642, 1.2476410856268453e-127], "nsamples": 750}, "OnWN": {"pearson": [0.711115000461859, 1.4109698399952043e-87], "spearman": [0.7080076322664672, 1.6961739780062814e-86], "nsamples": 561}, "all": {"pearson": {"mean": 0.6794823860809407, "wmean": 0.7105885284366733}, "spearman": {"mean": 0.6874065533068284, "wmean": 0.7098060758423425}}}, "STS14": {"deft-forum": {"pearson": [0.5732548445649663, 1.1389922066680757e-40], "spearman": [0.5513689235108213, 3.765555484289919e-37], "nsamples": 450}, "deft-news": {"pearson": [0.7486388229180554, 3.942907013606397e-55], "spearman": [0.7312582421461804, 1.931969738692949e-51], "nsamples": 300}, "headlines": {"pearson": [0.7324033631681145, 5.3962367993925205e-127], "spearman": [0.7182325805020321, 6.135304663251499e-120], "nsamples": 750}, "images": {"pearson": [0.8486858871125703, 4.145631232386119e-209], "spearman": [0.81815211952953, 6.085672339215584e-182], "nsamples": 750}, "OnWN": {"pearson": [0.7879136925819142, 1.1517182423266307e-159], "spearman": [0.8150292671602494, 1.8723441662871494e-179], "nsamples": 750}, "tweet-news": {"pearson": [0.7864876276711837, 1.049590460987787e-158], "spearman": [0.7285250207726015, 5.099625868989521e-125], "nsamples": 750}, "all": {"pearson": {"mean": 0.7462307063361341, "wmean": 0.7597798012879969}, "spearman": {"mean": 0.7270943589369026, "wmean": 0.7406527277858755}}}, "STS15": {"answers-forums": {"pearson": [0.7394052451490928, 4.5530157939699105e-66], "spearman": [0.7516468385829682, 2.0997746047412213e-69], "nsamples": 375}, "answers-students": {"pearson": [0.7703710482034198, 2.3864961885953832e-148], "spearman": [0.7741238680338605, 1.1044556237359783e-150], "nsamples": 750}, "belief": {"pearson": [0.8185590451176291, 7.860950629611485e-92], "spearman": [0.8281141292372572, 8.572057010771156e-96], "nsamples": 375}, "headlines": {"pearson": [0.7998561892014664, 5.277347650467717e-168], "spearman": [0.800913684657965, 9.0524503852423e-169], "nsamples": 750}, "images": {"pearson": [0.8994411741338353, 4.187495672186221e-271], "spearman": [0.9055917369424709, 7.810799899936965e-281], "nsamples": 750}, "all": {"pearson": {"mean": 0.8055265403610885, "wmean": 0.8121626391680207}, "spearman": {"mean": 0.8120780514909043, "wmean": 0.8176274433861024}}}, "STS16": {"answer-answer": {"pearson": [0.75677277968706, 1.96008968284587e-48], "spearman": [0.7570475109108448, 1.7331393965359044e-48], "nsamples": 254}, "headlines": {"pearson": [0.7961394280638411, 8.256798564290535e-56], "spearman": [0.7982504944611496, 2.6324780472434866e-56], "nsamples": 249}, "plagiarism": {"pearson": [0.8267359506576031, 7.047943813465992e-59], "spearman": [0.8502179445410862, 1.8116327455835734e-65], "nsamples": 230}, "postediting": {"pearson": [0.8548793262595791, 6.493282796935227e-71], "spearman": [0.8556964390893376, 3.4552330481654255e-71], "nsamples": 244}, "question-question": {"pearson": [0.6965675057197184, 1.1280516701296852e-31], "spearman": [0.7006334404819184, 3.55679887955782e-32], "nsamples": 209}, "all": {"pearson": {"mean": 0.7862189980775603, "wmean": 0.7881799633915826}, "spearman": {"mean": 0.7923691658968673, "wmean": 0.7941204792033305}}}}