{"MR": {"devacc": 70.25, "acc": 71.12, "ndev": 10662, "ntest": 10662}, "CR": {"devacc": 80.48, "acc": 79.1, "ndev": 3775, "ntest": 3775}, "SUBJ": {"devacc": 90.06, "acc": 89.15, "ndev": 10000, "ntest": 10000}, "MPQA": {"devacc": 86.16, "acc": 86.02, "ndev": 10606, "ntest": 10606}, "SST5": {"devacc": 39.87, "acc": 39.64, "ndev": 1101, "ntest": 2210}, "TREC": {"devacc": 85.02, "acc": 88.0, "ndev": 5452, "ntest": 500}, "MRPC": {"devacc": 73.5, "acc": 68.81, "f1": 75.7, "ndev": 4076, "ntest": 1725}, "STS12": {"MSRpar": {"pearson": [0.5962096201325444, 2.220061202825752e-73], "spearman": [0.5719601480294914, 2.241408216823786e-66], "nsamples": 750}, "MSRvid": {"pearson": [0.8904886903725676, 5.14550121297566e-258], "spearman": [0.8877631910406817, 2.9605181253254692e-254], "nsamples": 750}, "SMTeuroparl": {"pearson": [0.5245280133577651, 8.298622636395825e-34], "spearman": [0.5691402774024948, 9.311918181752746e-41], "nsamples": 459}, "surprise.OnWN": {"pearson": [0.7144288991216111, 4.056468564646095e-118], "spearman": [0.7136935275097717, 9.049675342636683e-118], "nsamples": 750}, "surprise.SMTnews": {"pearson": [0.5443343221674238, 3.7179578522507243e-32], "spearman": [0.5251742218589631, 1.1484804936545233e-29], "nsamples": 399}, "all": {"pearson": {"mean": 0.6539979090303825, "wmean": 0.6785048777014345}, "spearman": {"mean": 0.6535462731682805, "wmean": 0.6759467669834074}}}, "STS13": {"FNWN": {"pearson": [0.5636467867975574, 3.065223255531519e-17], "spearman": [0.5952346383753692, 1.675976041288022e-19], "nsamples": 189}, "headlines": {"pearson": [0.7328171443060638, 3.3058693424649037e-127], "spearman": [0.7232519731627466, 2.1831768214515275e-122], "nsamples": 750}, "OnWN": {"pearson": [0.6983729899496915, 3.0854354539558738e-83], "spearman": [0.6965012270105528, 1.2810250480463009e-82], "nsamples": 561}, "all": {"pearson": {"mean": 0.6649456403511043, "wmean": 0.6986195655307088}, "spearman": {"mean": 0.6716626128495561, "wmean": 0.6971170099186166}}}, "STS14": {"deft-forum": {"pearson": [0.5665161355212455, 1.4729126218405738e-39], "spearman": [0.54377786865426, 5.4559165744928787e-36], "nsamples": 450}, "deft-news": {"pearson": [0.7398999979693823, 3.077072856601162e-53], "spearman": [0.7247058849045896, 4.011351049240707e-50], "nsamples": 300}, "headlines": {"pearson": [0.7163309339790763, 5.03092651502501e-119], "spearman": [0.6952799466077639, 2.1744430585020536e-109], "nsamples": 750}, "images": {"pearson": [0.8476894668410161, 3.950185004153581e-208], "spearman": [0.8098995699839184, 1.8136905851388798e-175], "nsamples": 750}, "OnWN": {"pearson": [0.7799752785883182, 2.0490366701199806e-154], "spearman": [0.807434373975119, 1.3529312773499303e-173], "nsamples": 750}, "tweet-news": {"pearson": [0.7713112396411621, 6.267125463656407e-149], "spearman": [0.716938813723926, 2.572521047638051e-119], "nsamples": 750}, "all": {"pearson": {"mean": 0.7369538420900335, "wmean": 0.7502353199100146}, "spearman": {"mean": 0.7163394096415963, "wmean": 0.7291403558890238}}}, "STS15": {"answers-forums": {"pearson": [0.7027551053168843, 4.107065463680671e-57], "spearman": [0.7044122752276519, 1.7317493292177522e-57], "nsamples": 375}, "answers-students": {"pearson": [0.7656079392481807, 1.894660959388961e-145], "spearman": [0.7691415213010894, 1.358258392453305e-147], "nsamples": 750}, "belief": {"pearson": [0.8125286217126986, 1.8961079034824448e-89], "spearman": [0.8148667030448077, 2.3149010984382554e-90], "nsamples": 375}, "headlines": {"pearson": [0.7854378602753831, 5.281561538536909e-158], "spearman": [0.7864201667774171, 1.164756257708787e-158], "nsamples": 750}, "images": {"pearson": [0.8965096019012084, 1.096368497605527e-266], "spearman": [0.9025797134530393, 5.4743651478972436e-276], "nsamples": 750}, "all": {"pearson": {"mean": 0.792567825690871, "wmean": 0.8012993162348909}, "spearman": {"mean": 0.7954840759608011, "wmean": 0.804445222666944}}}, "STS16": {"answer-answer": {"pearson": [0.7566473814004846, 2.0732208399889116e-48], "spearman": [0.7586291195164909, 8.507035413073015e-49], "nsamples": 254}, "headlines": {"pearson": [0.7787942772906539, 6.102138435276702e-52], "spearman": [0.780147902867758, 3.1355809043916235e-52], "nsamples": 249}, "plagiarism": {"pearson": [0.8288342374945564, 1.9979019560408754e-59], "spearman": [0.8451975956976201, 5.732349914706389e-64], "nsamples": 230}, "postediting": {"pearson": [0.8604581414405562, 8.081374643647136e-73], "spearman": [0.8588963007007189, 2.8121178425950495e-72], "nsamples": 244}, "question-question": {"pearson": [0.699096898269204, 5.514212816682329e-32], "spearman": [0.7034664112750422, 1.5731274268088295e-32], "nsamples": 209}, "all": {"pearson": {"mean": 0.784766187179091, "wmean": 0.7865119079212506}, "spearman": {"mean": 0.789267466011526, "wmean": 0.7908425366856426}}}}