{"MR": {"devacc": 69.64, "acc": 68.98, "ndev": 10662, "ntest": 10662}, "CR": {"devacc": 78.91, "acc": 78.44, "ndev": 3775, "ntest": 3775}, "SUBJ": {"devacc": 89.54, "acc": 88.95, "ndev": 10000, "ntest": 10000}, "MPQA": {"devacc": 84.92, "acc": 86.09, "ndev": 10606, "ntest": 10606}, "SST5": {"devacc": 40.6, "acc": 36.92, "ndev": 1101, "ntest": 2210}, "TREC": {"devacc": 80.26, "acc": 86.8, "ndev": 5452, "ntest": 500}, "MRPC": {"devacc": 72.67, "acc": 68.23, "f1": 74.75, "ndev": 4076, "ntest": 1725}, "STS12": {"MSRpar": {"pearson": [0.6253927668997928, 1.2125243621330127e-82], "spearman": [0.5852880957275367, 3.7499720797171433e-70], "nsamples": 750}, "MSRvid": {"pearson": [0.8927867819859427, 2.903078639681626e-261], "spearman": [0.8907441853337607, 2.2587235813577287e-258], "nsamples": 750}, "SMTeuroparl": {"pearson": [0.5065909916463434, 2.717350516513217e-31], "spearman": [0.5424666842511526, 1.7743191364099775e-36], "nsamples": 459}, "surprise.OnWN": {"pearson": [0.7128236726558265, 2.3303818066837824e-117], "spearman": [0.7163427281947425, 4.965964571585693e-119], "nsamples": 750}, "surprise.SMTnews": {"pearson": [0.5494537352530908, 7.543673775402347e-33], "spearman": [0.5192501035575506, 6.285885295988438e-29], "nsamples": 399}, "all": {"pearson": {"mean": 0.6574095896881993, "wmean": 0.6837225616756197}, "spearman": {"mean": 0.6508183594129486, "wmean": 0.675821832796902}}}, "STS13": {"FNWN": {"pearson": [0.5538328109519699, 1.3846524670166404e-16], "spearman": [0.5840107722483556, 1.1382703271989559e-18], "nsamples": 189}, "headlines": {"pearson": [0.7309321154215074, 3.058682378544773e-126], "spearman": [0.7224490190422259, 5.425598558773806e-122], "nsamples": 750}, "OnWN": {"pearson": [0.6603340212617275, 1.5169162285645232e-71], "spearman": [0.6605632281505365, 1.3050569396554465e-71], "nsamples": 561}, "all": {"pearson": {"mean": 0.6483663158784015, "wmean": 0.682213915842588}, "spearman": {"mean": 0.655674339813706, "wmean": 0.6818605141527064}}}, "STS14": {"deft-forum": {"pearson": [0.573357848384358, 1.0947851884802976e-40], "spearman": [0.5582196751913576, 3.17833024316149e-38], "nsamples": 450}, "deft-news": {"pearson": [0.7444925697418976, 3.1862273136764183e-54], "spearman": [0.7256577184349553, 2.596014135515089e-50], "nsamples": 300}, "headlines": {"pearson": [0.7047979961354012, 1.2203595669619611e-113], "spearman": [0.6833829579873376, 2.6409452782741073e-104], "nsamples": 750}, "images": {"pearson": [0.8417321427140465, 2.0277270155384504e-202], "spearman": [0.8097270928609127, 2.4574093568648733e-175], "nsamples": 750}, "OnWN": {"pearson": [0.7649199490384758, 4.905386798297807e-145], "spearman": [0.7942113279363486, 5.406569716253588e-164], "nsamples": 750}, "tweet-news": {"pearson": [0.7544856988414145, 6.1307644843626376e-139], "spearman": [0.6897466211569018, 5.404688055738938e-107], "nsamples": 750}, "all": {"pearson": {"mean": 0.7306310341425989, "wmean": 0.7415495047313423}, "spearman": {"mean": 0.7101575655946356, "wmean": 0.7204525784860596}}}, "STS15": {"answers-forums": {"pearson": [0.69983536583014, 1.8536627027365067e-56], "spearman": [0.700212825428668, 1.5270932967289416e-56], "nsamples": 375}, "answers-students": {"pearson": [0.7497633840603268, 2.798712173900033e-136], "spearman": [0.7562479503188301, 6.018710330877334e-140], "nsamples": 750}, "belief": {"pearson": [0.8063403635958797, 4.310945972589881e-87], "spearman": [0.8114160141568898, 5.104981490570447e-89], "nsamples": 375}, "headlines": {"pearson": [0.7860298941266801, 2.1256427356732094e-158], "spearman": [0.7863474253669778, 1.303079898426807e-158], "nsamples": 750}, "images": {"pearson": [0.8883730915706898, 4.3501081868573205e-255], "spearman": [0.8951887157619708, 9.714370860667517e-265], "nsamples": 750}, "all": {"pearson": {"mean": 0.7860684198367432, "wmean": 0.7943135586176766}, "spearman": {"mean": 0.7898825862066673, "wmean": 0.7983996278101395}}}, "STS16": {"answer-answer": {"pearson": [0.7419420329782977, 1.1903534595559773e-45], "spearman": [0.7375251362900112, 7.378715836906529e-45], "nsamples": 254}, "headlines": {"pearson": [0.7796284907294396, 4.050590878700492e-52], "spearman": [0.7878114509029936, 6.600271539691716e-54], "nsamples": 249}, "plagiarism": {"pearson": [0.8135791455696847, 1.3202988444247705e-55], "spearman": [0.8363883137832895, 1.8453088783910493e-61], "nsamples": 230}, "postediting": {"pearson": [0.857072899372586, 1.1832950404334697e-71], "spearman": [0.8594057032709298, 1.8755260293984597e-72], "nsamples": 244}, "question-question": {"pearson": [0.6884113944353557, 1.0789436313532542e-30], "spearman": [0.6933665892426095, 2.7611741498494506e-31], "nsamples": 209}, "all": {"pearson": {"mean": 0.7761267926170727, "wmean": 0.7779997832487738}, "spearman": {"mean": 0.7828994386979666, "wmean": 0.7845483615619536}}}}