{"MR": {"devacc": 71.57, "acc": 71.39, "ndev": 10662, "ntest": 10662}, "CR": {"devacc": 81.68, "acc": 79.81, "ndev": 3775, "ntest": 3775}, "SUBJ": {"devacc": 91.38, "acc": 90.6, "ndev": 10000, "ntest": 10000}, "MPQA": {"devacc": 86.68, "acc": 86.57, "ndev": 10606, "ntest": 10606}, "SST5": {"devacc": 40.6, "acc": 41.9, "ndev": 1101, "ntest": 2210}, "TREC": {"devacc": 85.25, "acc": 90.2, "ndev": 5452, "ntest": 500}, "MRPC": {"devacc": 74.48, "acc": 72.75, "f1": 79.71, "ndev": 4076, "ntest": 1725}, "STS12": {"MSRpar": {"pearson": [0.6261711964985769, 6.653546430728555e-83], "spearman": [0.5975515417652049, 8.733676593473677e-74], "nsamples": 750}, "MSRvid": {"pearson": [0.897501101295076, 3.6369020248575693e-268], "spearman": [0.8943885678242652, 1.4272227344428604e-263], "nsamples": 750}, "SMTeuroparl": {"pearson": [0.5193871745696966, 4.520739752498948e-33], "spearman": [0.5515014213792492, 6.955632558400426e-38], "nsamples": 459}, "surprise.OnWN": {"pearson": [0.7242362433433702, 7.120987171299968e-123], "spearman": [0.7237795897270389, 1.1982242504338304e-122], "nsamples": 750}, "surprise.SMTnews": {"pearson": [0.5771156448803746, 8.313030638762149e-37], "spearman": [0.5541543579502142, 1.701905548216591e-33], "nsamples": 399}, "all": {"pearson": {"mean": 0.6688822721174188, "wmean": 0.6932430055622674}, "spearman": {"mean": 0.6642750957291945, "wmean": 0.6872704362041803}}}, "STS13": {"FNWN": {"pearson": [0.5796605530165864, 2.345105599570629e-18], "spearman": [0.6152724200123483, 4.5236861417256525e-21], "nsamples": 189}, "headlines": {"pearson": [0.7404862743274807, 3.1741044655090383e-131], "spearman": [0.7330626329023631, 2.4708360110311928e-127], "nsamples": 750}, "OnWN": {"pearson": [0.6988230991759989, 2.187405730801672e-83], "spearman": [0.6966968877821991, 1.104472561882395e-82], "nsamples": 561}, "all": {"pearson": {"mean": 0.6729899755066887, "wmean": 0.7046402059356539}, "spearman": {"mean": 0.6816773135656368, "wmean": 0.7046202774032798}}}, "STS14": {"deft-forum": {"pearson": [0.5687732473728276, 6.290413287030183e-40], "spearman": [0.5445330407683974, 4.194576720892636e-36], "nsamples": 450}, "deft-news": {"pearson": [0.77050038140501, 3.1588599955948e-60], "spearman": [0.7558632418943982, 9.36267726568551e-57], "nsamples": 300}, "headlines": {"pearson": [0.7325854954704744, 4.349811381092237e-127], "spearman": [0.7155431998157002, 1.196691643647928e-118], "nsamples": 750}, "images": {"pearson": [0.8532227031466765, 1.1719674203885259e-213], "spearman": [0.8210108135554933, 2.91286868281919e-184], "nsamples": 750}, "OnWN": {"pearson": [0.7826293597946001, 3.809673803645648e-156], "spearman": [0.8125850402651787, 1.5383927272122559e-177], "nsamples": 750}, "tweet-news": {"pearson": [0.7862195294507967, 1.587134370157813e-158], "spearman": [0.7274746778979694, 1.7244513002161526e-124], "nsamples": 750}, "all": {"pearson": {"mean": 0.7489884527733977, "wmean": 0.7608242377696496}, "spearman": {"mean": 0.7295016690328562, "wmean": 0.7411357705506277}}}, "STS15": {"answers-forums": {"pearson": [0.7312807946596576, 5.8946532387489164e-64], "spearman": [0.7374410898219463, 1.5001112715860492e-65], "nsamples": 375}, "answers-students": {"pearson": [0.782154943485393, 7.798834521280972e-156], "spearman": [0.7880961510246205, 8.670122349711376e-160], "nsamples": 750}, "belief": {"pearson": [0.8179295248696102, 1.4070113770666578e-91], "spearman": [0.8263837721000284, 4.6621480798446974e-95], "nsamples": 375}, "headlines": {"pearson": [0.7996065795390147, 7.988535348686779e-168], "spearman": [0.8013022486352993, 4.723618485018868e-169], "nsamples": 750}, "images": {"pearson": [0.9021230971501512, 2.878002601019938e-275], "spearman": [0.9079858875437405, 8.381311909693024e-285], "nsamples": 750}, "all": {"pearson": {"mean": 0.8066189879407654, "wmean": 0.8146224449847982}, "spearman": {"mean": 0.812241829825127, "wmean": 0.8198241795411619}}}, "STS16": {"answer-answer": {"pearson": [0.7597637550379932, 5.088529416192976e-49], "spearman": [0.7612533655183795, 2.5804389733733646e-49], "nsamples": 254}, "headlines": {"pearson": [0.7878675835930901, 6.412458698908435e-54], "spearman": [0.7929252737687856, 4.5869342120227206e-55], "nsamples": 249}, "plagiarism": {"pearson": [0.8377649694744527, 7.658091956204989e-62], "spearman": [0.8571580595524159, 1.2333370204154064e-67], "nsamples": 230}, "postediting": {"pearson": [0.853595687079934, 1.7358240193801257e-70], "spearman": [0.8550412536820386, 5.7319448275435744e-71], "nsamples": 244}, "question-question": {"pearson": [0.7068375259456962, 5.8838525008147986e-33], "spearman": [0.7004658561608365, 3.7315313523809565e-32], "nsamples": 209}, "all": {"pearson": {"mean": 0.7891659042262332, "wmean": 0.7907684280300238}, "spearman": {"mean": 0.7933687617364913, "wmean": 0.7950847652134772}}}}