{"MR": {"devacc": 70.08, "acc": 71.83, "ndev": 10662, "ntest": 10662}, "CR": {"devacc": 81.64, "acc": 80.26, "ndev": 3775, "ntest": 3775}, "SUBJ": {"devacc": 91.12, "acc": 90.92, "ndev": 10000, "ntest": 10000}, "MPQA": {"devacc": 86.6, "acc": 86.82, "ndev": 10606, "ntest": 10606}, "SST5": {"devacc": 38.87, "acc": 41.18, "ndev": 1101, "ntest": 2210}, "TREC": {"devacc": 85.55, "acc": 89.8, "ndev": 5452, "ntest": 500}, "MRPC": {"devacc": 74.19, "acc": 72.7, "f1": 80.48, "ndev": 4076, "ntest": 1725}, "STS12": {"MSRpar": {"pearson": [0.6297039078564167, 4.274264972265958e-84], "spearman": [0.5969902244839231, 1.2909485849472061e-73], "nsamples": 750}, "MSRvid": {"pearson": [0.8991874990372115, 1.0223781314567758e-270], "spearman": [0.8954676282207953, 3.787696058324861e-265], "nsamples": 750}, "SMTeuroparl": {"pearson": [0.5353517245487845, 2.1241789265204207e-35], "spearman": [0.5812004756463481, 7.98932117667371e-43], "nsamples": 459}, "surprise.OnWN": {"pearson": [0.7180230127587237, 7.743044791017593e-120], "spearman": [0.7187043780324923, 3.630345207282532e-120], "nsamples": 750}, "surprise.SMTnews": {"pearson": [0.5704754722393207, 8.018689057543114e-36], "spearman": [0.5457139863550774, 2.4254325412749997e-32], "nsamples": 399}, "all": {"pearson": {"mean": 0.6705483232880913, "wmean": 0.6945083557691908}, "spearman": {"mean": 0.6676153385477271, "wmean": 0.6894731569917174}}}, "STS13": {"FNWN": {"pearson": [0.5854236640183849, 8.980020964711661e-19], "spearman": [0.6267083261566844, 5.115192118537497e-22], "nsamples": 189}, "headlines": {"pearson": [0.7413325782880279, 1.1208088765956746e-131], "spearman": [0.7319250185041963, 9.497420936664142e-127], "nsamples": 750}, "OnWN": {"pearson": [0.7024562300195684, 1.3299175852310118e-84], "spearman": [0.6987938424465365, 2.2369066927449246e-83], "nsamples": 561}, "all": {"pearson": {"mean": 0.6764041574419938, "wmean": 0.707148300837649}, "spearman": {"mean": 0.6858090623691391, "wmean": 0.706276655422845}}}, "STS14": {"deft-forum": {"pearson": [0.5512479700606842, 3.931535989175889e-37], "spearman": [0.5314041916685296, 3.6912926195430648e-34], "nsamples": 450}, "deft-news": {"pearson": [0.7659557056288084, 4.023942455369074e-59], "spearman": [0.7493276083903396, 2.7755117835525433e-55], "nsamples": 300}, "headlines": {"pearson": [0.7228513188902654, 3.439837473724559e-122], "spearman": [0.7055369955317026, 5.614439352574087e-114], "nsamples": 750}, "images": {"pearson": [0.8482577966391456, 1.094137007827486e-208], "spearman": [0.8178458293573859, 1.0726378777940632e-181], "nsamples": 750}, "OnWN": {"pearson": [0.7932837176785231, 2.398477262693054e-163], "spearman": [0.8171767968914497, 3.685514514574665e-181], "nsamples": 750}, "tweet-news": {"pearson": [0.779909809275676, 2.259098314085507e-154], "spearman": [0.7166886454119037, 3.3910148206546946e-119], "nsamples": 750}, "all": {"pearson": {"mean": 0.7435843863621837, "wmean": 0.7562867413543088}, "spearman": {"mean": 0.7229966778752185, "wmean": 0.7351643651099391}}}, "STS15": {"answers-forums": {"pearson": [0.7312083206984477, 6.151088479321842e-64], "spearman": [0.7347509459335934, 7.548140645219616e-65], "nsamples": 375}, "answers-students": {"pearson": [0.7722608335957852, 1.6133780945931893e-149], "spearman": [0.7772230639536812, 1.2046760752600142e-152], "nsamples": 750}, "belief": {"pearson": [0.8287197920597705, 4.717326339819079e-96], "spearman": [0.8387021507064514, 1.7611751397571714e-100], "nsamples": 375}, "headlines": {"pearson": [0.7971592015747154, 4.512570086097811e-166], "spearman": [0.7980821735836252, 9.921037266726934e-167], "nsamples": 750}, "images": {"pearson": [0.9005895319510789, 7.1454780282247165e-273], "spearman": [0.907058503851246, 2.97604069155545e-283], "nsamples": 750}, "all": {"pearson": {"mean": 0.8059875359759596, "wmean": 0.8124934058751722}, "spearman": {"mean": 0.8111633676057194, "wmean": 0.8172725724271437}}}, "STS16": {"answer-answer": {"pearson": [0.7442107244639561, 4.5960862195589e-46], "spearman": [0.7394420919421536, 3.358089310025738e-45], "nsamples": 254}, "headlines": {"pearson": [0.7830539153282752, 7.388034572921986e-53], "spearman": [0.7822367847294667, 1.1118083906610318e-52], "nsamples": 249}, "plagiarism": {"pearson": [0.8361263798508173, 2.179415394369041e-61], "spearman": [0.8521564571923171, 4.6130853199375585e-66], "nsamples": 230}, "postediting": {"pearson": [0.8503078559929792, 2.0650544250698336e-69], "spearman": [0.8493247191117062, 4.2805779860294135e-69], "nsamples": 244}, "question-question": {"pearson": [0.7051202216955423, 9.727247640214748e-33], "spearman": [0.7064517768856478, 6.589328080586514e-33], "nsamples": 209}, "all": {"pearson": {"mean": 0.783763819466314, "wmean": 0.7851300670260781}, "spearman": {"mean": 0.7859223659722583, "wmean": 0.7870783210265884}}}}