{"MR": {"devacc": 69.51, "acc": 68.53, "ndev": 10662, "ntest": 10662}, "CR": {"devacc": 79.41, "acc": 79.05, "ndev": 3775, "ntest": 3775}, "SUBJ": {"devacc": 88.17, "acc": 87.67, "ndev": 10000, "ntest": 10000}, "MPQA": {"devacc": 83.88, "acc": 84.61, "ndev": 10606, "ntest": 10606}, "SST5": {"devacc": 38.51, "acc": 38.37, "ndev": 1101, "ntest": 2210}, "TREC": {"devacc": 74.67, "acc": 81.8, "ndev": 5452, "ntest": 500}, "MRPC": {"devacc": 72.77, "acc": 67.71, "f1": 73.81, "ndev": 4076, "ntest": 1725}, "STS12": {"MSRpar": {"pearson": [0.5780815109120359, 4.3410687110303724e-68], "spearman": [0.5575681831142759, 1.7338451413009054e-62], "nsamples": 750}, "MSRvid": {"pearson": [0.874160675048538, 7.658636174693155e-237], "spearman": [0.8754944973819517, 1.8545462434573827e-238], "nsamples": 750}, "SMTeuroparl": {"pearson": [0.5314968924907595, 7.956219406958514e-35], "spearman": [0.5669755123454432, 2.1429718378842123e-40], "nsamples": 459}, "surprise.OnWN": {"pearson": [0.6870538590416286, 7.56946287077451e-106], "spearman": [0.6945064174142525, 4.736901356039534e-109], "nsamples": 750}, "surprise.SMTnews": {"pearson": [0.5651708442823041, 4.726753127134356e-35], "spearman": [0.5504930906386574, 5.4385497382088454e-33], "nsamples": 399}, "all": {"pearson": {"mean": 0.6471927563550532, "wmean": 0.6672883765358912}, "spearman": {"mean": 0.6490075401789162, "wmean": 0.6678138117002068}}}, "STS13": {"FNWN": {"pearson": [0.47529713892149084, 4.8201857222530364e-12], "spearman": [0.4962449144901216, 3.8303635720732824e-13], "nsamples": 189}, "headlines": {"pearson": [0.6986522829048406, 7.086842954225795e-111], "spearman": [0.6901839851276754, 3.510745032624411e-107], "nsamples": 750}, "OnWN": {"pearson": [0.6677812876932028, 1.067480439845046e-73], "spearman": [0.6667609976222976, 2.1230327137285745e-73], "nsamples": 561}, "all": {"pearson": {"mean": 0.6139102365065114, "wmean": 0.658963782553786}, "spearman": {"mean": 0.6177299657466983, "wmean": 0.6569874649003322}}}, "STS14": {"deft-forum": {"pearson": [0.5118347394021602, 2.0520972818867316e-31], "spearman": [0.4967125225019511, 2.0647475736997666e-29], "nsamples": 450}, "deft-news": {"pearson": [0.727237423877891, 1.255734265039132e-50], "spearman": [0.7049299174496606, 2.280304923846044e-46], "nsamples": 300}, "headlines": {"pearson": [0.6782298712835622, 3.542681238877777e-102], "spearman": [0.6596633548746236, 7.347067311672043e-95], "nsamples": 750}, "images": {"pearson": [0.8276607241321535, 8.005475878569193e-190], "spearman": [0.7876673820534285, 1.689003993266752e-159], "nsamples": 750}, "OnWN": {"pearson": [0.7489818083187688, 7.609632463669277e-136], "spearman": [0.777392983349989, 9.383598218239402e-153], "nsamples": 750}, "tweet-news": {"pearson": [0.7428490654636232, 1.717842860779977e-132], "spearman": [0.6786110125706107, 2.474364373668178e-102], "nsamples": 750}, "all": {"pearson": {"mean": 0.7061322720796932, "wmean": 0.7191434564781121}, "spearman": {"mean": 0.6841628621333772, "wmean": 0.6966668426659374}}}, "STS15": {"answers-forums": {"pearson": [0.6637047946164925, 5.708090339596601e-49], "spearman": [0.6669594640377168, 1.3334903083302251e-49], "nsamples": 375}, "answers-students": {"pearson": [0.7508921881974957, 6.5569964981048675e-137], "spearman": [0.7576159102415062, 9.796474770613511e-141], "nsamples": 750}, "belief": {"pearson": [0.7631453907920817, 1.0138169201207855e-72], "spearman": [0.7730693928501952, 9.732121477567752e-76], "nsamples": 375}, "headlines": {"pearson": [0.7778809195168433, 4.57368613213982e-153], "spearman": [0.7799774280458787, 2.0424804383156414e-154], "nsamples": 750}, "images": {"pearson": [0.8752744669310012, 3.436224197581865e-238], "spearman": [0.88416219669213, 1.960680074586261e-249], "nsamples": 750}, "all": {"pearson": {"mean": 0.7661795520107828, "wmean": 0.7793681668374068}, "spearman": {"mean": 0.7723568783734853, "wmean": 0.7854424908558678}}}, "STS16": {"answer-answer": {"pearson": [0.7222029949362961, 3.139745313932626e-42], "spearman": [0.7126911146596178, 1.1010508054633973e-40], "nsamples": 254}, "headlines": {"pearson": [0.7598321813286287, 4.2898900184240556e-48], "spearman": [0.7664326946825867, 2.1619257712691818e-49], "nsamples": 249}, "plagiarism": {"pearson": [0.810778203601997, 6.0808940385163e-55], "spearman": [0.8233567617821689, 5.181364339902865e-58], "nsamples": 230}, "postediting": {"pearson": [0.8325913346954553, 4.970942057672806e-64], "spearman": [0.834242812905613, 1.6670537402012167e-64], "nsamples": 244}, "question-question": {"pearson": [0.6971803711010662, 9.490941553399748e-32], "spearman": [0.6964730166919221, 1.1584529213102416e-31], "nsamples": 209}, "all": {"pearson": {"mean": 0.7645170171326886, "wmean": 0.765581571601114}, "spearman": {"mean": 0.7666392801443818, "wmean": 0.7675846932099385}}}}