{"MR": {"devacc": 70.52, "acc": 72.05, "ndev": 10662, "ntest": 10662}, "CR": {"devacc": 81.22, "acc": 80.66, "ndev": 3775, "ntest": 3775}, "SUBJ": {"devacc": 91.15, "acc": 90.98, "ndev": 10000, "ntest": 10000}, "MPQA": {"devacc": 86.38, "acc": 86.7, "ndev": 10606, "ntest": 10606}, "SST5": {"devacc": 37.78, "acc": 36.79, "ndev": 1101, "ntest": 2210}, "TREC": {"devacc": 84.81, "acc": 88.8, "ndev": 5452, "ntest": 500}, "MRPC": {"devacc": 73.72, "acc": 73.57, "f1": 82.2, "ndev": 4076, "ntest": 1725}, "STS12": {"MSRpar": {"pearson": [0.6201335808749412, 6.689641157746999e-81], "spearman": [0.5843879236564975, 6.833046836056903e-70], "nsamples": 750}, "MSRvid": {"pearson": [0.9016235389167475, 1.7521550056709876e-274], "spearman": [0.8991812459604953, 1.0450913022778346e-270], "nsamples": 750}, "SMTeuroparl": {"pearson": [0.5234199774744349, 1.1988058589917733e-33], "spearman": [0.5467956171733522, 3.805008977460006e-37], "nsamples": 459}, "surprise.OnWN": {"pearson": [0.7164235959299189, 4.5425004894963653e-119], "spearman": [0.7164956160918398, 4.1957534672410987e-119], "nsamples": 750}, "surprise.SMTnews": {"pearson": [0.5415226237147502, 8.825322433219437e-32], "spearman": [0.5307743125521238, 2.2324340862564398e-30], "nsamples": 399}, "all": {"pearson": {"mean": 0.6606246633821585, "wmean": 0.6869217610405909}, "spearman": {"mean": 0.6555269430868618, "wmean": 0.6797962446179184}}}, "STS13": {"FNWN": {"pearson": [0.588732555719143, 5.13056428574453e-19], "spearman": [0.6342838566915308, 1.1478940414086475e-22], "nsamples": 189}, "headlines": {"pearson": [0.7413851379440164, 1.0505000730631982e-131], "spearman": [0.7376085132422643, 1.0611117162154924e-129], "nsamples": 750}, "OnWN": {"pearson": [0.6988639969507346, 2.1200295375491683e-83], "spearman": [0.6981317843670747, 3.708989957903108e-83], "nsamples": 561}, "all": {"pearson": {"mean": 0.6763272302046314, "wmean": 0.706248005852195}, "spearman": {"mean": 0.6900080514336233, "wmean": 0.709825309917551}}}, "STS14": {"deft-forum": {"pearson": [0.569539761167118, 4.704882404620217e-40], "spearman": [0.5501135199884262, 5.886998929480472e-37], "nsamples": 450}, "deft-news": {"pearson": [0.7608290860227925, 6.630449297988605e-58], "spearman": [0.7434158469987955, 5.445827467979636e-54], "nsamples": 300}, "headlines": {"pearson": [0.7259559082440511, 9.939583034476055e-124], "spearman": [0.7089982526135, 1.4320115482900372e-115], "nsamples": 750}, "images": {"pearson": [0.8489198884039357, 2.435844096921354e-209], "spearman": [0.8164246661461387, 1.4672398857965176e-180], "nsamples": 750}, "OnWN": {"pearson": [0.7843297482244804, 2.878916723017678e-157], "spearman": [0.8125634780332143, 1.5989418231622288e-177], "nsamples": 750}, "tweet-news": {"pearson": [0.7831103983198907, 1.8390823390624267e-156], "spearman": [0.7210316282851397, 2.6850046829766914e-121], "nsamples": 750}, "all": {"pearson": {"mean": 0.7454474650637114, "wmean": 0.7576742868603491}, "spearman": {"mean": 0.7254245653442024, "wmean": 0.7372904951741133}}}, "STS15": {"answers-forums": {"pearson": [0.7373192839508711, 1.6146661974166372e-65], "spearman": [0.7425939582848287, 6.420849553700592e-67], "nsamples": 375}, "answers-students": {"pearson": [0.7723069105259476, 1.5103141976834269e-149], "spearman": [0.7770765329923895, 1.4940308997464398e-152], "nsamples": 750}, "belief": {"pearson": [0.8191491782909406, 4.545450641871411e-92], "spearman": [0.8281822399851866, 8.016149279382393e-96], "nsamples": 375}, "headlines": {"pearson": [0.7995871129097539, 8.250843213898469e-168], "spearman": [0.8009933639443272, 7.922994165104251e-169], "nsamples": 750}, "images": {"pearson": [0.9015886670188031, 1.986901397413616e-274], "spearman": [0.906402175723382, 3.639331740454413e-282], "nsamples": 750}, "all": {"pearson": {"mean": 0.8059902305392633, "wmean": 0.8129292303938528}, "spearman": {"mean": 0.8110496541860229, "wmean": 0.8174650429487765}}}, "STS16": {"answer-answer": {"pearson": [0.7520426224968504, 1.590000337978413e-47], "spearman": [0.7517396450880978, 1.815217643219703e-47], "nsamples": 254}, "headlines": {"pearson": [0.7903232820714835, 1.7980069868589785e-54], "spearman": [0.7948024696971657, 1.6912082812081688e-55], "nsamples": 249}, "plagiarism": {"pearson": [0.8389190044369221, 3.6405964450543798e-62], "spearman": [0.8611405843262213, 6.239951978338634e-69], "nsamples": 230}, "postediting": {"pearson": [0.8570178566805092, 1.2353686226017224e-71], "spearman": [0.8589732039588335, 2.645580670778283e-72], "nsamples": 244}, "question-question": {"pearson": [0.7242033306852027, 2.948332835623705e-35], "spearman": [0.7239364996216703, 3.208072562366194e-35], "nsamples": 209}, "all": {"pearson": {"mean": 0.7925012192741935, "wmean": 0.7936185054921949}, "spearman": {"mean": 0.7981184805383978, "wmean": 0.7991586925707306}}}}