{"MR": {"devacc": 71.61, "acc": 72.48, "ndev": 10662, "ntest": 10662}, "CR": {"devacc": 81.81, "acc": 81.25, "ndev": 3775, "ntest": 3775}, "SUBJ": {"devacc": 90.95, "acc": 90.6, "ndev": 10000, "ntest": 10000}, "MPQA": {"devacc": 86.88, "acc": 86.98, "ndev": 10606, "ntest": 10606}, "SST5": {"devacc": 37.24, "acc": 38.01, "ndev": 1101, "ntest": 2210}, "TREC": {"devacc": 85.31, "acc": 90.2, "ndev": 5452, "ntest": 500}, "MRPC": {"devacc": 74.29, "acc": 73.28, "f1": 81.13, "ndev": 4076, "ntest": 1725}, "STS12": {"MSRpar": {"pearson": [0.6300557337748524, 3.2455179988600076e-84], "spearman": [0.5962419993696371, 2.170756665515408e-73], "nsamples": 750}, "MSRvid": {"pearson": [0.9015468950734603, 2.309710538043523e-274], "spearman": [0.8996282089789237, 2.165064728654488e-271], "nsamples": 750}, "SMTeuroparl": {"pearson": [0.5155926947404915, 1.5509787786083637e-32], "spearman": [0.5582200519694426, 5.863033087405516e-39], "nsamples": 459}, "surprise.OnWN": {"pearson": [0.7120988503095533, 5.111620135738315e-117], "spearman": [0.7127765647932575, 2.452619915940082e-117], "nsamples": 750}, "surprise.SMTnews": {"pearson": [0.5742320499163808, 2.2386154425017636e-36], "spearman": [0.5554309791593599, 1.1311960548246662e-33], "nsamples": 399}, "all": {"pearson": {"mean": 0.6667052447629477, "wmean": 0.6912972149842089}, "spearman": {"mean": 0.6644595608541242, "wmean": 0.686719769753836}}}, "STS13": {"FNWN": {"pearson": [0.574681559493807, 5.29382071668294e-18], "spearman": [0.6128793969597083, 7.058760326982447e-21], "nsamples": 189}, "headlines": {"pearson": [0.7351414880837287, 2.0722593726796238e-128], "spearman": [0.7281328190919573, 8.042686878090115e-125], "nsamples": 750}, "OnWN": {"pearson": [0.7138258922784617, 1.5688360185995366e-88], "spearman": [0.7177215723100069, 6.383688883502182e-90], "nsamples": 561}, "all": {"pearson": {"mean": 0.6745496466186657, "wmean": 0.7069515042502287}, "spearman": {"mean": 0.6862445961205575, "wmean": 0.7097170816068445}}}, "STS14": {"deft-forum": {"pearson": [0.570104308154782, 3.7970000297886495e-40], "spearman": [0.5435356510414863, 5.9351128396859306e-36], "nsamples": 450}, "deft-news": {"pearson": [0.7743199973393398, 3.554793479440709e-61], "spearman": [0.7598720041557251, 1.1100228312006002e-57], "nsamples": 300}, "headlines": {"pearson": [0.7297540207756569, 1.2169239304683048e-125], "spearman": [0.7146792062647518, 3.0851625462728316e-118], "nsamples": 750}, "images": {"pearson": [0.8531770037479641, 1.3046594255037499e-213], "spearman": [0.8211517959341033, 2.2327206535083535e-184], "nsamples": 750}, "OnWN": {"pearson": [0.7844704991179663, 2.322341950690067e-157], "spearman": [0.8105810608895484, 5.4452707810959615e-176], "nsamples": 750}, "tweet-news": {"pearson": [0.7758907716175427, 8.477778729967127e-152], "spearman": [0.715096479501947, 1.9535779174191646e-118], "nsamples": 750}, "all": {"pearson": {"mean": 0.7479527667922087, "wmean": 0.759016575817547}, "spearman": {"mean": 0.7274860329645936, "wmean": 0.7383157469755064}}}, "STS15": {"answers-forums": {"pearson": [0.7300144692250501, 1.238029226022494e-63], "spearman": [0.7316809277911366, 4.658485352678584e-64], "nsamples": 375}, "answers-students": {"pearson": [0.7786733966762642, 1.4179778848233142e-153], "spearman": [0.7849571267599302, 1.1035743003197109e-157], "nsamples": 750}, "belief": {"pearson": [0.8236841815438362, 6.308354991860465e-94], "spearman": [0.83648946563698, 1.7904530265755421e-99], "nsamples": 375}, "headlines": {"pearson": [0.7956696289660341, 5.116551532150676e-165], "spearman": [0.7963170295247073, 1.7853653988450094e-165], "nsamples": 750}, "images": {"pearson": [0.9004543468745639, 1.1568333869726676e-272], "spearman": [0.9059262833228343, 2.2102991962474438e-281], "nsamples": 750}, "all": {"pearson": {"mean": 0.8056992046571496, "wmean": 0.8129116744753263}, "spearman": {"mean": 0.8110741666071176, "wmean": 0.8178214090803825}}}, "STS16": {"answer-answer": {"pearson": [0.751905497749095, 1.68828489165991e-47], "spearman": [0.746327339079356, 1.8743217225833394e-46], "nsamples": 254}, "headlines": {"pearson": [0.783581826760002, 5.668178069310135e-53], "spearman": [0.787064042101301, 9.685757383511965e-54], "nsamples": 249}, "plagiarism": {"pearson": [0.8351760747673087, 3.97625601539099e-61], "spearman": [0.8548390100766745, 6.72541891514204e-67], "nsamples": 230}, "postediting": {"pearson": [0.8590622750067277, 2.4648698872247817e-72], "spearman": [0.8611951370792382, 4.46325618388262e-73], "nsamples": 244}, "question-question": {"pearson": [0.7200416353872366, 1.0879719819719812e-34], "spearman": [0.7186036913250908, 1.6988659199865162e-34], "nsamples": 209}, "all": {"pearson": {"mean": 0.789953461934074, "wmean": 0.7911351310164972}, "spearman": {"mean": 0.7936058439323321, "wmean": 0.79467019212588}}}}