{"MR": {"devacc": 69.24, "acc": 69.57, "ndev": 10662, "ntest": 10662}, "CR": {"devacc": 78.99, "acc": 79.15, "ndev": 3775, "ntest": 3775}, "SUBJ": {"devacc": 89.26, "acc": 89.08, "ndev": 10000, "ntest": 10000}, "MPQA": {"devacc": 85.2, "acc": 85.74, "ndev": 10606, "ntest": 10606}, "SST5": {"devacc": 38.78, "acc": 39.05, "ndev": 1101, "ntest": 2210}, "TREC": {"devacc": 80.06, "acc": 85.6, "ndev": 5452, "ntest": 500}, "MRPC": {"devacc": 74.07, "acc": 63.83, "f1": 66.74, "ndev": 4076, "ntest": 1725}, "STS12": {"MSRpar": {"pearson": [0.6027643699759587, 2.233432776526277e-75], "spearman": [0.5875668329674081, 8.141603294082534e-71], "nsamples": 750}, "MSRvid": {"pearson": [0.8886547043050768, 1.78770847199512e-255], "spearman": [0.8852343057126889, 7.48138689370398e-251], "nsamples": 750}, "SMTeuroparl": {"pearson": [0.5081197735663668, 1.6809457133458219e-31], "spearman": [0.538470226838839, 7.207599144025965e-36], "nsamples": 459}, "surprise.OnWN": {"pearson": [0.7024092383865784, 1.476581748244612e-112], "spearman": [0.7038900601035454, 3.1572964919436753e-113], "nsamples": 750}, "surprise.SMTnews": {"pearson": [0.545197192784816, 2.846950956989021e-32], "spearman": [0.5422335808279325, 7.097989796538562e-32], "nsamples": 399}, "all": {"pearson": {"mean": 0.6494290558037593, "wmean": 0.6744311101958862}, "spearman": {"mean": 0.6514790012900827, "wmean": 0.6743975006296988}}}, "STS13": {"FNWN": {"pearson": [0.4777882388749479, 3.598774766660573e-12], "spearman": [0.5047020178510787, 1.310887362148422e-13], "nsamples": 189}, "headlines": {"pearson": [0.7188999201688955, 2.9198433148485192e-120], "spearman": [0.7113618475465161, 1.1332812255334462e-116], "nsamples": 750}, "OnWN": {"pearson": [0.6823289139581619, 4.345350811506985e-78], "spearman": [0.6812309825163279, 9.512203889866287e-78], "nsamples": 561}, "all": {"pearson": {"mean": 0.6263390243340018, "wmean": 0.6748422920030438}, "spearman": {"mean": 0.6324316159713076, "wmean": 0.6740537654836006}}}, "STS14": {"deft-forum": {"pearson": [0.5612975675027567, 1.0272461560566792e-38], "spearman": [0.539137016475466, 2.7054281876401627e-35], "nsamples": 450}, "deft-news": {"pearson": [0.7300659827052158, 3.377291929737393e-51], "spearman": [0.720876992388099, 2.267527645883473e-49], "nsamples": 300}, "headlines": {"pearson": [0.709654517985841, 7.098904734340357e-116], "spearman": [0.6930412798534659, 2.0560523686856742e-108], "nsamples": 750}, "images": {"pearson": [0.8384786759098115, 2.121255787813849e-199], "spearman": [0.8051270153997329, 7.239067137062499e-172], "nsamples": 750}, "OnWN": {"pearson": [0.7767524617457863, 2.4036414460183076e-152], "spearman": [0.8012907058586345, 4.815879567142583e-169], "nsamples": 750}, "tweet-news": {"pearson": [0.7518633466778991, 1.869605225515473e-137], "spearman": [0.6913119836555075, 1.1497600699173847e-107], "nsamples": 750}, "all": {"pearson": {"mean": 0.7280187587545517, "wmean": 0.7411107871806157}, "spearman": {"mean": 0.7084641656051508, "wmean": 0.720520798321572}}}, "STS15": {"answers-forums": {"pearson": [0.6960520090931898, 1.2717411737731543e-55], "spearman": [0.707131926852946, 4.1427486984583046e-58], "nsamples": 375}, "answers-students": {"pearson": [0.7664119686275006, 6.207302296209449e-146], "spearman": [0.7704348766711455, 2.179847300409383e-148], "nsamples": 750}, "belief": {"pearson": [0.7887625541022188, 7.744610624406769e-81], "spearman": [0.7955835213363373, 3.4276943176219526e-83], "nsamples": 375}, "headlines": {"pearson": [0.780966162737097, 4.658599597406057e-155], "spearman": [0.7796115707691461, 3.52235278259828e-154], "nsamples": 750}, "images": {"pearson": [0.8896124583522538, 8.530999709873388e-257], "spearman": [0.8978550174334498, 1.0691664314770998e-268], "nsamples": 750}, "all": {"pearson": {"mean": 0.784361030582452, "wmean": 0.794849467828639}, "spearman": {"mean": 0.790123382612605, "wmean": 0.7998147972420957}}}, "STS16": {"answer-answer": {"pearson": [0.7331367258409669, 4.360043910978796e-44], "spearman": [0.727700828439176, 3.751652141293979e-43], "nsamples": 254}, "headlines": {"pearson": [0.7646155768827531, 4.9695276713408535e-49], "spearman": [0.7690224601623965, 6.515514731376227e-50], "nsamples": 249}, "plagiarism": {"pearson": [0.8258628015782946, 1.1849984227976281e-58], "spearman": [0.8429322739347209, 2.6176988830066505e-63], "nsamples": 230}, "postediting": {"pearson": [0.8515310107869124, 8.277265016969094e-70], "spearman": [0.8497117300045167, 3.2148070543948596e-69], "nsamples": 244}, "question-question": {"pearson": [0.7007181374377137, 3.47158218145543e-32], "spearman": [0.6976440554777701, 8.325773299165042e-32], "nsamples": 209}, "all": {"pearson": {"mean": 0.7751728505053281, "wmean": 0.7763727729569205}, "spearman": {"mean": 0.7774022696037161, "wmean": 0.7785280739670567}}}}