{"MR": {"devacc": 71.27, "acc": 71.72, "ndev": 10662, "ntest": 10662}, "CR": {"devacc": 81.98, "acc": 80.56, "ndev": 3775, "ntest": 3775}, "SUBJ": {"devacc": 91.08, "acc": 90.47, "ndev": 10000, "ntest": 10000}, "MPQA": {"devacc": 86.75, "acc": 86.32, "ndev": 10606, "ntest": 10606}, "SST5": {"devacc": 39.87, "acc": 41.22, "ndev": 1101, "ntest": 2210}, "TREC": {"devacc": 85.36, "acc": 89.0, "ndev": 5452, "ntest": 500}, "MRPC": {"devacc": 74.04, "acc": 67.83, "f1": 72.99, "ndev": 4076, "ntest": 1725}, "STS12": {"MSRpar": {"pearson": [0.6252395008493548, 1.364333850142811e-82], "spearman": [0.5953401314558379, 4.053890181983682e-73], "nsamples": 750}, "MSRvid": {"pearson": [0.902541696648126, 6.287505937634718e-276], "spearman": [0.8994048342998391, 4.759387724270689e-271], "nsamples": 750}, "SMTeuroparl": {"pearson": [0.5145345564803755, 2.1812786863308594e-32], "spearman": [0.5497666846952292, 1.3054508135049326e-37], "nsamples": 459}, "surprise.OnWN": {"pearson": [0.725989121323217, 9.567255485564348e-124], "spearman": [0.7295640046484633, 1.5194892267173054e-125], "nsamples": 750}, "surprise.SMTnews": {"pearson": [0.5652580227509628, 4.592118799027145e-35], "spearman": [0.5456107131725065, 2.5044103620912015e-32], "nsamples": 399}, "all": {"pearson": {"mean": 0.6667125796104072, "wmean": 0.6924186137765926}, "spearman": {"mean": 0.6639372736543752, "wmean": 0.6879901256866298}}}, "STS13": {"FNWN": {"pearson": [0.5821464487729979, 1.553640320868605e-18], "spearman": [0.6227855858362176, 1.0913557287084025e-21], "nsamples": 189}, "headlines": {"pearson": [0.7400842023186015, 5.197398789434526e-131], "spearman": [0.7312797619730999, 2.0321279790169765e-126], "nsamples": 750}, "OnWN": {"pearson": [0.7142701745259709, 1.0918840446433774e-88], "spearman": [0.7158305566110087, 3.040654539625582e-89], "nsamples": 561}, "all": {"pearson": {"mean": 0.6788336085391902, "wmean": 0.7105295989774116}, "spearman": {"mean": 0.689965301473442, "wmean": 0.7118314929744306}}}, "STS14": {"deft-forum": {"pearson": [0.5601257376175957, 1.581369646348556e-38], "spearman": [0.541777071189967, 1.0914071858786974e-35], "nsamples": 450}, "deft-news": {"pearson": [0.7661145115032663, 3.685183833027504e-59], "spearman": [0.751677534099911, 8.305852574469336e-56], "nsamples": 300}, "headlines": {"pearson": [0.7353824342060221, 1.552483036564866e-128], "spearman": [0.7184235548997896, 4.961898189502549e-120], "nsamples": 750}, "images": {"pearson": [0.8555924726788806, 4.2801173731223607e-216], "spearman": [0.8221736419571992, 3.2264718228202345e-185], "nsamples": 750}, "OnWN": {"pearson": [0.7920887123493904, 1.616512993714427e-162], "spearman": [0.8173727671625932, 2.5686812729658706e-181], "nsamples": 750}, "tweet-news": {"pearson": [0.7815708783527303, 1.879362928753382e-155], "spearman": [0.7169192407046614, 2.6287547534308736e-119], "nsamples": 750}, "all": {"pearson": {"mean": 0.7484791244513143, "wmean": 0.7614311489517775}, "spearman": {"mean": 0.7280573016690202, "wmean": 0.7401252922156376}}}, "STS15": {"answers-forums": {"pearson": [0.7358150463963308, 3.9930097054348595e-65], "spearman": [0.7412594654098352, 1.4626641276328417e-66], "nsamples": 375}, "answers-students": {"pearson": [0.7744392141185928, 6.997108083051334e-151], "spearman": [0.7791421842377909, 7.076461680876663e-154], "nsamples": 750}, "belief": {"pearson": [0.824993590299589, 1.7931037518450745e-94], "spearman": [0.8331599242931594, 5.5010302224877254e-98], "nsamples": 375}, "headlines": {"pearson": [0.7992559874682869, 1.4286631622700864e-167], "spearman": [0.8006350805175441, 1.441881568455695e-168], "nsamples": 750}, "images": {"pearson": [0.9041793125709343, 1.5309643423240944e-278], "spearman": [0.9100935147315865, 2.1772647661605446e-288], "nsamples": 750}, "all": {"pearson": {"mean": 0.8077366301707467, "wmean": 0.8145697081264434}, "spearman": {"mean": 0.8128580338379832, "wmean": 0.8192701185846047}}}, "STS16": {"answer-answer": {"pearson": [0.7619977426806965, 1.8345026560949736e-49], "spearman": [0.7610389100474935, 2.846311152083458e-49], "nsamples": 254}, "headlines": {"pearson": [0.7907852431211347, 1.4127930159656396e-54], "spearman": [0.7954488935192431, 1.1965502051828376e-55], "nsamples": 249}, "plagiarism": {"pearson": [0.8357279661351097, 2.805583808732608e-61], "spearman": [0.8559587066803215, 2.976212817960295e-67], "nsamples": 230}, "postediting": {"pearson": [0.8571092583176677, 1.1500956641124483e-71], "spearman": [0.8587821780344547, 3.0785665272306567e-72], "nsamples": 244}, "question-question": {"pearson": [0.7039424994901459, 1.3702869592991073e-32], "spearman": [0.7042400253675561, 1.2568524347022094e-32], "nsamples": 209}, "all": {"pearson": {"mean": 0.7899125419489509, "wmean": 0.79167708753127}, "spearman": {"mean": 0.7950937427298137, "wmean": 0.7967708068440598}}}}