{"MR": {"devacc": 70.21, "acc": 68.47, "ndev": 10662, "ntest": 10662}, "CR": {"devacc": 79.74, "acc": 79.73, "ndev": 3775, "ntest": 3775}, "SUBJ": {"devacc": 90.57, "acc": 90.37, "ndev": 10000, "ntest": 10000}, "MPQA": {"devacc": 85.63, "acc": 86.18, "ndev": 10606, "ntest": 10606}, "SST5": {"devacc": 38.15, "acc": 38.01, "ndev": 1101, "ntest": 2210}, "TREC": {"devacc": 81.02, "acc": 89.2, "ndev": 5452, "ntest": 500}, "MRPC": {"devacc": 72.67, "acc": 68.64, "f1": 75.29, "ndev": 4076, "ntest": 1725}, "STS12": {"MSRpar": {"pearson": [0.6113505180572948, 4.58547526945309e-78], "spearman": [0.5863330681705621, 1.864230715053102e-70], "nsamples": 750}, "MSRvid": {"pearson": [0.9007076370655102, 4.6879358599494394e-273], "spearman": [0.8997705494436662, 1.3093852363318955e-271], "nsamples": 750}, "SMTeuroparl": {"pearson": [0.5213683378672814, 2.3603734011586657e-33], "spearman": [0.5558087032464027, 1.433750771451736e-38], "nsamples": 459}, "surprise.OnWN": {"pearson": [0.7082220079595024, 3.275826114106316e-115], "spearman": [0.7152620753256211, 1.6292110041706869e-118], "nsamples": 750}, "surprise.SMTnews": {"pearson": [0.5562012467602352, 8.833481398864107e-34], "spearman": [0.5376485239279458, 2.865870467812706e-31], "nsamples": 399}, "all": {"pearson": {"mean": 0.6595699495419648, "wmean": 0.6841835543275889}, "spearman": {"mean": 0.6589645840228395, "wmean": 0.6823237533919679}}}, "STS13": {"FNWN": {"pearson": [0.5514113953942952, 1.9935846288774622e-16], "spearman": [0.5929779267624365, 2.4782913558219467e-19], "nsamples": 189}, "headlines": {"pearson": [0.7209358290703679, 2.9904005642959053e-121], "spearman": [0.7126013959844274, 2.9658727787668057e-117], "nsamples": 750}, "OnWN": {"pearson": [0.7083108757160569, 1.3326214326430846e-86], "spearman": [0.7074842874940659, 2.570143145817279e-86], "nsamples": 561}, "all": {"pearson": {"mean": 0.6602193667269067, "wmean": 0.6948540178726704}, "spearman": {"mean": 0.6710212034136432, "wmean": 0.6956150402870613}}}, "STS14": {"deft-forum": {"pearson": [0.5672949239747365, 1.0990256072823452e-39], "spearman": [0.5438167011076304, 5.382740412267312e-36], "nsamples": 450}, "deft-news": {"pearson": [0.7645176047477042, 8.894848587478506e-59], "spearman": [0.7504322381778564, 1.5767925584540812e-55], "nsamples": 300}, "headlines": {"pearson": [0.7063911791908491, 2.2816959691740675e-114], "spearman": [0.687370923739323, 5.555742527342274e-106], "nsamples": 750}, "images": {"pearson": [0.8349200324127646, 3.576476001990458e-196], "spearman": [0.8052190534768748, 6.182768081681106e-172], "nsamples": 750}, "OnWN": {"pearson": [0.783496223659351, 1.024076261327426e-156], "spearman": [0.8082473134748757, 3.2864416706870864e-174], "nsamples": 750}, "tweet-news": {"pearson": [0.7676464586610572, 1.1091730645831542e-146], "spearman": [0.711203161950868, 1.3447622128860286e-116], "nsamples": 750}, "all": {"pearson": {"mean": 0.7373777371077438, "wmean": 0.7477275780415892}, "spearman": {"mean": 0.7177148986545713, "wmean": 0.7277006737155324}}}, "STS15": {"answers-forums": {"pearson": [0.7153507153183934, 4.9639971325419504e-60], "spearman": [0.7131686185096628, 1.631488667997357e-59], "nsamples": 375}, "answers-students": {"pearson": [0.7739294748248878, 1.4628017451509355e-150], "spearman": [0.7777293075084807, 5.719109242508678e-153], "nsamples": 750}, "belief": {"pearson": [0.8039970295208899, 3.197965777591353e-86], "spearman": [0.8159256194715054, 8.843234845690713e-91], "nsamples": 375}, "headlines": {"pearson": [0.7864903284928539, 1.0452238875497383e-158], "spearman": [0.7867322299810378, 7.193478799616777e-159], "nsamples": 750}, "images": {"pearson": [0.9005462377051948, 8.338249490641959e-273], "spearman": [0.9066894854894596, 1.2190124922224914e-282], "nsamples": 750}, "all": {"pearson": {"mean": 0.796062757172444, "wmean": 0.8051599783606445}, "spearman": {"mean": 0.8000490521920292, "wmean": 0.8089245354923905}}}, "STS16": {"answer-answer": {"pearson": [0.7442517826654034, 4.517189849488595e-46], "spearman": [0.737668095473281, 6.95965163419768e-45], "nsamples": 254}, "headlines": {"pearson": [0.7814856026517548, 1.6163276389571057e-52], "spearman": [0.7875360560763147, 7.603544435971102e-54], "nsamples": 249}, "plagiarism": {"pearson": [0.8322625559585635, 2.4537095518308897e-60], "spearman": [0.845785248545977, 3.850315549446483e-64], "nsamples": 230}, "postediting": {"pearson": [0.8506347712563732, 1.6186785753342022e-69], "spearman": [0.8488345868057344, 6.144443549960266e-69], "nsamples": 244}, "question-question": {"pearson": [0.6854033264094822, 2.4353958790186943e-30], "spearman": [0.689716930271884, 7.554470917476309e-31], "nsamples": 209}, "all": {"pearson": {"mean": 0.7788076077883155, "wmean": 0.7806529807199881}, "spearman": {"mean": 0.7819081834346383, "wmean": 0.7835255134791007}}}}