{"MR": {"devacc": 69.98, "acc": 69.25, "ndev": 10662, "ntest": 10662}, "CR": {"devacc": 78.86, "acc": 77.06, "ndev": 3775, "ntest": 3775}, "SUBJ": {"devacc": 88.7, "acc": 88.1, "ndev": 10000, "ntest": 10000}, "MPQA": {"devacc": 85.33, "acc": 85.73, "ndev": 10606, "ntest": 10606}, "SST5": {"devacc": 38.33, "acc": 41.27, "ndev": 1101, "ntest": 2210}, "TREC": {"devacc": 79.27, "acc": 85.6, "ndev": 5452, "ntest": 500}, "MRPC": {"devacc": 73.14, "acc": 71.25, "f1": 79.77, "ndev": 4076, "ntest": 1725}, "STS12": {"MSRpar": {"pearson": [0.5877645636211135, 7.12695444541593e-71], "spearman": [0.5580034374288149, 1.3310283360051037e-62], "nsamples": 750}, "MSRvid": {"pearson": [0.8837381653440755, 7.071985903889834e-249], "spearman": [0.8826831355106433, 1.6840981948560153e-247], "nsamples": 750}, "SMTeuroparl": {"pearson": [0.5185136336386446, 6.0126038120259456e-33], "spearman": [0.5381222342284595, 8.136054943110092e-36], "nsamples": 459}, "surprise.OnWN": {"pearson": [0.70446755524193, 1.725511640292947e-113], "spearman": [0.7074304341133008, 7.595811687663236e-115], "nsamples": 750}, "surprise.SMTnews": {"pearson": [0.5698981191452168, 9.741767750941219e-36], "spearman": [0.5447918194873684, 3.2276219077825425e-32], "nsamples": 399}, "all": {"pearson": {"mean": 0.6528764073981961, "wmean": 0.674827805834755}, "spearman": {"mean": 0.6462062121537173, "wmean": 0.6677792138918572}}}, "STS13": {"FNWN": {"pearson": [0.5303716105193477, 4.194815190486183e-15], "spearman": [0.5648908938096958, 2.5228401011915746e-17], "nsamples": 189}, "headlines": {"pearson": [0.7168554124496159, 2.820780727489263e-119], "spearman": [0.7081456706326047, 3.5530261476439674e-115], "nsamples": 750}, "OnWN": {"pearson": [0.70504413711615, 1.7629582959009822e-85], "spearman": [0.7044118681475539, 2.894222052177934e-85], "nsamples": 561}, "all": {"pearson": {"mean": 0.6507570533617045, "wmean": 0.6889410364316859}, "spearman": {"mean": 0.6591494775299515, "wmean": 0.6886991266235092}}}, "STS14": {"deft-forum": {"pearson": [0.531138883504847, 4.032739575836962e-34], "spearman": [0.5066885134927915, 1.0115350326334438e-30], "nsamples": 450}, "deft-news": {"pearson": [0.7254976108827638, 2.7935187346805533e-50], "spearman": [0.7074447119777347, 7.906380161482249e-47], "nsamples": 300}, "headlines": {"pearson": [0.7033277550033074, 5.678055151867019e-113], "spearman": [0.6843688812318892, 1.0225062448904517e-104], "nsamples": 750}, "images": {"pearson": [0.8321223017775706, 1.0883105775572308e-193], "spearman": [0.798164472763157, 8.66423632694322e-167], "nsamples": 750}, "OnWN": {"pearson": [0.781700508973197, 1.5464421765375373e-155], "spearman": [0.8066810248298328, 4.99072747214847e-173], "nsamples": 750}, "tweet-news": {"pearson": [0.7575067025344334, 1.1329357961283177e-140], "spearman": [0.6980543272447782, 1.3050102014026154e-110], "nsamples": 750}, "all": {"pearson": {"mean": 0.7218822937793532, "wmean": 0.7367079285489043}, "spearman": {"mean": 0.7002336552566972, "wmean": 0.7148519397912853}}}, "STS15": {"answers-forums": {"pearson": [0.6720713033940778, 1.3087773735191155e-50], "spearman": [0.6752659424479027, 2.9957937377817325e-51], "nsamples": 375}, "answers-students": {"pearson": [0.7676062686084714, 1.1733328554991812e-146], "spearman": [0.7786464603380654, 1.4756770291702542e-153], "nsamples": 750}, "belief": {"pearson": [0.8046851801740448, 1.780432379002567e-86], "spearman": [0.8044222169772897, 2.2276109615721386e-86], "nsamples": 375}, "headlines": {"pearson": [0.7906780990441067, 1.5126475952971226e-161], "spearman": [0.790886563199574, 1.0881544764020902e-161], "nsamples": 750}, "images": {"pearson": [0.8867868121420169, 6.232929133127851e-253], "spearman": [0.8930591222070416, 1.182986921056322e-261], "nsamples": 750}, "all": {"pearson": {"mean": 0.7843655326725435, "wmean": 0.7958623553946642}, "spearman": {"mean": 0.7884560610339747, "wmean": 0.8006090563643192}}}, "STS16": {"answer-answer": {"pearson": [0.7421227720769704, 1.1038497641317238e-45], "spearman": [0.7346548890159847, 2.3676926878271557e-44], "nsamples": 254}, "headlines": {"pearson": [0.7833358271239589, 6.413748508615241e-53], "spearman": [0.7831802198655831, 6.9346368634276495e-53], "nsamples": 249}, "plagiarism": {"pearson": [0.831961523860517, 2.9554035465270344e-60], "spearman": [0.8497089459955357, 2.5862250096605257e-65], "nsamples": 230}, "postediting": {"pearson": [0.8400506340533426, 3.242104190347855e-66], "spearman": [0.8440926263371383, 1.901315270294704e-67], "nsamples": 244}, "question-question": {"pearson": [0.6991467597496797, 5.436547457101472e-32], "spearman": [0.6938017099929713, 2.446501084989532e-31], "nsamples": 209}, "all": {"pearson": {"mean": 0.7793235033728937, "wmean": 0.7807714865480891}, "spearman": {"mean": 0.7810876782414427, "wmean": 0.7824708535837742}}}}