{"MR": {"devacc": 70.66, "acc": 72.45, "ndev": 10662, "ntest": 10662}, "CR": {"devacc": 81.85, "acc": 81.32, "ndev": 3775, "ntest": 3775}, "SUBJ": {"devacc": 90.98, "acc": 90.74, "ndev": 10000, "ntest": 10000}, "MPQA": {"devacc": 86.53, "acc": 85.72, "ndev": 10606, "ntest": 10606}, "SST5": {"devacc": 40.05, "acc": 38.51, "ndev": 1101, "ntest": 2210}, "TREC": {"devacc": 84.12, "acc": 88.8, "ndev": 5452, "ntest": 500}, "MRPC": {"devacc": 75.05, "acc": 72.93, "f1": 81.91, "ndev": 4076, "ntest": 1725}, "STS12": {"MSRpar": {"pearson": [0.6214864381962422, 2.4018135706528217e-81], "spearman": [0.5936954935078524, 1.2598967760086757e-72], "nsamples": 750}, "MSRvid": {"pearson": [0.893079225064524, 1.1070293348747776e-261], "spearman": [0.8919887785068475, 3.974077640667264e-260], "nsamples": 750}, "SMTeuroparl": {"pearson": [0.5365578819409381, 1.40029371150282e-35], "spearman": [0.576847734447084, 4.552553738422729e-42], "nsamples": 459}, "surprise.OnWN": {"pearson": [0.713536862268569, 1.0733282528157668e-117], "spearman": [0.7223907787351317, 5.795217098763173e-122], "nsamples": 750}, "surprise.SMTnews": {"pearson": [0.5671016695097645, 2.487344975917665e-35], "spearman": [0.53750430906073, 2.9934409353587153e-31], "nsamples": 399}, "all": {"pearson": {"mean": 0.6663524153960075, "wmean": 0.6897138121275058}, "spearman": {"mean": 0.6644854188515292, "wmean": 0.6870314084584351}}}, "STS13": {"FNWN": {"pearson": [0.5947621414017453, 1.8194808813881602e-19], "spearman": [0.6341671455895591, 1.1749960765197695e-22], "nsamples": 189}, "headlines": {"pearson": [0.7343744229356843, 5.185638725100073e-128], "spearman": [0.72909869018131, 2.6151743501774566e-125], "nsamples": 750}, "OnWN": {"pearson": [0.7195299659767656, 1.4176374359372247e-90], "spearman": [0.7219203264661503, 1.9045591445477217e-91], "nsamples": 561}, "all": {"pearson": {"mean": 0.682888843438065, "wmean": 0.7112314485597725}, "spearman": {"mean": 0.6950620540790066, "wmean": 0.7144526075332797}}}, "STS14": {"deft-forum": {"pearson": [0.5549017766902468, 1.059925883538209e-37], "spearman": [0.5317639744798377, 3.2735630425617864e-34], "nsamples": 450}, "deft-news": {"pearson": [0.7680746592306329, 1.2374717205968408e-59], "spearman": [0.7544358538008982, 1.980713032354606e-56], "nsamples": 300}, "headlines": {"pearson": [0.733166486006231, 2.1842928723712654e-127], "spearman": [0.7143707497957068, 4.3225963856676306e-118], "nsamples": 750}, "images": {"pearson": [0.8479833366023062, 2.0352097787954817e-208], "spearman": [0.8172161379098911, 3.427978575544228e-181], "nsamples": 750}, "OnWN": {"pearson": [0.7884916617786112, 4.6804303896205164e-160], "spearman": [0.8120594807050723, 3.9363324884129495e-177], "nsamples": 750}, "tweet-news": {"pearson": [0.7726732300438234, 8.931086357232005e-150], "spearman": [0.7135195553153105, 1.093743147884363e-117], "nsamples": 750}, "all": {"pearson": {"mean": 0.7442151917253086, "wmean": 0.7564971288274746}, "spearman": {"mean": 0.7238942920011194, "wmean": 0.7355997299868485}}}, "STS15": {"answers-forums": {"pearson": [0.7468940447511818, 4.367445382467155e-68], "spearman": [0.7563357420888461, 9.822001735363702e-71], "nsamples": 375}, "answers-students": {"pearson": [0.7729605259498458, 5.911007378580478e-150], "spearman": [0.7791449235149914, 7.047744523217854e-154], "nsamples": 750}, "belief": {"pearson": [0.82855811487568, 5.5339797187932726e-96], "spearman": [0.8374139890442739, 6.823129549678175e-100], "nsamples": 375}, "headlines": {"pearson": [0.7954518118169943, 7.285290393925496e-165], "spearman": [0.7974187299360538, 2.9497509838329675e-166], "nsamples": 750}, "images": {"pearson": [0.9003314331923108, 1.7916614414115724e-272], "spearman": [0.9062527455028937, 6.419035868421678e-282], "nsamples": 750}, "all": {"pearson": {"mean": 0.8088391861172026, "wmean": 0.8141174626931454}, "spearman": {"mean": 0.8153132260174119, "wmean": 0.8199228161301246}}}, "STS16": {"answer-answer": {"pearson": [0.7504363203717788, 3.2023471257524514e-47], "spearman": [0.742354151932436, 1.0021283258367545e-45], "nsamples": 254}, "headlines": {"pearson": [0.7768854565792844, 1.5480674822610638e-51], "spearman": [0.7836088532052911, 5.591688717251926e-53], "nsamples": 249}, "plagiarism": {"pearson": [0.8260147618775602, 1.0827694110122262e-58], "spearman": [0.8463698954974116, 2.5871752091595216e-64], "nsamples": 230}, "postediting": {"pearson": [0.8544008314830037, 9.378420329178355e-71], "spearman": [0.8541506372012732, 1.1360243129823566e-70], "nsamples": 244}, "question-question": {"pearson": [0.7111906810018876, 1.6183834278756204e-33], "spearman": [0.711572811726266, 1.4433643540854368e-33], "nsamples": 209}, "all": {"pearson": {"mean": 0.7837856102627029, "wmean": 0.7851191859239122}, "spearman": {"mean": 0.7876112699125356, "wmean": 0.7887631603130364}}}}