{"MR": {"devacc": 70.66, "acc": 69.58, "ndev": 10662, "ntest": 10662}, "CR": {"devacc": 79.74, "acc": 80.16, "ndev": 3775, "ntest": 3775}, "SUBJ": {"devacc": 89.53, "acc": 89.05, "ndev": 10000, "ntest": 10000}, "MPQA": {"devacc": 85.46, "acc": 85.93, "ndev": 10606, "ntest": 10606}, "SST5": {"devacc": 38.96, "acc": 40.5, "ndev": 1101, "ntest": 2210}, "TREC": {"devacc": 82.04, "acc": 85.6, "ndev": 5452, "ntest": 500}, "MRPC": {"devacc": 72.5, "acc": 72.23, "f1": 80.1, "ndev": 4076, "ntest": 1725}, "STS12": {"MSRpar": {"pearson": [0.6173031956498325, 5.612016663357004e-80], "spearman": [0.5742271576052569, 5.252363002518444e-67], "nsamples": 750}, "MSRvid": {"pearson": [0.895405821410689, 4.667860009842263e-265], "spearman": [0.8919838573098497, 4.0384669099107314e-260], "nsamples": 750}, "SMTeuroparl": {"pearson": [0.5487187667504422, 1.9061515357864445e-37], "spearman": [0.6140162321455999, 6.606865468790317e-49], "nsamples": 459}, "surprise.OnWN": {"pearson": [0.7142767656100245, 4.789974301741009e-118], "spearman": [0.7129414540631009, 2.0506614232138323e-117], "nsamples": 750}, "surprise.SMTnews": {"pearson": [0.547184882750021, 1.534821615351809e-32], "spearman": [0.49469251773149553, 5.1167649489619866e-26], "nsamples": 399}, "all": {"pearson": {"mean": 0.6645778864342018, "wmean": 0.6886834038476901}, "spearman": {"mean": 0.6575722437710606, "wmean": 0.6800450826458663}}}, "STS13": {"FNWN": {"pearson": [0.5297903043011422, 4.549637329089242e-15], "spearman": [0.5483557742707619, 3.144638892901112e-16], "nsamples": 189}, "headlines": {"pearson": [0.7192341386574705, 2.0114224575780293e-120], "spearman": [0.709076432782117, 1.3173040498767704e-115], "nsamples": 750}, "OnWN": {"pearson": [0.7128510005319753, 3.4666634401200126e-88], "spearman": [0.7107193334620638, 1.9401083143953058e-87], "nsamples": 561}, "all": {"pearson": {"mean": 0.6539584811635294, "wmean": 0.6929769218696379}, "spearman": {"mean": 0.6560505135049809, "wmean": 0.6894400746639864}}}, "STS14": {"deft-forum": {"pearson": [0.5625805879366337, 6.392650416511502e-39], "spearman": [0.5443391364431427, 4.487799797232076e-36], "nsamples": 450}, "deft-news": {"pearson": [0.7597558012791324, 1.1814941055415572e-57], "spearman": [0.7575546311647173, 3.827114499254434e-57], "nsamples": 300}, "headlines": {"pearson": [0.7127326491736505, 2.5723187780849133e-117], "spearman": [0.693487559620086, 1.315970785384533e-108], "nsamples": 750}, "images": {"pearson": [0.8395621521175741, 2.130653616396477e-200], "spearman": [0.8079422550172332, 5.593486883890161e-174], "nsamples": 750}, "OnWN": {"pearson": [0.7876748848195324, 1.6694323619565195e-159], "spearman": [0.8107311272121155, 4.1751186198346315e-176], "nsamples": 750}, "tweet-news": {"pearson": [0.7738432740258392, 1.6567691583089771e-150], "spearman": [0.7129245422182273, 2.0886684508781397e-117], "nsamples": 750}, "all": {"pearson": {"mean": 0.7393582248920604, "wmean": 0.7510527266820458}, "spearman": {"mean": 0.7211632086125871, "wmean": 0.7309421636798868}}}, "STS15": {"answers-forums": {"pearson": [0.6921558151628003, 8.957539811726938e-55], "spearman": [0.6918031988187735, 1.0672112355203738e-54], "nsamples": 375}, "answers-students": {"pearson": [0.7634459445937298, 3.724481985612419e-144], "spearman": [0.7698165198708533, 5.2354738427439855e-148], "nsamples": 750}, "belief": {"pearson": [0.810206864968551, 1.4866833680052312e-88], "spearman": [0.8170483504958738, 3.1662605494505795e-91], "nsamples": 375}, "headlines": {"pearson": [0.7763850898254968, 4.116728802180731e-152], "spearman": [0.7788116969408452, 1.1552998006478218e-153], "nsamples": 750}, "images": {"pearson": [0.8937012944906475, 1.4107851761033004e-262], "spearman": [0.9011302643614344, 1.0329172035906729e-273], "nsamples": 750}, "all": {"pearson": {"mean": 0.7871790018082451, "wmean": 0.7961784172438875}, "spearman": {"mean": 0.791722006097556, "wmean": 0.8010460639576141}}}, "STS16": {"answer-answer": {"pearson": [0.7340138787726666, 3.065545227754102e-44], "spearman": [0.7313685015094786, 8.831829913210875e-44], "nsamples": 254}, "headlines": {"pearson": [0.7729489724800035, 1.0258118641148173e-50], "spearman": [0.7774206552258771, 1.1935325364774065e-51], "nsamples": 249}, "plagiarism": {"pearson": [0.8189708724348639, 6.482834759460945e-57], "spearman": [0.8311196823927984, 4.9625982194806934e-60], "nsamples": 230}, "postediting": {"pearson": [0.8547585004106593, 7.1258370346721125e-71], "spearman": [0.8526953212773881, 3.440411252389413e-70], "nsamples": 244}, "question-question": {"pearson": [0.7068269483098963, 5.902165611011568e-33], "spearman": [0.7039387880239902, 1.371763871393834e-32], "nsamples": 209}, "all": {"pearson": {"mean": 0.7775038344816179, "wmean": 0.7787141874475263}, "spearman": {"mean": 0.7793085896859064, "wmean": 0.7805090510739386}}}}