{"MR": {"devacc": 71.1, "acc": 69.4, "ndev": 10662, "ntest": 10662}, "CR": {"devacc": 80.84, "acc": 80.27, "ndev": 3775, "ntest": 3775}, "SUBJ": {"devacc": 90.9, "acc": 90.86, "ndev": 10000, "ntest": 10000}, "MPQA": {"devacc": 86.12, "acc": 86.21, "ndev": 10606, "ntest": 10606}, "SST5": {"devacc": 38.78, "acc": 40.41, "ndev": 1101, "ntest": 2210}, "TREC": {"devacc": 84.35, "acc": 88.6, "ndev": 5452, "ntest": 500}, "MRPC": {"devacc": 73.72, "acc": 67.42, "f1": 80.31, "ndev": 4076, "ntest": 1725}, "STS12": {"MSRpar": {"pearson": [0.6034581021790565, 1.3641322799458387e-75], "spearman": [0.5756583230347211, 2.0892578789483637e-67], "nsamples": 750}, "MSRvid": {"pearson": [0.8991082611685967, 1.3504807350163685e-270], "spearman": [0.8969865562650489, 2.139287244133718e-267], "nsamples": 750}, "SMTeuroparl": {"pearson": [0.5109705399593956, 6.819594881022735e-32], "spearman": [0.5406429930524675, 3.3716007555344674e-36], "nsamples": 459}, "surprise.OnWN": {"pearson": [0.7116337246989682, 8.451003326779461e-117], "spearman": [0.7187653014842117, 3.392239037395471e-120], "nsamples": 750}, "surprise.SMTnews": {"pearson": [0.5841601510959425, 7.08945518753419e-38], "spearman": [0.5669933632968249, 2.5788431103939897e-35], "nsamples": 399}, "all": {"pearson": {"mean": 0.661866155820392, "wmean": 0.6847700914297328}, "spearman": {"mean": 0.6598093074266549, "wmean": 0.6814488807446917}}}, "STS13": {"FNWN": {"pearson": [0.5892303391554115, 4.713583355082751e-19], "spearman": [0.6149187230086632, 4.832335876579889e-21], "nsamples": 189}, "headlines": {"pearson": [0.7347935083975508, 3.1429091245123787e-128], "spearman": [0.7258084099997848, 1.1775339118294435e-123], "nsamples": 750}, "OnWN": {"pearson": [0.6772911505482478, 1.5383625641462633e-76], "spearman": [0.675870963667958, 4.1511188231031995e-76], "nsamples": 561}, "all": {"pearson": {"mean": 0.66710499936707, "wmean": 0.694946667237402}, "spearman": {"mean": 0.672199365558802, "wmean": 0.6931597045108002}}}, "STS14": {"deft-forum": {"pearson": [0.577939152000314, 1.855686274806469e-41], "spearman": [0.5534346849608556, 1.7976372714805415e-37], "nsamples": 450}, "deft-news": {"pearson": [0.7513865671125717, 9.651145223626046e-56], "spearman": [0.734082470913821, 5.083737504045333e-52], "nsamples": 300}, "headlines": {"pearson": [0.7157190424735402, 9.864744996956377e-119], "spearman": [0.6981383914672811, 1.1977762377198313e-110], "nsamples": 750}, "images": {"pearson": [0.8512513141588876, 1.159022937330854e-211], "spearman": [0.8187856720169658, 1.8779629579144184e-182], "nsamples": 750}, "OnWN": {"pearson": [0.7758879834128628, 8.512348439296184e-152], "spearman": [0.8025216766508007, 6.076321301667916e-170], "nsamples": 750}, "tweet-news": {"pearson": [0.7686074671834408, 2.8810866375707096e-147], "spearman": [0.7153158844232166, 1.5358272898063061e-118], "nsamples": 750}, "all": {"pearson": {"mean": 0.7401319210569363, "wmean": 0.7517567850547896}, "spearman": {"mean": 0.7203797967388234, "wmean": 0.7320910847800611}}}, "STS15": {"answers-forums": {"pearson": [0.7271266446980768, 6.620175408024498e-63], "spearman": [0.7345909208387104, 8.304469848878304e-65], "nsamples": 375}, "answers-students": {"pearson": [0.7716798247462187, 3.703891422543837e-149], "spearman": [0.7796672855727915, 3.2420523641665145e-154], "nsamples": 750}, "belief": {"pearson": [0.8047870750347561, 1.632216321222682e-86], "spearman": [0.8140320035433399, 4.9212363820703925e-90], "nsamples": 375}, "headlines": {"pearson": [0.7955876480767086, 5.844687964311721e-165], "spearman": [0.7986024400964196, 4.20934313756912e-167], "nsamples": 750}, "images": {"pearson": [0.8983636301116793, 1.826128367832513e-269], "spearman": [0.9040298026871334, 2.6639155225537835e-278], "nsamples": 750}, "all": {"pearson": {"mean": 0.7995089645334879, "wmean": 0.8078969907002558}, "spearman": {"mean": 0.8061844905476789, "wmean": 0.8141527476368424}}}, "STS16": {"answer-answer": {"pearson": [0.7519134770451269, 1.6824045589602282e-47], "spearman": [0.7572363209268068, 1.5924421978913805e-48], "nsamples": 254}, "headlines": {"pearson": [0.7781592596739523, 8.325912395343235e-52], "spearman": [0.7805965667843079, 2.5119997330286504e-52], "nsamples": 249}, "plagiarism": {"pearson": [0.832274810308753, 2.4351786215009275e-60], "spearman": [0.849818160250388, 2.3963120605957012e-65], "nsamples": 230}, "postediting": {"pearson": [0.8537617564119919, 1.52928382469789e-70], "spearman": [0.8564697589498705, 1.8950209308228557e-71], "nsamples": 244}, "question-question": {"pearson": [0.69086351302008, 5.515425900148357e-31], "spearman": [0.6964393170018409, 1.1694897428633664e-31], "nsamples": 209}, "all": {"pearson": {"mean": 0.7813945632919808, "wmean": 0.7832033962774133}, "spearman": {"mean": 0.7881120247826429, "wmean": 0.789796952731403}}}}