{"MR": {"devacc": 69.45, "acc": 70.24, "ndev": 10662, "ntest": 10662}, "CR": {"devacc": 79.31, "acc": 79.1, "ndev": 3775, "ntest": 3775}, "SUBJ": {"devacc": 89.74, "acc": 89.77, "ndev": 10000, "ntest": 10000}, "MPQA": {"devacc": 85.12, "acc": 85.73, "ndev": 10606, "ntest": 10606}, "SST5": {"devacc": 39.78, "acc": 39.37, "ndev": 1101, "ntest": 2210}, "TREC": {"devacc": 81.6, "acc": 90.0, "ndev": 5452, "ntest": 500}, "MRPC": {"devacc": 72.84, "acc": 71.19, "f1": 78.75, "ndev": 4076, "ntest": 1725}, "STS12": {"MSRpar": {"pearson": [0.5754049563161666, 2.4604478605278597e-67], "spearman": [0.5456528339136971, 2.077253123301687e-59], "nsamples": 750}, "MSRvid": {"pearson": [0.8972585317724823, 8.394985794013568e-268], "spearman": [0.8941110328062444, 3.606667860023181e-263], "nsamples": 750}, "SMTeuroparl": {"pearson": [0.5403933500693898, 3.6801788165518105e-36], "spearman": [0.5865096684367324, 9.229536361349547e-44], "nsamples": 459}, "surprise.OnWN": {"pearson": [0.696793510421525, 4.7050976492746115e-110], "spearman": [0.701396323483842, 4.218171790677983e-112], "nsamples": 750}, "surprise.SMTnews": {"pearson": [0.5510019817826236, 4.631550451680168e-33], "spearman": [0.5399941331044527, 1.4071505577574327e-31], "nsamples": 399}, "all": {"pearson": {"mean": 0.6521704660724374, "wmean": 0.674061482398889}, "spearman": {"mean": 0.6535327983489937, "wmean": 0.6726305468384731}}}, "STS13": {"FNWN": {"pearson": [0.4795257017949124, 2.9311022213642173e-12], "spearman": [0.5226982430377709, 1.2100894245874508e-14], "nsamples": 189}, "headlines": {"pearson": [0.7167577524002143, 3.1419678744958997e-119], "spearman": [0.7071886350336657, 9.815276346238675e-115], "nsamples": 750}, "OnWN": {"pearson": [0.6526850919826662, 2.1312395443943958e-69], "spearman": [0.6494232937557669, 1.6813179069319352e-68], "nsamples": 561}, "all": {"pearson": {"mean": 0.616322848725931, "wmean": 0.6629033390277833}, "spearman": {"mean": 0.6264367239424011, "wmean": 0.6623386080042489}}}, "STS14": {"deft-forum": {"pearson": [0.5634929726716448, 4.556661539376873e-39], "spearman": [0.5448161310004539, 3.8002411751331706e-36], "nsamples": 450}, "deft-news": {"pearson": [0.7441717869869986, 3.7389711905617565e-54], "spearman": [0.7245494468499218, 4.30799298908325e-50], "nsamples": 300}, "headlines": {"pearson": [0.7188467493649663, 3.0980434802043397e-120], "spearman": [0.7022919684059606, 1.6677630056026193e-112], "nsamples": 750}, "images": {"pearson": [0.8398929281358223, 1.0527495269159434e-200], "spearman": [0.8083337587822159, 2.82620415131416e-174], "nsamples": 750}, "OnWN": {"pearson": [0.7515064900042508, 2.966811827816138e-137], "spearman": [0.7821992815798879, 7.294308173288078e-156], "nsamples": 750}, "tweet-news": {"pearson": [0.7717811192371689, 3.2048765643514046e-149], "spearman": [0.7191737043726422, 2.1517313881910007e-120], "nsamples": 750}, "all": {"pearson": {"mean": 0.7316153410668086, "wmean": 0.7435583570279989}, "spearman": {"mean": 0.7135607151651805, "wmean": 0.7257416340961897}}}, "STS15": {"answers-forums": {"pearson": [0.7090316534812832, 1.5104880718744335e-58], "spearman": [0.7101662376593676, 8.236365583337795e-59], "nsamples": 375}, "answers-students": {"pearson": [0.765435398120869, 2.4058956974347373e-145], "spearman": [0.7661194574857801, 9.320512679947847e-146], "nsamples": 750}, "belief": {"pearson": [0.8108927332846034, 8.11532734349025e-89], "spearman": [0.8147575334897642, 2.555439126662605e-90], "nsamples": 375}, "headlines": {"pearson": [0.7773496351053009, 1.0001341528106557e-152], "spearman": [0.7791378945343876, 7.121667144290204e-154], "nsamples": 750}, "images": {"pearson": [0.8942450078299319, 2.3061705131094433e-263], "spearman": [0.9009242726017741, 2.160835041627898e-273], "nsamples": 750}, "all": {"pearson": {"mean": 0.7913908855643976, "wmean": 0.7992480586097613}, "spearman": {"mean": 0.7942210791542147, "wmean": 0.8021608775491269}}}, "STS16": {"answer-answer": {"pearson": [0.7385619653147507, 4.824315017919629e-45], "spearman": [0.7303907330470234, 1.3017407082750371e-43], "nsamples": 254}, "headlines": {"pearson": [0.7655514494141226, 3.240064416157184e-49], "spearman": [0.7694358297011098, 5.372487092296384e-50], "nsamples": 249}, "plagiarism": {"pearson": [0.8314256017009698, 4.1120297323116704e-60], "spearman": [0.851869684900023, 5.654711365184843e-66], "nsamples": 230}, "postediting": {"pearson": [0.8513562346018768, 9.437106058518811e-70], "spearman": [0.8518859745977837, 6.338607344424371e-70], "nsamples": 244}, "question-question": {"pearson": [0.701396369168172, 2.8579668880286404e-32], "spearman": [0.7004189970185042, 3.7818845868951397e-32], "nsamples": 209}, "all": {"pearson": {"mean": 0.7776583240399784, "wmean": 0.7788935083341417}, "spearman": {"mean": 0.7808002438528888, "wmean": 0.7818604919858787}}}}