{"MR": {"devacc": 69.8, "acc": 70.32, "ndev": 10662, "ntest": 10662}, "CR": {"devacc": 79.42, "acc": 78.46, "ndev": 3775, "ntest": 3775}, "SUBJ": {"devacc": 88.54, "acc": 88.51, "ndev": 10000, "ntest": 10000}, "MPQA": {"devacc": 85.22, "acc": 85.51, "ndev": 10606, "ntest": 10606}, "SST5": {"devacc": 38.6, "acc": 39.14, "ndev": 1101, "ntest": 2210}, "TREC": {"devacc": 79.44, "acc": 88.0, "ndev": 5452, "ntest": 500}, "MRPC": {"devacc": 73.36, "acc": 71.59, "f1": 78.34, "ndev": 4076, "ntest": 1725}, "STS12": {"MSRpar": {"pearson": [0.6152998798294738, 2.495988101549347e-79], "spearman": [0.5720995233489479, 2.0507841033062774e-66], "nsamples": 750}, "MSRvid": {"pearson": [0.8896639560846935, 7.237841826977861e-257], "spearman": [0.8865889772936959, 1.151705781461838e-252], "nsamples": 750}, "SMTeuroparl": {"pearson": [0.5037062397818112, 6.681780208684207e-31], "spearman": [0.5350775338143955, 2.334689023529331e-35], "nsamples": 459}, "surprise.OnWN": {"pearson": [0.696448735947972, 6.673664419034531e-110], "spearman": [0.6919446921981162, 6.133405459663081e-108], "nsamples": 750}, "surprise.SMTnews": {"pearson": [0.550108681102552, 6.13899377665783e-33], "spearman": [0.531350338965453, 1.8830204825371997e-30], "nsamples": 399}, "all": {"pearson": {"mean": 0.6510454985493005, "wmean": 0.6762400118135051}, "spearman": {"mean": 0.6434122131241218, "wmean": 0.6662111544075268}}}, "STS13": {"FNWN": {"pearson": [0.5432532037097402, 6.662648797252558e-16], "spearman": [0.5571592004748946, 8.35190093072604e-17], "nsamples": 189}, "headlines": {"pearson": [0.7087553207811338, 1.855850694702848e-115], "spearman": [0.6998062089377808, 2.172114405288663e-111], "nsamples": 750}, "OnWN": {"pearson": [0.6936902854434366, 1.0643416889575687e-81], "spearman": [0.6991554614338278, 1.696063245554613e-83], "nsamples": 561}, "all": {"pearson": {"mean": 0.6485662699781035, "wmean": 0.6822677308138395}, "spearman": {"mean": 0.6520402902821677, "wmean": 0.6815893063049786}}}, "STS14": {"deft-forum": {"pearson": [0.5765908705710654, 3.1377665683918355e-41], "spearman": [0.5533414274441137, 1.8588632943252153e-37], "nsamples": 450}, "deft-news": {"pearson": [0.7456654941362828, 1.7715594946132906e-54], "spearman": [0.7315265751668893, 1.703052404672494e-51], "nsamples": 300}, "headlines": {"pearson": [0.7051643318949822, 8.307531677984239e-114], "spearman": [0.6797828849189319, 8.179738877272437e-103], "nsamples": 750}, "images": {"pearson": [0.833293573829942, 1.006331914880012e-194], "spearman": [0.8008130539150652, 1.0710849110202398e-168], "nsamples": 750}, "OnWN": {"pearson": [0.774829875555034, 3.970978547372786e-151], "spearman": [0.8027297665085772, 4.275965816683098e-170], "nsamples": 750}, "tweet-news": {"pearson": [0.7453677108281648, 7.402280249701255e-134], "spearman": [0.6869020790026115, 8.776167945274499e-106], "nsamples": 750}, "all": {"pearson": {"mean": 0.7301519761359119, "wmean": 0.740575242421055}, "spearman": {"mean": 0.7091826311593649, "wmean": 0.718968654175682}}}, "STS15": {"answers-forums": {"pearson": [0.6767853008490865, 1.4761165304418447e-51], "spearman": [0.6770981530521148, 1.2752514479403552e-51], "nsamples": 375}, "answers-students": {"pearson": [0.7516783991281364, 2.375342372668159e-137], "spearman": [0.7554881693466888, 1.6411691463945242e-139], "nsamples": 750}, "belief": {"pearson": [0.7801890211973146, 5.333273192431154e-78], "spearman": [0.7900681259703008, 2.787576442236642e-81], "nsamples": 375}, "headlines": {"pearson": [0.7741017926244875, 1.1402840155872943e-150], "spearman": [0.7726677412904972, 9.001733095389861e-150], "nsamples": 750}, "images": {"pearson": [0.8903361197899698, 8.404784580447654e-258], "spearman": [0.8963312828562302, 2.015566930454778e-266], "nsamples": 750}, "all": {"pearson": {"mean": 0.7746181267177991, "wmean": 0.7861508681414486}, "spearman": {"mean": 0.7783306945031665, "wmean": 0.7895175832511561}}}, "STS16": {"answer-answer": {"pearson": [0.7396366549633354, 3.099014273000038e-45], "spearman": [0.7404612200204377, 2.2034435335452597e-45], "nsamples": 254}, "headlines": {"pearson": [0.7609609759585738, 2.591315724212644e-48], "spearman": [0.7671885312715007, 1.5258614248258808e-49], "nsamples": 249}, "plagiarism": {"pearson": [0.8117406950453576, 3.608203400847102e-55], "spearman": [0.8262784804671389, 9.256519138888665e-59], "nsamples": 230}, "postediting": {"pearson": [0.8422013575633894, 7.239773358525469e-67], "spearman": [0.8457708061860404, 5.7186463742443e-68], "nsamples": 244}, "question-question": {"pearson": [0.6942814404919762, 2.140430634400553e-31], "spearman": [0.6914403431515855, 4.705480577467151e-31], "nsamples": 209}, "all": {"pearson": {"mean": 0.7697642248045264, "wmean": 0.7712051480127272}, "spearman": {"mean": 0.7742278762193406, "wmean": 0.7757422032945296}}}}