{"MR": {"devacc": 71.22, "acc": 71.51, "ndev": 10662, "ntest": 10662}, "CR": {"devacc": 81.38, "acc": 80.87, "ndev": 3775, "ntest": 3775}, "SUBJ": {"devacc": 90.46, "acc": 90.0, "ndev": 10000, "ntest": 10000}, "MPQA": {"devacc": 86.27, "acc": 86.17, "ndev": 10606, "ntest": 10606}, "SST5": {"devacc": 39.24, "acc": 37.51, "ndev": 1101, "ntest": 2210}, "TREC": {"devacc": 84.76, "acc": 88.0, "ndev": 5452, "ntest": 500}, "MRPC": {"devacc": 73.43, "acc": 73.51, "f1": 80.93, "ndev": 4076, "ntest": 1725}, "STS12": {"MSRpar": {"pearson": [0.6167316177892379, 8.600340594190997e-80], "spearman": [0.5789261372410922, 2.502629474118403e-68], "nsamples": 750}, "MSRvid": {"pearson": [0.900956280897462, 1.926894166991137e-273], "spearman": [0.9003235862194356, 1.8423682168230587e-272], "nsamples": 750}, "SMTeuroparl": {"pearson": [0.5208951859222194, 2.757737172301978e-33], "spearman": [0.5443754939149541, 9.023645024881486e-37], "nsamples": 459}, "surprise.OnWN": {"pearson": [0.7154146793472391, 1.3780355058534375e-118], "spearman": [0.7186929776757183, 3.676715795420329e-120], "nsamples": 750}, "surprise.SMTnews": {"pearson": [0.5960681181383093, 9.613775233809828e-40], "spearman": [0.5860313959538489, 3.6493202350259477e-38], "nsamples": 399}, "all": {"pearson": {"mean": 0.6700131764188936, "wmean": 0.692325934041486}, "spearman": {"mean": 0.6656699182010098, "wmean": 0.6860205613078294}}}, "STS13": {"FNWN": {"pearson": [0.5765777618651526, 3.888739981341578e-18], "spearman": [0.597914804795965, 1.0489787428209549e-19], "nsamples": 189}, "headlines": {"pearson": [0.7401075097328915, 5.051055453367531e-131], "spearman": [0.7340211240328776, 7.903392325338491e-128], "nsamples": 750}, "OnWN": {"pearson": [0.7058666752084992, 9.232201844540243e-86], "spearman": [0.706485215285428, 5.667617558907696e-86], "nsamples": 561}, "all": {"pearson": {"mean": 0.6741839822688478, "wmean": 0.7066966893894336}, "spearman": {"mean": 0.6794737147047568, "wmean": 0.7065732979374804}}}, "STS14": {"deft-forum": {"pearson": [0.5619595199771608, 8.044661932925063e-39], "spearman": [0.5384361385339587, 3.438084849948402e-35], "nsamples": 450}, "deft-news": {"pearson": [0.764349880399088, 9.753383700968657e-59], "spearman": [0.7551841716784575, 1.3381245943485128e-56], "nsamples": 300}, "headlines": {"pearson": [0.7258660745711333, 1.1020546198985528e-123], "spearman": [0.7100077197872406, 4.8620476635407864e-116], "nsamples": 750}, "images": {"pearson": [0.8455687866103931, 4.5404033458437725e-206], "spearman": [0.8162285865794764, 2.1012014497609224e-180], "nsamples": 750}, "OnWN": {"pearson": [0.7851229235069566, 8.560886349498377e-158], "spearman": [0.8134085441029318, 3.5085805106195507e-178], "nsamples": 750}, "tweet-news": {"pearson": [0.7743739447026757, 7.690844446516342e-151], "spearman": [0.7067887087206149, 1.498943441536629e-114], "nsamples": 750}, "all": {"pearson": {"mean": 0.7428735216279012, "wmean": 0.7547694787074181}, "spearman": {"mean": 0.7233423115671133, "wmean": 0.7343137821964044}}}, "STS15": {"answers-forums": {"pearson": [0.708424373667584, 2.0872287104985213e-58], "spearman": [0.7125649030577533, 2.2630768959194445e-59], "nsamples": 375}, "answers-students": {"pearson": [0.7826466181821039, 3.7115408608036856e-156], "spearman": [0.7908130240018614, 1.2222822184725428e-161], "nsamples": 750}, "belief": {"pearson": [0.822508892815208, 1.9338751804927074e-93], "spearman": [0.8338013766893448, 2.860505857495853e-98], "nsamples": 375}, "headlines": {"pearson": [0.7866313686962781, 8.406662890243068e-159], "spearman": [0.7871084458033792, 4.0192751902472265e-159], "nsamples": 750}, "images": {"pearson": [0.8989482816341807, 2.3671734916329976e-270], "spearman": [0.9050593976155997, 5.765908502739041e-280], "nsamples": 750}, "all": {"pearson": {"mean": 0.7998319069990709, "wmean": 0.8084232254384897}, "spearman": {"mean": 0.8058694294335877, "wmean": 0.8140410018235974}}}, "STS16": {"answer-answer": {"pearson": [0.7507830617598406, 2.7544015469650927e-47], "spearman": [0.7466696501516025, 1.6198745124011056e-46], "nsamples": 254}, "headlines": {"pearson": [0.7877251383827981, 6.89973261941079e-54], "spearman": [0.7941725328862561, 2.3665309402100977e-55], "nsamples": 249}, "plagiarism": {"pearson": [0.827732657334499, 3.88082665359249e-59], "spearman": [0.8478397790925348, 9.451648621508492e-65], "nsamples": 230}, "postediting": {"pearson": [0.8552859839159275, 4.7458953159709576e-71], "spearman": [0.8550811616036498, 5.558316459473986e-71], "nsamples": 244}, "question-question": {"pearson": [0.7026055842487128, 2.0177296091803227e-32], "spearman": [0.7013461386203677, 2.899488016285281e-32], "nsamples": 209}, "all": {"pearson": {"mean": 0.7848264851283556, "wmean": 0.7864715982417524}, "spearman": {"mean": 0.7890218524708822, "wmean": 0.790579550945544}}}}