{"MR": {"devacc": 70.12, "acc": 71.01, "ndev": 10662, "ntest": 10662}, "CR": {"devacc": 79.34, "acc": 79.07, "ndev": 3775, "ntest": 3775}, "SUBJ": {"devacc": 89.82, "acc": 89.36, "ndev": 10000, "ntest": 10000}, "MPQA": {"devacc": 84.89, "acc": 85.97, "ndev": 10606, "ntest": 10606}, "SST5": {"devacc": 38.69, "acc": 39.23, "ndev": 1101, "ntest": 2210}, "TREC": {"devacc": 79.55, "acc": 82.0, "ndev": 5452, "ntest": 500}, "MRPC": {"devacc": 72.96, "acc": 71.36, "f1": 78.65, "ndev": 4076, "ntest": 1725}, "STS12": {"MSRpar": {"pearson": [0.5730773768503404, 1.0979330469777507e-66], "spearman": [0.5555293119066796, 5.951477662323726e-62], "nsamples": 750}, "MSRvid": {"pearson": [0.8845495116192236, 6.047907359567732e-250], "spearman": [0.8833457207354332, 2.3080299282830805e-248], "nsamples": 750}, "SMTeuroparl": {"pearson": [0.5326530776814893, 5.363710948966886e-35], "spearman": [0.5786532839706408, 2.218921368271506e-42], "nsamples": 459}, "surprise.OnWN": {"pearson": [0.7034920685158611, 4.783888678356621e-113], "spearman": [0.7072868408719339, 8.845057794148541e-115], "nsamples": 750}, "surprise.SMTnews": {"pearson": [0.549172563114684, 8.240227033254999e-33], "spearman": [0.532401186872301, 1.379208523670278e-30], "nsamples": 399}, "all": {"pearson": {"mean": 0.6485889195563196, "wmean": 0.670671439214167}, "spearman": {"mean": 0.6514432688713978, "wmean": 0.6717024890733936}}}, "STS13": {"FNWN": {"pearson": [0.5440926990999079, 5.893577266154668e-16], "spearman": [0.5629528821246779, 3.415692630713484e-17], "nsamples": 189}, "headlines": {"pearson": [0.7130596509031925, 1.803585432510752e-117], "spearman": [0.6993812139607536, 3.35984424085583e-111], "nsamples": 750}, "OnWN": {"pearson": [0.6859840896426762, 3.1217038851159966e-79], "spearman": [0.6892117840054272, 2.953808525044689e-80], "nsamples": 561}, "all": {"pearson": {"mean": 0.6477121465485922, "wmean": 0.6816435550645455}, "spearman": {"mean": 0.6505152933636196, "wmean": 0.6783878773461159}}}, "STS14": {"deft-forum": {"pearson": [0.5518418327224405, 3.1806196709713283e-37], "spearman": [0.5255425836836524, 2.5597051240910297e-33], "nsamples": 450}, "deft-news": {"pearson": [0.7590297408945228, 1.7434421587929333e-57], "spearman": [0.7490438278182898, 3.2079127832431405e-55], "nsamples": 300}, "headlines": {"pearson": [0.7087748841207993, 1.8175230378451597e-115], "spearman": [0.6929186298455725, 2.3239689156104e-108], "nsamples": 750}, "images": {"pearson": [0.8419581388580823, 1.243722618625069e-202], "spearman": [0.8125741309296806, 1.5687361597239925e-177], "nsamples": 750}, "OnWN": {"pearson": [0.7729013206466775, 6.436074403683301e-150], "spearman": [0.8018796026622743, 1.7921273233157834e-169], "nsamples": 750}, "tweet-news": {"pearson": [0.7717302450789824, 3.446510657768297e-149], "spearman": [0.7166443195612652, 3.561008666293709e-119], "nsamples": 750}, "all": {"pearson": {"mean": 0.7343726937202509, "wmean": 0.746016316939163}, "spearman": {"mean": 0.7164338490834558, "wmean": 0.7277919528672601}}}, "STS15": {"answers-forums": {"pearson": [0.7122890935816903, 2.6272590879289347e-59], "spearman": [0.7133429415795297, 1.48415656126399e-59], "nsamples": 375}, "answers-students": {"pearson": [0.7566269529501367, 3.6440727496629593e-140], "spearman": [0.7610881591394374, 9.247198172798829e-143], "nsamples": 750}, "belief": {"pearson": [0.7884387206988812, 9.967491868041958e-81], "spearman": [0.7896228591753186, 3.9530361434909693e-81], "nsamples": 375}, "headlines": {"pearson": [0.7801921445861315, 1.482669971118814e-154], "spearman": [0.7812140312299173, 3.2122527945808512e-155], "nsamples": 750}, "images": {"pearson": [0.8912448862769027, 4.4724438394147455e-259], "spearman": [0.8963172442876252, 2.1144402835553904e-266], "nsamples": 750}, "all": {"pearson": {"mean": 0.7857583596187485, "wmean": 0.7946069727383642}, "spearman": {"mean": 0.7883170470823655, "wmean": 0.7975255837586009}}}, "STS16": {"answer-answer": {"pearson": [0.7387906733791548, 4.3914686923121607e-45], "spearman": [0.7328512100266876, 4.888286997167938e-44], "nsamples": 254}, "headlines": {"pearson": [0.7761591458652674, 2.2007951604757388e-51], "spearman": [0.7818380483635261, 1.3563348503868944e-52], "nsamples": 249}, "plagiarism": {"pearson": [0.8148142330499443, 6.677627828378219e-56], "spearman": [0.8272498861559405, 5.183816463258541e-59], "nsamples": 230}, "postediting": {"pearson": [0.8529714686394931, 2.7906011442890725e-70], "spearman": [0.852670781296192, 3.504938123666497e-70], "nsamples": 244}, "question-question": {"pearson": [0.6712307290642898, 9.921328451534503e-29], "spearman": [0.6674531403089573, 2.5750270175854265e-28], "nsamples": 209}, "all": {"pearson": {"mean": 0.77079324999963, "wmean": 0.7729645806768273}, "spearman": {"mean": 0.7724126132302608, "wmean": 0.7745689141365986}}}}