{"MR": {"devacc": 69.44, "acc": 67.88, "ndev": 10662, "ntest": 10662}, "CR": {"devacc": 78.87, "acc": 79.02, "ndev": 3775, "ntest": 3775}, "SUBJ": {"devacc": 87.76, "acc": 86.74, "ndev": 10000, "ntest": 10000}, "MPQA": {"devacc": 84.11, "acc": 84.56, "ndev": 10606, "ntest": 10606}, "SST5": {"devacc": 37.97, "acc": 39.73, "ndev": 1101, "ntest": 2210}, "TREC": {"devacc": 75.86, "acc": 84.0, "ndev": 5452, "ntest": 500}, "MRPC": {"devacc": 72.72, "acc": 71.19, "f1": 78.04, "ndev": 4076, "ntest": 1725}, "STS12": {"MSRpar": {"pearson": [0.5680800361913991, 2.616797239838532e-65], "spearman": [0.536614657734183, 3.728017294921327e-57], "nsamples": 750}, "MSRvid": {"pearson": [0.8862807534564668, 2.990815605739486e-252], "spearman": [0.8857312717896296, 1.6280768603359225e-251], "nsamples": 750}, "SMTeuroparl": {"pearson": [0.45849077805000094, 3.0751017744371294e-25], "spearman": [0.4854332209998495, 1.6423938434434954e-28], "nsamples": 459}, "surprise.OnWN": {"pearson": [0.6983663276917466, 9.49162639573378e-111], "spearman": [0.6959892255967168, 1.0625259655887e-109], "nsamples": 750}, "surprise.SMTnews": {"pearson": [0.5539215380631688, 1.8331813814739398e-33], "spearman": [0.5376075378675935, 2.9015690308412296e-31], "nsamples": 399}, "all": {"pearson": {"mean": 0.6330278866905564, "wmean": 0.6583035066978328}, "spearman": {"mean": 0.6282751827975945, "wmean": 0.6518888746423739}}}, "STS13": {"FNWN": {"pearson": [0.5171615325926048, 2.5566965460359764e-14], "spearman": [0.5492685267677385, 2.745717580111725e-16], "nsamples": 189}, "headlines": {"pearson": [0.7097230333757395, 6.596676348483438e-116], "spearman": [0.6999966682998098, 1.7859893992170115e-111], "nsamples": 750}, "OnWN": {"pearson": [0.6611305116399182, 8.988465190173339e-72], "spearman": [0.656653630996522, 1.667920630542811e-70], "nsamples": 561}, "all": {"pearson": {"mean": 0.6293383592027542, "wmean": 0.6672866811478674}, "spearman": {"mean": 0.6353062753546901, "wmean": 0.6647946265153392}}}, "STS14": {"deft-forum": {"pearson": [0.5555933209434822, 8.255347970521122e-38], "spearman": [0.5302642421850211, 5.395411961944211e-34], "nsamples": 450}, "deft-news": {"pearson": [0.6909186343443902, 6.832886990354336e-44], "spearman": [0.6828777722121212, 1.5598853957943488e-42], "nsamples": 300}, "headlines": {"pearson": [0.6927352625555573, 2.7906865570396195e-108], "spearman": [0.6777733766079466, 5.441337578795231e-102], "nsamples": 750}, "images": {"pearson": [0.8327995683121451, 2.753175370415499e-194], "spearman": [0.8014874351828728, 3.4627458524955813e-169], "nsamples": 750}, "OnWN": {"pearson": [0.7527030789946394, 6.287797062816096e-138], "spearman": [0.7856109433240872, 4.048865004356807e-158], "nsamples": 750}, "tweet-news": {"pearson": [0.7486998319031664, 1.0906698720298187e-135], "spearman": [0.7020351303376677, 2.1769654062916333e-112], "nsamples": 750}, "all": {"pearson": {"mean": 0.7122416161755633, "wmean": 0.7273322376138707}, "spearman": {"mean": 0.6966748166416193, "wmean": 0.7116433079296871}}}, "STS15": {"answers-forums": {"pearson": [0.6537530242898381, 4.356183542867449e-47], "spearman": [0.657463824084192, 8.820301935270836e-48], "nsamples": 375}, "answers-students": {"pearson": [0.746815712812771, 1.193791820394382e-134], "spearman": [0.7565187810963375, 4.205560112895343e-140], "nsamples": 750}, "belief": {"pearson": [0.7754032238088615, 1.803639178976695e-76], "spearman": [0.7759302864715348, 1.2291411984821553e-76], "nsamples": 375}, "headlines": {"pearson": [0.7630912526445607, 6.052782388728186e-144], "spearman": [0.7675330052285919, 1.2999534501420578e-146], "nsamples": 750}, "images": {"pearson": [0.8800091616335735, 4.5436029297883434e-244], "spearman": [0.8874629453126099, 7.578896562943151e-254], "nsamples": 750}, "all": {"pearson": {"mean": 0.7638144750379209, "wmean": 0.7761235627850638}, "spearman": {"mean": 0.7689817684386533, "wmean": 0.7820529467288506}}}, "STS16": {"answer-answer": {"pearson": [0.7114018528132439, 1.7635122331256134e-40], "spearman": [0.7028410816839813, 3.773474272516253e-39], "nsamples": 254}, "headlines": {"pearson": [0.7239988304634292, 1.0201387400130076e-41], "spearman": [0.7388981034922063, 3.05508013666308e-44], "nsamples": 249}, "plagiarism": {"pearson": [0.810068850232163, 8.916574696828735e-55], "spearman": [0.8293454258073162, 1.4657653734723707e-59], "nsamples": 230}, "postediting": {"pearson": [0.827404235655821, 1.42457663759742e-62], "spearman": [0.8276699332348418, 1.202900329012397e-62], "nsamples": 244}, "question-question": {"pearson": [0.6432948727212568, 8.369449461421733e-26], "spearman": [0.6456618358910673, 4.859291274476083e-26], "nsamples": 209}, "all": {"pearson": {"mean": 0.7432337283771828, "wmean": 0.7450445841923427}, "spearman": {"mean": 0.7488832760218825, "wmean": 0.7505493236623169}}}}