{"MR": {"devacc": 70.39, "acc": 68.53, "ndev": 10662, "ntest": 10662}, "CR": {"devacc": 79.69, "acc": 77.59, "ndev": 3775, "ntest": 3775}, "SUBJ": {"devacc": 89.72, "acc": 89.88, "ndev": 10000, "ntest": 10000}, "MPQA": {"devacc": 85.89, "acc": 85.82, "ndev": 10606, "ntest": 10606}, "SST5": {"devacc": 37.97, "acc": 38.51, "ndev": 1101, "ntest": 2210}, "TREC": {"devacc": 79.95, "acc": 87.6, "ndev": 5452, "ntest": 500}, "MRPC": {"devacc": 72.55, "acc": 72.29, "f1": 78.96, "ndev": 4076, "ntest": 1725}, "STS12": {"MSRpar": {"pearson": [0.5904999968567287, 1.1197083236902345e-71], "spearman": [0.5590091740111002, 7.214675019996819e-63], "nsamples": 750}, "MSRvid": {"pearson": [0.8903664477905523, 7.624158317265009e-258], "spearman": [0.8871478842861897, 2.0264733746788533e-253], "nsamples": 750}, "SMTeuroparl": {"pearson": [0.5114311181443998, 5.889950360014663e-32], "spearman": [0.537057628633375, 1.177668467556703e-35], "nsamples": 459}, "surprise.OnWN": {"pearson": [0.6991309747441798, 4.342138898168886e-111], "spearman": [0.7058483940045901, 4.044923659474789e-114], "nsamples": 750}, "surprise.SMTnews": {"pearson": [0.5204461024980941, 4.471892859509962e-29], "spearman": [0.5130865962290564, 3.5580778258058277e-28], "nsamples": 399}, "all": {"pearson": {"mean": 0.642374928006791, "wmean": 0.668405065208692}, "spearman": {"mean": 0.6404299354328622, "wmean": 0.6644900555548657}}}, "STS13": {"FNWN": {"pearson": [0.6088598125266937, 1.4778786578469205e-20], "spearman": [0.6366038239398832, 7.203533910401195e-23], "nsamples": 189}, "headlines": {"pearson": [0.7210924134009242, 2.5075520559732906e-121], "spearman": [0.7138014922977424, 8.045234501341952e-118], "nsamples": 750}, "OnWN": {"pearson": [0.6669818710472268, 1.829854981855875e-73], "spearman": [0.6631199677461256, 2.415154619515156e-72], "nsamples": 561}, "all": {"pearson": {"mean": 0.6656446989916149, "wmean": 0.6867137628504884}, "spearman": {"mean": 0.6711750946612504, "wmean": 0.6851196959023474}}}, "STS14": {"deft-forum": {"pearson": [0.5438554149432582, 5.3107554486697506e-36], "spearman": [0.5199199600117986, 1.5836285186971777e-32], "nsamples": 450}, "deft-news": {"pearson": [0.7247331097259989, 3.961834246706201e-50], "spearman": [0.7061542337371499, 1.3634701239675675e-46], "nsamples": 300}, "headlines": {"pearson": [0.714830446460816, 2.6145222406698513e-118], "spearman": [0.6963280936314441, 7.541003422166469e-110], "nsamples": 750}, "images": {"pearson": [0.8427436728140235, 2.2606636808212238e-203], "spearman": [0.8139810370140337, 1.2502045639018377e-178], "nsamples": 750}, "OnWN": {"pearson": [0.7712593275888026, 6.748441905957833e-149], "spearman": [0.7982954534035801, 6.98312778391239e-167], "nsamples": 750}, "tweet-news": {"pearson": [0.7659899387175461, 1.1156414216001144e-145], "spearman": [0.702449161034216, 1.4166106845976024e-112], "nsamples": 750}, "all": {"pearson": {"mean": 0.7272353183750742, "wmean": 0.7422059756875085}, "spearman": {"mean": 0.7061879898053705, "wmean": 0.7210934829170426}}}, "STS15": {"answers-forums": {"pearson": [0.7002282787455542, 1.5150152577083327e-56], "spearman": [0.6999235712136217, 1.7716367837183677e-56], "nsamples": 375}, "answers-students": {"pearson": [0.7548068035519122, 4.022362322098066e-139], "spearman": [0.7602391986305257, 2.9128843850347093e-142], "nsamples": 750}, "belief": {"pearson": [0.8022080700346295, 1.450059408074599e-85], "spearman": [0.8006545725117554, 5.321638054911203e-85], "nsamples": 375}, "headlines": {"pearson": [0.783865752264906, 5.83865453809416e-157], "spearman": [0.7859684118816708, 2.3366707796871156e-158], "nsamples": 750}, "images": {"pearson": [0.884974177535301, 1.6574282886884757e-250], "spearman": [0.8912961706881779, 3.7871533366077927e-259], "nsamples": 750}, "all": {"pearson": {"mean": 0.7852166164264606, "wmean": 0.7937162269355528}, "spearman": {"mean": 0.7876163849851503, "wmean": 0.7969482132657657}}}, "STS16": {"answer-answer": {"pearson": [0.7435903836286057, 5.9680018603232724e-46], "spearman": [0.7477370468083032, 1.0262366092739117e-46], "nsamples": 254}, "headlines": {"pearson": [0.769693943847061, 4.761866588573496e-50], "spearman": [0.7779465219671522, 9.237226442555e-52], "nsamples": 249}, "plagiarism": {"pearson": [0.8211100166087842, 1.9068607775852373e-57], "spearman": [0.8379824411178778, 6.659733436027376e-62], "nsamples": 230}, "postediting": {"pearson": [0.8440552129831285, 1.9526118826755673e-67], "spearman": [0.8432355229994314, 3.492703421475136e-67], "nsamples": 244}, "question-question": {"pearson": [0.6935506548229892, 2.6234699074337112e-31], "spearman": [0.6913410423160701, 4.836035902993768e-31], "nsamples": 209}, "all": {"pearson": {"mean": 0.7744000423781137, "wmean": 0.7759549849118824}, "spearman": {"mean": 0.779648515041767, "wmean": 0.7812897139731548}}}}