{"MR": {"devacc": 71.33, "acc": 70.73, "ndev": 10662, "ntest": 10662}, "CR": {"devacc": 80.91, "acc": 79.44, "ndev": 3775, "ntest": 3775}, "SUBJ": {"devacc": 90.84, "acc": 90.07, "ndev": 10000, "ntest": 10000}, "MPQA": {"devacc": 85.95, "acc": 86.54, "ndev": 10606, "ntest": 10606}, "SST5": {"devacc": 39.6, "acc": 40.09, "ndev": 1101, "ntest": 2210}, "TREC": {"devacc": 84.87, "acc": 87.6, "ndev": 5452, "ntest": 500}, "MRPC": {"devacc": 75.02, "acc": 68.87, "f1": 75.69, "ndev": 4076, "ntest": 1725}, "STS12": {"MSRpar": {"pearson": [0.610687680691236, 7.443952409486355e-78], "spearman": [0.5783672892726505, 3.6036422581825838e-68], "nsamples": 750}, "MSRvid": {"pearson": [0.8959509649252528, 7.3584572264774e-266], "spearman": [0.894737725059897, 4.429733660150737e-264], "nsamples": 750}, "SMTeuroparl": {"pearson": [0.5107329916120606, 7.35440101162705e-32], "spearman": [0.5333011288068296, 4.29728255785132e-35], "nsamples": 459}, "surprise.OnWN": {"pearson": [0.7178135944391203, 9.768397912144812e-120], "spearman": [0.7197163592514696, 1.1736963904978097e-120], "nsamples": 750}, "surprise.SMTnews": {"pearson": [0.5645142951925761, 5.874314128332284e-35], "spearman": [0.5651027132395636, 4.834684690534723e-35], "nsamples": 399}, "all": {"pearson": {"mean": 0.6599399053720492, "wmean": 0.6846868812655986}, "spearman": {"mean": 0.658245043126082, "wmean": 0.6804624295022308}}}, "STS13": {"FNWN": {"pearson": [0.5773605646676958, 3.4217916168550903e-18], "spearman": [0.6052530837316374, 2.842720514397644e-20], "nsamples": 189}, "headlines": {"pearson": [0.7310285493479676, 2.730877799714724e-126], "spearman": [0.7258237913086285, 1.1569111904089554e-123], "nsamples": 750}, "OnWN": {"pearson": [0.688759497630558, 4.1179609461505505e-80], "spearman": [0.687024113961088, 1.465200852481961e-79], "nsamples": 561}, "all": {"pearson": {"mean": 0.6657162038820738, "wmean": 0.6958577579359423}, "spearman": {"mean": 0.672700329667118, "wmean": 0.6961208028259473}}}, "STS14": {"deft-forum": {"pearson": [0.5489830739069997, 8.789040127037651e-37], "spearman": [0.5297344677234619, 6.433117743369086e-34], "nsamples": 450}, "deft-news": {"pearson": [0.7580338517005784, 2.9662560329383793e-57], "spearman": [0.7354753327333414, 2.6150985007244285e-52], "nsamples": 300}, "headlines": {"pearson": [0.7289034680869168, 3.2831086827954843e-125], "spearman": [0.7094551876419694, 8.78710936643464e-116], "nsamples": 750}, "images": {"pearson": [0.841485637239278, 3.4528698415302076e-202], "spearman": [0.8111512335367141, 1.9824332180655265e-176], "nsamples": 750}, "OnWN": {"pearson": [0.7650298306108686, 4.214868126403074e-145], "spearman": [0.7943403360628439, 4.392115246546322e-164], "nsamples": 750}, "tweet-news": {"pearson": [0.7723104356628501, 1.502704901267039e-149], "spearman": [0.7093204392526201, 1.0149310794208254e-115], "nsamples": 750}, "all": {"pearson": {"mean": 0.735791049534582, "wmean": 0.748066551324869}, "spearman": {"mean": 0.7149128328251585, "wmean": 0.7272596020443123}}}, "STS15": {"answers-forums": {"pearson": [0.7277831640943282, 4.5306143834116823e-63], "spearman": [0.7334412761691149, 1.645771017924822e-64], "nsamples": 375}, "answers-students": {"pearson": [0.7749749178262125, 3.216844617299467e-151], "spearman": [0.7812797709200484, 2.910419623902644e-155], "nsamples": 750}, "belief": {"pearson": [0.8072321705283161, 1.996298679869139e-87], "spearman": [0.8170305906489004, 3.218300347253403e-91], "nsamples": 375}, "headlines": {"pearson": [0.791479884104616, 4.252651767135892e-162], "spearman": [0.7931931254848252, 2.7729761351737258e-163], "nsamples": 750}, "images": {"pearson": [0.8988247517311123, 3.648870555858403e-270], "spearman": [0.9046746648820893, 2.427302104690715e-279], "nsamples": 750}, "all": {"pearson": {"mean": 0.8000589776569169, "wmean": 0.8081968052433158}, "spearman": {"mean": 0.8059238856209957, "wmean": 0.8135958736739927}}}, "STS16": {"answer-answer": {"pearson": [0.7759762255181082, 2.3767114408909792e-52], "spearman": [0.7825390931052933, 8.854819075158305e-54], "nsamples": 254}, "headlines": {"pearson": [0.7778685979534115, 9.595163981199485e-52], "spearman": [0.7808837281809766, 2.179042426681349e-52], "nsamples": 249}, "plagiarism": {"pearson": [0.8277946620097125, 3.738938705563208e-59], "spearman": [0.8462531665002528, 2.8012911347363037e-64], "nsamples": 230}, "postediting": {"pearson": [0.8600445028746001, 1.1260235249573277e-72], "spearman": [0.8601679538192019, 1.0200004271205771e-72], "nsamples": 244}, "question-question": {"pearson": [0.7217475498560038, 6.388973420856525e-35], "spearman": [0.7234335300669287, 3.7604939378168816e-35], "nsamples": 209}, "all": {"pearson": {"mean": 0.7926863076423671, "wmean": 0.794161982340253}, "spearman": {"mean": 0.7986554943345306, "wmean": 0.8001026937409269}}}}