{"MR": {"devacc": 72.02, "acc": 71.57, "ndev": 10662, "ntest": 10662}, "CR": {"devacc": 81.4, "acc": 82.23, "ndev": 3775, "ntest": 3775}, "SUBJ": {"devacc": 91.48, "acc": 91.09, "ndev": 10000, "ntest": 10000}, "MPQA": {"devacc": 87.26, "acc": 87.24, "ndev": 10606, "ntest": 10606}, "SST5": {"devacc": 39.33, "acc": 42.08, "ndev": 1101, "ntest": 2210}, "TREC": {"devacc": 86.46, "acc": 91.2, "ndev": 5452, "ntest": 500}, "MRPC": {"devacc": 74.58, "acc": 69.33, "f1": 75.25, "ndev": 4076, "ntest": 1725}, "STS12": {"MSRpar": {"pearson": [0.6357720270430023, 3.520667304228343e-86], "spearman": [0.6072722294372175, 8.875421970187228e-77], "nsamples": 750}, "MSRvid": {"pearson": [0.9024247616016361, 9.623227304749179e-276], "spearman": [0.9001069076678662, 3.9779685368079676e-272], "nsamples": 750}, "SMTeuroparl": {"pearson": [0.5273781512563738, 3.201800755195629e-34], "spearman": [0.5600684935506013, 2.939491811359839e-39], "nsamples": 459}, "surprise.OnWN": {"pearson": [0.7212359156714079, 2.133604948621468e-121], "spearman": [0.7226139550763706, 4.5014294463210363e-122], "nsamples": 750}, "surprise.SMTnews": {"pearson": [0.5674496509377954, 2.2145694499091982e-35], "spearman": [0.5369569596382527, 3.5308076319240145e-31], "nsamples": 399}, "all": {"pearson": {"mean": 0.6708521013020431, "wmean": 0.6959631629304667}, "spearman": {"mean": 0.6654037090740617, "wmean": 0.6897722279831014}}}, "STS13": {"FNWN": {"pearson": [0.5916916656914887, 3.0930606327004076e-19], "spearman": [0.6155521702873032, 4.293338089093958e-21], "nsamples": 189}, "headlines": {"pearson": [0.7387883862193706, 2.531099382792333e-130], "spearman": [0.7315747982365323, 1.4355674547705147e-126], "nsamples": 750}, "OnWN": {"pearson": [0.6931948079600996, 1.54192802101538e-81], "spearman": [0.6931027220851381, 1.6517610005164627e-81], "nsamples": 561}, "all": {"pearson": {"mean": 0.674558286623653, "wmean": 0.7032022011638901}, "spearman": {"mean": 0.6800765635363245, "wmean": 0.702567390634308}}}, "STS14": {"deft-forum": {"pearson": [0.5724881737099969, 1.5285908974377283e-40], "spearman": [0.5525546666036311, 2.4647707303346278e-37], "nsamples": 450}, "deft-news": {"pearson": [0.765836624843936, 4.298041992304926e-59], "spearman": [0.7500543092277852, 1.91397499002398e-55], "nsamples": 300}, "headlines": {"pearson": [0.7316822397406932, 1.2647696315185433e-126], "spearman": [0.7150246051820144, 2.1136754301718424e-118], "nsamples": 750}, "images": {"pearson": [0.8519787113759242, 2.1443755561691223e-212], "spearman": [0.8147597329015411, 3.054337909695399e-179], "nsamples": 750}, "OnWN": {"pearson": [0.7872221551845019, 3.3700915486806777e-159], "spearman": [0.8155764375809196, 6.916107704027707e-180], "nsamples": 750}, "tweet-news": {"pearson": [0.7896527461251456, 7.602564454069936e-161], "spearman": [0.7275279064437676, 1.6214238198183666e-124], "nsamples": 750}, "all": {"pearson": {"mean": 0.7498101084966997, "wmean": 0.7620726813179675}, "spearman": {"mean": 0.7292496096566099, "wmean": 0.740888641152307}}}, "STS15": {"answers-forums": {"pearson": [0.7293419823976461, 1.832873101506645e-63], "spearman": [0.7387032842285123, 6.980691667670947e-66], "nsamples": 375}, "answers-students": {"pearson": [0.7843729992473069, 2.69504318252496e-157], "spearman": [0.78862376370791, 3.808305169330769e-160], "nsamples": 750}, "belief": {"pearson": [0.8239093556559371, 5.085011278533953e-94], "spearman": [0.833696353572991, 3.184377420800774e-98], "nsamples": 375}, "headlines": {"pearson": [0.7983471741543979, 6.412672386260585e-167], "spearman": [0.7997484342182578, 6.3121042355642805e-168], "nsamples": 750}, "images": {"pearson": [0.9025135661854777, 6.965725760333323e-276], "spearman": [0.9087223536369756, 4.79050067463064e-286], "nsamples": 750}, "all": {"pearson": {"mean": 0.8076970155281533, "wmean": 0.8154648521534935}, "spearman": {"mean": 0.8138988378729293, "wmean": 0.8208235926159738}}}, "STS16": {"answer-answer": {"pearson": [0.763371314024715, 9.742352700350677e-50], "spearman": [0.7642427335466937, 6.50608692486601e-50], "nsamples": 254}, "headlines": {"pearson": [0.7901090538353728, 2.010300366438696e-54], "spearman": [0.7916412864420127, 9.022725967422383e-55], "nsamples": 249}, "plagiarism": {"pearson": [0.8352975877069492, 3.682787632158192e-61], "spearman": [0.8533055016633575, 2.0315409199870887e-66], "nsamples": 230}, "postediting": {"pearson": [0.8543391345320355, 9.83275594133622e-71], "spearman": [0.8543642846166967, 9.644977761707662e-71], "nsamples": 244}, "question-question": {"pearson": [0.7342491057020223, 1.1402532511143753e-36], "spearman": [0.7377188743151362, 3.581664075891465e-37], "nsamples": 209}, "all": {"pearson": {"mean": 0.7954732391602188, "wmean": 0.7965166317516216}, "spearman": {"mean": 0.8002545361167794, "wmean": 0.8011338365985086}}}}