{"MR": {"devacc": 70.89, "acc": 71.02, "ndev": 10662, "ntest": 10662}, "CR": {"devacc": 81.47, "acc": 79.95, "ndev": 3775, "ntest": 3775}, "SUBJ": {"devacc": 90.91, "acc": 90.49, "ndev": 10000, "ntest": 10000}, "MPQA": {"devacc": 86.21, "acc": 85.12, "ndev": 10606, "ntest": 10606}, "SST5": {"devacc": 39.33, "acc": 38.96, "ndev": 1101, "ntest": 2210}, "TREC": {"devacc": 84.46, "acc": 89.4, "ndev": 5452, "ntest": 500}, "MRPC": {"devacc": 73.14, "acc": 71.54, "f1": 78.86, "ndev": 4076, "ntest": 1725}, "STS12": {"MSRpar": {"pearson": [0.6145623419784806, 4.312024671502398e-79], "spearman": [0.5898183991979907, 1.7787248053500348e-71], "nsamples": 750}, "MSRvid": {"pearson": [0.8972131754208656, 9.814039052138854e-268], "spearman": [0.8932056377902651, 7.291102977513528e-262], "nsamples": 750}, "SMTeuroparl": {"pearson": [0.5241531320716227, 9.39977810477315e-34], "spearman": [0.5569389549169272, 9.437124431995294e-39], "nsamples": 459}, "surprise.OnWN": {"pearson": [0.7160060525949493, 7.194707665391897e-119], "spearman": [0.7213850759442537, 1.8037068041839722e-121], "nsamples": 750}, "surprise.SMTnews": {"pearson": [0.5710593298940972, 6.583347453984993e-36], "spearman": [0.5578921009469973, 5.121253184745275e-34], "nsamples": 399}, "all": {"pearson": {"mean": 0.6645988063920031, "wmean": 0.6883124638817057}, "spearman": {"mean": 0.6638480337592868, "wmean": 0.6858239264105869}}}, "STS13": {"FNWN": {"pearson": [0.5677057675820897, 1.61891212512414e-17], "spearman": [0.6027495860481236, 4.454726406170884e-20], "nsamples": 189}, "headlines": {"pearson": [0.7314104498753353, 1.7422949692906958e-126], "spearman": [0.7258788763314487, 1.0859629299186023e-123], "nsamples": 750}, "OnWN": {"pearson": [0.7169860660110174, 1.1732703540486793e-89], "spearman": [0.7142113152839794, 1.1456357859290857e-88], "nsamples": 561}, "all": {"pearson": {"mean": 0.6720340944894808, "wmean": 0.7053889403411314}, "spearman": {"mean": 0.6809465925545172, "wmean": 0.7060009179239961}}}, "STS14": {"deft-forum": {"pearson": [0.5654571536746811, 2.1905761302038028e-39], "spearman": [0.5403791478400607, 1.766762484680312e-35], "nsamples": 450}, "deft-news": {"pearson": [0.7704786734849222, 3.1979344928555126e-60], "spearman": [0.7523699586957129, 5.805954357479673e-56], "nsamples": 300}, "headlines": {"pearson": [0.7238083900188845, 1.1595735539673403e-122], "spearman": [0.7053255883249191, 7.012485007060997e-114], "nsamples": 750}, "images": {"pearson": [0.8472850937063596, 9.81590540193312e-208], "spearman": [0.8152936249668844, 1.1577040155880041e-179], "nsamples": 750}, "OnWN": {"pearson": [0.7923955391535386, 9.916076094106197e-163], "spearman": [0.8185529658247191, 2.8938261481558936e-182], "nsamples": 750}, "tweet-news": {"pearson": [0.7723840050723053, 1.3523350964225734e-149], "spearman": [0.7056738236574294, 4.8613935609316576e-114], "nsamples": 750}, "all": {"pearson": {"mean": 0.7453014758517819, "wmean": 0.7566677579099731}, "spearman": {"mean": 0.7229325182182876, "wmean": 0.7340042949912547}}}, "STS15": {"answers-forums": {"pearson": [0.7194920565903136, 5.0303894863159654e-61], "spearman": [0.7249748883806522, 2.2770028065515366e-62], "nsamples": 375}, "answers-students": {"pearson": [0.7754771093962516, 1.549547154965617e-151], "spearman": [0.7798401524557236, 2.5061989415971018e-154], "nsamples": 750}, "belief": {"pearson": [0.817587376188922, 1.9288474856567937e-91], "spearman": [0.8301619085864909, 1.127070964713958e-96], "nsamples": 375}, "headlines": {"pearson": [0.7904873215620615, 2.0441151816115804e-161], "spearman": [0.7918105930623568, 2.5156553977138953e-162], "nsamples": 750}, "images": {"pearson": [0.8994119970618665, 4.6408163171022875e-271], "spearman": [0.9036481105491521, 1.0910841777172776e-277], "nsamples": 750}, "all": {"pearson": {"mean": 0.8004911721598831, "wmean": 0.8084790361024494}, "spearman": {"mean": 0.8060871306068751, "wmean": 0.813216813637701}}}, "STS16": {"answer-answer": {"pearson": [0.7589446858719856, 7.376146423704934e-49], "spearman": [0.76195768634564, 1.8685545002326536e-49], "nsamples": 254}, "headlines": {"pearson": [0.7819411047602756, 1.2884569933186364e-52], "spearman": [0.7867330645019989, 1.1473155586053969e-53], "nsamples": 249}, "plagiarism": {"pearson": [0.834115327338307, 7.744601848629217e-61], "spearman": [0.8523015320912284, 4.1609259097714943e-66], "nsamples": 230}, "postediting": {"pearson": [0.8513472500440201, 9.500895393854963e-70], "spearman": [0.851190573206405, 1.0684475601938518e-69], "nsamples": 244}, "question-question": {"pearson": [0.7196171192790356, 1.2413143176038873e-34], "spearman": [0.7243533080892828, 2.811563146940842e-35], "nsamples": 209}, "all": {"pearson": {"mean": 0.7891930974587248, "wmean": 0.7904304532248423}, "spearman": {"mean": 0.7953072328469111, "wmean": 0.796411027847214}}}}