{"MR": {"devacc": 71.41, "acc": 73.19, "ndev": 10662, "ntest": 10662}, "CR": {"devacc": 82.23, "acc": 80.66, "ndev": 3775, "ntest": 3775}, "SUBJ": {"devacc": 91.64, "acc": 91.07, "ndev": 10000, "ntest": 10000}, "MPQA": {"devacc": 86.58, "acc": 87.04, "ndev": 10606, "ntest": 10606}, "SST5": {"devacc": 39.06, "acc": 39.1, "ndev": 1101, "ntest": 2210}, "TREC": {"devacc": 85.91, "acc": 87.6, "ndev": 5452, "ntest": 500}, "MRPC": {"devacc": 73.41, "acc": 67.3, "f1": 71.49, "ndev": 4076, "ntest": 1725}, "STS12": {"MSRpar": {"pearson": [0.6152709522375426, 2.550158388659497e-79], "spearman": [0.5907960471607943, 9.154827441867564e-72], "nsamples": 750}, "MSRvid": {"pearson": [0.8998958966305132, 8.403613305281414e-272], "spearman": [0.897103199780011, 1.4327763059712562e-267], "nsamples": 750}, "SMTeuroparl": {"pearson": [0.5170187493675905, 9.77644290545389e-33], "spearman": [0.5479275580643668, 2.534534119938771e-37], "nsamples": 459}, "surprise.OnWN": {"pearson": [0.7221651965201491, 7.479324134228129e-122], "spearman": [0.7246446092960962, 4.467382712156517e-123], "nsamples": 750}, "surprise.SMTnews": {"pearson": [0.5596992160433917, 2.8499634475206095e-34], "spearman": [0.5448199519784276, 3.199651059583707e-32], "nsamples": 399}, "all": {"pearson": {"mean": 0.6628100021598373, "wmean": 0.6881050924073974}, "spearman": {"mean": 0.6610582732559391, "wmean": 0.68477792862568}}}, "STS13": {"FNWN": {"pearson": [0.5911545676452585, 3.3919276547704244e-19], "spearman": [0.6303014244334144, 2.530972155781344e-22], "nsamples": 189}, "headlines": {"pearson": [0.7415335918097057, 8.747639531125865e-132], "spearman": [0.735104732675353, 2.1655286789678953e-128], "nsamples": 750}, "OnWN": {"pearson": [0.7027333103606773, 1.0723070881303415e-84], "spearman": [0.7034789945323096, 5.999777756976646e-85], "nsamples": 561}, "all": {"pearson": {"mean": 0.6784738232718804, "wmean": 0.7080745295030488}, "spearman": {"mean": 0.689628383880359, "wmean": 0.7100714897713705}}}, "STS14": {"deft-forum": {"pearson": [0.5707167675270463, 3.0076476240875615e-40], "spearman": [0.5483341145023287, 1.1054996445692643e-36], "nsamples": 450}, "deft-news": {"pearson": [0.7674642896097797, 1.7402450923565245e-59], "spearman": [0.757691456497393, 3.558784640240302e-57], "nsamples": 300}, "headlines": {"pearson": [0.7367957221321951, 2.8353110472927628e-129], "spearman": [0.7190546202499412, 2.4573685328736285e-120], "nsamples": 750}, "images": {"pearson": [0.8480088294958703, 1.9213036027597566e-208], "spearman": [0.8136849390599654, 2.1328560341273302e-178], "nsamples": 750}, "OnWN": {"pearson": [0.7926297220618643, 6.825086554615365e-163], "spearman": [0.8185741624652194, 2.7821381942848157e-182], "nsamples": 750}, "tweet-news": {"pearson": [0.783735136709853, 7.122298584326841e-157], "spearman": [0.720066278742691, 7.933865413399223e-121], "nsamples": 750}, "all": {"pearson": {"mean": 0.7498917445894349, "wmean": 0.7621170373519843}, "spearman": {"mean": 0.7295675952529231, "wmean": 0.7406914103636344}}}, "STS15": {"answers-forums": {"pearson": [0.7414832356055119, 1.274511627297046e-66], "spearman": [0.7476385694707441, 2.7271370475688953e-68], "nsamples": 375}, "answers-students": {"pearson": [0.7773038455395488, 1.0697929329587415e-152], "spearman": [0.7832798227327032, 1.4223629586446027e-156], "nsamples": 750}, "belief": {"pearson": [0.8160736996371898, 7.725978146473484e-91], "spearman": [0.8228577165497554, 1.3880610119384409e-93], "nsamples": 375}, "headlines": {"pearson": [0.7999250825866007, 4.706257580065389e-168], "spearman": [0.8017134162187691, 2.3695494139312173e-169], "nsamples": 750}, "images": {"pearson": [0.9009573343688223, 1.9196397138071123e-273], "spearman": [0.9067356376947364, 1.0222576963195263e-282], "nsamples": 750}, "all": {"pearson": {"mean": 0.8071486395475347, "wmean": 0.8142411825290807}, "spearman": {"mean": 0.8124450325333417, "wmean": 0.8192442549141147}}}, "STS16": {"answer-answer": {"pearson": [0.7522502774024015, 1.4518379941789558e-47], "spearman": [0.7532809740963557, 9.233841926849382e-48], "nsamples": 254}, "headlines": {"pearson": [0.7861235957245493, 1.5659422658647036e-53], "spearman": [0.7885168987022017, 4.589052640715889e-54], "nsamples": 249}, "plagiarism": {"pearson": [0.8323529262283142, 2.320264218140523e-60], "spearman": [0.8529693421908532, 2.5842710272646294e-66], "nsamples": 230}, "postediting": {"pearson": [0.8608960228112483, 5.681641214708557e-73], "spearman": [0.8625004808958259, 1.5463937360429057e-73], "nsamples": 244}, "question-question": {"pearson": [0.7198874471764523, 1.1413761297914353e-34], "spearman": [0.7209747639271129, 8.135285575844228e-35], "nsamples": 209}, "all": {"pearson": {"mean": 0.7903020538685931, "wmean": 0.7915452148852936}, "spearman": {"mean": 0.7956484919624698, "wmean": 0.7967882520240869}}}}