{"MR": {"devacc": 69.88, "acc": 71.79, "ndev": 10662, "ntest": 10662}, "CR": {"devacc": 81.01, "acc": 80.37, "ndev": 3775, "ntest": 3775}, "SUBJ": {"devacc": 90.19, "acc": 89.89, "ndev": 10000, "ntest": 10000}, "MPQA": {"devacc": 85.87, "acc": 85.85, "ndev": 10606, "ntest": 10606}, "SST5": {"devacc": 38.96, "acc": 40.05, "ndev": 1101, "ntest": 2210}, "TREC": {"devacc": 83.68, "acc": 83.8, "ndev": 5452, "ntest": 500}, "MRPC": {"devacc": 73.63, "acc": 70.55, "f1": 78.07, "ndev": 4076, "ntest": 1725}, "STS12": {"MSRpar": {"pearson": [0.6113523518576728, 4.579325552317609e-78], "spearman": [0.5807162116797973, 7.74692323537793e-69], "nsamples": 750}, "MSRvid": {"pearson": [0.8953970384678533, 4.8084823843327045e-265], "spearman": [0.8924943770260306, 7.590874474443651e-261], "nsamples": 750}, "SMTeuroparl": {"pearson": [0.5168862586376249, 1.0205674951585963e-32], "spearman": [0.5381101002135295, 8.170481788761906e-36], "nsamples": 459}, "surprise.OnWN": {"pearson": [0.7114932116215918, 9.835253909264831e-117], "spearman": [0.7173506398522081, 1.6314722997877867e-119], "nsamples": 750}, "surprise.SMTnews": {"pearson": [0.5683749361241162, 1.625023119533024e-35], "spearman": [0.5452404283172346, 2.8090700391688197e-32], "nsamples": 399}, "all": {"pearson": {"mean": 0.6607007593417717, "wmean": 0.6845927746745595}, "spearman": {"mean": 0.6547823514177601, "wmean": 0.6780773450177328}}}, "STS13": {"FNWN": {"pearson": [0.5612603132567768, 4.443261262728533e-17], "spearman": [0.6103135345652172, 1.1326748863402838e-20], "nsamples": 189}, "headlines": {"pearson": [0.7235187919448487, 1.612139604034102e-122], "spearman": [0.7120460906778652, 5.411878868402818e-117], "nsamples": 750}, "OnWN": {"pearson": [0.7046090576285045, 2.4799881080486028e-85], "spearman": [0.7021474921420913, 1.6899971515509591e-84], "nsamples": 561}, "all": {"pearson": {"mean": 0.6631293876100434, "wmean": 0.6960019829958388}, "spearman": {"mean": 0.6748357057950578, "wmean": 0.6955257127552921}}}, "STS14": {"deft-forum": {"pearson": [0.5591112833322388, 2.294191295507002e-38], "spearman": [0.5390280874256672, 2.8081999954081115e-35], "nsamples": 450}, "deft-news": {"pearson": [0.7569520569622084, 5.268101527344859e-57], "spearman": [0.7407587415733826, 2.0210235878777788e-53], "nsamples": 300}, "headlines": {"pearson": [0.7098809640945075, 5.569765629447261e-116], "spearman": [0.6898815832637288, 4.731371614650923e-107], "nsamples": 750}, "images": {"pearson": [0.8459409542488188, 1.9849405551246963e-206], "spearman": [0.8126665906479456, 1.3293492167933015e-177], "nsamples": 750}, "OnWN": {"pearson": [0.7859003363262865, 2.5947602539153816e-158], "spearman": [0.8113483991763958, 1.396711071988099e-176], "nsamples": 750}, "tweet-news": {"pearson": [0.77636011988452, 4.26991546795243e-152], "spearman": [0.7188426695251057, 3.112156228329976e-120], "nsamples": 750}, "all": {"pearson": {"mean": 0.7390242858080965, "wmean": 0.7512659934676719}, "spearman": {"mean": 0.7187543452687043, "wmean": 0.7304919183395857}}}, "STS15": {"answers-forums": {"pearson": [0.7205717628276788, 2.7506559843452334e-61], "spearman": [0.7247332951524685, 2.6138518708801326e-62], "nsamples": 375}, "answers-students": {"pearson": [0.761715531834218, 3.948400629278804e-143], "spearman": [0.7672533865667057, 1.9215064447429885e-146], "nsamples": 750}, "belief": {"pearson": [0.808123796825324, 9.208607086171253e-88], "spearman": [0.818054116281482, 1.2541171013262927e-91], "nsamples": 375}, "headlines": {"pearson": [0.7791447439595561, 7.049623327407125e-154], "spearman": [0.7798721613718413, 2.389472867444557e-154], "nsamples": 750}, "images": {"pearson": [0.8987235612602469, 5.1990079780602624e-270], "spearman": [0.9054644952735315, 1.2608917688763788e-280], "nsamples": 750}, "all": {"pearson": {"mean": 0.7936558793414047, "wmean": 0.8009829042201305}, "spearman": {"mean": 0.7990754909292057, "wmean": 0.8059959372322634}}}, "STS16": {"answer-answer": {"pearson": [0.7576001409062465, 1.3524351190533111e-48], "spearman": [0.7572482144711195, 1.5839677699338775e-48], "nsamples": 254}, "headlines": {"pearson": [0.77642097560832, 1.9389486488802068e-51], "spearman": [0.7823026784974595, 1.0758324961765966e-52], "nsamples": 249}, "plagiarism": {"pearson": [0.8333108070762067, 1.2800477835227865e-60], "spearman": [0.849738923027817, 2.5326628201296274e-65], "nsamples": 230}, "postediting": {"pearson": [0.8509017292785951, 1.326174270053308e-69], "spearman": [0.8514299503644777, 8.9294969062952e-70], "nsamples": 244}, "question-question": {"pearson": [0.7240742990908035, 3.071236677372817e-35], "spearman": [0.7350318372105296, 8.795120288013055e-37], "nsamples": 209}, "all": {"pearson": {"mean": 0.7884615903920345, "wmean": 0.7895213278230531}, "spearman": {"mean": 0.7951503207142806, "wmean": 0.7959063470352975}}}}