{"MR": {"devacc": 69.52, "acc": 69.77, "ndev": 10662, "ntest": 10662}, "CR": {"devacc": 79.9, "acc": 78.94, "ndev": 3775, "ntest": 3775}, "SUBJ": {"devacc": 90.0, "acc": 89.81, "ndev": 10000, "ntest": 10000}, "MPQA": {"devacc": 85.29, "acc": 85.02, "ndev": 10606, "ntest": 10606}, "SST5": {"devacc": 38.33, "acc": 35.75, "ndev": 1101, "ntest": 2210}, "TREC": {"devacc": 79.82, "acc": 87.8, "ndev": 5452, "ntest": 500}, "MRPC": {"devacc": 73.04, "acc": 70.43, "f1": 77.96, "ndev": 4076, "ntest": 1725}, "STS12": {"MSRpar": {"pearson": [0.5854175041575024, 3.439530506325618e-70], "spearman": [0.5573956720653792, 1.9251870045395201e-62], "nsamples": 750}, "MSRvid": {"pearson": [0.8853790990056695, 4.801010829157138e-251], "spearman": [0.8842028528252613, 1.7333015923092655e-249], "nsamples": 750}, "SMTeuroparl": {"pearson": [0.5314680862809877, 8.034609672667501e-35], "spearman": [0.5822558040818594, 5.2186997330224415e-43], "nsamples": 459}, "surprise.OnWN": {"pearson": [0.7055922220913473, 5.297440468951477e-114], "spearman": [0.7068748509408981, 1.3683717205304168e-114], "nsamples": 750}, "surprise.SMTnews": {"pearson": [0.5426624866684098, 6.222415119070915e-32], "spearman": [0.5168454010946936, 1.2414238686284021e-28], "nsamples": 399}, "all": {"pearson": {"mean": 0.6501038796407833, "wmean": 0.673345496372123}, "spearman": {"mean": 0.6495149162016183, "wmean": 0.6707952898918953}}}, "STS13": {"FNWN": {"pearson": [0.4869449639107816, 1.204359018884143e-12], "spearman": [0.5291280447395217, 4.9896425009414415e-15], "nsamples": 189}, "headlines": {"pearson": [0.7331061087843164, 2.3465862227210575e-127], "spearman": [0.7277545156807204, 1.2471662025083068e-124], "nsamples": 750}, "OnWN": {"pearson": [0.7040071873377038, 3.9721611167258724e-85], "spearman": [0.703788763688557, 4.7113104150655257e-85], "nsamples": 561}, "all": {"pearson": {"mean": 0.6413527533442672, "wmean": 0.691206807909218}, "spearman": {"mean": 0.6535571080362663, "wmean": 0.6937643890970603}}}, "STS14": {"deft-forum": {"pearson": [0.5395635370323483, 2.3376418460289244e-35], "spearman": [0.5239768244594698, 4.26657856072555e-33], "nsamples": 450}, "deft-news": {"pearson": [0.744114596223989, 3.8470481366151846e-54], "spearman": [0.7274135161841484, 1.1577141225412471e-50], "nsamples": 300}, "headlines": {"pearson": [0.7200473872868894, 8.103511719055534e-121], "spearman": [0.7038513503740249, 3.287616846482841e-113], "nsamples": 750}, "images": {"pearson": [0.839914920747963, 1.0044828611303695e-200], "spearman": [0.8068965073887561, 3.4377224904724505e-173], "nsamples": 750}, "OnWN": {"pearson": [0.7649787821958529, 4.5227137380548976e-145], "spearman": [0.7917826210723874, 2.6299810263685366e-162], "nsamples": 750}, "tweet-news": {"pearson": [0.7652091636743327, 3.2898134134439374e-145], "spearman": [0.7193056869062879, 1.8570475943247163e-120], "nsamples": 750}, "all": {"pearson": {"mean": 0.7289713978602291, "wmean": 0.7423068429228086}, "spearman": {"mean": 0.7122044177308458, "wmean": 0.7254375333781595}}}, "STS15": {"answers-forums": {"pearson": [0.6861388565000889, 1.7189020317025796e-53], "spearman": [0.6875147462659249, 8.802578236419407e-54], "nsamples": 375}, "answers-students": {"pearson": [0.7533824187051499, 2.5956343483671375e-138], "spearman": [0.7618414602211054, 3.3273471664301424e-143], "nsamples": 750}, "belief": {"pearson": [0.8012170559391186, 3.327935004809404e-85], "spearman": [0.8070569372684098, 2.3230578724125477e-87], "nsamples": 375}, "headlines": {"pearson": [0.7792530594717464, 6.002260568841535e-154], "spearman": [0.7800577958710343, 1.811784462316953e-154], "nsamples": 750}, "images": {"pearson": [0.8880004672952827, 1.4057982951574521e-254], "spearman": [0.894522165113815, 9.126076277154862e-264], "nsamples": 750}, "all": {"pearson": {"mean": 0.7815983715822773, "wmean": 0.7910784754229456}, "spearman": {"mean": 0.7861986209480578, "wmean": 0.7959268157432804}}}, "STS16": {"answer-answer": {"pearson": [0.7391128104909839, 3.846214690150935e-45], "spearman": [0.735329661942627, 1.8025253940841676e-44], "nsamples": 254}, "headlines": {"pearson": [0.7774480989460862, 1.1776973393688223e-51], "spearman": [0.7789093169440954, 5.767487541175189e-52], "nsamples": 249}, "plagiarism": {"pearson": [0.8020513034009545, 6.049372230543488e-53], "spearman": [0.8108479085486955, 5.855916180795973e-55], "nsamples": 230}, "postediting": {"pearson": [0.8439314198771991, 2.1323074322748862e-67], "spearman": [0.8442482889546425, 1.7018341244193054e-67], "nsamples": 244}, "question-question": {"pearson": [0.6774788086666724, 1.9856460079072817e-29], "spearman": [0.6876800044672674, 1.3163208681807734e-30], "nsamples": 209}, "all": {"pearson": {"mean": 0.7680044882763793, "wmean": 0.7700702932090018}, "spearman": {"mean": 0.7714030361714657, "wmean": 0.7731356462540461}}}}