{"MR": {"devacc": 69.6, "acc": 70.24, "ndev": 10662, "ntest": 10662}, "CR": {"devacc": 78.91, "acc": 79.07, "ndev": 3775, "ntest": 3775}, "SUBJ": {"devacc": 89.02, "acc": 88.81, "ndev": 10000, "ntest": 10000}, "MPQA": {"devacc": 84.81, "acc": 85.39, "ndev": 10606, "ntest": 10606}, "SST5": {"devacc": 38.87, "acc": 37.83, "ndev": 1101, "ntest": 2210}, "TREC": {"devacc": 77.79, "acc": 84.8, "ndev": 5452, "ntest": 500}, "MRPC": {"devacc": 72.74, "acc": 72.17, "f1": 80.42, "ndev": 4076, "ntest": 1725}, "STS12": {"MSRpar": {"pearson": [0.6120182082227891, 2.811380678262965e-78], "spearman": [0.5917078266847473, 4.917411996902998e-72], "nsamples": 750}, "MSRvid": {"pearson": [0.8809026605743512, 3.3122527675935905e-245], "spearman": [0.8782805481907916, 6.7933999658638185e-242], "nsamples": 750}, "SMTeuroparl": {"pearson": [0.5151142141317422, 1.8098477581246714e-32], "spearman": [0.5605019911223957, 2.4984959805345223e-39], "nsamples": 459}, "surprise.OnWN": {"pearson": [0.6980734183114251, 1.2798474623521644e-110], "spearman": [0.7033150398122601, 5.75381972202754e-113], "nsamples": 750}, "surprise.SMTnews": {"pearson": [0.5299902664420733, 2.8130059104613193e-30], "spearman": [0.5155803163524852, 1.7720064981091193e-28], "nsamples": 399}, "all": {"pearson": {"mean": 0.6472197535364762, "wmean": 0.6728279459228703}, "spearman": {"mean": 0.649877144432536, "wmean": 0.6734120080970625}}}, "STS13": {"FNWN": {"pearson": [0.46659091354161125, 1.3141359820849284e-11], "spearman": [0.5374570907221868, 1.5395884904621827e-15], "nsamples": 189}, "headlines": {"pearson": [0.7130959726940759, 1.7337915284542473e-117], "spearman": [0.705194370283646, 8.049442246554039e-114], "nsamples": 750}, "OnWN": {"pearson": [0.6380667373518865, 1.8382250368238145e-65], "spearman": [0.6337861742883852, 2.3816251533532103e-64], "nsamples": 561}, "all": {"pearson": {"mean": 0.6059178745291912, "wmean": 0.6539754012228863}, "spearman": {"mean": 0.6254792117647393, "wmean": 0.6573528077566746}}}, "STS14": {"deft-forum": {"pearson": [0.5688706440850283, 6.062765834251088e-40], "spearman": [0.5462998706831054, 2.26159659536221e-36], "nsamples": 450}, "deft-news": {"pearson": [0.728982429195625, 5.59627946815349e-51], "spearman": [0.7227842204052722, 9.603320906311164e-50], "nsamples": 300}, "headlines": {"pearson": [0.7062428669859957, 2.6684370408457262e-114], "spearman": [0.6865185826119796, 1.2747980902527178e-105], "nsamples": 750}, "images": {"pearson": [0.8372557113318531, 2.7817938078764838e-198], "spearman": [0.8045320506277982, 2.002647251301714e-171], "nsamples": 750}, "OnWN": {"pearson": [0.7541615712427052, 9.375273503573945e-139], "spearman": [0.7871494856916013, 3.771730648651283e-159], "nsamples": 750}, "tweet-news": {"pearson": [0.7517200646111596, 2.250661474869017e-137], "spearman": [0.6927346144602365, 2.7924915781185837e-108], "nsamples": 750}, "all": {"pearson": {"mean": 0.7245388812420611, "wmean": 0.7364591144601961}, "spearman": {"mean": 0.7066698040799988, "wmean": 0.7175656687927175}}}, "STS15": {"answers-forums": {"pearson": [0.6863545880827311, 1.5480570079396418e-53], "spearman": [0.6876019803843556, 8.435835818418243e-54], "nsamples": 375}, "answers-students": {"pearson": [0.7459978992945885, 3.35080937979718e-134], "spearman": [0.7520003035870807, 1.5656487713302594e-137], "nsamples": 750}, "belief": {"pearson": [0.7940463155241411, 1.1837842154894558e-82], "spearman": [0.7963142026047924, 1.8946258611880114e-83], "nsamples": 375}, "headlines": {"pearson": [0.7715785637478575, 4.28008042377667e-149], "spearman": [0.7718545986694895, 2.885370140125153e-149], "nsamples": 750}, "images": {"pearson": [0.8834521152663989, 1.6755466639759084e-248], "spearman": [0.8914910206759975, 2.0116092670756612e-259], "nsamples": 750}, "all": {"pearson": {"mean": 0.7762858963831434, "wmean": 0.7853072575280703}, "spearman": {"mean": 0.7798524211843432, "wmean": 0.7893260036067853}}}, "STS16": {"answer-answer": {"pearson": [0.7336031703106015, 3.615883175261145e-44], "spearman": [0.7274463374831412, 4.1440950505994265e-43], "nsamples": 254}, "headlines": {"pearson": [0.7701619869031175, 3.824617082319103e-50], "spearman": [0.7784335138855782, 7.281217393903873e-52], "nsamples": 249}, "plagiarism": {"pearson": [0.8097078962450812, 1.082719997195974e-54], "spearman": [0.8254457531025559, 1.5172435398140836e-58], "nsamples": 230}, "postediting": {"pearson": [0.8490301054102078, 5.320206538019273e-69], "spearman": [0.8526760511183499, 3.4909810635286834e-70], "nsamples": 244}, "question-question": {"pearson": [0.6965261783152766, 1.141250536998603e-31], "spearman": [0.6951797039385396, 1.6653674385205898e-31], "nsamples": 209}, "all": {"pearson": {"mean": 0.7718058674368569, "wmean": 0.7732509891417549}, "spearman": {"mean": 0.7758362719056329, "wmean": 0.7772338553860428}}}}