{"MR": {"devacc": 69.74, "acc": 68.98, "ndev": 10662, "ntest": 10662}, "CR": {"devacc": 80.05, "acc": 80.48, "ndev": 3775, "ntest": 3775}, "SUBJ": {"devacc": 89.46, "acc": 89.23, "ndev": 10000, "ntest": 10000}, "MPQA": {"devacc": 84.81, "acc": 85.95, "ndev": 10606, "ntest": 10606}, "SST5": {"devacc": 39.87, "acc": 40.68, "ndev": 1101, "ntest": 2210}, "TREC": {"devacc": 80.96, "acc": 88.2, "ndev": 5452, "ntest": 500}, "MRPC": {"devacc": 72.6, "acc": 69.28, "f1": 76.82, "ndev": 4076, "ntest": 1725}, "STS12": {"MSRpar": {"pearson": [0.6044657943015931, 6.651185641539036e-76], "spearman": [0.5721978054781584, 1.9261445386153911e-66], "nsamples": 750}, "MSRvid": {"pearson": [0.8975353020010112, 3.231744737296228e-268], "spearman": [0.8943701116516155, 1.518100790755987e-263], "nsamples": 750}, "SMTeuroparl": {"pearson": [0.5352386537454633, 2.2086092314124617e-35], "spearman": [0.5822759876550213, 5.1762892354604555e-43], "nsamples": 459}, "surprise.OnWN": {"pearson": [0.72220777233937, 7.127874474439646e-122], "spearman": [0.7259402525498106, 1.012005865945068e-123], "nsamples": 750}, "surprise.SMTnews": {"pearson": [0.5657094030789741, 3.95343788822385e-35], "spearman": [0.5389090736816171, 1.9567876961144438e-31], "nsamples": 399}, "all": {"pearson": {"mean": 0.6650313850932823, "wmean": 0.6884006581014026}, "spearman": {"mean": 0.6627386462032446, "wmean": 0.6842569259949511}}}, "STS13": {"FNWN": {"pearson": [0.5726291483820024, 7.375548117221675e-18], "spearman": [0.6004080579563252, 6.756828070573744e-20], "nsamples": 189}, "headlines": {"pearson": [0.726515790129115, 5.218359111049944e-124], "spearman": [0.7202706184533473, 6.310291948836048e-121], "nsamples": 750}, "OnWN": {"pearson": [0.6989205518056101, 2.030247278421107e-83], "spearman": [0.7000215147544927, 8.726125447312432e-84], "nsamples": 561}, "all": {"pearson": {"mean": 0.6660218301055758, "wmean": 0.6968054541359879}, "spearman": {"mean": 0.673566730388055, "wmean": 0.6975947710473509}}}, "STS14": {"deft-forum": {"pearson": [0.5713691483910776, 2.3452136871337607e-40], "spearman": [0.5471689334284694, 1.6667568333324407e-36], "nsamples": 450}, "deft-news": {"pearson": [0.7471850353658287, 8.241600043192287e-55], "spearman": [0.7367687044228961, 1.4053095082246265e-52], "nsamples": 300}, "headlines": {"pearson": [0.711492836724878, 9.839233962364527e-117], "spearman": [0.6968746065211903, 4.333437848316547e-110], "nsamples": 750}, "images": {"pearson": [0.8370815962781509, 4.005926642070044e-198], "spearman": [0.8021308895960095, 1.1741909259321827e-169], "nsamples": 750}, "OnWN": {"pearson": [0.7728422890435762, 7.005852794333018e-150], "spearman": [0.7961955619990512, 2.1759269443430794e-165], "nsamples": 750}, "tweet-news": {"pearson": [0.7715089866990384, 4.726928628895446e-149], "spearman": [0.7089354437960357, 1.5313305301849351e-115], "nsamples": 750}, "all": {"pearson": {"mean": 0.735246648750425, "wmean": 0.7469242423853243}, "spearman": {"mean": 0.7146790232939421, "wmean": 0.7254290687477053}}}, "STS15": {"answers-forums": {"pearson": [0.7067745532330846, 5.004072882833941e-58], "spearman": [0.7105317974597398, 6.770231274505196e-59], "nsamples": 375}, "answers-students": {"pearson": [0.7610146296282616, 1.0215322021807598e-142], "spearman": [0.7678171260288403, 8.734466395515248e-147], "nsamples": 750}, "belief": {"pearson": [0.7919322407873365, 6.398665243917412e-82], "spearman": [0.8025075732808954, 1.1270537579530853e-85], "nsamples": 375}, "headlines": {"pearson": [0.7846801621033965, 1.6858211334749238e-157], "spearman": [0.787418792399566, 2.484443083156374e-159], "nsamples": 750}, "images": {"pearson": [0.8860519172377294, 6.06339058433097e-252], "spearman": [0.8936929477223937, 1.450449148043372e-262], "nsamples": 750}, "all": {"pearson": {"mean": 0.7860907005979618, "wmean": 0.7952750264948996}, "spearman": {"mean": 0.7923936473782871, "wmean": 0.8013621378802794}}}, "STS16": {"answer-answer": {"pearson": [0.7449650177197114, 3.3420198382572443e-46], "spearman": [0.7438304381202346, 5.394726275307816e-46], "nsamples": 254}, "headlines": {"pearson": [0.7767377779534381, 1.6630403545535088e-51], "spearman": [0.779815589712555, 3.6940050024178906e-52], "nsamples": 249}, "plagiarism": {"pearson": [0.8201970554711924, 3.221053849833068e-57], "spearman": [0.8378146118730357, 7.417895815901993e-62], "nsamples": 230}, "postediting": {"pearson": [0.8471086119471376, 2.1720868682926046e-68], "spearman": [0.8491085581972777, 5.021152896493398e-69], "nsamples": 244}, "question-question": {"pearson": [0.6844697249145939, 3.1292409716575754e-30], "spearman": [0.6860914795421973, 2.023302355525008e-30], "nsamples": 209}, "all": {"pearson": {"mean": 0.7746956376012146, "wmean": 0.7765791043776044}, "spearman": {"mean": 0.7793321354890601, "wmean": 0.7810961056291897}}}}